event_id,capture,lane_index,source_actor,destination_actor,carrier_scope,equipment_slot,catalog_item_id,property_hash,comparison_status,before_record_index,before_frame,before_subevent,before_value_hex,before_value_u_le,after_record_index,after_frame,after_subevent,after_value_hex,after_value_u_le,before_distance_frames,before_distance_us,after_distance_frames,after_distance_us
equipment-event-002,change_bodyarmor.pcapng,0,actor-01,actor-01,single-slot,10,0x007A88D7,0x0ad1ce80,before-only,33,13,0,ff00ff00ff00ff00ff0003,3631481450359897754370303,,,,,,6,2907,,
equipment-event-002,change_bodyarmor.pcapng,0,actor-01,actor-01,single-slot,10,0x007A88D7,0x17ab37ef,after-only,,,,,,38,20,8,ae00,174,,,1,38
equipment-event-002,change_bodyarmor.pcapng,0,actor-01,actor-01,single-slot,10,0x007A88D7,0x416571ac,after-only,,,,,,35,20,8,6300,99,,,1,38
equipment-event-002,change_bodyarmor.pcapng,0,actor-01,actor-01,single-slot,10,0x007A88D7,0x7bcdfb69,after-only,,,,,,34,20,7,1103,785,,,1,38
equipment-event-002,change_bodyarmor.pcapng,0,actor-01,actor-01,single-slot,10,0x007A88D7,0x8cae90db,after-only,,,,,,37,20,8,9300,147,,,1,38
equipment-event-002,change_bodyarmor.pcapng,0,actor-01,actor-01,single-slot,10,0x007A88D7,0xba51c4e1,after-only,,,,,,36,20,8,a500,165,,,1,38
equipment-event-004,change_helm.pcapng,0,actor-01,actor-01,single-slot,8,0x007A3F58,0x8cae90db,changed,44,16,0,8d00,141,45,30,5,a100,161,12,7037,2,243
equipment-event-005,change_to_botanist.pcapng,0,actor-01,actor-01,single-slot,0,0x006B1DE2,0x06f2289f,after-only,,,,,,70,23,2,f355f0a0,2700105203,,,2,93
equipment-event-005,change_to_botanist.pcapng,0,actor-01,actor-01,single-slot,0,0x006B1DE2,0x079d8d67,after-only,,,,,,76,23,3,1e00,30,,,2,93
equipment-event-005,change_to_botanist.pcapng,0,actor-01,actor-01,single-slot,0,0x006B1DE2,0x09664b49,after-only,,,,,,69,23,2,00000000,0,,,2,93
equipment-event-005,change_to_botanist.pcapng,0,actor-01,actor-01,single-slot,0,0x006B1DE2,0x0ad1ce80,before-only,49,12,1,ff00ff00ff00ff00ff0003,3631481450359897754370303,,,,,,9,5018,,
equipment-event-005,change_to_botanist.pcapng,0,actor-01,actor-01,single-slot,0,0x006B1DE2,0x0e704141,after-only,,,,,,54,23,1,1500,21,,,2,93
equipment-event-005,change_to_botanist.pcapng,0,actor-01,actor-01,single-slot,0,0x006B1DE2,0x1f3dacc5,after-only,,,,,,55,23,1,4500,69,,,2,93
equipment-event-005,change_to_botanist.pcapng,0,actor-01,actor-01,single-slot,0,0x006B1DE2,0x2526d379,after-only,,,,,,82,23,3,01,1,,,2,93
equipment-event-005,change_to_botanist.pcapng,0,actor-01,actor-01,single-slot,0,0x006B1DE2,0x28887bd6,after-only,,,,,,79,23,3,befee050,1356922558,,,2,93
equipment-event-005,change_to_botanist.pcapng,0,actor-01,actor-01,single-slot,0,0x006B1DE2,0x2dfbc13a,after-only,,,,,,53,23,1,1c00,28,,,2,93
equipment-event-005,change_to_botanist.pcapng,0,actor-01,actor-01,single-slot,0,0x006B1DE2,0x31af42be,after-only,,,,,,59,23,1,0000,0,,,2,93
equipment-event-005,change_to_botanist.pcapng,0,actor-01,actor-01,single-slot,0,0x006B1DE2,0x3dd87222,after-only,,,,,,75,23,3,0f00,15,,,2,93
equipment-event-005,change_to_botanist.pcapng,0,actor-01,actor-01,single-slot,0,0x006B1DE2,0x3e2b1a7a,after-only,,,,,,65,23,2,00000000,0,,,2,93
equipment-event-005,change_to_botanist.pcapng,0,actor-01,actor-01,single-slot,0,0x006B1DE2,0x416571ac,after-only,,,,,,52,23,1,1500,21,,,2,93
equipment-event-005,change_to_botanist.pcapng,0,actor-01,actor-01,single-slot,0,0x006B1DE2,0x5272eae9,after-only,,,,,,78,23,3,affee050,1356922543,,,2,93
equipment-event-005,change_to_botanist.pcapng,0,actor-01,actor-01,single-slot,0,0x006B1DE2,0x647a29a8,after-only,,,,,,51,23,1,1800,24,,,2,93
equipment-event-005,change_to_botanist.pcapng,0,actor-01,actor-01,single-slot,0,0x006B1DE2,0x6c281311,after-only,,,,,,60,23,1,0000,0,,,2,93
equipment-event-005,change_to_botanist.pcapng,0,actor-01,actor-01,single-slot,0,0x006B1DE2,0x7532ce24,after-only,,,,,,50,23,0,28,40,,,2,93
equipment-event-005,change_to_botanist.pcapng,0,actor-01,actor-01,single-slot,0,0x006B1DE2,0x85e8d2a0,after-only,,,,,,62,23,1,0800,8,,,2,93
equipment-event-005,change_to_botanist.pcapng,0,actor-01,actor-01,single-slot,0,0x006B1DE2,0x8d974f1c,after-only,,,,,,77,23,3,a5fee050,1356922533,,,2,93
equipment-event-005,change_to_botanist.pcapng,0,actor-01,actor-01,single-slot,0,0x006B1DE2,0xa329599a,after-only,,,,,,56,23,1,4300,67,,,2,93
equipment-event-005,change_to_botanist.pcapng,0,actor-01,actor-01,single-slot,0,0x006B1DE2,0xa6748335,after-only,,,,,,71,23,2,f755f0a0,2700105207,,,2,93
equipment-event-005,change_to_botanist.pcapng,0,actor-01,actor-01,single-slot,0,0x006B1DE2,0xadef0b22,after-only,,,,,,81,23,3,01,1,,,2,93
equipment-event-005,change_to_botanist.pcapng,0,actor-01,actor-01,single-slot,0,0x006B1DE2,0xaf9e9323,after-only,,,,,,68,23,2,00000000,0,,,2,93
equipment-event-005,change_to_botanist.pcapng,0,actor-01,actor-01,single-slot,0,0x006B1DE2,0xc8c3a058,after-only,,,,,,80,23,3,01,1,,,2,93
equipment-event-005,change_to_botanist.pcapng,0,actor-01,actor-01,single-slot,0,0x006B1DE2,0xc8f1d28c,after-only,,,,,,61,23,1,0900,9,,,2,93
equipment-event-005,change_to_botanist.pcapng,0,actor-01,actor-01,single-slot,0,0x006B1DE2,0xca132bc5,after-only,,,,,,72,23,2,6256f0a0,2700105314,,,2,93
equipment-event-005,change_to_botanist.pcapng,0,actor-01,actor-01,single-slot,0,0x006B1DE2,0xd57dc284,after-only,,,,,,57,23,1,4300,67,,,2,93
equipment-event-005,change_to_botanist.pcapng,0,actor-01,actor-01,single-slot,0,0x006B1DE2,0xd71d3b0e,after-only,,,,,,73,23,3,7374f0a0,2700113011,,,2,93
equipment-event-005,change_to_botanist.pcapng,0,actor-01,actor-01,single-slot,0,0x006B1DE2,0xe8860f56,after-only,,,,,,67,23,2,00000000,0,,,2,93
equipment-event-005,change_to_botanist.pcapng,0,actor-01,actor-01,single-slot,0,0x006B1DE2,0xe98bffbf,after-only,,,,,,64,23,2,00000000,0,,,2,93
equipment-event-005,change_to_botanist.pcapng,0,actor-01,actor-01,single-slot,0,0x006B1DE2,0xf642f974,after-only,,,,,,74,23,3,9174f0a0,2700113041,,,2,93
equipment-event-005,change_to_botanist.pcapng,0,actor-01,actor-01,single-slot,0,0x006B1DE2,0xf763d225,after-only,,,,,,63,23,1,0700,7,,,2,93
equipment-event-005,change_to_botanist.pcapng,0,actor-01,actor-01,single-slot,0,0x006B1DE2,0xf7800f79,after-only,,,,,,66,23,2,00000000,0,,,2,93
equipment-event-005,change_to_botanist.pcapng,0,actor-01,actor-01,single-slot,0,0x006B1DE2,0xf904670d,after-only,,,,,,58,23,1,0000,0,,,2,93
equipment-event-006,change_to_botanist.pcapng,0,actor-01,actor-01,single-slot,1,0x006B1E4C,0x06f2289f,before-only,70,23,2,f355f0a0,2700105203,,,,,,11,5931,,
equipment-event-006,change_to_botanist.pcapng,0,actor-01,actor-01,single-slot,1,0x006B1E4C,0x079d8d67,before-only,76,23,3,1e00,30,,,,,,11,5931,,
equipment-event-006,change_to_botanist.pcapng,0,actor-01,actor-01,single-slot,1,0x006B1E4C,0x09664b49,before-only,69,23,2,00000000,0,,,,,,11,5931,,
equipment-event-006,change_to_botanist.pcapng,0,actor-01,actor-01,single-slot,1,0x006B1E4C,0x0e704141,before-only,54,23,1,1500,21,,,,,,11,5931,,
equipment-event-006,change_to_botanist.pcapng,0,actor-01,actor-01,single-slot,1,0x006B1E4C,0x1f3dacc5,before-only,55,23,1,4500,69,,,,,,11,5931,,
equipment-event-006,change_to_botanist.pcapng,0,actor-01,actor-01,single-slot,1,0x006B1E4C,0x2526d379,before-only,82,23,3,01,1,,,,,,11,5931,,
equipment-event-006,change_to_botanist.pcapng,0,actor-01,actor-01,single-slot,1,0x006B1E4C,0x28887bd6,before-only,79,23,3,befee050,1356922558,,,,,,11,5931,,
equipment-event-006,change_to_botanist.pcapng,0,actor-01,actor-01,single-slot,1,0x006B1E4C,0x2dfbc13a,before-only,53,23,1,1c00,28,,,,,,11,5931,,
equipment-event-006,change_to_botanist.pcapng,0,actor-01,actor-01,single-slot,1,0x006B1E4C,0x31af42be,before-only,59,23,1,0000,0,,,,,,11,5931,,
equipment-event-006,change_to_botanist.pcapng,0,actor-01,actor-01,single-slot,1,0x006B1E4C,0x3dd87222,before-only,75,23,3,0f00,15,,,,,,11,5931,,
equipment-event-006,change_to_botanist.pcapng,0,actor-01,actor-01,single-slot,1,0x006B1E4C,0x3e2b1a7a,before-only,65,23,2,00000000,0,,,,,,11,5931,,
equipment-event-006,change_to_botanist.pcapng,0,actor-01,actor-01,single-slot,1,0x006B1E4C,0x416571ac,before-only,52,23,1,1500,21,,,,,,11,5931,,
equipment-event-006,change_to_botanist.pcapng,0,actor-01,actor-01,single-slot,1,0x006B1E4C,0x5272eae9,before-only,78,23,3,affee050,1356922543,,,,,,11,5931,,
equipment-event-006,change_to_botanist.pcapng,0,actor-01,actor-01,single-slot,1,0x006B1E4C,0x584fcfe3,after-only,,,,,,83,36,0,28,40,,,2,109
equipment-event-006,change_to_botanist.pcapng,0,actor-01,actor-01,single-slot,1,0x006B1E4C,0x647a29a8,before-only,51,23,1,1800,24,,,,,,11,5931,,
equipment-event-006,change_to_botanist.pcapng,0,actor-01,actor-01,single-slot,1,0x006B1E4C,0x6c281311,before-only,60,23,1,0000,0,,,,,,11,5931,,
equipment-event-006,change_to_botanist.pcapng,0,actor-01,actor-01,single-slot,1,0x006B1E4C,0x7532ce24,before-only,50,23,0,28,40,,,,,,11,5931,,
equipment-event-006,change_to_botanist.pcapng,0,actor-01,actor-01,single-slot,1,0x006B1E4C,0x85e8d2a0,before-only,62,23,1,0800,8,,,,,,11,5931,,
equipment-event-006,change_to_botanist.pcapng,0,actor-01,actor-01,single-slot,1,0x006B1E4C,0x8d974f1c,before-only,77,23,3,a5fee050,1356922533,,,,,,11,5931,,
equipment-event-006,change_to_botanist.pcapng,0,actor-01,actor-01,single-slot,1,0x006B1E4C,0xa329599a,before-only,56,23,1,4300,67,,,,,,11,5931,,
equipment-event-006,change_to_botanist.pcapng,0,actor-01,actor-01,single-slot,1,0x006B1E4C,0xa6748335,before-only,71,23,2,f755f0a0,2700105207,,,,,,11,5931,,
equipment-event-006,change_to_botanist.pcapng,0,actor-01,actor-01,single-slot,1,0x006B1E4C,0xadef0b22,before-only,81,23,3,01,1,,,,,,11,5931,,
equipment-event-006,change_to_botanist.pcapng,0,actor-01,actor-01,single-slot,1,0x006B1E4C,0xaf9e9323,before-only,68,23,2,00000000,0,,,,,,11,5931,,
equipment-event-006,change_to_botanist.pcapng,0,actor-01,actor-01,single-slot,1,0x006B1E4C,0xc8c3a058,before-only,80,23,3,01,1,,,,,,11,5931,,
equipment-event-006,change_to_botanist.pcapng,0,actor-01,actor-01,single-slot,1,0x006B1E4C,0xc8f1d28c,before-only,61,23,1,0900,9,,,,,,11,5931,,
equipment-event-006,change_to_botanist.pcapng,0,actor-01,actor-01,single-slot,1,0x006B1E4C,0xca132bc5,before-only,72,23,2,6256f0a0,2700105314,,,,,,11,5931,,
equipment-event-006,change_to_botanist.pcapng,0,actor-01,actor-01,single-slot,1,0x006B1E4C,0xd57dc284,before-only,57,23,1,4300,67,,,,,,11,5931,,
equipment-event-006,change_to_botanist.pcapng,0,actor-01,actor-01,single-slot,1,0x006B1E4C,0xd71d3b0e,before-only,73,23,3,7374f0a0,2700113011,,,,,,11,5931,,
equipment-event-006,change_to_botanist.pcapng,0,actor-01,actor-01,single-slot,1,0x006B1E4C,0xe8860f56,before-only,67,23,2,00000000,0,,,,,,11,5931,,
equipment-event-006,change_to_botanist.pcapng,0,actor-01,actor-01,single-slot,1,0x006B1E4C,0xe98bffbf,before-only,64,23,2,00000000,0,,,,,,11,5931,,
equipment-event-006,change_to_botanist.pcapng,0,actor-01,actor-01,single-slot,1,0x006B1E4C,0xf642f974,before-only,74,23,3,9174f0a0,2700113041,,,,,,11,5931,,
equipment-event-006,change_to_botanist.pcapng,0,actor-01,actor-01,single-slot,1,0x006B1E4C,0xf763d225,before-only,63,23,1,0700,7,,,,,,11,5931,,
equipment-event-006,change_to_botanist.pcapng,0,actor-01,actor-01,single-slot,1,0x006B1E4C,0xf7800f79,before-only,66,23,2,00000000,0,,,,,,11,5931,,
equipment-event-006,change_to_botanist.pcapng,0,actor-01,actor-01,single-slot,1,0x006B1E4C,0xf904670d,before-only,58,23,1,0000,0,,,,,,11,5931,,
equipment-event-023,from_gridania_to_blackshroud.pcapng,0,actor-02,actor-02,aggregate-event,,,0x002c1cd3,after-only,,,,,,482,245,28,1109f5a0,2700413201,,,0,0
equipment-event-023,from_gridania_to_blackshroud.pcapng,0,actor-02,actor-02,aggregate-event,,,0x01e244c5,unchanged,319,235,1,ffffffff,4294967295,340,245,19,ffffffff,4294967295,10,489,0,0
equipment-event-023,from_gridania_to_blackshroud.pcapng,0,actor-02,actor-02,aggregate-event,,,0x03aede7b,after-only,,,,,,408,245,23,2c6af0a0,2700110380,,,0,0
equipment-event-023,from_gridania_to_blackshroud.pcapng,0,actor-02,actor-02,aggregate-event,,,0x04a05dae,after-only,,,,,,452,245,26,0c23e050,1356866316,,,0,0
equipment-event-023,from_gridania_to_blackshroud.pcapng,0,actor-02,actor-02,aggregate-event,,,0x0cca47c4,after-only,,,,,,344,245,19,01,1,,,0,0
equipment-event-023,from_gridania_to_blackshroud.pcapng,0,actor-02,actor-02,aggregate-event,,,0x0cdd66e8,after-only,,,,,,424,245,24,01,1,,,0,0
equipment-event-023,from_gridania_to_blackshroud.pcapng,0,actor-02,actor-02,aggregate-event,,,0x0db5a5bf,after-only,,,,,,324,245,18,0a,10,,,0,0
equipment-event-023,from_gridania_to_blackshroud.pcapng,0,actor-02,actor-02,aggregate-event,,,0x0e4920e3,after-only,,,,,,375,245,21,b51f0000,8117,,,0,0
equipment-event-023,from_gridania_to_blackshroud.pcapng,0,actor-02,actor-02,aggregate-event,,,0x0e704141,after-only,,,,,,354,245,19,4c00,76,,,0,0
equipment-event-023,from_gridania_to_blackshroud.pcapng,0,actor-02,actor-02,aggregate-event,,,0x10f6fd7c,after-only,,,,,,464,245,27,0c23e050,1356866316,,,0,0
equipment-event-023,from_gridania_to_blackshroud.pcapng,0,actor-02,actor-02,aggregate-event,,,0x11b1b22d,after-only,,,,,,363,245,20,9d00,157,,,0,0
equipment-event-023,from_gridania_to_blackshroud.pcapng,0,actor-02,actor-02,aggregate-event,,,0x13f89710,after-only,,,,,,332,245,18,f900,249,,,0,0
equipment-event-023,from_gridania_to_blackshroud.pcapng,0,actor-02,actor-02,aggregate-event,,,0x1662a1bf,after-only,,,,,,450,245,26,0c23e050,1356866316,,,0,0
equipment-event-023,from_gridania_to_blackshroud.pcapng,0,actor-02,actor-02,aggregate-event,,,0x17ab37ef,after-only,,,,,,371,245,20,aa00,170,,,0,0
equipment-event-023,from_gridania_to_blackshroud.pcapng,0,actor-02,actor-02,aggregate-event,,,0x18734cc5,after-only,,,,,,423,245,24,01,1,,,0,0
equipment-event-023,from_gridania_to_blackshroud.pcapng,0,actor-02,actor-02,aggregate-event,,,0x19b5d704,after-only,,,,,,476,245,28,0000803f,1065353216,,,0,0
equipment-event-023,from_gridania_to_blackshroud.pcapng,0,actor-02,actor-02,aggregate-event,,,0x1b37117e,after-only,,,,,,440,245,25,01,1,,,0,0
equipment-event-023,from_gridania_to_blackshroud.pcapng,0,actor-02,actor-02,aggregate-event,,,0x1bc46a06,after-only,,,,,,443,245,25,01,1,,,0,0
equipment-event-023,from_gridania_to_blackshroud.pcapng,0,actor-02,actor-02,aggregate-event,,,0x1bc92b93,after-only,,,,,,477,245,28,ffff,65535,,,0,0
equipment-event-023,from_gridania_to_blackshroud.pcapng,0,actor-02,actor-02,aggregate-event,,,0x1c2aec73,after-only,,,,,,359,245,20,9600,150,,,0,0
equipment-event-023,from_gridania_to_blackshroud.pcapng,0,actor-02,actor-02,aggregate-event,,,0x1c420f6c,after-only,,,,,,413,245,24,01,1,,,0,0
equipment-event-023,from_gridania_to_blackshroud.pcapng,0,actor-02,actor-02,aggregate-event,,,0x1e1bdb29,after-only,,,,,,478,245,28,ffff,65535,,,0,0
equipment-event-023,from_gridania_to_blackshroud.pcapng,0,actor-02,actor-02,aggregate-event,,,0x1f3dacc5,after-only,,,,,,366,245,20,a900,169,,,0,0
equipment-event-023,from_gridania_to_blackshroud.pcapng,0,actor-02,actor-02,aggregate-event,,,0x1fa0bdf7,after-only,,,,,,486,245,28,3eb0f1a0,2700193854,,,0,0
equipment-event-023,from_gridania_to_blackshroud.pcapng,0,actor-02,actor-02,aggregate-event,,,0x204cf942,after-only,,,,,,358,245,20,9600,150,,,0,0
equipment-event-023,from_gridania_to_blackshroud.pcapng,0,actor-02,actor-02,aggregate-event,,,0x20fe7d3f,after-only,,,,,,481,245,28,05,5,,,0,0
equipment-event-023,from_gridania_to_blackshroud.pcapng,0,actor-02,actor-02,aggregate-event,,,0x2138fd71,after-only,,,,,,327,245,18,01,1,,,0,0
equipment-event-023,from_gridania_to_blackshroud.pcapng,0,actor-02,actor-02,aggregate-event,,,0x22bc605f,after-only,,,,,,463,245,27,79745550,1347777657,,,0,0
equipment-event-023,from_gridania_to_blackshroud.pcapng,0,actor-02,actor-02,aggregate-event,,,0x24224121,after-only,,,,,,405,245,23,2e6af0a0,2700110382,,,0,0
equipment-event-023,from_gridania_to_blackshroud.pcapng,0,actor-02,actor-02,aggregate-event,,,0x2526d379,after-only,,,,,,434,245,25,01,1,,,0,0
equipment-event-023,from_gridania_to_blackshroud.pcapng,0,actor-02,actor-02,aggregate-event,,,0x28887bd6,after-only,,,,,,447,245,25,0c23e050,1356866316,,,0,0
equipment-event-023,from_gridania_to_blackshroud.pcapng,0,actor-02,actor-02,aggregate-event,,,0x2a4f53c7,after-only,,,,,,381,245,21,2d040000,1069,,,0,0
equipment-event-023,from_gridania_to_blackshroud.pcapng,0,actor-02,actor-02,aggregate-event,,,0x2bcd68aa,after-only,,,,,,431,245,24,20,32,,,0,0
equipment-event-023,from_gridania_to_blackshroud.pcapng,0,actor-02,actor-02,aggregate-event,,,0x2dfbc13a,after-only,,,,,,353,245,19,4f00,79,,,0,0
equipment-event-023,from_gridania_to_blackshroud.pcapng,0,actor-02,actor-02,aggregate-event,,,0x2f5ac0cc,after-only,,,,,,404,245,23,806af0a0,2700110464,,,0,0
equipment-event-023,from_gridania_to_blackshroud.pcapng,0,actor-02,actor-02,aggregate-event,,,0x318836c0,after-only,,,,,,418,245,24,01,1,,,0,0
equipment-event-023,from_gridania_to_blackshroud.pcapng,0,actor-02,actor-02,aggregate-event,,,0x36b51229,after-only,,,,,,453,245,26,0c23e050,1356866316,,,0,0
equipment-event-023,from_gridania_to_blackshroud.pcapng,0,actor-02,actor-02,aggregate-event,,,0x38c8b08f,after-only,,,,,,391,245,22,e52ef0a0,2700095205,,,0,0
equipment-event-023,from_gridania_to_blackshroud.pcapng,0,actor-02,actor-02,aggregate-event,,,0x39f384cf,after-only,,,,,,392,245,22,e72ef0a0,2700095207,,,0,0
equipment-event-023,from_gridania_to_blackshroud.pcapng,0,actor-02,actor-02,aggregate-event,,,0x3c674537,after-only,,,,,,467,245,27,79745550,1347777657,,,0,0
equipment-event-023,from_gridania_to_blackshroud.pcapng,0,actor-02,actor-02,aggregate-event,,,0x3c95d5c5,after-only,,,,,,333,245,18,f900,249,,,0,0
equipment-event-023,from_gridania_to_blackshroud.pcapng,0,actor-02,actor-02,aggregate-event,,,0x3e1a660f,after-only,,,,,,397,245,22,ff55f0a0,2700105215,,,0,0
equipment-event-023,from_gridania_to_blackshroud.pcapng,0,actor-02,actor-02,aggregate-event,,,0x415881ad,unchanged,321,235,1,ffffffff,4294967295,342,245,19,ffffffff,4294967295,10,489,0,0
equipment-event-023,from_gridania_to_blackshroud.pcapng,0,actor-02,actor-02,aggregate-event,,,0x416571ac,after-only,,,,,,352,245,19,6600,102,,,0,0
equipment-event-023,from_gridania_to_blackshroud.pcapng,0,actor-02,actor-02,aggregate-event,,,0x41991fca,after-only,,,,,,349,245,19,01,1,,,0,0
equipment-event-023,from_gridania_to_blackshroud.pcapng,0,actor-02,actor-02,aggregate-event,,,0x419b046f,after-only,,,,,,419,245,24,01,1,,,0,0
equipment-event-023,from_gridania_to_blackshroud.pcapng,0,actor-02,actor-02,aggregate-event,,,0x4232bcaa,after-only,,,,,,330,245,18,f602,758,,,0,0
equipment-event-023,from_gridania_to_blackshroud.pcapng,0,actor-02,actor-02,aggregate-event,,,0x44849402,after-only,,,,,,475,245,27,0000803f,1065353216,,,0,0
equipment-event-023,from_gridania_to_blackshroud.pcapng,0,actor-02,actor-02,aggregate-event,,,0x45b85823,after-only,,,,,,459,245,26,faacdf50,1356836090,,,0,0
equipment-event-023,from_gridania_to_blackshroud.pcapng,0,actor-02,actor-02,aggregate-event,,,0x469403ba,after-only,,,,,,402,245,23,dc69f0a0,2700110300,,,0,0
equipment-event-023,from_gridania_to_blackshroud.pcapng,0,actor-02,actor-02,aggregate-event,,,0x470d61da,after-only,,,,,,395,245,22,fd55f0a0,2700105213,,,0,0
equipment-event-023,from_gridania_to_blackshroud.pcapng,0,actor-02,actor-02,aggregate-event,,,0x49ced7cd,after-only,,,,,,468,245,27,79745550,1347777657,,,0,0
equipment-event-023,from_gridania_to_blackshroud.pcapng,0,actor-02,actor-02,aggregate-event,,,0x4b2a7d17,after-only,,,,,,441,245,25,01,1,,,0,0
equipment-event-023,from_gridania_to_blackshroud.pcapng,0,actor-02,actor-02,aggregate-event,,,0x4db13e27,after-only,,,,,,474,245,27,79745550,1347777657,,,0,0
equipment-event-023,from_gridania_to_blackshroud.pcapng,0,actor-02,actor-02,aggregate-event,,,0x4f365e47,after-only,,,,,,449,245,25,0c23e050,1356866316,,,0,0
equipment-event-023,from_gridania_to_blackshroud.pcapng,0,actor-02,actor-02,aggregate-event,,,0x50ffb0a4,unchanged,320,235,1,ffffffff,4294967295,341,245,19,ffffffff,4294967295,10,489,0,0
equipment-event-023,from_gridania_to_blackshroud.pcapng,0,actor-02,actor-02,aggregate-event,,,0x5272eae9,after-only,,,,,,446,245,25,0c23e050,1356866316,,,0,0
equipment-event-023,from_gridania_to_blackshroud.pcapng,0,actor-02,actor-02,aggregate-event,,,0x570e1086,after-only,,,,,,487,245,28,34b0f1a0,2700193844,,,0,0
equipment-event-023,from_gridania_to_blackshroud.pcapng,0,actor-02,actor-02,aggregate-event,,,0x573fe04c,after-only,,,,,,372,245,20,0000803f,1065353216,,,0,0
equipment-event-023,from_gridania_to_blackshroud.pcapng,0,actor-02,actor-02,aggregate-event,,,0x5883d746,after-only,,,,,,460,245,26,3aaddf50,1356836154,,,0,0
equipment-event-023,from_gridania_to_blackshroud.pcapng,0,actor-02,actor-02,aggregate-event,,,0x58cd7cc0,after-only,,,,,,435,245,25,01,1,,,0,0
equipment-event-023,from_gridania_to_blackshroud.pcapng,0,actor-02,actor-02,aggregate-event,,,0x5a0a4034,after-only,,,,,,415,245,24,01,1,,,0,0
equipment-event-023,from_gridania_to_blackshroud.pcapng,0,actor-02,actor-02,aggregate-event,,,0x5cdee710,after-only,,,,,,485,245,28,38b0f1a0,2700193848,,,0,0
equipment-event-023,from_gridania_to_blackshroud.pcapng,0,actor-02,actor-02,aggregate-event,,,0x5d9dbe46,after-only,,,,,,462,245,26,79745550,1347777657,,,0,0
equipment-event-023,from_gridania_to_blackshroud.pcapng,0,actor-02,actor-02,aggregate-event,,,0x5f0f0e64,after-only,,,,,,438,245,25,01,1,,,0,0
equipment-event-023,from_gridania_to_blackshroud.pcapng,0,actor-02,actor-02,aggregate-event,,,0x5fc56d16,after-only,,,,,,360,245,20,a000,160,,,0,0
equipment-event-023,from_gridania_to_blackshroud.pcapng,0,actor-02,actor-02,aggregate-event,,,0x6047e4bd,after-only,,,,,,380,245,21,63c70000,51043,,,0,0
equipment-event-023,from_gridania_to_blackshroud.pcapng,0,actor-02,actor-02,aggregate-event,,,0x6065f862,after-only,,,,,,426,245,24,01,1,,,0,0
equipment-event-023,from_gridania_to_blackshroud.pcapng,0,actor-02,actor-02,aggregate-event,,,0x6161a641,after-only,,,,,,385,245,21,e42ef0a0,2700095204,,,0,0
equipment-event-023,from_gridania_to_blackshroud.pcapng,0,actor-02,actor-02,aggregate-event,,,0x61816dfe,unchanged,322,235,1,ffffffff,4294967295,343,245,19,ffffffff,4294967295,10,489,0,0
equipment-event-023,from_gridania_to_blackshroud.pcapng,0,actor-02,actor-02,aggregate-event,,,0x63d4b0db,after-only,,,,,,469,245,27,79745550,1347777657,,,0,0
equipment-event-023,from_gridania_to_blackshroud.pcapng,0,actor-02,actor-02,aggregate-event,,,0x647a29a8,after-only,,,,,,350,245,19,6100,97,,,0,0
equipment-event-023,from_gridania_to_blackshroud.pcapng,0,actor-02,actor-02,aggregate-event,,,0x64803e98,after-only,,,,,,361,245,20,9600,150,,,0,0
equipment-event-023,from_gridania_to_blackshroud.pcapng,0,actor-02,actor-02,aggregate-event,,,0x671ef2b1,after-only,,,,,,439,245,25,01,1,,,0,0
equipment-event-023,from_gridania_to_blackshroud.pcapng,0,actor-02,actor-02,aggregate-event,,,0x69263cb7,after-only,,,,,,414,245,24,01,1,,,0,0
equipment-event-023,from_gridania_to_blackshroud.pcapng,0,actor-02,actor-02,aggregate-event,,,0x69579da7,after-only,,,,,,387,245,22,0e52f0a0,2700104206,,,0,0
equipment-event-023,from_gridania_to_blackshroud.pcapng,0,actor-02,actor-02,aggregate-event,,,0x6974eda5,after-only,,,,,,484,245,28,00b4f1a0,2700194816,,,0,0
equipment-event-023,from_gridania_to_blackshroud.pcapng,0,actor-02,actor-02,aggregate-event,,,0x6b060065,after-only,,,,,,422,245,24,01,1,,,0,0
equipment-event-023,from_gridania_to_blackshroud.pcapng,0,actor-02,actor-02,aggregate-event,,,0x6b6e041d,after-only,,,,,,368,245,20,ad00,173,,,0,0
equipment-event-023,from_gridania_to_blackshroud.pcapng,0,actor-02,actor-02,aggregate-event,,,0x6b9c6437,after-only,,,,,,471,245,27,79745550,1347777657,,,0,0
equipment-event-023,from_gridania_to_blackshroud.pcapng,0,actor-02,actor-02,aggregate-event,,,0x6ccaf8b3,after-only,,,,,,355,245,19,4300,67,,,0,0
equipment-event-023,from_gridania_to_blackshroud.pcapng,0,actor-02,actor-02,aggregate-event,,,0x6d5633b9,unchanged,317,235,1,ffffffff,4294967295,338,245,18,ffffffff,4294967295,10,489,0,0
equipment-event-023,from_gridania_to_blackshroud.pcapng,0,actor-02,actor-02,aggregate-event,,,0x748287f9,after-only,,,,,,379,245,21,fd6a0000,27389,,,0,0
equipment-event-023,from_gridania_to_blackshroud.pcapng,0,actor-02,actor-02,aggregate-event,,,0x7532ce24,unchanged,313,235,1,04,4,334,245,18,04,4,10,489,0,0
equipment-event-023,from_gridania_to_blackshroud.pcapng,0,actor-02,actor-02,aggregate-event,,,0x79c7ecff,after-only,,,,,,356,245,19,9600,150,,,0,0
equipment-event-023,from_gridania_to_blackshroud.pcapng,0,actor-02,actor-02,aggregate-event,,,0x7b2f0a94,after-only,,,,,,378,245,21,ab0e0000,3755,,,0,0
equipment-event-023,from_gridania_to_blackshroud.pcapng,0,actor-02,actor-02,aggregate-event,,,0x7b675313,after-only,,,,,,328,245,18,01,1,,,0,0
equipment-event-023,from_gridania_to_blackshroud.pcapng,0,actor-02,actor-02,aggregate-event,,,0x7bcdfb69,after-only,,,,,,331,245,18,f602,758,,,0,0
equipment-event-023,from_gridania_to_blackshroud.pcapng,0,actor-02,actor-02,aggregate-event,,,0x7cc10854,after-only,,,,,,428,245,24,01,1,,,0,0
equipment-event-023,from_gridania_to_blackshroud.pcapng,0,actor-02,actor-02,aggregate-event,,,0x7da83ade,after-only,,,,,,388,245,22,0f52f0a0,2700104207,,,0,0
equipment-event-023,from_gridania_to_blackshroud.pcapng,0,actor-02,actor-02,aggregate-event,,,0x7efd97e4,after-only,,,,,,396,245,22,3973f0a0,2700112697,,,0,0
equipment-event-023,from_gridania_to_blackshroud.pcapng,0,actor-02,actor-02,aggregate-event,,,0x7fc8b15d,after-only,,,,,,470,245,27,79745550,1347777657,,,0,0
equipment-event-023,from_gridania_to_blackshroud.pcapng,0,actor-02,actor-02,aggregate-event,,,0x7ff0ee64,after-only,,,,,,411,245,23,01,1,,,0,0
equipment-event-023,from_gridania_to_blackshroud.pcapng,0,actor-02,actor-02,aggregate-event,,,0x80dfda92,after-only,,,,,,401,245,23,d26af0a0,2700110546,,,0,0
equipment-event-023,from_gridania_to_blackshroud.pcapng,0,actor-02,actor-02,aggregate-event,,,0x85aafe74,after-only,,,,,,442,245,25,01,1,,,0,0
equipment-event-023,from_gridania_to_blackshroud.pcapng,0,actor-02,actor-02,aggregate-event,,,0x89098566,after-only,,,,,,384,245,21,e32ef0a0,2700095203,,,0,0
equipment-event-023,from_gridania_to_blackshroud.pcapng,0,actor-02,actor-02,aggregate-event,,,0x8a5cbc5b,after-only,,,,,,420,245,24,01,1,,,0,0
equipment-event-023,from_gridania_to_blackshroud.pcapng,0,actor-02,actor-02,aggregate-event,,,0x8a676a74,after-only,,,,,,409,245,23,3a6af0a0,2700110394,,,0,0
equipment-event-023,from_gridania_to_blackshroud.pcapng,0,actor-02,actor-02,aggregate-event,,,0x8b4fa1a4,after-only,,,,,,444,245,25,01,1,,,0,0
equipment-event-023,from_gridania_to_blackshroud.pcapng,0,actor-02,actor-02,aggregate-event,,,0x8c336da3,unchanged,316,235,1,ffffffff,4294967295,337,245,18,ffffffff,4294967295,10,489,0,0
equipment-event-023,from_gridania_to_blackshroud.pcapng,0,actor-02,actor-02,aggregate-event,,,0x8c44e56b,unchanged,315,235,1,ffffffff,4294967295,336,245,18,ffffffff,4294967295,10,489,0,0
equipment-event-023,from_gridania_to_blackshroud.pcapng,0,actor-02,actor-02,aggregate-event,,,0x8cae90db,after-only,,,,,,365,245,20,9200,146,,,0,0
equipment-event-023,from_gridania_to_blackshroud.pcapng,0,actor-02,actor-02,aggregate-event,,,0x8d974f1c,after-only,,,,,,445,245,25,0c23e050,1356866316,,,0,0
equipment-event-023,from_gridania_to_blackshroud.pcapng,0,actor-02,actor-02,aggregate-event,,,0x8e4e1fb2,after-only,,,,,,417,245,24,01,1,,,0,0
equipment-event-023,from_gridania_to_blackshroud.pcapng,0,actor-02,actor-02,aggregate-event,,,0x91cd44e7,after-only,,,,,,362,245,20,9700,151,,,0,0
equipment-event-023,from_gridania_to_blackshroud.pcapng,0,actor-02,actor-02,aggregate-event,,,0x939e884a,after-only,,,,,,351,245,19,5c00,92,,,0,0
equipment-event-023,from_gridania_to_blackshroud.pcapng,0,actor-02,actor-02,aggregate-event,,,0x94574d0a,after-only,,,,,,472,245,27,79745550,1347777657,,,0,0
equipment-event-023,from_gridania_to_blackshroud.pcapng,0,actor-02,actor-02,aggregate-event,,,0x958051f1,after-only,,,,,,403,245,23,7c6af0a0,2700110460,,,0,0
equipment-event-023,from_gridania_to_blackshroud.pcapng,0,actor-02,actor-02,aggregate-event,,,0x95bcf98a,after-only,,,,,,346,245,19,01,1,,,0,0
equipment-event-023,from_gridania_to_blackshroud.pcapng,0,actor-02,actor-02,aggregate-event,,,0x96063588,unchanged,314,235,1,1a00,26,335,245,18,1a00,26,10,489,0,0
equipment-event-023,from_gridania_to_blackshroud.pcapng,0,actor-02,actor-02,aggregate-event,,,0x97e78c4e,after-only,,,,,,473,245,27,79745550,1347777657,,,0,0
equipment-event-023,from_gridania_to_blackshroud.pcapng,0,actor-02,actor-02,aggregate-event,,,0x98bcf012,after-only,,,,,,437,245,25,01,1,,,0,0
equipment-event-023,from_gridania_to_blackshroud.pcapng,0,actor-02,actor-02,aggregate-event,,,0x9a378611,after-only,,,,,,456,245,26,0c23e050,1356866316,,,0,0
equipment-event-023,from_gridania_to_blackshroud.pcapng,0,actor-02,actor-02,aggregate-event,,,0x9db2fd87,after-only,,,,,,454,245,26,0c23e050,1356866316,,,0,0
equipment-event-023,from_gridania_to_blackshroud.pcapng,0,actor-02,actor-02,aggregate-event,,,0x9f278594,after-only,,,,,,412,245,23,01,1,,,0,0
equipment-event-023,from_gridania_to_blackshroud.pcapng,0,actor-02,actor-02,aggregate-event,,,0x9fd558d0,after-only,,,,,,455,245,26,0c23e050,1356866316,,,0,0
equipment-event-023,from_gridania_to_blackshroud.pcapng,0,actor-02,actor-02,aggregate-event,,,0xa2478ea5,after-only,,,,,,448,245,25,0c23e050,1356866316,,,0,0
equipment-event-023,from_gridania_to_blackshroud.pcapng,0,actor-02,actor-02,aggregate-event,,,0xa329599a,after-only,,,,,,367,245,20,a900,169,,,0,0
equipment-event-023,from_gridania_to_blackshroud.pcapng,0,actor-02,actor-02,aggregate-event,,,0xa6d426c4,after-only,,,,,,427,245,24,01,1,,,0,0
equipment-event-023,from_gridania_to_blackshroud.pcapng,0,actor-02,actor-02,aggregate-event,,,0xabb78bce,after-only,,,,,,421,245,24,01,1,,,0,0
equipment-event-023,from_gridania_to_blackshroud.pcapng,0,actor-02,actor-02,aggregate-event,,,0xacc58f29,after-only,,,,,,376,245,21,81230000,9089,,,0,0
equipment-event-023,from_gridania_to_blackshroud.pcapng,0,actor-02,actor-02,aggregate-event,,,0xad16c7ae,after-only,,,,,,389,245,22,e92ef0a0,2700095209,,,0,0
equipment-event-023,from_gridania_to_blackshroud.pcapng,0,actor-02,actor-02,aggregate-event,,,0xadef0b22,after-only,,,,,,433,245,25,01,1,,,0,0
equipment-event-023,from_gridania_to_blackshroud.pcapng,0,actor-02,actor-02,aggregate-event,,,0xb1cbe069,after-only,,,,,,479,245,28,04,4,,,0,0
equipment-event-023,from_gridania_to_blackshroud.pcapng,0,actor-02,actor-02,aggregate-event,,,0xb3663189,after-only,,,,,,345,245,19,01,1,,,0,0
equipment-event-023,from_gridania_to_blackshroud.pcapng,0,actor-02,actor-02,aggregate-event,,,0xb5993ddc,after-only,,,,,,390,245,22,ea2ef0a0,2700095210,,,0,0
equipment-event-023,from_gridania_to_blackshroud.pcapng,0,actor-02,actor-02,aggregate-event,,,0xb9c13d96,after-only,,,,,,425,245,24,01,1,,,0,0
equipment-event-023,from_gridania_to_blackshroud.pcapng,0,actor-02,actor-02,aggregate-event,,,0xba51c4e1,after-only,,,,,,364,245,20,a900,169,,,0,0
equipment-event-023,from_gridania_to_blackshroud.pcapng,0,actor-02,actor-02,aggregate-event,,,0xbb9cc775,after-only,,,,,,373,245,21,0000803e,1048576000,,,0,0
equipment-event-023,from_gridania_to_blackshroud.pcapng,0,actor-02,actor-02,aggregate-event,,,0xbca83abb,after-only,,,,,,458,245,26,32b3df50,1356837682,,,0,0
equipment-event-023,from_gridania_to_blackshroud.pcapng,0,actor-02,actor-02,aggregate-event,,,0xc0f66df7,after-only,,,,,,325,245,18,3333d340,1087583027,,,0,0
equipment-event-023,from_gridania_to_blackshroud.pcapng,0,actor-02,actor-02,aggregate-event,,,0xc5c48a58,after-only,,,,,,416,245,24,01,1,,,0,0
equipment-event-023,from_gridania_to_blackshroud.pcapng,0,actor-02,actor-02,aggregate-event,,,0xc642e791,after-only,,,,,,451,245,26,0c23e050,1356866316,,,0,0
equipment-event-023,from_gridania_to_blackshroud.pcapng,0,actor-02,actor-02,aggregate-event,,,0xc8c3a058,after-only,,,,,,432,245,24,01,1,,,0,0
equipment-event-023,from_gridania_to_blackshroud.pcapng,0,actor-02,actor-02,aggregate-event,,,0xc9045217,after-only,,,,,,394,245,22,fc55f0a0,2700105212,,,0,0
equipment-event-023,from_gridania_to_blackshroud.pcapng,0,actor-02,actor-02,aggregate-event,,,0xca132bc5,after-only,,,,,,398,245,22,366af0a0,2700110390,,,0,0
equipment-event-023,from_gridania_to_blackshroud.pcapng,0,actor-02,actor-02,aggregate-event,,,0xca9f30e5,after-only,,,,,,410,245,23,2f6af0a0,2700110383,,,0,0
equipment-event-023,from_gridania_to_blackshroud.pcapng,0,actor-02,actor-02,aggregate-event,,,0xcfff28e0,after-only,,,,,,488,245,28,acb0f1a0,2700193964,,,0,0
equipment-event-023,from_gridania_to_blackshroud.pcapng,0,actor-02,actor-02,aggregate-event,,,0xd4235016,after-only,,,,,,489,245,28,43b0f1a0,2700193859,,,0,0
equipment-event-023,from_gridania_to_blackshroud.pcapng,0,actor-02,actor-02,aggregate-event,,,0xd57dc284,after-only,,,,,,370,245,20,ae00,174,,,0,0
equipment-event-023,from_gridania_to_blackshroud.pcapng,0,actor-02,actor-02,aggregate-event,,,0xd5c5254a,unchanged,318,235,1,ffffffff,4294967295,339,245,18,ffffffff,4294967295,10,489,0,0
equipment-event-023,from_gridania_to_blackshroud.pcapng,0,actor-02,actor-02,aggregate-event,,,0xd68fa0e1,after-only,,,,,,457,245,26,23b3df50,1356837667,,,0,0
equipment-event-023,from_gridania_to_blackshroud.pcapng,0,actor-02,actor-02,aggregate-event,,,0xd6917eac,unchanged,323,235,2,bd48aa3e,1051347133,483,245,28,bd48aa3e,1051347133,10,489,0,0
equipment-event-023,from_gridania_to_blackshroud.pcapng,0,actor-02,actor-02,aggregate-event,,,0xd71d3b0e,after-only,,,,,,399,245,23,376af0a0,2700110391,,,0,0
equipment-event-023,from_gridania_to_blackshroud.pcapng,0,actor-02,actor-02,aggregate-event,,,0xdba408a0,after-only,,,,,,374,245,21,ce180000,6350,,,0,0
equipment-event-023,from_gridania_to_blackshroud.pcapng,0,actor-02,actor-02,aggregate-event,,,0xdc4f03f9,after-only,,,,,,348,245,19,01,1,,,0,0
equipment-event-023,from_gridania_to_blackshroud.pcapng,0,actor-02,actor-02,aggregate-event,,,0xdf99e003,after-only,,,,,,377,245,21,c4780000,30916,,,0,0
equipment-event-023,from_gridania_to_blackshroud.pcapng,0,actor-02,actor-02,aggregate-event,,,0xe058a98c,after-only,,,,,,466,245,27,79745550,1347777657,,,0,0
equipment-event-023,from_gridania_to_blackshroud.pcapng,0,actor-02,actor-02,aggregate-event,,,0xe14b0ca8,after-only,,,,,,326,245,18,01,1,,,0,0
equipment-event-023,from_gridania_to_blackshroud.pcapng,0,actor-02,actor-02,aggregate-event,,,0xe17d8c7a,after-only,,,,,,357,245,20,9600,150,,,0,0
equipment-event-023,from_gridania_to_blackshroud.pcapng,0,actor-02,actor-02,aggregate-event,,,0xe4567838,after-only,,,,,,430,245,24,01,1,,,0,0
equipment-event-023,from_gridania_to_blackshroud.pcapng,0,actor-02,actor-02,aggregate-event,,,0xe764c45d,after-only,,,,,,382,245,21,0952f0a0,2700104201,,,0,0
equipment-event-023,from_gridania_to_blackshroud.pcapng,0,actor-02,actor-02,aggregate-event,,,0xe7ed17a0,after-only,,,,,,406,245,23,2d6af0a0,2700110381,,,0,0
equipment-event-023,from_gridania_to_blackshroud.pcapng,0,actor-02,actor-02,aggregate-event,,,0xeb90baab,after-only,,,,,,369,245,20,a600,166,,,0,0
equipment-event-023,from_gridania_to_blackshroud.pcapng,0,actor-02,actor-02,aggregate-event,,,0xebbefbea,after-only,,,,,,465,245,27,79745550,1347777657,,,0,0
equipment-event-023,from_gridania_to_blackshroud.pcapng,0,actor-02,actor-02,aggregate-event,,,0xed6de041,after-only,,,,,,383,245,21,0a52f0a0,2700104202,,,0,0
equipment-event-023,from_gridania_to_blackshroud.pcapng,0,actor-02,actor-02,aggregate-event,,,0xedad792f,after-only,,,,,,461,245,26,a1d4ca50,1355469985,,,0,0
equipment-event-023,from_gridania_to_blackshroud.pcapng,0,actor-02,actor-02,aggregate-event,,,0xf01787b7,after-only,,,,,,386,245,22,0d52f0a0,2700104205,,,0,0
equipment-event-023,from_gridania_to_blackshroud.pcapng,0,actor-02,actor-02,aggregate-event,,,0xf053ac1a,after-only,,,,,,393,245,22,eb2ef0a0,2700095211,,,0,0
equipment-event-023,from_gridania_to_blackshroud.pcapng,0,actor-02,actor-02,aggregate-event,,,0xf2e07ff4,after-only,,,,,,407,245,23,3e6af0a0,2700110398,,,0,0
equipment-event-023,from_gridania_to_blackshroud.pcapng,0,actor-02,actor-02,aggregate-event,,,0xf55d07a5,after-only,,,,,,429,245,24,01,1,,,0,0
equipment-event-023,from_gridania_to_blackshroud.pcapng,0,actor-02,actor-02,aggregate-event,,,0xf642f974,after-only,,,,,,400,245,23,396af0a0,2700110393,,,0,0
equipment-event-023,from_gridania_to_blackshroud.pcapng,0,actor-02,actor-02,aggregate-event,,,0xf8a7dab1,after-only,,,,,,480,245,28,05,5,,,0,0
equipment-event-023,from_gridania_to_blackshroud.pcapng,0,actor-02,actor-02,aggregate-event,,,0xfbfbcfb1,after-only,,,,,,329,245,18,01,1,,,0,0
equipment-event-023,from_gridania_to_blackshroud.pcapng,0,actor-02,actor-02,aggregate-event,,,0xfcdfdcac,after-only,,,,,,436,245,25,01,1,,,0,0
equipment-event-023,from_gridania_to_blackshroud.pcapng,0,actor-02,actor-02,aggregate-event,,,0xfdd1f6de,after-only,,,,,,347,245,19,01,1,,,0,0
equipment-event-027,gear_changeweapon.pcapng,0,actor-01,actor-01,single-slot,0,0x003D7E3D,0x03aede7b,after-only,,,,,,625,16,3,d56af0a0,2700110549,,,2,246
equipment-event-027,gear_changeweapon.pcapng,0,actor-01,actor-01,single-slot,0,0x003D7E3D,0x04a05dae,after-only,,,,,,635,16,4,e9efe050,1356918761,,,2,246
equipment-event-027,gear_changeweapon.pcapng,0,actor-01,actor-01,single-slot,0,0x003D7E3D,0x079d8d67,after-only,,,,,,654,16,6,0500,5,,,2,246
equipment-event-027,gear_changeweapon.pcapng,0,actor-01,actor-01,single-slot,0,0x003D7E3D,0x0ad1ce80,before-only,587,13,1,ff00ff00ff00ff00ff0003,3631481450359897754370303,,,,,,1,35,,
equipment-event-027,gear_changeweapon.pcapng,0,actor-01,actor-01,single-slot,0,0x003D7E3D,0x0e704141,after-only,,,,,,597,16,1,6a00,106,,,2,246
equipment-event-027,gear_changeweapon.pcapng,0,actor-01,actor-01,single-slot,0,0x003D7E3D,0x11b1b22d,after-only,,,,,,606,16,1,bc00,188,,,2,246
equipment-event-027,gear_changeweapon.pcapng,0,actor-01,actor-01,single-slot,0,0x003D7E3D,0x1662a1bf,after-only,,,,,,633,16,4,10f0e050,1356918800,,,2,246
equipment-event-027,gear_changeweapon.pcapng,0,actor-01,actor-01,single-slot,0,0x003D7E3D,0x17ab37ef,after-only,,,,,,614,16,2,d400,212,,,2,246
equipment-event-027,gear_changeweapon.pcapng,0,actor-01,actor-01,single-slot,0,0x003D7E3D,0x1b37117e,after-only,,,,,,648,16,5,01,1,,,2,246
equipment-event-027,gear_changeweapon.pcapng,0,actor-01,actor-01,single-slot,0,0x003D7E3D,0x1bc46a06,after-only,,,,,,651,16,6,01,1,,,2,246
equipment-event-027,gear_changeweapon.pcapng,0,actor-01,actor-01,single-slot,0,0x003D7E3D,0x1c2aec73,after-only,,,,,,603,16,1,b500,181,,,2,246
equipment-event-027,gear_changeweapon.pcapng,0,actor-01,actor-01,single-slot,0,0x003D7E3D,0x1f3dacc5,after-only,,,,,,609,16,2,cb00,203,,,2,246
equipment-event-027,gear_changeweapon.pcapng,0,actor-01,actor-01,single-slot,0,0x003D7E3D,0x204cf942,after-only,,,,,,601,16,1,b500,181,,,2,246
equipment-event-027,gear_changeweapon.pcapng,0,actor-01,actor-01,single-slot,0,0x003D7E3D,0x20fe7d3f,after-only,,,,,,666,16,7,06,6,,,2,246
equipment-event-027,gear_changeweapon.pcapng,0,actor-01,actor-01,single-slot,0,0x003D7E3D,0x24224121,after-only,,,,,,622,16,3,db6af0a0,2700110555,,,2,246
equipment-event-027,gear_changeweapon.pcapng,0,actor-01,actor-01,single-slot,0,0x003D7E3D,0x2526d379,after-only,,,,,,643,16,5,01,1,,,2,246
equipment-event-027,gear_changeweapon.pcapng,0,actor-01,actor-01,single-slot,0,0x003D7E3D,0x28887bd6,after-only,,,,,,631,16,4,e8efe050,1356918760,,,2,246
equipment-event-027,gear_changeweapon.pcapng,0,actor-01,actor-01,single-slot,0,0x003D7E3D,0x2dfbc13a,after-only,,,,,,596,16,1,5800,88,,,2,246
equipment-event-027,gear_changeweapon.pcapng,0,actor-01,actor-01,single-slot,0,0x003D7E3D,0x2f5ac0cc,after-only,,,,,,621,16,3,096af0a0,2700110345,,,2,246
equipment-event-027,gear_changeweapon.pcapng,0,actor-01,actor-01,single-slot,0,0x003D7E3D,0x2fba29dc,after-only,,,,,,661,16,6,2c01,300,,,2,246
equipment-event-027,gear_changeweapon.pcapng,0,actor-01,actor-01,single-slot,0,0x003D7E3D,0x36b51229,after-only,,,,,,636,16,5,01f0e050,1356918785,,,2,246
equipment-event-027,gear_changeweapon.pcapng,0,actor-01,actor-01,single-slot,0,0x003D7E3D,0x3c95d5c5,after-only,,,,,,590,16,0,fb01,507,,,2,246
equipment-event-027,gear_changeweapon.pcapng,0,actor-01,actor-01,single-slot,0,0x003D7E3D,0x416571ac,after-only,,,,,,595,16,1,6e00,110,,,2,246
equipment-event-027,gear_changeweapon.pcapng,0,actor-01,actor-01,single-slot,0,0x003D7E3D,0x438e4fe6,after-only,,,,,,662,16,6,5a00,90,,,2,246
equipment-event-027,gear_changeweapon.pcapng,0,actor-01,actor-01,single-slot,0,0x003D7E3D,0x461773ff,after-only,,,,,,657,16,6,1e00,30,,,2,246
equipment-event-027,gear_changeweapon.pcapng,0,actor-01,actor-01,single-slot,0,0x003D7E3D,0x469403ba,after-only,,,,,,619,16,3,066af0a0,2700110342,,,2,246
equipment-event-027,gear_changeweapon.pcapng,0,actor-01,actor-01,single-slot,0,0x003D7E3D,0x4b2a7d17,after-only,,,,,,649,16,6,01,1,,,2,246
equipment-event-027,gear_changeweapon.pcapng,0,actor-01,actor-01,single-slot,0,0x003D7E3D,0x4e71e841,after-only,,,,,,652,16,6,01,1,,,2,246
equipment-event-027,gear_changeweapon.pcapng,0,actor-01,actor-01,single-slot,0,0x003D7E3D,0x4f365e47,after-only,,,,,,632,16,4,5bf0e050,1356918875,,,2,246
equipment-event-027,gear_changeweapon.pcapng,0,actor-01,actor-01,single-slot,0,0x003D7E3D,0x5272eae9,after-only,,,,,,630,16,4,01f0e050,1356918785,,,2,246
equipment-event-027,gear_changeweapon.pcapng,0,actor-01,actor-01,single-slot,0,0x003D7E3D,0x5ea09ecd,after-only,,,,,,663,16,7,5000,80,,,2,246
equipment-event-027,gear_changeweapon.pcapng,0,actor-01,actor-01,single-slot,0,0x003D7E3D,0x5f0f0e64,after-only,,,,,,646,16,5,01,1,,,2,246
equipment-event-027,gear_changeweapon.pcapng,0,actor-01,actor-01,single-slot,0,0x003D7E3D,0x5fc56d16,after-only,,,,,,602,16,1,bf00,191,,,2,246
equipment-event-027,gear_changeweapon.pcapng,0,actor-01,actor-01,single-slot,0,0x003D7E3D,0x647a29a8,after-only,,,,,,593,16,1,7800,120,,,2,246
equipment-event-027,gear_changeweapon.pcapng,0,actor-01,actor-01,single-slot,0,0x003D7E3D,0x64803e98,after-only,,,,,,604,16,1,b500,181,,,2,246
equipment-event-027,gear_changeweapon.pcapng,0,actor-01,actor-01,single-slot,0,0x003D7E3D,0x671ef2b1,after-only,,,,,,647,16,5,01,1,,,2,246
equipment-event-027,gear_changeweapon.pcapng,0,actor-01,actor-01,single-slot,0,0x003D7E3D,0x68efd1dc,after-only,,,,,,658,16,6,0600,6,,,2,246
equipment-event-027,gear_changeweapon.pcapng,0,actor-01,actor-01,single-slot,0,0x003D7E3D,0x6b3c0b03,after-only,,,,,,659,16,6,1e00,30,,,2,246
equipment-event-027,gear_changeweapon.pcapng,0,actor-01,actor-01,single-slot,0,0x003D7E3D,0x6b6e041d,after-only,,,,,,611,16,2,d200,210,,,2,246
equipment-event-027,gear_changeweapon.pcapng,0,actor-01,actor-01,single-slot,0,0x003D7E3D,0x6ccaf8b3,after-only,,,,,,598,16,1,5e00,94,,,2,246
equipment-event-027,gear_changeweapon.pcapng,0,actor-01,actor-01,single-slot,0,0x003D7E3D,0x7532ce24,after-only,,,,,,591,16,0,03,3,,,2,246
equipment-event-027,gear_changeweapon.pcapng,0,actor-01,actor-01,single-slot,0,0x003D7E3D,0x79c7ecff,after-only,,,,,,599,16,1,b500,181,,,2,246
equipment-event-027,gear_changeweapon.pcapng,0,actor-01,actor-01,single-slot,0,0x003D7E3D,0x7b71de03,after-only,,,,,,660,16,6,0a00,10,,,2,246
equipment-event-027,gear_changeweapon.pcapng,0,actor-01,actor-01,single-slot,0,0x003D7E3D,0x7bcdfb69,after-only,,,,,,589,16,0,f303,1011,,,2,246
equipment-event-027,gear_changeweapon.pcapng,0,actor-01,actor-01,single-slot,0,0x003D7E3D,0x85aafe74,after-only,,,,,,650,16,6,01,1,,,2,246
equipment-event-027,gear_changeweapon.pcapng,0,actor-01,actor-01,single-slot,0,0x003D7E3D,0x8a676a74,after-only,,,,,,626,16,3,046af0a0,2700110340,,,2,246
equipment-event-027,gear_changeweapon.pcapng,0,actor-01,actor-01,single-slot,0,0x003D7E3D,0x8b4fa1a4,after-only,,,,,,653,16,6,00,0,,,2,246
equipment-event-027,gear_changeweapon.pcapng,0,actor-01,actor-01,single-slot,0,0x003D7E3D,0x8cae90db,after-only,,,,,,608,16,2,a900,169,,,2,246
equipment-event-027,gear_changeweapon.pcapng,0,actor-01,actor-01,single-slot,0,0x003D7E3D,0x8d974f1c,after-only,,,,,,629,16,4,edefe050,1356918765,,,2,246
equipment-event-027,gear_changeweapon.pcapng,0,actor-01,actor-01,single-slot,0,0x003D7E3D,0x91cd44e7,after-only,,,,,,605,16,1,b600,182,,,2,246
equipment-event-027,gear_changeweapon.pcapng,0,actor-01,actor-01,single-slot,0,0x003D7E3D,0x939e884a,after-only,,,,,,594,16,1,7600,118,,,2,246
equipment-event-027,gear_changeweapon.pcapng,0,actor-01,actor-01,single-slot,0,0x003D7E3D,0x958051f1,after-only,,,,,,620,16,3,056af0a0,2700110341,,,2,246
equipment-event-027,gear_changeweapon.pcapng,0,actor-01,actor-01,single-slot,0,0x003D7E3D,0x96063588,after-only,,,,,,592,16,0,1f00,31,,,2,246
equipment-event-027,gear_changeweapon.pcapng,0,actor-01,actor-01,single-slot,0,0x003D7E3D,0x98bcf012,after-only,,,,,,645,16,5,01,1,,,2,246
equipment-event-027,gear_changeweapon.pcapng,0,actor-01,actor-01,single-slot,0,0x003D7E3D,0x9a378611,after-only,,,,,,639,16,5,3df0e050,1356918845,,,2,246
equipment-event-027,gear_changeweapon.pcapng,0,actor-01,actor-01,single-slot,0,0x003D7E3D,0x9db2fd87,after-only,,,,,,637,16,5,edefe050,1356918765,,,2,246
equipment-event-027,gear_changeweapon.pcapng,0,actor-01,actor-01,single-slot,0,0x003D7E3D,0x9fd558d0,after-only,,,,,,638,16,5,0ff1e050,1356919055,,,2,246
equipment-event-027,gear_changeweapon.pcapng,0,actor-01,actor-01,single-slot,0,0x003D7E3D,0xa329599a,after-only,,,,,,610,16,2,cf00,207,,,2,246
equipment-event-027,gear_changeweapon.pcapng,0,actor-01,actor-01,single-slot,0,0x003D7E3D,0xadef0b22,after-only,,,,,,642,16,5,01,1,,,2,246
equipment-event-027,gear_changeweapon.pcapng,0,actor-01,actor-01,single-slot,0,0x003D7E3D,0xb1cbe069,after-only,,,,,,664,16,7,03,3,,,2,246
equipment-event-027,gear_changeweapon.pcapng,0,actor-01,actor-01,single-slot,0,0x003D7E3D,0xba51c4e1,after-only,,,,,,607,16,2,c400,196,,,2,246
equipment-event-027,gear_changeweapon.pcapng,0,actor-01,actor-01,single-slot,0,0x003D7E3D,0xc0f66df7,after-only,,,,,,588,16,0,3333f340,1089680179,,,2,246
equipment-event-027,gear_changeweapon.pcapng,0,actor-01,actor-01,single-slot,0,0x003D7E3D,0xc642e791,after-only,,,,,,634,16,4,01f0e050,1356918785,,,2,246
equipment-event-027,gear_changeweapon.pcapng,0,actor-01,actor-01,single-slot,0,0x003D7E3D,0xc8c3a058,after-only,,,,,,641,16,5,01,1,,,2,246
equipment-event-027,gear_changeweapon.pcapng,0,actor-01,actor-01,single-slot,0,0x003D7E3D,0xca132bc5,after-only,,,,,,616,16,3,0e6af0a0,2700110350,,,2,246
equipment-event-027,gear_changeweapon.pcapng,0,actor-01,actor-01,single-slot,0,0x003D7E3D,0xca9f30e5,after-only,,,,,,628,16,4,00000000,0,,,2,246
equipment-event-027,gear_changeweapon.pcapng,0,actor-01,actor-01,single-slot,0,0x003D7E3D,0xce62bf5c,after-only,,,,,,655,16,6,7800,120,,,2,246
equipment-event-027,gear_changeweapon.pcapng,0,actor-01,actor-01,single-slot,0,0x003D7E3D,0xd22a70b1,after-only,,,,,,667,16,7,01,1,,,2,246
equipment-event-027,gear_changeweapon.pcapng,0,actor-01,actor-01,single-slot,0,0x003D7E3D,0xd57dc284,after-only,,,,,,613,16,2,d400,212,,,2,246
equipment-event-027,gear_changeweapon.pcapng,0,actor-01,actor-01,single-slot,0,0x003D7E3D,0xd68fa0e1,after-only,,,,,,640,16,5,33f0e050,1356918835,,,2,246
equipment-event-027,gear_changeweapon.pcapng,0,actor-01,actor-01,single-slot,0,0x003D7E3D,0xd6917eac,after-only,,,,,,668,16,8,99727a3e,1048212121,,,2,246
equipment-event-027,gear_changeweapon.pcapng,0,actor-01,actor-01,single-slot,0,0x003D7E3D,0xd71d3b0e,after-only,,,,,,617,16,3,106af0a0,2700110352,,,2,246
equipment-event-027,gear_changeweapon.pcapng,0,actor-01,actor-01,single-slot,0,0x003D7E3D,0xe17d8c7a,after-only,,,,,,600,16,1,b500,181,,,2,246
equipment-event-027,gear_changeweapon.pcapng,0,actor-01,actor-01,single-slot,0,0x003D7E3D,0xe7ed17a0,after-only,,,,,,623,16,3,146af0a0,2700110356,,,2,246
equipment-event-027,gear_changeweapon.pcapng,0,actor-01,actor-01,single-slot,0,0x003D7E3D,0xe98bffbf,after-only,,,,,,615,16,2,01000000,1,,,2,246
equipment-event-027,gear_changeweapon.pcapng,0,actor-01,actor-01,single-slot,0,0x003D7E3D,0xe9d39031,after-only,,,,,,627,16,3,126af0a0,2700110354,,,2,246
equipment-event-027,gear_changeweapon.pcapng,0,actor-01,actor-01,single-slot,0,0x003D7E3D,0xeb90baab,after-only,,,,,,612,16,2,cc00,204,,,2,246
equipment-event-027,gear_changeweapon.pcapng,0,actor-01,actor-01,single-slot,0,0x003D7E3D,0xf2e07ff4,after-only,,,,,,624,16,3,0f6af0a0,2700110351,,,2,246
equipment-event-027,gear_changeweapon.pcapng,0,actor-01,actor-01,single-slot,0,0x003D7E3D,0xf642f974,after-only,,,,,,618,16,3,166af0a0,2700110358,,,2,246
equipment-event-027,gear_changeweapon.pcapng,0,actor-01,actor-01,single-slot,0,0x003D7E3D,0xf8a7dab1,after-only,,,,,,665,16,7,06,6,,,2,246
equipment-event-027,gear_changeweapon.pcapng,0,actor-01,actor-01,single-slot,0,0x003D7E3D,0xfa5e83e4,after-only,,,,,,656,16,6,2d00,45,,,2,246
equipment-event-027,gear_changeweapon.pcapng,0,actor-01,actor-01,single-slot,0,0x003D7E3D,0xfcdfdcac,after-only,,,,,,644,16,5,01,1,,,2,246
equipment-event-034,gridania_to_coerthas.pcapng,0,actor-02,actor-02,aggregate-event,,,0x01e244c5,after-only,,,,,,716,184,19,ffffffff,4294967295,,,0,0
equipment-event-034,gridania_to_coerthas.pcapng,0,actor-02,actor-02,aggregate-event,,,0x03aede7b,after-only,,,,,,784,184,23,126af0a0,2700110354,,,0,0
equipment-event-034,gridania_to_coerthas.pcapng,0,actor-02,actor-02,aggregate-event,,,0x04a05dae,after-only,,,,,,826,184,26,3df0e050,1356918845,,,0,0
equipment-event-034,gridania_to_coerthas.pcapng,0,actor-02,actor-02,aggregate-event,,,0x079d8d67,after-only,,,,,,851,184,27,0500,5,,,0,0
equipment-event-034,gridania_to_coerthas.pcapng,0,actor-02,actor-02,aggregate-event,,,0x0cca47c4,after-only,,,,,,720,184,19,01,1,,,0,0
equipment-event-034,gridania_to_coerthas.pcapng,0,actor-02,actor-02,aggregate-event,,,0x0cdd66e8,after-only,,,,,,799,184,24,01,1,,,0,0
equipment-event-034,gridania_to_coerthas.pcapng,0,actor-02,actor-02,aggregate-event,,,0x0db5a5bf,after-only,,,,,,700,184,18,0a,10,,,0,0
equipment-event-034,gridania_to_coerthas.pcapng,0,actor-02,actor-02,aggregate-event,,,0x0e4920e3,after-only,,,,,,751,184,21,b51f0000,8117,,,0,0
equipment-event-034,gridania_to_coerthas.pcapng,0,actor-02,actor-02,aggregate-event,,,0x0e704141,after-only,,,,,,730,184,19,6a00,106,,,0,0
equipment-event-034,gridania_to_coerthas.pcapng,0,actor-02,actor-02,aggregate-event,,,0x10f6fd7c,after-only,,,,,,838,184,27,0c23e050,1356866316,,,0,0
equipment-event-034,gridania_to_coerthas.pcapng,0,actor-02,actor-02,aggregate-event,,,0x11b1b22d,after-only,,,,,,739,184,20,bc00,188,,,0,0
equipment-event-034,gridania_to_coerthas.pcapng,0,actor-02,actor-02,aggregate-event,,,0x13f89710,after-only,,,,,,708,184,18,2402,548,,,0,0
equipment-event-034,gridania_to_coerthas.pcapng,0,actor-02,actor-02,aggregate-event,,,0x1662a1bf,after-only,,,,,,824,184,25,10f0e050,1356918800,,,0,0
equipment-event-034,gridania_to_coerthas.pcapng,0,actor-02,actor-02,aggregate-event,,,0x17ab37ef,after-only,,,,,,747,184,20,d400,212,,,0,0
equipment-event-034,gridania_to_coerthas.pcapng,0,actor-02,actor-02,aggregate-event,,,0x18734cc5,after-only,,,,,,798,184,24,01,1,,,0,0
equipment-event-034,gridania_to_coerthas.pcapng,0,actor-02,actor-02,aggregate-event,,,0x19b5d704,after-only,,,,,,862,184,28,0000803f,1065353216,,,0,0
equipment-event-034,gridania_to_coerthas.pcapng,0,actor-02,actor-02,aggregate-event,,,0x1b37117e,after-only,,,,,,815,184,25,01,1,,,0,0
equipment-event-034,gridania_to_coerthas.pcapng,0,actor-02,actor-02,aggregate-event,,,0x1bc46a06,after-only,,,,,,818,184,25,01,1,,,0,0
equipment-event-034,gridania_to_coerthas.pcapng,0,actor-02,actor-02,aggregate-event,,,0x1bc92b93,after-only,,,,,,863,184,28,ffff,65535,,,0,0
equipment-event-034,gridania_to_coerthas.pcapng,0,actor-02,actor-02,aggregate-event,,,0x1c2aec73,after-only,,,,,,735,184,20,b500,181,,,0,0
equipment-event-034,gridania_to_coerthas.pcapng,0,actor-02,actor-02,aggregate-event,,,0x1c420f6c,after-only,,,,,,788,184,23,01,1,,,0,0
equipment-event-034,gridania_to_coerthas.pcapng,0,actor-02,actor-02,aggregate-event,,,0x1e1bdb29,after-only,,,,,,864,184,28,ffff,65535,,,0,0
equipment-event-034,gridania_to_coerthas.pcapng,0,actor-02,actor-02,aggregate-event,,,0x1f3dacc5,after-only,,,,,,742,184,20,c900,201,,,0,0
equipment-event-034,gridania_to_coerthas.pcapng,0,actor-02,actor-02,aggregate-event,,,0x204cf942,after-only,,,,,,734,184,20,b500,181,,,0,0
equipment-event-034,gridania_to_coerthas.pcapng,0,actor-02,actor-02,aggregate-event,,,0x20fe7d3f,after-only,,,,,,867,184,28,03,3,,,0,0
equipment-event-034,gridania_to_coerthas.pcapng,0,actor-02,actor-02,aggregate-event,,,0x2138fd71,after-only,,,,,,703,184,18,01,1,,,0,0
equipment-event-034,gridania_to_coerthas.pcapng,0,actor-02,actor-02,aggregate-event,,,0x22bc605f,after-only,,,,,,837,184,26,79745550,1347777657,,,0,0
equipment-event-034,gridania_to_coerthas.pcapng,0,actor-02,actor-02,aggregate-event,,,0x24224121,after-only,,,,,,781,184,23,046af0a0,2700110340,,,0,0
equipment-event-034,gridania_to_coerthas.pcapng,0,actor-02,actor-02,aggregate-event,,,0x2526d379,after-only,,,,,,809,184,25,01,1,,,0,0
equipment-event-034,gridania_to_coerthas.pcapng,0,actor-02,actor-02,aggregate-event,,,0x28887bd6,after-only,,,,,,821,184,25,e8efe050,1356918760,,,0,0
equipment-event-034,gridania_to_coerthas.pcapng,0,actor-02,actor-02,aggregate-event,,,0x2a4f53c7,after-only,,,,,,757,184,21,2d040000,1069,,,0,0
equipment-event-034,gridania_to_coerthas.pcapng,0,actor-02,actor-02,aggregate-event,,,0x2bcd68aa,after-only,,,,,,806,184,24,20,32,,,0,0
equipment-event-034,gridania_to_coerthas.pcapng,0,actor-02,actor-02,aggregate-event,,,0x2dfbc13a,after-only,,,,,,729,184,19,5300,83,,,0,0
equipment-event-034,gridania_to_coerthas.pcapng,0,actor-02,actor-02,aggregate-event,,,0x2f5ac0cc,after-only,,,,,,780,184,23,066af0a0,2700110342,,,0,0
equipment-event-034,gridania_to_coerthas.pcapng,0,actor-02,actor-02,aggregate-event,,,0x2fba29dc,after-only,,,,,,858,184,28,5000,80,,,0,0
equipment-event-034,gridania_to_coerthas.pcapng,0,actor-02,actor-02,aggregate-event,,,0x318836c0,after-only,,,,,,793,184,24,01,1,,,0,0
equipment-event-034,gridania_to_coerthas.pcapng,0,actor-02,actor-02,aggregate-event,,,0x36b51229,after-only,,,,,,827,184,26,01f0e050,1356918785,,,0,0
equipment-event-034,gridania_to_coerthas.pcapng,0,actor-02,actor-02,aggregate-event,,,0x38c8b08f,after-only,,,,,,767,184,22,e52ef0a0,2700095205,,,0,0
equipment-event-034,gridania_to_coerthas.pcapng,0,actor-02,actor-02,aggregate-event,,,0x39f384cf,after-only,,,,,,768,184,22,e72ef0a0,2700095207,,,0,0
equipment-event-034,gridania_to_coerthas.pcapng,0,actor-02,actor-02,aggregate-event,,,0x3c674537,after-only,,,,,,841,184,27,79745550,1347777657,,,0,0
equipment-event-034,gridania_to_coerthas.pcapng,0,actor-02,actor-02,aggregate-event,,,0x3c95d5c5,after-only,,,,,,709,184,18,2402,548,,,0,0
equipment-event-034,gridania_to_coerthas.pcapng,0,actor-02,actor-02,aggregate-event,,,0x3dd87222,after-only,,,,,,850,184,27,1e00,30,,,0,0
equipment-event-034,gridania_to_coerthas.pcapng,0,actor-02,actor-02,aggregate-event,,,0x3e1a660f,after-only,,,,,,773,184,22,ff55f0a0,2700105215,,,0,0
equipment-event-034,gridania_to_coerthas.pcapng,0,actor-02,actor-02,aggregate-event,,,0x415881ad,after-only,,,,,,718,184,19,ffffffff,4294967295,,,0,0
equipment-event-034,gridania_to_coerthas.pcapng,0,actor-02,actor-02,aggregate-event,,,0x416571ac,after-only,,,,,,728,184,19,6e00,110,,,0,0
equipment-event-034,gridania_to_coerthas.pcapng,0,actor-02,actor-02,aggregate-event,,,0x41991fca,after-only,,,,,,725,184,19,01,1,,,0,0
equipment-event-034,gridania_to_coerthas.pcapng,0,actor-02,actor-02,aggregate-event,,,0x419b046f,after-only,,,,,,794,184,24,01,1,,,0,0
equipment-event-034,gridania_to_coerthas.pcapng,0,actor-02,actor-02,aggregate-event,,,0x4232bcaa,after-only,,,,,,706,184,18,f803,1016,,,0,0
equipment-event-034,gridania_to_coerthas.pcapng,0,actor-02,actor-02,aggregate-event,,,0x438e4fe6,after-only,,,,,,859,184,28,0a00,10,,,0,0
equipment-event-034,gridania_to_coerthas.pcapng,0,actor-02,actor-02,aggregate-event,,,0x44849402,after-only,,,,,,861,184,28,0000803f,1065353216,,,0,0
equipment-event-034,gridania_to_coerthas.pcapng,0,actor-02,actor-02,aggregate-event,,,0x45b85823,after-only,,,,,,833,184,26,faacdf50,1356836090,,,0,0
equipment-event-034,gridania_to_coerthas.pcapng,0,actor-02,actor-02,aggregate-event,,,0x461773ff,after-only,,,,,,854,184,28,7800,120,,,0,0
equipment-event-034,gridania_to_coerthas.pcapng,0,actor-02,actor-02,aggregate-event,,,0x469403ba,after-only,,,,,,778,184,23,146af0a0,2700110356,,,0,0
equipment-event-034,gridania_to_coerthas.pcapng,0,actor-02,actor-02,aggregate-event,,,0x470d61da,after-only,,,,,,771,184,22,fd55f0a0,2700105213,,,0,0
equipment-event-034,gridania_to_coerthas.pcapng,0,actor-02,actor-02,aggregate-event,,,0x49ced7cd,after-only,,,,,,842,184,27,79745550,1347777657,,,0,0
equipment-event-034,gridania_to_coerthas.pcapng,0,actor-02,actor-02,aggregate-event,,,0x4b2a7d17,after-only,,,,,,816,184,25,01,1,,,0,0
equipment-event-034,gridania_to_coerthas.pcapng,0,actor-02,actor-02,aggregate-event,,,0x4db13e27,after-only,,,,,,848,184,27,79745550,1347777657,,,0,0
equipment-event-034,gridania_to_coerthas.pcapng,0,actor-02,actor-02,aggregate-event,,,0x4f365e47,after-only,,,,,,823,184,25,01f0e050,1356918785,,,0,0
equipment-event-034,gridania_to_coerthas.pcapng,0,actor-02,actor-02,aggregate-event,,,0x50ffb0a4,after-only,,,,,,717,184,19,ffffffff,4294967295,,,0,0
equipment-event-034,gridania_to_coerthas.pcapng,0,actor-02,actor-02,aggregate-event,,,0x5272eae9,after-only,,,,,,820,184,25,01f0e050,1356918785,,,0,0
equipment-event-034,gridania_to_coerthas.pcapng,0,actor-02,actor-02,aggregate-event,,,0x573fe04c,after-only,,,,,,748,184,20,0000803f,1065353216,,,0,0
equipment-event-034,gridania_to_coerthas.pcapng,0,actor-02,actor-02,aggregate-event,,,0x5883d746,after-only,,,,,,834,184,26,3aaddf50,1356836154,,,0,0
equipment-event-034,gridania_to_coerthas.pcapng,0,actor-02,actor-02,aggregate-event,,,0x58cd7cc0,after-only,,,,,,810,184,25,01,1,,,0,0
equipment-event-034,gridania_to_coerthas.pcapng,0,actor-02,actor-02,aggregate-event,,,0x5a0a4034,after-only,,,,,,790,184,24,01,1,,,0,0
equipment-event-034,gridania_to_coerthas.pcapng,0,actor-02,actor-02,aggregate-event,,,0x5d9dbe46,after-only,,,,,,836,184,26,79745550,1347777657,,,0,0
equipment-event-034,gridania_to_coerthas.pcapng,0,actor-02,actor-02,aggregate-event,,,0x5ea09ecd,after-only,,,,,,860,184,28,2c01,300,,,0,0
equipment-event-034,gridania_to_coerthas.pcapng,0,actor-02,actor-02,aggregate-event,,,0x5f0f0e64,after-only,,,,,,813,184,25,01,1,,,0,0
equipment-event-034,gridania_to_coerthas.pcapng,0,actor-02,actor-02,aggregate-event,,,0x5fc56d16,after-only,,,,,,736,184,20,bf00,191,,,0,0
equipment-event-034,gridania_to_coerthas.pcapng,0,actor-02,actor-02,aggregate-event,,,0x6047e4bd,after-only,,,,,,756,184,21,63c70000,51043,,,0,0
equipment-event-034,gridania_to_coerthas.pcapng,0,actor-02,actor-02,aggregate-event,,,0x6065f862,after-only,,,,,,801,184,24,01,1,,,0,0
equipment-event-034,gridania_to_coerthas.pcapng,0,actor-02,actor-02,aggregate-event,,,0x6161a641,after-only,,,,,,761,184,21,e42ef0a0,2700095204,,,0,0
equipment-event-034,gridania_to_coerthas.pcapng,0,actor-02,actor-02,aggregate-event,,,0x61816dfe,after-only,,,,,,719,184,19,ffffffff,4294967295,,,0,0
equipment-event-034,gridania_to_coerthas.pcapng,0,actor-02,actor-02,aggregate-event,,,0x620811c8,after-only,,,,,,849,184,27,0a00,10,,,0,0
equipment-event-034,gridania_to_coerthas.pcapng,0,actor-02,actor-02,aggregate-event,,,0x63d4b0db,after-only,,,,,,843,184,27,79745550,1347777657,,,0,0
equipment-event-034,gridania_to_coerthas.pcapng,0,actor-02,actor-02,aggregate-event,,,0x647a29a8,after-only,,,,,,726,184,19,7300,115,,,0,0
equipment-event-034,gridania_to_coerthas.pcapng,0,actor-02,actor-02,aggregate-event,,,0x64803e98,after-only,,,,,,737,184,20,b500,181,,,0,0
equipment-event-034,gridania_to_coerthas.pcapng,0,actor-02,actor-02,aggregate-event,,,0x671ef2b1,after-only,,,,,,814,184,25,01,1,,,0,0
equipment-event-034,gridania_to_coerthas.pcapng,0,actor-02,actor-02,aggregate-event,,,0x68efd1dc,after-only,,,,,,855,184,28,5a00,90,,,0,0
equipment-event-034,gridania_to_coerthas.pcapng,0,actor-02,actor-02,aggregate-event,,,0x69263cb7,after-only,,,,,,789,184,24,01,1,,,0,0
equipment-event-034,gridania_to_coerthas.pcapng,0,actor-02,actor-02,aggregate-event,,,0x69579da7,after-only,,,,,,763,184,22,0e52f0a0,2700104206,,,0,0
equipment-event-034,gridania_to_coerthas.pcapng,0,actor-02,actor-02,aggregate-event,,,0x6b060065,after-only,,,,,,797,184,24,01,1,,,0,0
equipment-event-034,gridania_to_coerthas.pcapng,0,actor-02,actor-02,aggregate-event,,,0x6b3c0b03,after-only,,,,,,856,184,28,1e00,30,,,0,0
equipment-event-034,gridania_to_coerthas.pcapng,0,actor-02,actor-02,aggregate-event,,,0x6b6e041d,after-only,,,,,,744,184,20,d300,211,,,0,0
equipment-event-034,gridania_to_coerthas.pcapng,0,actor-02,actor-02,aggregate-event,,,0x6b9c6437,after-only,,,,,,845,184,27,79745550,1347777657,,,0,0
equipment-event-034,gridania_to_coerthas.pcapng,0,actor-02,actor-02,aggregate-event,,,0x6ccaf8b3,after-only,,,,,,731,184,19,5e00,94,,,0,0
equipment-event-034,gridania_to_coerthas.pcapng,0,actor-02,actor-02,aggregate-event,,,0x6d5633b9,after-only,,,,,,714,184,18,ffffffff,4294967295,,,0,0
equipment-event-034,gridania_to_coerthas.pcapng,0,actor-02,actor-02,aggregate-event,,,0x748287f9,after-only,,,,,,755,184,21,fd6a0000,27389,,,0,0
equipment-event-034,gridania_to_coerthas.pcapng,0,actor-02,actor-02,aggregate-event,,,0x7532ce24,after-only,,,,,,710,184,18,03,3,,,0,0
equipment-event-034,gridania_to_coerthas.pcapng,0,actor-02,actor-02,aggregate-event,,,0x79c7ecff,after-only,,,,,,732,184,19,b500,181,,,0,0
equipment-event-034,gridania_to_coerthas.pcapng,0,actor-02,actor-02,aggregate-event,,,0x7b2f0a94,after-only,,,,,,754,184,21,ab0e0000,3755,,,0,0
equipment-event-034,gridania_to_coerthas.pcapng,0,actor-02,actor-02,aggregate-event,,,0x7b675313,after-only,,,,,,704,184,18,01,1,,,0,0
equipment-event-034,gridania_to_coerthas.pcapng,0,actor-02,actor-02,aggregate-event,,,0x7b71de03,after-only,,,,,,857,184,28,3c00,60,,,0,0
equipment-event-034,gridania_to_coerthas.pcapng,0,actor-02,actor-02,aggregate-event,,,0x7bcdfb69,after-only,,,,,,707,184,18,f803,1016,,,0,0
equipment-event-034,gridania_to_coerthas.pcapng,0,actor-02,actor-02,aggregate-event,,,0x7cc10854,after-only,,,,,,803,184,24,01,1,,,0,0
equipment-event-034,gridania_to_coerthas.pcapng,0,actor-02,actor-02,aggregate-event,,,0x7da83ade,after-only,,,,,,764,184,22,0f52f0a0,2700104207,,,0,0
equipment-event-034,gridania_to_coerthas.pcapng,0,actor-02,actor-02,aggregate-event,,,0x7efd97e4,after-only,,,,,,772,184,22,3973f0a0,2700112697,,,0,0
equipment-event-034,gridania_to_coerthas.pcapng,0,actor-02,actor-02,aggregate-event,,,0x7fc8b15d,after-only,,,,,,844,184,27,79745550,1347777657,,,0,0
equipment-event-034,gridania_to_coerthas.pcapng,0,actor-02,actor-02,aggregate-event,,,0x7ff0ee64,after-only,,,,,,786,184,23,01,1,,,0,0
equipment-event-034,gridania_to_coerthas.pcapng,0,actor-02,actor-02,aggregate-event,,,0x80dfda92,after-only,,,,,,777,184,23,d26af0a0,2700110546,,,0,0
equipment-event-034,gridania_to_coerthas.pcapng,0,actor-02,actor-02,aggregate-event,,,0x85aafe74,after-only,,,,,,817,184,25,01,1,,,0,0
equipment-event-034,gridania_to_coerthas.pcapng,0,actor-02,actor-02,aggregate-event,,,0x89098566,after-only,,,,,,760,184,21,e32ef0a0,2700095203,,,0,0
equipment-event-034,gridania_to_coerthas.pcapng,0,actor-02,actor-02,aggregate-event,,,0x8a5cbc5b,after-only,,,,,,795,184,24,01,1,,,0,0
equipment-event-034,gridania_to_coerthas.pcapng,0,actor-02,actor-02,aggregate-event,,,0x8a676a74,after-only,,,,,,785,184,23,0f6af0a0,2700110351,,,0,0
equipment-event-034,gridania_to_coerthas.pcapng,0,actor-02,actor-02,aggregate-event,,,0x8c336da3,after-only,,,,,,713,184,18,ffffffff,4294967295,,,0,0
equipment-event-034,gridania_to_coerthas.pcapng,0,actor-02,actor-02,aggregate-event,,,0x8c44e56b,after-only,,,,,,712,184,18,ffffffff,4294967295,,,0,0
equipment-event-034,gridania_to_coerthas.pcapng,0,actor-02,actor-02,aggregate-event,,,0x8cae90db,after-only,,,,,,741,184,20,a900,169,,,0,0
equipment-event-034,gridania_to_coerthas.pcapng,0,actor-02,actor-02,aggregate-event,,,0x8d974f1c,after-only,,,,,,819,184,25,edefe050,1356918765,,,0,0
equipment-event-034,gridania_to_coerthas.pcapng,0,actor-02,actor-02,aggregate-event,,,0x8e4e1fb2,after-only,,,,,,792,184,24,01,1,,,0,0
equipment-event-034,gridania_to_coerthas.pcapng,0,actor-02,actor-02,aggregate-event,,,0x91cd44e7,after-only,,,,,,738,184,20,b600,182,,,0,0
equipment-event-034,gridania_to_coerthas.pcapng,0,actor-02,actor-02,aggregate-event,,,0x939e884a,after-only,,,,,,727,184,19,7b00,123,,,0,0
equipment-event-034,gridania_to_coerthas.pcapng,0,actor-02,actor-02,aggregate-event,,,0x94574d0a,after-only,,,,,,846,184,27,79745550,1347777657,,,0,0
equipment-event-034,gridania_to_coerthas.pcapng,0,actor-02,actor-02,aggregate-event,,,0x958051f1,after-only,,,,,,779,184,23,056af0a0,2700110341,,,0,0
equipment-event-034,gridania_to_coerthas.pcapng,0,actor-02,actor-02,aggregate-event,,,0x95bcf98a,after-only,,,,,,722,184,19,01,1,,,0,0
equipment-event-034,gridania_to_coerthas.pcapng,0,actor-02,actor-02,aggregate-event,,,0x96063588,after-only,,,,,,711,184,18,1f00,31,,,0,0
equipment-event-034,gridania_to_coerthas.pcapng,0,actor-02,actor-02,aggregate-event,,,0x97e78c4e,after-only,,,,,,847,184,27,79745550,1347777657,,,0,0
equipment-event-034,gridania_to_coerthas.pcapng,0,actor-02,actor-02,aggregate-event,,,0x98bcf012,after-only,,,,,,812,184,25,01,1,,,0,0
equipment-event-034,gridania_to_coerthas.pcapng,0,actor-02,actor-02,aggregate-event,,,0x9a378611,after-only,,,,,,830,184,26,edefe050,1356918765,,,0,0
equipment-event-034,gridania_to_coerthas.pcapng,0,actor-02,actor-02,aggregate-event,,,0x9db2fd87,after-only,,,,,,828,184,26,68f0e050,1356918888,,,0,0
equipment-event-034,gridania_to_coerthas.pcapng,0,actor-02,actor-02,aggregate-event,,,0x9f278594,after-only,,,,,,787,184,23,01,1,,,0,0
equipment-event-034,gridania_to_coerthas.pcapng,0,actor-02,actor-02,aggregate-event,,,0x9fd558d0,after-only,,,,,,829,184,26,33f0e050,1356918835,,,0,0
equipment-event-034,gridania_to_coerthas.pcapng,0,actor-02,actor-02,aggregate-event,,,0xa2478ea5,after-only,,,,,,822,184,25,0c23e050,1356866316,,,0,0
equipment-event-034,gridania_to_coerthas.pcapng,0,actor-02,actor-02,aggregate-event,,,0xa329599a,after-only,,,,,,743,184,20,cf00,207,,,0,0
equipment-event-034,gridania_to_coerthas.pcapng,0,actor-02,actor-02,aggregate-event,,,0xa6d426c4,after-only,,,,,,802,184,24,01,1,,,0,0
equipment-event-034,gridania_to_coerthas.pcapng,0,actor-02,actor-02,aggregate-event,,,0xabb78bce,after-only,,,,,,796,184,24,01,1,,,0,0
equipment-event-034,gridania_to_coerthas.pcapng,0,actor-02,actor-02,aggregate-event,,,0xacc58f29,after-only,,,,,,752,184,21,8f240000,9359,,,0,0
equipment-event-034,gridania_to_coerthas.pcapng,0,actor-02,actor-02,aggregate-event,,,0xad16c7ae,after-only,,,,,,765,184,22,e92ef0a0,2700095209,,,0,0
equipment-event-034,gridania_to_coerthas.pcapng,0,actor-02,actor-02,aggregate-event,,,0xadef0b22,after-only,,,,,,808,184,24,01,1,,,0,0
equipment-event-034,gridania_to_coerthas.pcapng,0,actor-02,actor-02,aggregate-event,,,0xb1cbe069,after-only,,,,,,865,184,28,01,1,,,0,0
equipment-event-034,gridania_to_coerthas.pcapng,0,actor-02,actor-02,aggregate-event,,,0xb3663189,after-only,,,,,,721,184,19,01,1,,,0,0
equipment-event-034,gridania_to_coerthas.pcapng,0,actor-02,actor-02,aggregate-event,,,0xb5993ddc,after-only,,,,,,766,184,22,ea2ef0a0,2700095210,,,0,0
equipment-event-034,gridania_to_coerthas.pcapng,0,actor-02,actor-02,aggregate-event,,,0xb9c13d96,after-only,,,,,,800,184,24,01,1,,,0,0
equipment-event-034,gridania_to_coerthas.pcapng,0,actor-02,actor-02,aggregate-event,,,0xba51c4e1,after-only,,,,,,740,184,20,c400,196,,,0,0
equipment-event-034,gridania_to_coerthas.pcapng,0,actor-02,actor-02,aggregate-event,,,0xbb9cc775,after-only,,,,,,749,184,21,0000803e,1048576000,,,0,0
equipment-event-034,gridania_to_coerthas.pcapng,0,actor-02,actor-02,aggregate-event,,,0xbca83abb,after-only,,,,,,832,184,26,32b3df50,1356837682,,,0,0
equipment-event-034,gridania_to_coerthas.pcapng,0,actor-02,actor-02,aggregate-event,,,0xc0f66df7,after-only,,,,,,701,184,18,3333f340,1089680179,,,0,0
equipment-event-034,gridania_to_coerthas.pcapng,0,actor-02,actor-02,aggregate-event,,,0xc5c48a58,after-only,,,,,,791,184,24,01,1,,,0,0
equipment-event-034,gridania_to_coerthas.pcapng,0,actor-02,actor-02,aggregate-event,,,0xc642e791,after-only,,,,,,825,184,26,5bf0e050,1356918875,,,0,0
equipment-event-034,gridania_to_coerthas.pcapng,0,actor-02,actor-02,aggregate-event,,,0xc8c3a058,after-only,,,,,,807,184,24,01,1,,,0,0
equipment-event-034,gridania_to_coerthas.pcapng,0,actor-02,actor-02,aggregate-event,,,0xc9045217,after-only,,,,,,770,184,22,fc55f0a0,2700105212,,,0,0
equipment-event-034,gridania_to_coerthas.pcapng,0,actor-02,actor-02,aggregate-event,,,0xca132bc5,after-only,,,,,,774,184,22,0e6af0a0,2700110350,,,0,0
equipment-event-034,gridania_to_coerthas.pcapng,0,actor-02,actor-02,aggregate-event,,,0xce62bf5c,after-only,,,,,,852,184,28,1e00,30,,,0,0
equipment-event-034,gridania_to_coerthas.pcapng,0,actor-02,actor-02,aggregate-event,,,0xd57dc284,after-only,,,,,,746,184,20,d400,212,,,0,0
equipment-event-034,gridania_to_coerthas.pcapng,0,actor-02,actor-02,aggregate-event,,,0xd5c5254a,after-only,,,,,,715,184,18,ffffffff,4294967295,,,0,0
equipment-event-034,gridania_to_coerthas.pcapng,0,actor-02,actor-02,aggregate-event,,,0xd68fa0e1,after-only,,,,,,831,184,26,0ff1e050,1356919055,,,0,0
equipment-event-034,gridania_to_coerthas.pcapng,0,actor-02,actor-02,aggregate-event,,,0xd71d3b0e,after-only,,,,,,775,184,23,106af0a0,2700110352,,,0,0
equipment-event-034,gridania_to_coerthas.pcapng,0,actor-02,actor-02,aggregate-event,,,0xdba408a0,after-only,,,,,,750,184,21,ce180000,6350,,,0,0
equipment-event-034,gridania_to_coerthas.pcapng,0,actor-02,actor-02,aggregate-event,,,0xdc4f03f9,after-only,,,,,,724,184,19,01,1,,,0,0
equipment-event-034,gridania_to_coerthas.pcapng,0,actor-02,actor-02,aggregate-event,,,0xdf99e003,after-only,,,,,,753,184,21,c4780000,30916,,,0,0
equipment-event-034,gridania_to_coerthas.pcapng,0,actor-02,actor-02,aggregate-event,,,0xe058a98c,after-only,,,,,,840,184,27,79745550,1347777657,,,0,0
equipment-event-034,gridania_to_coerthas.pcapng,0,actor-02,actor-02,aggregate-event,,,0xe14b0ca8,after-only,,,,,,702,184,18,01,1,,,0,0
equipment-event-034,gridania_to_coerthas.pcapng,0,actor-02,actor-02,aggregate-event,,,0xe17d8c7a,after-only,,,,,,733,184,20,b500,181,,,0,0
equipment-event-034,gridania_to_coerthas.pcapng,0,actor-02,actor-02,aggregate-event,,,0xe4567838,after-only,,,,,,805,184,24,01,1,,,0,0
equipment-event-034,gridania_to_coerthas.pcapng,0,actor-02,actor-02,aggregate-event,,,0xe764c45d,after-only,,,,,,758,184,21,0952f0a0,2700104201,,,0,0
equipment-event-034,gridania_to_coerthas.pcapng,0,actor-02,actor-02,aggregate-event,,,0xe7ed17a0,after-only,,,,,,782,184,23,096af0a0,2700110345,,,0,0
equipment-event-034,gridania_to_coerthas.pcapng,0,actor-02,actor-02,aggregate-event,,,0xeb90baab,after-only,,,,,,745,184,20,cc00,204,,,0,0
equipment-event-034,gridania_to_coerthas.pcapng,0,actor-02,actor-02,aggregate-event,,,0xebbefbea,after-only,,,,,,839,184,27,79745550,1347777657,,,0,0
equipment-event-034,gridania_to_coerthas.pcapng,0,actor-02,actor-02,aggregate-event,,,0xed6de041,after-only,,,,,,759,184,21,0a52f0a0,2700104202,,,0,0
equipment-event-034,gridania_to_coerthas.pcapng,0,actor-02,actor-02,aggregate-event,,,0xedad792f,after-only,,,,,,835,184,26,a1d4ca50,1355469985,,,0,0
equipment-event-034,gridania_to_coerthas.pcapng,0,actor-02,actor-02,aggregate-event,,,0xf01787b7,after-only,,,,,,762,184,22,0d52f0a0,2700104205,,,0,0
equipment-event-034,gridania_to_coerthas.pcapng,0,actor-02,actor-02,aggregate-event,,,0xf053ac1a,after-only,,,,,,769,184,22,eb2ef0a0,2700095211,,,0,0
equipment-event-034,gridania_to_coerthas.pcapng,0,actor-02,actor-02,aggregate-event,,,0xf2e07ff4,after-only,,,,,,783,184,23,0a6af0a0,2700110346,,,0,0
equipment-event-034,gridania_to_coerthas.pcapng,0,actor-02,actor-02,aggregate-event,,,0xf55d07a5,after-only,,,,,,804,184,24,01,1,,,0,0
equipment-event-034,gridania_to_coerthas.pcapng,0,actor-02,actor-02,aggregate-event,,,0xf642f974,after-only,,,,,,776,184,23,166af0a0,2700110358,,,0,0
equipment-event-034,gridania_to_coerthas.pcapng,0,actor-02,actor-02,aggregate-event,,,0xf8a7dab1,after-only,,,,,,866,184,28,03,3,,,0,0
equipment-event-034,gridania_to_coerthas.pcapng,0,actor-02,actor-02,aggregate-event,,,0xfa5e83e4,after-only,,,,,,853,184,28,2d00,45,,,0,0
equipment-event-034,gridania_to_coerthas.pcapng,0,actor-02,actor-02,aggregate-event,,,0xfbfbcfb1,after-only,,,,,,705,184,18,01,1,,,0,0
equipment-event-034,gridania_to_coerthas.pcapng,0,actor-02,actor-02,aggregate-event,,,0xfcdfdcac,after-only,,,,,,811,184,25,01,1,,,0,0
equipment-event-034,gridania_to_coerthas.pcapng,0,actor-02,actor-02,aggregate-event,,,0xfdd1f6de,after-only,,,,,,723,184,19,01,1,,,0,0
equipment-event-041,gridania_to_coerthas.pcapng,0,actor-02,actor-02,aggregate-event,,,0x01e244c5,after-only,,,,,,1865,854,19,ffffffff,4294967295,,,0,0
equipment-event-041,gridania_to_coerthas.pcapng,0,actor-02,actor-02,aggregate-event,,,0x03aede7b,after-only,,,,,,1933,854,23,126af0a0,2700110354,,,0,0
equipment-event-041,gridania_to_coerthas.pcapng,0,actor-02,actor-02,aggregate-event,,,0x04a05dae,after-only,,,,,,1975,854,26,3df0e050,1356918845,,,0,0
equipment-event-041,gridania_to_coerthas.pcapng,0,actor-02,actor-02,aggregate-event,,,0x079d8d67,after-only,,,,,,2000,854,27,0500,5,,,0,0
equipment-event-041,gridania_to_coerthas.pcapng,0,actor-02,actor-02,aggregate-event,,,0x0cca47c4,after-only,,,,,,1869,854,19,01,1,,,0,0
equipment-event-041,gridania_to_coerthas.pcapng,0,actor-02,actor-02,aggregate-event,,,0x0cdd66e8,after-only,,,,,,1948,854,24,01,1,,,0,0
equipment-event-041,gridania_to_coerthas.pcapng,0,actor-02,actor-02,aggregate-event,,,0x0db5a5bf,after-only,,,,,,1849,854,18,0a,10,,,0,0
equipment-event-041,gridania_to_coerthas.pcapng,0,actor-02,actor-02,aggregate-event,,,0x0e4920e3,after-only,,,,,,1900,854,21,b51f0000,8117,,,0,0
equipment-event-041,gridania_to_coerthas.pcapng,0,actor-02,actor-02,aggregate-event,,,0x0e704141,after-only,,,,,,1879,854,19,6a00,106,,,0,0
equipment-event-041,gridania_to_coerthas.pcapng,0,actor-02,actor-02,aggregate-event,,,0x10f6fd7c,after-only,,,,,,1987,854,27,0c23e050,1356866316,,,0,0
equipment-event-041,gridania_to_coerthas.pcapng,0,actor-02,actor-02,aggregate-event,,,0x11b1b22d,after-only,,,,,,1888,854,20,bc00,188,,,0,0
equipment-event-041,gridania_to_coerthas.pcapng,0,actor-02,actor-02,aggregate-event,,,0x13f89710,unchanged,896,187,0,2402,548,1857,854,18,2402,548,667,251934,0,0
equipment-event-041,gridania_to_coerthas.pcapng,0,actor-02,actor-02,aggregate-event,,,0x1662a1bf,after-only,,,,,,1973,854,25,10f0e050,1356918800,,,0,0
equipment-event-041,gridania_to_coerthas.pcapng,0,actor-02,actor-02,aggregate-event,,,0x17ab37ef,after-only,,,,,,1896,854,20,d400,212,,,0,0
equipment-event-041,gridania_to_coerthas.pcapng,0,actor-02,actor-02,aggregate-event,,,0x18734cc5,after-only,,,,,,1947,854,24,01,1,,,0,0
equipment-event-041,gridania_to_coerthas.pcapng,0,actor-02,actor-02,aggregate-event,,,0x19b5d704,after-only,,,,,,2011,854,28,0000803f,1065353216,,,0,0
equipment-event-041,gridania_to_coerthas.pcapng,0,actor-02,actor-02,aggregate-event,,,0x1b37117e,after-only,,,,,,1964,854,25,01,1,,,0,0
equipment-event-041,gridania_to_coerthas.pcapng,0,actor-02,actor-02,aggregate-event,,,0x1bc46a06,after-only,,,,,,1967,854,25,01,1,,,0,0
equipment-event-041,gridania_to_coerthas.pcapng,0,actor-02,actor-02,aggregate-event,,,0x1bc92b93,after-only,,,,,,2012,854,28,ffff,65535,,,0,0
equipment-event-041,gridania_to_coerthas.pcapng,0,actor-02,actor-02,aggregate-event,,,0x1c2aec73,after-only,,,,,,1884,854,20,b500,181,,,0,0
equipment-event-041,gridania_to_coerthas.pcapng,0,actor-02,actor-02,aggregate-event,,,0x1c420f6c,after-only,,,,,,1937,854,23,01,1,,,0,0
equipment-event-041,gridania_to_coerthas.pcapng,0,actor-02,actor-02,aggregate-event,,,0x1e1bdb29,after-only,,,,,,2013,854,28,ffff,65535,,,0,0
equipment-event-041,gridania_to_coerthas.pcapng,0,actor-02,actor-02,aggregate-event,,,0x1f3dacc5,after-only,,,,,,1891,854,20,c900,201,,,0,0
equipment-event-041,gridania_to_coerthas.pcapng,0,actor-02,actor-02,aggregate-event,,,0x204cf942,after-only,,,,,,1883,854,20,b500,181,,,0,0
equipment-event-041,gridania_to_coerthas.pcapng,0,actor-02,actor-02,aggregate-event,,,0x20fe7d3f,unchanged,907,187,1,03,3,2016,854,28,03,3,667,251934,0,0
equipment-event-041,gridania_to_coerthas.pcapng,0,actor-02,actor-02,aggregate-event,,,0x2138fd71,after-only,,,,,,1852,854,18,01,1,,,0,0
equipment-event-041,gridania_to_coerthas.pcapng,0,actor-02,actor-02,aggregate-event,,,0x22bc605f,after-only,,,,,,1986,854,26,79745550,1347777657,,,0,0
equipment-event-041,gridania_to_coerthas.pcapng,0,actor-02,actor-02,aggregate-event,,,0x24224121,after-only,,,,,,1930,854,23,046af0a0,2700110340,,,0,0
equipment-event-041,gridania_to_coerthas.pcapng,0,actor-02,actor-02,aggregate-event,,,0x2526d379,after-only,,,,,,1958,854,25,01,1,,,0,0
equipment-event-041,gridania_to_coerthas.pcapng,0,actor-02,actor-02,aggregate-event,,,0x28887bd6,after-only,,,,,,1970,854,25,e8efe050,1356918760,,,0,0
equipment-event-041,gridania_to_coerthas.pcapng,0,actor-02,actor-02,aggregate-event,,,0x2a4f53c7,after-only,,,,,,1906,854,21,2d040000,1069,,,0,0
equipment-event-041,gridania_to_coerthas.pcapng,0,actor-02,actor-02,aggregate-event,,,0x2bcd68aa,after-only,,,,,,1955,854,24,20,32,,,0,0
equipment-event-041,gridania_to_coerthas.pcapng,0,actor-02,actor-02,aggregate-event,,,0x2dfbc13a,after-only,,,,,,1878,854,19,5300,83,,,0,0
equipment-event-041,gridania_to_coerthas.pcapng,0,actor-02,actor-02,aggregate-event,,,0x2f5ac0cc,after-only,,,,,,1929,854,23,066af0a0,2700110342,,,0,0
equipment-event-041,gridania_to_coerthas.pcapng,0,actor-02,actor-02,aggregate-event,,,0x2fba29dc,unchanged,902,187,1,5000,80,2007,854,28,5000,80,667,251934,0,0
equipment-event-041,gridania_to_coerthas.pcapng,0,actor-02,actor-02,aggregate-event,,,0x318836c0,after-only,,,,,,1942,854,24,01,1,,,0,0
equipment-event-041,gridania_to_coerthas.pcapng,0,actor-02,actor-02,aggregate-event,,,0x36b51229,after-only,,,,,,1976,854,26,01f0e050,1356918785,,,0,0
equipment-event-041,gridania_to_coerthas.pcapng,0,actor-02,actor-02,aggregate-event,,,0x38c8b08f,after-only,,,,,,1916,854,22,e52ef0a0,2700095205,,,0,0
equipment-event-041,gridania_to_coerthas.pcapng,0,actor-02,actor-02,aggregate-event,,,0x39f384cf,after-only,,,,,,1917,854,22,e72ef0a0,2700095207,,,0,0
equipment-event-041,gridania_to_coerthas.pcapng,0,actor-02,actor-02,aggregate-event,,,0x3c674537,after-only,,,,,,1990,854,27,79745550,1347777657,,,0,0
equipment-event-041,gridania_to_coerthas.pcapng,0,actor-02,actor-02,aggregate-event,,,0x3c95d5c5,after-only,,,,,,1858,854,18,2402,548,,,0,0
equipment-event-041,gridania_to_coerthas.pcapng,0,actor-02,actor-02,aggregate-event,,,0x3dd87222,after-only,,,,,,1999,854,27,1e00,30,,,0,0
equipment-event-041,gridania_to_coerthas.pcapng,0,actor-02,actor-02,aggregate-event,,,0x3e1a660f,after-only,,,,,,1922,854,22,ff55f0a0,2700105215,,,0,0
equipment-event-041,gridania_to_coerthas.pcapng,0,actor-02,actor-02,aggregate-event,,,0x415881ad,after-only,,,,,,1867,854,19,ffffffff,4294967295,,,0,0
equipment-event-041,gridania_to_coerthas.pcapng,0,actor-02,actor-02,aggregate-event,,,0x416571ac,after-only,,,,,,1877,854,19,6e00,110,,,0,0
equipment-event-041,gridania_to_coerthas.pcapng,0,actor-02,actor-02,aggregate-event,,,0x41991fca,after-only,,,,,,1874,854,19,01,1,,,0,0
equipment-event-041,gridania_to_coerthas.pcapng,0,actor-02,actor-02,aggregate-event,,,0x419b046f,after-only,,,,,,1943,854,24,01,1,,,0,0
equipment-event-041,gridania_to_coerthas.pcapng,0,actor-02,actor-02,aggregate-event,,,0x4232bcaa,unchanged,895,187,0,f803,1016,1855,854,18,f803,1016,667,251934,0,0
equipment-event-041,gridania_to_coerthas.pcapng,0,actor-02,actor-02,aggregate-event,,,0x438e4fe6,unchanged,903,187,1,0a00,10,2008,854,28,0a00,10,667,251934,0,0
equipment-event-041,gridania_to_coerthas.pcapng,0,actor-02,actor-02,aggregate-event,,,0x44849402,after-only,,,,,,2010,854,28,0000803f,1065353216,,,0,0
equipment-event-041,gridania_to_coerthas.pcapng,0,actor-02,actor-02,aggregate-event,,,0x45b85823,after-only,,,,,,1982,854,26,faacdf50,1356836090,,,0,0
equipment-event-041,gridania_to_coerthas.pcapng,0,actor-02,actor-02,aggregate-event,,,0x461773ff,unchanged,898,187,1,7800,120,2003,854,28,7800,120,667,251934,0,0
equipment-event-041,gridania_to_coerthas.pcapng,0,actor-02,actor-02,aggregate-event,,,0x469403ba,after-only,,,,,,1927,854,23,146af0a0,2700110356,,,0,0
equipment-event-041,gridania_to_coerthas.pcapng,0,actor-02,actor-02,aggregate-event,,,0x470d61da,after-only,,,,,,1920,854,22,fd55f0a0,2700105213,,,0,0
equipment-event-041,gridania_to_coerthas.pcapng,0,actor-02,actor-02,aggregate-event,,,0x49ced7cd,after-only,,,,,,1991,854,27,79745550,1347777657,,,0,0
equipment-event-041,gridania_to_coerthas.pcapng,0,actor-02,actor-02,aggregate-event,,,0x4b2a7d17,after-only,,,,,,1965,854,25,01,1,,,0,0
equipment-event-041,gridania_to_coerthas.pcapng,0,actor-02,actor-02,aggregate-event,,,0x4db13e27,after-only,,,,,,1997,854,27,79745550,1347777657,,,0,0
equipment-event-041,gridania_to_coerthas.pcapng,0,actor-02,actor-02,aggregate-event,,,0x4f365e47,after-only,,,,,,1972,854,25,01f0e050,1356918785,,,0,0
equipment-event-041,gridania_to_coerthas.pcapng,0,actor-02,actor-02,aggregate-event,,,0x50ffb0a4,after-only,,,,,,1866,854,19,ffffffff,4294967295,,,0,0
equipment-event-041,gridania_to_coerthas.pcapng,0,actor-02,actor-02,aggregate-event,,,0x5272eae9,after-only,,,,,,1969,854,25,01f0e050,1356918785,,,0,0
equipment-event-041,gridania_to_coerthas.pcapng,0,actor-02,actor-02,aggregate-event,,,0x573fe04c,after-only,,,,,,1897,854,20,0000803f,1065353216,,,0,0
equipment-event-041,gridania_to_coerthas.pcapng,0,actor-02,actor-02,aggregate-event,,,0x5883d746,after-only,,,,,,1983,854,26,3aaddf50,1356836154,,,0,0
equipment-event-041,gridania_to_coerthas.pcapng,0,actor-02,actor-02,aggregate-event,,,0x58cd7cc0,after-only,,,,,,1959,854,25,01,1,,,0,0
equipment-event-041,gridania_to_coerthas.pcapng,0,actor-02,actor-02,aggregate-event,,,0x5a0a4034,after-only,,,,,,1939,854,24,01,1,,,0,0
equipment-event-041,gridania_to_coerthas.pcapng,0,actor-02,actor-02,aggregate-event,,,0x5d9dbe46,after-only,,,,,,1985,854,26,79745550,1347777657,,,0,0
equipment-event-041,gridania_to_coerthas.pcapng,0,actor-02,actor-02,aggregate-event,,,0x5ea09ecd,unchanged,904,187,1,2c01,300,2009,854,28,2c01,300,667,251934,0,0
equipment-event-041,gridania_to_coerthas.pcapng,0,actor-02,actor-02,aggregate-event,,,0x5f0f0e64,after-only,,,,,,1962,854,25,01,1,,,0,0
equipment-event-041,gridania_to_coerthas.pcapng,0,actor-02,actor-02,aggregate-event,,,0x5fc56d16,after-only,,,,,,1885,854,20,bf00,191,,,0,0
equipment-event-041,gridania_to_coerthas.pcapng,0,actor-02,actor-02,aggregate-event,,,0x6047e4bd,after-only,,,,,,1905,854,21,63c70000,51043,,,0,0
equipment-event-041,gridania_to_coerthas.pcapng,0,actor-02,actor-02,aggregate-event,,,0x6065f862,after-only,,,,,,1950,854,24,01,1,,,0,0
equipment-event-041,gridania_to_coerthas.pcapng,0,actor-02,actor-02,aggregate-event,,,0x6161a641,after-only,,,,,,1910,854,21,e42ef0a0,2700095204,,,0,0
equipment-event-041,gridania_to_coerthas.pcapng,0,actor-02,actor-02,aggregate-event,,,0x61816dfe,after-only,,,,,,1868,854,19,ffffffff,4294967295,,,0,0
equipment-event-041,gridania_to_coerthas.pcapng,0,actor-02,actor-02,aggregate-event,,,0x620811c8,after-only,,,,,,1998,854,27,0a00,10,,,0,0
equipment-event-041,gridania_to_coerthas.pcapng,0,actor-02,actor-02,aggregate-event,,,0x63d4b0db,after-only,,,,,,1992,854,27,79745550,1347777657,,,0,0
equipment-event-041,gridania_to_coerthas.pcapng,0,actor-02,actor-02,aggregate-event,,,0x647a29a8,after-only,,,,,,1875,854,19,7300,115,,,0,0
equipment-event-041,gridania_to_coerthas.pcapng,0,actor-02,actor-02,aggregate-event,,,0x64803e98,after-only,,,,,,1886,854,20,b500,181,,,0,0
equipment-event-041,gridania_to_coerthas.pcapng,0,actor-02,actor-02,aggregate-event,,,0x671ef2b1,after-only,,,,,,1963,854,25,01,1,,,0,0
equipment-event-041,gridania_to_coerthas.pcapng,0,actor-02,actor-02,aggregate-event,,,0x68efd1dc,unchanged,899,187,1,5a00,90,2004,854,28,5a00,90,667,251934,0,0
equipment-event-041,gridania_to_coerthas.pcapng,0,actor-02,actor-02,aggregate-event,,,0x69263cb7,after-only,,,,,,1938,854,24,01,1,,,0,0
equipment-event-041,gridania_to_coerthas.pcapng,0,actor-02,actor-02,aggregate-event,,,0x69579da7,after-only,,,,,,1912,854,22,0e52f0a0,2700104206,,,0,0
equipment-event-041,gridania_to_coerthas.pcapng,0,actor-02,actor-02,aggregate-event,,,0x6b060065,after-only,,,,,,1946,854,24,01,1,,,0,0
equipment-event-041,gridania_to_coerthas.pcapng,0,actor-02,actor-02,aggregate-event,,,0x6b3c0b03,unchanged,900,187,1,1e00,30,2005,854,28,1e00,30,667,251934,0,0
equipment-event-041,gridania_to_coerthas.pcapng,0,actor-02,actor-02,aggregate-event,,,0x6b6e041d,after-only,,,,,,1893,854,20,d300,211,,,0,0
equipment-event-041,gridania_to_coerthas.pcapng,0,actor-02,actor-02,aggregate-event,,,0x6b9c6437,after-only,,,,,,1994,854,27,79745550,1347777657,,,0,0
equipment-event-041,gridania_to_coerthas.pcapng,0,actor-02,actor-02,aggregate-event,,,0x6ccaf8b3,after-only,,,,,,1880,854,19,5e00,94,,,0,0
equipment-event-041,gridania_to_coerthas.pcapng,0,actor-02,actor-02,aggregate-event,,,0x6d5633b9,after-only,,,,,,1863,854,18,ffffffff,4294967295,,,0,0
equipment-event-041,gridania_to_coerthas.pcapng,0,actor-02,actor-02,aggregate-event,,,0x748287f9,after-only,,,,,,1904,854,21,fd6a0000,27389,,,0,0
equipment-event-041,gridania_to_coerthas.pcapng,0,actor-02,actor-02,aggregate-event,,,0x7532ce24,after-only,,,,,,1859,854,18,03,3,,,0,0
equipment-event-041,gridania_to_coerthas.pcapng,0,actor-02,actor-02,aggregate-event,,,0x79c7ecff,after-only,,,,,,1881,854,19,b500,181,,,0,0
equipment-event-041,gridania_to_coerthas.pcapng,0,actor-02,actor-02,aggregate-event,,,0x7b2f0a94,after-only,,,,,,1903,854,21,ab0e0000,3755,,,0,0
equipment-event-041,gridania_to_coerthas.pcapng,0,actor-02,actor-02,aggregate-event,,,0x7b675313,after-only,,,,,,1853,854,18,01,1,,,0,0
equipment-event-041,gridania_to_coerthas.pcapng,0,actor-02,actor-02,aggregate-event,,,0x7b71de03,unchanged,901,187,1,3c00,60,2006,854,28,3c00,60,667,251934,0,0
equipment-event-041,gridania_to_coerthas.pcapng,0,actor-02,actor-02,aggregate-event,,,0x7bcdfb69,after-only,,,,,,1856,854,18,f803,1016,,,0,0
equipment-event-041,gridania_to_coerthas.pcapng,0,actor-02,actor-02,aggregate-event,,,0x7cc10854,after-only,,,,,,1952,854,24,01,1,,,0,0
equipment-event-041,gridania_to_coerthas.pcapng,0,actor-02,actor-02,aggregate-event,,,0x7da83ade,after-only,,,,,,1913,854,22,0f52f0a0,2700104207,,,0,0
equipment-event-041,gridania_to_coerthas.pcapng,0,actor-02,actor-02,aggregate-event,,,0x7efd97e4,after-only,,,,,,1921,854,22,3973f0a0,2700112697,,,0,0
equipment-event-041,gridania_to_coerthas.pcapng,0,actor-02,actor-02,aggregate-event,,,0x7fc8b15d,after-only,,,,,,1993,854,27,79745550,1347777657,,,0,0
equipment-event-041,gridania_to_coerthas.pcapng,0,actor-02,actor-02,aggregate-event,,,0x7ff0ee64,after-only,,,,,,1935,854,23,01,1,,,0,0
equipment-event-041,gridania_to_coerthas.pcapng,0,actor-02,actor-02,aggregate-event,,,0x80dfda92,after-only,,,,,,1926,854,23,d26af0a0,2700110546,,,0,0
equipment-event-041,gridania_to_coerthas.pcapng,0,actor-02,actor-02,aggregate-event,,,0x85aafe74,after-only,,,,,,1966,854,25,01,1,,,0,0
equipment-event-041,gridania_to_coerthas.pcapng,0,actor-02,actor-02,aggregate-event,,,0x89098566,after-only,,,,,,1909,854,21,e32ef0a0,2700095203,,,0,0
equipment-event-041,gridania_to_coerthas.pcapng,0,actor-02,actor-02,aggregate-event,,,0x8a5cbc5b,after-only,,,,,,1944,854,24,01,1,,,0,0
equipment-event-041,gridania_to_coerthas.pcapng,0,actor-02,actor-02,aggregate-event,,,0x8a676a74,after-only,,,,,,1934,854,23,0f6af0a0,2700110351,,,0,0
equipment-event-041,gridania_to_coerthas.pcapng,0,actor-02,actor-02,aggregate-event,,,0x8c336da3,after-only,,,,,,1862,854,18,ffffffff,4294967295,,,0,0
equipment-event-041,gridania_to_coerthas.pcapng,0,actor-02,actor-02,aggregate-event,,,0x8c44e56b,after-only,,,,,,1861,854,18,ffffffff,4294967295,,,0,0
equipment-event-041,gridania_to_coerthas.pcapng,0,actor-02,actor-02,aggregate-event,,,0x8cae90db,after-only,,,,,,1890,854,20,a900,169,,,0,0
equipment-event-041,gridania_to_coerthas.pcapng,0,actor-02,actor-02,aggregate-event,,,0x8d974f1c,after-only,,,,,,1968,854,25,edefe050,1356918765,,,0,0
equipment-event-041,gridania_to_coerthas.pcapng,0,actor-02,actor-02,aggregate-event,,,0x8e4e1fb2,after-only,,,,,,1941,854,24,01,1,,,0,0
equipment-event-041,gridania_to_coerthas.pcapng,0,actor-02,actor-02,aggregate-event,,,0x91cd44e7,after-only,,,,,,1887,854,20,b600,182,,,0,0
equipment-event-041,gridania_to_coerthas.pcapng,0,actor-02,actor-02,aggregate-event,,,0x939e884a,after-only,,,,,,1876,854,19,7b00,123,,,0,0
equipment-event-041,gridania_to_coerthas.pcapng,0,actor-02,actor-02,aggregate-event,,,0x94574d0a,after-only,,,,,,1995,854,27,79745550,1347777657,,,0,0
equipment-event-041,gridania_to_coerthas.pcapng,0,actor-02,actor-02,aggregate-event,,,0x958051f1,after-only,,,,,,1928,854,23,056af0a0,2700110341,,,0,0
equipment-event-041,gridania_to_coerthas.pcapng,0,actor-02,actor-02,aggregate-event,,,0x95bcf98a,after-only,,,,,,1871,854,19,01,1,,,0,0
equipment-event-041,gridania_to_coerthas.pcapng,0,actor-02,actor-02,aggregate-event,,,0x96063588,after-only,,,,,,1860,854,18,1f00,31,,,0,0
equipment-event-041,gridania_to_coerthas.pcapng,0,actor-02,actor-02,aggregate-event,,,0x97e78c4e,after-only,,,,,,1996,854,27,79745550,1347777657,,,0,0
equipment-event-041,gridania_to_coerthas.pcapng,0,actor-02,actor-02,aggregate-event,,,0x98bcf012,after-only,,,,,,1961,854,25,01,1,,,0,0
equipment-event-041,gridania_to_coerthas.pcapng,0,actor-02,actor-02,aggregate-event,,,0x9a378611,after-only,,,,,,1979,854,26,edefe050,1356918765,,,0,0
equipment-event-041,gridania_to_coerthas.pcapng,0,actor-02,actor-02,aggregate-event,,,0x9db2fd87,after-only,,,,,,1977,854,26,68f0e050,1356918888,,,0,0
equipment-event-041,gridania_to_coerthas.pcapng,0,actor-02,actor-02,aggregate-event,,,0x9f278594,after-only,,,,,,1936,854,23,01,1,,,0,0
equipment-event-041,gridania_to_coerthas.pcapng,0,actor-02,actor-02,aggregate-event,,,0x9fd558d0,after-only,,,,,,1978,854,26,33f0e050,1356918835,,,0,0
equipment-event-041,gridania_to_coerthas.pcapng,0,actor-02,actor-02,aggregate-event,,,0xa2478ea5,after-only,,,,,,1971,854,25,0c23e050,1356866316,,,0,0
equipment-event-041,gridania_to_coerthas.pcapng,0,actor-02,actor-02,aggregate-event,,,0xa329599a,after-only,,,,,,1892,854,20,cf00,207,,,0,0
equipment-event-041,gridania_to_coerthas.pcapng,0,actor-02,actor-02,aggregate-event,,,0xa6d426c4,after-only,,,,,,1951,854,24,01,1,,,0,0
equipment-event-041,gridania_to_coerthas.pcapng,0,actor-02,actor-02,aggregate-event,,,0xabb78bce,after-only,,,,,,1945,854,24,01,1,,,0,0
equipment-event-041,gridania_to_coerthas.pcapng,0,actor-02,actor-02,aggregate-event,,,0xacc58f29,after-only,,,,,,1901,854,21,8f240000,9359,,,0,0
equipment-event-041,gridania_to_coerthas.pcapng,0,actor-02,actor-02,aggregate-event,,,0xad16c7ae,after-only,,,,,,1914,854,22,e92ef0a0,2700095209,,,0,0
equipment-event-041,gridania_to_coerthas.pcapng,0,actor-02,actor-02,aggregate-event,,,0xadef0b22,after-only,,,,,,1957,854,24,01,1,,,0,0
equipment-event-041,gridania_to_coerthas.pcapng,0,actor-02,actor-02,aggregate-event,,,0xb1cbe069,unchanged,905,187,1,01,1,2014,854,28,01,1,667,251934,0,0
equipment-event-041,gridania_to_coerthas.pcapng,0,actor-02,actor-02,aggregate-event,,,0xb3663189,after-only,,,,,,1870,854,19,01,1,,,0,0
equipment-event-041,gridania_to_coerthas.pcapng,0,actor-02,actor-02,aggregate-event,,,0xb5993ddc,after-only,,,,,,1915,854,22,ea2ef0a0,2700095210,,,0,0
equipment-event-041,gridania_to_coerthas.pcapng,0,actor-02,actor-02,aggregate-event,,,0xb9c13d96,after-only,,,,,,1949,854,24,01,1,,,0,0
equipment-event-041,gridania_to_coerthas.pcapng,0,actor-02,actor-02,aggregate-event,,,0xba51c4e1,after-only,,,,,,1889,854,20,c400,196,,,0,0
equipment-event-041,gridania_to_coerthas.pcapng,0,actor-02,actor-02,aggregate-event,,,0xbb9cc775,after-only,,,,,,1898,854,21,0000803e,1048576000,,,0,0
equipment-event-041,gridania_to_coerthas.pcapng,0,actor-02,actor-02,aggregate-event,,,0xbca83abb,after-only,,,,,,1981,854,26,32b3df50,1356837682,,,0,0
equipment-event-041,gridania_to_coerthas.pcapng,0,actor-02,actor-02,aggregate-event,,,0xc0f66df7,after-only,,,,,,1850,854,18,3333f340,1089680179,,,0,0
equipment-event-041,gridania_to_coerthas.pcapng,0,actor-02,actor-02,aggregate-event,,,0xc5c48a58,after-only,,,,,,1940,854,24,01,1,,,0,0
equipment-event-041,gridania_to_coerthas.pcapng,0,actor-02,actor-02,aggregate-event,,,0xc642e791,after-only,,,,,,1974,854,26,5bf0e050,1356918875,,,0,0
equipment-event-041,gridania_to_coerthas.pcapng,0,actor-02,actor-02,aggregate-event,,,0xc8c3a058,after-only,,,,,,1956,854,24,01,1,,,0,0
equipment-event-041,gridania_to_coerthas.pcapng,0,actor-02,actor-02,aggregate-event,,,0xc9045217,after-only,,,,,,1919,854,22,fc55f0a0,2700105212,,,0,0
equipment-event-041,gridania_to_coerthas.pcapng,0,actor-02,actor-02,aggregate-event,,,0xca132bc5,after-only,,,,,,1923,854,22,0e6af0a0,2700110350,,,0,0
equipment-event-041,gridania_to_coerthas.pcapng,0,actor-02,actor-02,aggregate-event,,,0xce62bf5c,unchanged,897,187,1,1e00,30,2001,854,28,1e00,30,667,251934,0,0
equipment-event-041,gridania_to_coerthas.pcapng,0,actor-02,actor-02,aggregate-event,,,0xd57dc284,after-only,,,,,,1895,854,20,d400,212,,,0,0
equipment-event-041,gridania_to_coerthas.pcapng,0,actor-02,actor-02,aggregate-event,,,0xd5c5254a,after-only,,,,,,1864,854,18,ffffffff,4294967295,,,0,0
equipment-event-041,gridania_to_coerthas.pcapng,0,actor-02,actor-02,aggregate-event,,,0xd68fa0e1,after-only,,,,,,1980,854,26,0ff1e050,1356919055,,,0,0
equipment-event-041,gridania_to_coerthas.pcapng,0,actor-02,actor-02,aggregate-event,,,0xd71d3b0e,after-only,,,,,,1924,854,23,106af0a0,2700110352,,,0,0
equipment-event-041,gridania_to_coerthas.pcapng,0,actor-02,actor-02,aggregate-event,,,0xdba408a0,after-only,,,,,,1899,854,21,ce180000,6350,,,0,0
equipment-event-041,gridania_to_coerthas.pcapng,0,actor-02,actor-02,aggregate-event,,,0xdc4f03f9,after-only,,,,,,1873,854,19,01,1,,,0,0
equipment-event-041,gridania_to_coerthas.pcapng,0,actor-02,actor-02,aggregate-event,,,0xdf99e003,after-only,,,,,,1902,854,21,c4780000,30916,,,0,0
equipment-event-041,gridania_to_coerthas.pcapng,0,actor-02,actor-02,aggregate-event,,,0xe058a98c,after-only,,,,,,1989,854,27,79745550,1347777657,,,0,0
equipment-event-041,gridania_to_coerthas.pcapng,0,actor-02,actor-02,aggregate-event,,,0xe14b0ca8,after-only,,,,,,1851,854,18,01,1,,,0,0
equipment-event-041,gridania_to_coerthas.pcapng,0,actor-02,actor-02,aggregate-event,,,0xe17d8c7a,after-only,,,,,,1882,854,20,b500,181,,,0,0
equipment-event-041,gridania_to_coerthas.pcapng,0,actor-02,actor-02,aggregate-event,,,0xe4567838,after-only,,,,,,1954,854,24,01,1,,,0,0
equipment-event-041,gridania_to_coerthas.pcapng,0,actor-02,actor-02,aggregate-event,,,0xe764c45d,after-only,,,,,,1907,854,21,0952f0a0,2700104201,,,0,0
equipment-event-041,gridania_to_coerthas.pcapng,0,actor-02,actor-02,aggregate-event,,,0xe7ed17a0,after-only,,,,,,1931,854,23,096af0a0,2700110345,,,0,0
equipment-event-041,gridania_to_coerthas.pcapng,0,actor-02,actor-02,aggregate-event,,,0xeb90baab,after-only,,,,,,1894,854,20,cc00,204,,,0,0
equipment-event-041,gridania_to_coerthas.pcapng,0,actor-02,actor-02,aggregate-event,,,0xebbefbea,after-only,,,,,,1988,854,27,79745550,1347777657,,,0,0
equipment-event-041,gridania_to_coerthas.pcapng,0,actor-02,actor-02,aggregate-event,,,0xed6de041,after-only,,,,,,1908,854,21,0a52f0a0,2700104202,,,0,0
equipment-event-041,gridania_to_coerthas.pcapng,0,actor-02,actor-02,aggregate-event,,,0xedad792f,after-only,,,,,,1984,854,26,a1d4ca50,1355469985,,,0,0
equipment-event-041,gridania_to_coerthas.pcapng,0,actor-02,actor-02,aggregate-event,,,0xf01787b7,after-only,,,,,,1911,854,22,0d52f0a0,2700104205,,,0,0
equipment-event-041,gridania_to_coerthas.pcapng,0,actor-02,actor-02,aggregate-event,,,0xf053ac1a,after-only,,,,,,1918,854,22,eb2ef0a0,2700095211,,,0,0
equipment-event-041,gridania_to_coerthas.pcapng,0,actor-02,actor-02,aggregate-event,,,0xf2e07ff4,after-only,,,,,,1932,854,23,0a6af0a0,2700110346,,,0,0
equipment-event-041,gridania_to_coerthas.pcapng,0,actor-02,actor-02,aggregate-event,,,0xf55d07a5,after-only,,,,,,1953,854,24,01,1,,,0,0
equipment-event-041,gridania_to_coerthas.pcapng,0,actor-02,actor-02,aggregate-event,,,0xf642f974,after-only,,,,,,1925,854,23,166af0a0,2700110358,,,0,0
equipment-event-041,gridania_to_coerthas.pcapng,0,actor-02,actor-02,aggregate-event,,,0xf8a7dab1,unchanged,906,187,1,03,3,2015,854,28,03,3,667,251934,0,0
equipment-event-041,gridania_to_coerthas.pcapng,0,actor-02,actor-02,aggregate-event,,,0xfa5e83e4,after-only,,,,,,2002,854,28,2d00,45,,,0,0
equipment-event-041,gridania_to_coerthas.pcapng,0,actor-02,actor-02,aggregate-event,,,0xfbfbcfb1,after-only,,,,,,1854,854,18,01,1,,,0,0
equipment-event-041,gridania_to_coerthas.pcapng,0,actor-02,actor-02,aggregate-event,,,0xfcdfdcac,after-only,,,,,,1960,854,25,01,1,,,0,0
equipment-event-041,gridania_to_coerthas.pcapng,0,actor-02,actor-02,aggregate-event,,,0xfdd1f6de,after-only,,,,,,1872,854,19,01,1,,,0,0
equipment-event-048,gridania_to_coerthas.pcapng,0,actor-02,actor-02,aggregate-event,,,0x01e244c5,after-only,,,,,,3409,1328,19,ffffffff,4294967295,,,0,0
equipment-event-048,gridania_to_coerthas.pcapng,0,actor-02,actor-02,aggregate-event,,,0x03aede7b,after-only,,,,,,3477,1328,23,126af0a0,2700110354,,,0,0
equipment-event-048,gridania_to_coerthas.pcapng,0,actor-02,actor-02,aggregate-event,,,0x04a05dae,after-only,,,,,,3519,1328,26,3df0e050,1356918845,,,0,0
equipment-event-048,gridania_to_coerthas.pcapng,0,actor-02,actor-02,aggregate-event,,,0x079d8d67,after-only,,,,,,3544,1328,27,0500,5,,,0,0
equipment-event-048,gridania_to_coerthas.pcapng,0,actor-02,actor-02,aggregate-event,,,0x0cca47c4,after-only,,,,,,3413,1328,19,01,1,,,0,0
equipment-event-048,gridania_to_coerthas.pcapng,0,actor-02,actor-02,aggregate-event,,,0x0cdd66e8,after-only,,,,,,3492,1328,24,01,1,,,0,0
equipment-event-048,gridania_to_coerthas.pcapng,0,actor-02,actor-02,aggregate-event,,,0x0db5a5bf,after-only,,,,,,3393,1328,18,0a,10,,,0,0
equipment-event-048,gridania_to_coerthas.pcapng,0,actor-02,actor-02,aggregate-event,,,0x0e4920e3,after-only,,,,,,3444,1328,21,b51f0000,8117,,,0,0
equipment-event-048,gridania_to_coerthas.pcapng,0,actor-02,actor-02,aggregate-event,,,0x0e704141,after-only,,,,,,3423,1328,19,6a00,106,,,0,0
equipment-event-048,gridania_to_coerthas.pcapng,0,actor-02,actor-02,aggregate-event,,,0x10f6fd7c,after-only,,,,,,3531,1328,27,0c23e050,1356866316,,,0,0
equipment-event-048,gridania_to_coerthas.pcapng,0,actor-02,actor-02,aggregate-event,,,0x11b1b22d,after-only,,,,,,3432,1328,20,bc00,188,,,0,0
equipment-event-048,gridania_to_coerthas.pcapng,0,actor-02,actor-02,aggregate-event,,,0x13f89710,unchanged,2044,856,28,2402,548,3401,1328,18,2402,548,472,137061,0,0
equipment-event-048,gridania_to_coerthas.pcapng,0,actor-02,actor-02,aggregate-event,,,0x1662a1bf,after-only,,,,,,3517,1328,25,10f0e050,1356918800,,,0,0
equipment-event-048,gridania_to_coerthas.pcapng,0,actor-02,actor-02,aggregate-event,,,0x17ab37ef,after-only,,,,,,3440,1328,20,d400,212,,,0,0
equipment-event-048,gridania_to_coerthas.pcapng,0,actor-02,actor-02,aggregate-event,,,0x18734cc5,after-only,,,,,,3491,1328,24,01,1,,,0,0
equipment-event-048,gridania_to_coerthas.pcapng,0,actor-02,actor-02,aggregate-event,,,0x19b5d704,after-only,,,,,,3555,1328,28,0000803f,1065353216,,,0,0
equipment-event-048,gridania_to_coerthas.pcapng,0,actor-02,actor-02,aggregate-event,,,0x1b37117e,after-only,,,,,,3508,1328,25,01,1,,,0,0
equipment-event-048,gridania_to_coerthas.pcapng,0,actor-02,actor-02,aggregate-event,,,0x1bc46a06,after-only,,,,,,3511,1328,25,01,1,,,0,0
equipment-event-048,gridania_to_coerthas.pcapng,0,actor-02,actor-02,aggregate-event,,,0x1bc92b93,after-only,,,,,,3556,1328,28,ffff,65535,,,0,0
equipment-event-048,gridania_to_coerthas.pcapng,0,actor-02,actor-02,aggregate-event,,,0x1c2aec73,after-only,,,,,,3428,1328,20,b500,181,,,0,0
equipment-event-048,gridania_to_coerthas.pcapng,0,actor-02,actor-02,aggregate-event,,,0x1c420f6c,after-only,,,,,,3481,1328,23,01,1,,,0,0
equipment-event-048,gridania_to_coerthas.pcapng,0,actor-02,actor-02,aggregate-event,,,0x1e1bdb29,after-only,,,,,,3557,1328,28,ffff,65535,,,0,0
equipment-event-048,gridania_to_coerthas.pcapng,0,actor-02,actor-02,aggregate-event,,,0x1f3dacc5,after-only,,,,,,3435,1328,20,c900,201,,,0,0
equipment-event-048,gridania_to_coerthas.pcapng,0,actor-02,actor-02,aggregate-event,,,0x204cf942,after-only,,,,,,3427,1328,20,b500,181,,,0,0
equipment-event-048,gridania_to_coerthas.pcapng,0,actor-02,actor-02,aggregate-event,,,0x20fe7d3f,unchanged,2055,856,29,03,3,3560,1328,28,03,3,472,137061,0,0
equipment-event-048,gridania_to_coerthas.pcapng,0,actor-02,actor-02,aggregate-event,,,0x2138fd71,after-only,,,,,,3396,1328,18,01,1,,,0,0
equipment-event-048,gridania_to_coerthas.pcapng,0,actor-02,actor-02,aggregate-event,,,0x22bc605f,after-only,,,,,,3530,1328,26,79745550,1347777657,,,0,0
equipment-event-048,gridania_to_coerthas.pcapng,0,actor-02,actor-02,aggregate-event,,,0x24224121,after-only,,,,,,3474,1328,23,046af0a0,2700110340,,,0,0
equipment-event-048,gridania_to_coerthas.pcapng,0,actor-02,actor-02,aggregate-event,,,0x2526d379,after-only,,,,,,3502,1328,25,01,1,,,0,0
equipment-event-048,gridania_to_coerthas.pcapng,0,actor-02,actor-02,aggregate-event,,,0x28887bd6,after-only,,,,,,3514,1328,25,e8efe050,1356918760,,,0,0
equipment-event-048,gridania_to_coerthas.pcapng,0,actor-02,actor-02,aggregate-event,,,0x2a4f53c7,after-only,,,,,,3450,1328,21,2d040000,1069,,,0,0
equipment-event-048,gridania_to_coerthas.pcapng,0,actor-02,actor-02,aggregate-event,,,0x2bcd68aa,after-only,,,,,,3499,1328,24,20,32,,,0,0
equipment-event-048,gridania_to_coerthas.pcapng,0,actor-02,actor-02,aggregate-event,,,0x2dfbc13a,after-only,,,,,,3422,1328,19,5300,83,,,0,0
equipment-event-048,gridania_to_coerthas.pcapng,0,actor-02,actor-02,aggregate-event,,,0x2f5ac0cc,after-only,,,,,,3473,1328,23,066af0a0,2700110342,,,0,0
equipment-event-048,gridania_to_coerthas.pcapng,0,actor-02,actor-02,aggregate-event,,,0x2fba29dc,unchanged,2050,856,29,5000,80,3551,1328,28,5000,80,472,137061,0,0
equipment-event-048,gridania_to_coerthas.pcapng,0,actor-02,actor-02,aggregate-event,,,0x318836c0,after-only,,,,,,3486,1328,24,01,1,,,0,0
equipment-event-048,gridania_to_coerthas.pcapng,0,actor-02,actor-02,aggregate-event,,,0x36b51229,after-only,,,,,,3520,1328,26,01f0e050,1356918785,,,0,0
equipment-event-048,gridania_to_coerthas.pcapng,0,actor-02,actor-02,aggregate-event,,,0x38c8b08f,after-only,,,,,,3460,1328,22,e52ef0a0,2700095205,,,0,0
equipment-event-048,gridania_to_coerthas.pcapng,0,actor-02,actor-02,aggregate-event,,,0x39f384cf,after-only,,,,,,3461,1328,22,e72ef0a0,2700095207,,,0,0
equipment-event-048,gridania_to_coerthas.pcapng,0,actor-02,actor-02,aggregate-event,,,0x3c674537,after-only,,,,,,3534,1328,27,79745550,1347777657,,,0,0
equipment-event-048,gridania_to_coerthas.pcapng,0,actor-02,actor-02,aggregate-event,,,0x3c95d5c5,after-only,,,,,,3402,1328,18,2402,548,,,0,0
equipment-event-048,gridania_to_coerthas.pcapng,0,actor-02,actor-02,aggregate-event,,,0x3dd87222,after-only,,,,,,3543,1328,27,1e00,30,,,0,0
equipment-event-048,gridania_to_coerthas.pcapng,0,actor-02,actor-02,aggregate-event,,,0x3e1a660f,after-only,,,,,,3466,1328,22,ff55f0a0,2700105215,,,0,0
equipment-event-048,gridania_to_coerthas.pcapng,0,actor-02,actor-02,aggregate-event,,,0x415881ad,after-only,,,,,,3411,1328,19,ffffffff,4294967295,,,0,0
equipment-event-048,gridania_to_coerthas.pcapng,0,actor-02,actor-02,aggregate-event,,,0x416571ac,after-only,,,,,,3421,1328,19,6e00,110,,,0,0
equipment-event-048,gridania_to_coerthas.pcapng,0,actor-02,actor-02,aggregate-event,,,0x41991fca,after-only,,,,,,3418,1328,19,01,1,,,0,0
equipment-event-048,gridania_to_coerthas.pcapng,0,actor-02,actor-02,aggregate-event,,,0x419b046f,after-only,,,,,,3487,1328,24,01,1,,,0,0
equipment-event-048,gridania_to_coerthas.pcapng,0,actor-02,actor-02,aggregate-event,,,0x4232bcaa,unchanged,2043,856,28,f803,1016,3399,1328,18,f803,1016,472,137061,0,0
equipment-event-048,gridania_to_coerthas.pcapng,0,actor-02,actor-02,aggregate-event,,,0x438e4fe6,unchanged,2051,856,29,0a00,10,3552,1328,28,0a00,10,472,137061,0,0
equipment-event-048,gridania_to_coerthas.pcapng,0,actor-02,actor-02,aggregate-event,,,0x44849402,after-only,,,,,,3554,1328,28,0000803f,1065353216,,,0,0
equipment-event-048,gridania_to_coerthas.pcapng,0,actor-02,actor-02,aggregate-event,,,0x45b85823,after-only,,,,,,3526,1328,26,faacdf50,1356836090,,,0,0
equipment-event-048,gridania_to_coerthas.pcapng,0,actor-02,actor-02,aggregate-event,,,0x461773ff,unchanged,2046,856,29,7800,120,3547,1328,28,7800,120,472,137061,0,0
equipment-event-048,gridania_to_coerthas.pcapng,0,actor-02,actor-02,aggregate-event,,,0x469403ba,after-only,,,,,,3471,1328,23,146af0a0,2700110356,,,0,0
equipment-event-048,gridania_to_coerthas.pcapng,0,actor-02,actor-02,aggregate-event,,,0x470d61da,after-only,,,,,,3464,1328,22,fd55f0a0,2700105213,,,0,0
equipment-event-048,gridania_to_coerthas.pcapng,0,actor-02,actor-02,aggregate-event,,,0x49ced7cd,after-only,,,,,,3535,1328,27,79745550,1347777657,,,0,0
equipment-event-048,gridania_to_coerthas.pcapng,0,actor-02,actor-02,aggregate-event,,,0x4b2a7d17,after-only,,,,,,3509,1328,25,01,1,,,0,0
equipment-event-048,gridania_to_coerthas.pcapng,0,actor-02,actor-02,aggregate-event,,,0x4db13e27,after-only,,,,,,3541,1328,27,79745550,1347777657,,,0,0
equipment-event-048,gridania_to_coerthas.pcapng,0,actor-02,actor-02,aggregate-event,,,0x4f365e47,after-only,,,,,,3516,1328,25,01f0e050,1356918785,,,0,0
equipment-event-048,gridania_to_coerthas.pcapng,0,actor-02,actor-02,aggregate-event,,,0x50ffb0a4,after-only,,,,,,3410,1328,19,ffffffff,4294967295,,,0,0
equipment-event-048,gridania_to_coerthas.pcapng,0,actor-02,actor-02,aggregate-event,,,0x5272eae9,after-only,,,,,,3513,1328,25,01f0e050,1356918785,,,0,0
equipment-event-048,gridania_to_coerthas.pcapng,0,actor-02,actor-02,aggregate-event,,,0x573fe04c,after-only,,,,,,3441,1328,20,0000803f,1065353216,,,0,0
equipment-event-048,gridania_to_coerthas.pcapng,0,actor-02,actor-02,aggregate-event,,,0x5883d746,after-only,,,,,,3527,1328,26,3aaddf50,1356836154,,,0,0
equipment-event-048,gridania_to_coerthas.pcapng,0,actor-02,actor-02,aggregate-event,,,0x58cd7cc0,after-only,,,,,,3503,1328,25,01,1,,,0,0
equipment-event-048,gridania_to_coerthas.pcapng,0,actor-02,actor-02,aggregate-event,,,0x5a0a4034,after-only,,,,,,3483,1328,24,01,1,,,0,0
equipment-event-048,gridania_to_coerthas.pcapng,0,actor-02,actor-02,aggregate-event,,,0x5d9dbe46,after-only,,,,,,3529,1328,26,79745550,1347777657,,,0,0
equipment-event-048,gridania_to_coerthas.pcapng,0,actor-02,actor-02,aggregate-event,,,0x5ea09ecd,unchanged,2052,856,29,2c01,300,3553,1328,28,2c01,300,472,137061,0,0
equipment-event-048,gridania_to_coerthas.pcapng,0,actor-02,actor-02,aggregate-event,,,0x5f0f0e64,after-only,,,,,,3506,1328,25,01,1,,,0,0
equipment-event-048,gridania_to_coerthas.pcapng,0,actor-02,actor-02,aggregate-event,,,0x5fc56d16,after-only,,,,,,3429,1328,20,bf00,191,,,0,0
equipment-event-048,gridania_to_coerthas.pcapng,0,actor-02,actor-02,aggregate-event,,,0x6047e4bd,after-only,,,,,,3449,1328,21,63c70000,51043,,,0,0
equipment-event-048,gridania_to_coerthas.pcapng,0,actor-02,actor-02,aggregate-event,,,0x6065f862,after-only,,,,,,3494,1328,24,01,1,,,0,0
equipment-event-048,gridania_to_coerthas.pcapng,0,actor-02,actor-02,aggregate-event,,,0x6161a641,after-only,,,,,,3454,1328,21,e42ef0a0,2700095204,,,0,0
equipment-event-048,gridania_to_coerthas.pcapng,0,actor-02,actor-02,aggregate-event,,,0x61816dfe,after-only,,,,,,3412,1328,19,ffffffff,4294967295,,,0,0
equipment-event-048,gridania_to_coerthas.pcapng,0,actor-02,actor-02,aggregate-event,,,0x620811c8,after-only,,,,,,3542,1328,27,0a00,10,,,0,0
equipment-event-048,gridania_to_coerthas.pcapng,0,actor-02,actor-02,aggregate-event,,,0x63d4b0db,after-only,,,,,,3536,1328,27,79745550,1347777657,,,0,0
equipment-event-048,gridania_to_coerthas.pcapng,0,actor-02,actor-02,aggregate-event,,,0x647a29a8,after-only,,,,,,3419,1328,19,7300,115,,,0,0
equipment-event-048,gridania_to_coerthas.pcapng,0,actor-02,actor-02,aggregate-event,,,0x64803e98,after-only,,,,,,3430,1328,20,b500,181,,,0,0
equipment-event-048,gridania_to_coerthas.pcapng,0,actor-02,actor-02,aggregate-event,,,0x671ef2b1,after-only,,,,,,3507,1328,25,01,1,,,0,0
equipment-event-048,gridania_to_coerthas.pcapng,0,actor-02,actor-02,aggregate-event,,,0x68efd1dc,unchanged,2047,856,29,5a00,90,3548,1328,28,5a00,90,472,137061,0,0
equipment-event-048,gridania_to_coerthas.pcapng,0,actor-02,actor-02,aggregate-event,,,0x69263cb7,after-only,,,,,,3482,1328,24,01,1,,,0,0
equipment-event-048,gridania_to_coerthas.pcapng,0,actor-02,actor-02,aggregate-event,,,0x69579da7,after-only,,,,,,3456,1328,22,0e52f0a0,2700104206,,,0,0
equipment-event-048,gridania_to_coerthas.pcapng,0,actor-02,actor-02,aggregate-event,,,0x6b060065,after-only,,,,,,3490,1328,24,01,1,,,0,0
equipment-event-048,gridania_to_coerthas.pcapng,0,actor-02,actor-02,aggregate-event,,,0x6b3c0b03,unchanged,2048,856,29,1e00,30,3549,1328,28,1e00,30,472,137061,0,0
equipment-event-048,gridania_to_coerthas.pcapng,0,actor-02,actor-02,aggregate-event,,,0x6b6e041d,after-only,,,,,,3437,1328,20,d300,211,,,0,0
equipment-event-048,gridania_to_coerthas.pcapng,0,actor-02,actor-02,aggregate-event,,,0x6b9c6437,after-only,,,,,,3538,1328,27,79745550,1347777657,,,0,0
equipment-event-048,gridania_to_coerthas.pcapng,0,actor-02,actor-02,aggregate-event,,,0x6ccaf8b3,after-only,,,,,,3424,1328,19,5e00,94,,,0,0
equipment-event-048,gridania_to_coerthas.pcapng,0,actor-02,actor-02,aggregate-event,,,0x6d5633b9,after-only,,,,,,3407,1328,18,ffffffff,4294967295,,,0,0
equipment-event-048,gridania_to_coerthas.pcapng,0,actor-02,actor-02,aggregate-event,,,0x748287f9,after-only,,,,,,3448,1328,21,fd6a0000,27389,,,0,0
equipment-event-048,gridania_to_coerthas.pcapng,0,actor-02,actor-02,aggregate-event,,,0x7532ce24,after-only,,,,,,3403,1328,18,03,3,,,0,0
equipment-event-048,gridania_to_coerthas.pcapng,0,actor-02,actor-02,aggregate-event,,,0x79c7ecff,after-only,,,,,,3425,1328,19,b500,181,,,0,0
equipment-event-048,gridania_to_coerthas.pcapng,0,actor-02,actor-02,aggregate-event,,,0x7b2f0a94,after-only,,,,,,3447,1328,21,ab0e0000,3755,,,0,0
equipment-event-048,gridania_to_coerthas.pcapng,0,actor-02,actor-02,aggregate-event,,,0x7b675313,after-only,,,,,,3397,1328,18,01,1,,,0,0
equipment-event-048,gridania_to_coerthas.pcapng,0,actor-02,actor-02,aggregate-event,,,0x7b71de03,unchanged,2049,856,29,3c00,60,3550,1328,28,3c00,60,472,137061,0,0
equipment-event-048,gridania_to_coerthas.pcapng,0,actor-02,actor-02,aggregate-event,,,0x7bcdfb69,after-only,,,,,,3400,1328,18,f803,1016,,,0,0
equipment-event-048,gridania_to_coerthas.pcapng,0,actor-02,actor-02,aggregate-event,,,0x7cc10854,after-only,,,,,,3496,1328,24,01,1,,,0,0
equipment-event-048,gridania_to_coerthas.pcapng,0,actor-02,actor-02,aggregate-event,,,0x7da83ade,after-only,,,,,,3457,1328,22,0f52f0a0,2700104207,,,0,0
equipment-event-048,gridania_to_coerthas.pcapng,0,actor-02,actor-02,aggregate-event,,,0x7efd97e4,after-only,,,,,,3465,1328,22,3973f0a0,2700112697,,,0,0
equipment-event-048,gridania_to_coerthas.pcapng,0,actor-02,actor-02,aggregate-event,,,0x7fc8b15d,after-only,,,,,,3537,1328,27,79745550,1347777657,,,0,0
equipment-event-048,gridania_to_coerthas.pcapng,0,actor-02,actor-02,aggregate-event,,,0x7ff0ee64,after-only,,,,,,3479,1328,23,01,1,,,0,0
equipment-event-048,gridania_to_coerthas.pcapng,0,actor-02,actor-02,aggregate-event,,,0x80dfda92,after-only,,,,,,3470,1328,23,d26af0a0,2700110546,,,0,0
equipment-event-048,gridania_to_coerthas.pcapng,0,actor-02,actor-02,aggregate-event,,,0x85aafe74,after-only,,,,,,3510,1328,25,01,1,,,0,0
equipment-event-048,gridania_to_coerthas.pcapng,0,actor-02,actor-02,aggregate-event,,,0x89098566,after-only,,,,,,3453,1328,21,e32ef0a0,2700095203,,,0,0
equipment-event-048,gridania_to_coerthas.pcapng,0,actor-02,actor-02,aggregate-event,,,0x8a5cbc5b,after-only,,,,,,3488,1328,24,01,1,,,0,0
equipment-event-048,gridania_to_coerthas.pcapng,0,actor-02,actor-02,aggregate-event,,,0x8a676a74,after-only,,,,,,3478,1328,23,0f6af0a0,2700110351,,,0,0
equipment-event-048,gridania_to_coerthas.pcapng,0,actor-02,actor-02,aggregate-event,,,0x8c336da3,after-only,,,,,,3406,1328,18,ffffffff,4294967295,,,0,0
equipment-event-048,gridania_to_coerthas.pcapng,0,actor-02,actor-02,aggregate-event,,,0x8c44e56b,after-only,,,,,,3405,1328,18,ffffffff,4294967295,,,0,0
equipment-event-048,gridania_to_coerthas.pcapng,0,actor-02,actor-02,aggregate-event,,,0x8cae90db,after-only,,,,,,3434,1328,20,a900,169,,,0,0
equipment-event-048,gridania_to_coerthas.pcapng,0,actor-02,actor-02,aggregate-event,,,0x8d974f1c,after-only,,,,,,3512,1328,25,edefe050,1356918765,,,0,0
equipment-event-048,gridania_to_coerthas.pcapng,0,actor-02,actor-02,aggregate-event,,,0x8e4e1fb2,after-only,,,,,,3485,1328,24,01,1,,,0,0
equipment-event-048,gridania_to_coerthas.pcapng,0,actor-02,actor-02,aggregate-event,,,0x91cd44e7,after-only,,,,,,3431,1328,20,b600,182,,,0,0
equipment-event-048,gridania_to_coerthas.pcapng,0,actor-02,actor-02,aggregate-event,,,0x939e884a,after-only,,,,,,3420,1328,19,7b00,123,,,0,0
equipment-event-048,gridania_to_coerthas.pcapng,0,actor-02,actor-02,aggregate-event,,,0x94574d0a,after-only,,,,,,3539,1328,27,79745550,1347777657,,,0,0
equipment-event-048,gridania_to_coerthas.pcapng,0,actor-02,actor-02,aggregate-event,,,0x958051f1,after-only,,,,,,3472,1328,23,056af0a0,2700110341,,,0,0
equipment-event-048,gridania_to_coerthas.pcapng,0,actor-02,actor-02,aggregate-event,,,0x95bcf98a,after-only,,,,,,3415,1328,19,01,1,,,0,0
equipment-event-048,gridania_to_coerthas.pcapng,0,actor-02,actor-02,aggregate-event,,,0x96063588,after-only,,,,,,3404,1328,18,1f00,31,,,0,0
equipment-event-048,gridania_to_coerthas.pcapng,0,actor-02,actor-02,aggregate-event,,,0x97e78c4e,after-only,,,,,,3540,1328,27,79745550,1347777657,,,0,0
equipment-event-048,gridania_to_coerthas.pcapng,0,actor-02,actor-02,aggregate-event,,,0x98bcf012,after-only,,,,,,3505,1328,25,01,1,,,0,0
equipment-event-048,gridania_to_coerthas.pcapng,0,actor-02,actor-02,aggregate-event,,,0x9a378611,after-only,,,,,,3523,1328,26,edefe050,1356918765,,,0,0
equipment-event-048,gridania_to_coerthas.pcapng,0,actor-02,actor-02,aggregate-event,,,0x9db2fd87,after-only,,,,,,3521,1328,26,68f0e050,1356918888,,,0,0
equipment-event-048,gridania_to_coerthas.pcapng,0,actor-02,actor-02,aggregate-event,,,0x9f278594,after-only,,,,,,3480,1328,23,01,1,,,0,0
equipment-event-048,gridania_to_coerthas.pcapng,0,actor-02,actor-02,aggregate-event,,,0x9fd558d0,after-only,,,,,,3522,1328,26,33f0e050,1356918835,,,0,0
equipment-event-048,gridania_to_coerthas.pcapng,0,actor-02,actor-02,aggregate-event,,,0xa2478ea5,after-only,,,,,,3515,1328,25,0c23e050,1356866316,,,0,0
equipment-event-048,gridania_to_coerthas.pcapng,0,actor-02,actor-02,aggregate-event,,,0xa329599a,after-only,,,,,,3436,1328,20,cf00,207,,,0,0
equipment-event-048,gridania_to_coerthas.pcapng,0,actor-02,actor-02,aggregate-event,,,0xa6d426c4,after-only,,,,,,3495,1328,24,01,1,,,0,0
equipment-event-048,gridania_to_coerthas.pcapng,0,actor-02,actor-02,aggregate-event,,,0xabb78bce,after-only,,,,,,3489,1328,24,01,1,,,0,0
equipment-event-048,gridania_to_coerthas.pcapng,0,actor-02,actor-02,aggregate-event,,,0xacc58f29,after-only,,,,,,3445,1328,21,8f240000,9359,,,0,0
equipment-event-048,gridania_to_coerthas.pcapng,0,actor-02,actor-02,aggregate-event,,,0xad16c7ae,after-only,,,,,,3458,1328,22,e92ef0a0,2700095209,,,0,0
equipment-event-048,gridania_to_coerthas.pcapng,0,actor-02,actor-02,aggregate-event,,,0xadef0b22,after-only,,,,,,3501,1328,24,01,1,,,0,0
equipment-event-048,gridania_to_coerthas.pcapng,0,actor-02,actor-02,aggregate-event,,,0xb1cbe069,unchanged,2053,856,29,01,1,3558,1328,28,01,1,472,137061,0,0
equipment-event-048,gridania_to_coerthas.pcapng,0,actor-02,actor-02,aggregate-event,,,0xb3663189,after-only,,,,,,3414,1328,19,01,1,,,0,0
equipment-event-048,gridania_to_coerthas.pcapng,0,actor-02,actor-02,aggregate-event,,,0xb5993ddc,after-only,,,,,,3459,1328,22,ea2ef0a0,2700095210,,,0,0
equipment-event-048,gridania_to_coerthas.pcapng,0,actor-02,actor-02,aggregate-event,,,0xb9c13d96,after-only,,,,,,3493,1328,24,01,1,,,0,0
equipment-event-048,gridania_to_coerthas.pcapng,0,actor-02,actor-02,aggregate-event,,,0xba51c4e1,after-only,,,,,,3433,1328,20,c400,196,,,0,0
equipment-event-048,gridania_to_coerthas.pcapng,0,actor-02,actor-02,aggregate-event,,,0xbb9cc775,after-only,,,,,,3442,1328,21,0000803e,1048576000,,,0,0
equipment-event-048,gridania_to_coerthas.pcapng,0,actor-02,actor-02,aggregate-event,,,0xbca83abb,after-only,,,,,,3525,1328,26,32b3df50,1356837682,,,0,0
equipment-event-048,gridania_to_coerthas.pcapng,0,actor-02,actor-02,aggregate-event,,,0xc0f66df7,after-only,,,,,,3394,1328,18,3333f340,1089680179,,,0,0
equipment-event-048,gridania_to_coerthas.pcapng,0,actor-02,actor-02,aggregate-event,,,0xc5c48a58,after-only,,,,,,3484,1328,24,01,1,,,0,0
equipment-event-048,gridania_to_coerthas.pcapng,0,actor-02,actor-02,aggregate-event,,,0xc642e791,after-only,,,,,,3518,1328,26,5bf0e050,1356918875,,,0,0
equipment-event-048,gridania_to_coerthas.pcapng,0,actor-02,actor-02,aggregate-event,,,0xc8c3a058,after-only,,,,,,3500,1328,24,01,1,,,0,0
equipment-event-048,gridania_to_coerthas.pcapng,0,actor-02,actor-02,aggregate-event,,,0xc9045217,after-only,,,,,,3463,1328,22,fc55f0a0,2700105212,,,0,0
equipment-event-048,gridania_to_coerthas.pcapng,0,actor-02,actor-02,aggregate-event,,,0xca132bc5,after-only,,,,,,3467,1328,22,0e6af0a0,2700110350,,,0,0
equipment-event-048,gridania_to_coerthas.pcapng,0,actor-02,actor-02,aggregate-event,,,0xce62bf5c,unchanged,2045,856,29,1e00,30,3545,1328,28,1e00,30,472,137061,0,0
equipment-event-048,gridania_to_coerthas.pcapng,0,actor-02,actor-02,aggregate-event,,,0xd57dc284,after-only,,,,,,3439,1328,20,d400,212,,,0,0
equipment-event-048,gridania_to_coerthas.pcapng,0,actor-02,actor-02,aggregate-event,,,0xd5c5254a,after-only,,,,,,3408,1328,18,ffffffff,4294967295,,,0,0
equipment-event-048,gridania_to_coerthas.pcapng,0,actor-02,actor-02,aggregate-event,,,0xd68fa0e1,after-only,,,,,,3524,1328,26,0ff1e050,1356919055,,,0,0
equipment-event-048,gridania_to_coerthas.pcapng,0,actor-02,actor-02,aggregate-event,,,0xd71d3b0e,after-only,,,,,,3468,1328,23,106af0a0,2700110352,,,0,0
equipment-event-048,gridania_to_coerthas.pcapng,0,actor-02,actor-02,aggregate-event,,,0xdba408a0,after-only,,,,,,3443,1328,21,ce180000,6350,,,0,0
equipment-event-048,gridania_to_coerthas.pcapng,0,actor-02,actor-02,aggregate-event,,,0xdc4f03f9,after-only,,,,,,3417,1328,19,01,1,,,0,0
equipment-event-048,gridania_to_coerthas.pcapng,0,actor-02,actor-02,aggregate-event,,,0xdf99e003,after-only,,,,,,3446,1328,21,c4780000,30916,,,0,0
equipment-event-048,gridania_to_coerthas.pcapng,0,actor-02,actor-02,aggregate-event,,,0xe058a98c,after-only,,,,,,3533,1328,27,79745550,1347777657,,,0,0
equipment-event-048,gridania_to_coerthas.pcapng,0,actor-02,actor-02,aggregate-event,,,0xe14b0ca8,after-only,,,,,,3395,1328,18,01,1,,,0,0
equipment-event-048,gridania_to_coerthas.pcapng,0,actor-02,actor-02,aggregate-event,,,0xe17d8c7a,after-only,,,,,,3426,1328,20,b500,181,,,0,0
equipment-event-048,gridania_to_coerthas.pcapng,0,actor-02,actor-02,aggregate-event,,,0xe4567838,after-only,,,,,,3498,1328,24,01,1,,,0,0
equipment-event-048,gridania_to_coerthas.pcapng,0,actor-02,actor-02,aggregate-event,,,0xe764c45d,after-only,,,,,,3451,1328,21,0952f0a0,2700104201,,,0,0
equipment-event-048,gridania_to_coerthas.pcapng,0,actor-02,actor-02,aggregate-event,,,0xe7ed17a0,after-only,,,,,,3475,1328,23,096af0a0,2700110345,,,0,0
equipment-event-048,gridania_to_coerthas.pcapng,0,actor-02,actor-02,aggregate-event,,,0xeb90baab,after-only,,,,,,3438,1328,20,cc00,204,,,0,0
equipment-event-048,gridania_to_coerthas.pcapng,0,actor-02,actor-02,aggregate-event,,,0xebbefbea,after-only,,,,,,3532,1328,27,79745550,1347777657,,,0,0
equipment-event-048,gridania_to_coerthas.pcapng,0,actor-02,actor-02,aggregate-event,,,0xed6de041,after-only,,,,,,3452,1328,21,0a52f0a0,2700104202,,,0,0
equipment-event-048,gridania_to_coerthas.pcapng,0,actor-02,actor-02,aggregate-event,,,0xedad792f,after-only,,,,,,3528,1328,26,a1d4ca50,1355469985,,,0,0
equipment-event-048,gridania_to_coerthas.pcapng,0,actor-02,actor-02,aggregate-event,,,0xf01787b7,after-only,,,,,,3455,1328,22,0d52f0a0,2700104205,,,0,0
equipment-event-048,gridania_to_coerthas.pcapng,0,actor-02,actor-02,aggregate-event,,,0xf053ac1a,after-only,,,,,,3462,1328,22,eb2ef0a0,2700095211,,,0,0
equipment-event-048,gridania_to_coerthas.pcapng,0,actor-02,actor-02,aggregate-event,,,0xf2e07ff4,after-only,,,,,,3476,1328,23,0a6af0a0,2700110346,,,0,0
equipment-event-048,gridania_to_coerthas.pcapng,0,actor-02,actor-02,aggregate-event,,,0xf55d07a5,after-only,,,,,,3497,1328,24,01,1,,,0,0
equipment-event-048,gridania_to_coerthas.pcapng,0,actor-02,actor-02,aggregate-event,,,0xf642f974,after-only,,,,,,3469,1328,23,166af0a0,2700110358,,,0,0
equipment-event-048,gridania_to_coerthas.pcapng,0,actor-02,actor-02,aggregate-event,,,0xf8a7dab1,unchanged,2054,856,29,03,3,3559,1328,28,03,3,472,137061,0,0
equipment-event-048,gridania_to_coerthas.pcapng,0,actor-02,actor-02,aggregate-event,,,0xfa5e83e4,after-only,,,,,,3546,1328,28,2d00,45,,,0,0
equipment-event-048,gridania_to_coerthas.pcapng,0,actor-02,actor-02,aggregate-event,,,0xfbfbcfb1,after-only,,,,,,3398,1328,18,01,1,,,0,0
equipment-event-048,gridania_to_coerthas.pcapng,0,actor-02,actor-02,aggregate-event,,,0xfcdfdcac,after-only,,,,,,3504,1328,25,01,1,,,0,0
equipment-event-048,gridania_to_coerthas.pcapng,0,actor-02,actor-02,aggregate-event,,,0xfdd1f6de,after-only,,,,,,3416,1328,19,01,1,,,0,0
equipment-event-060,login.pcapng,0,actor-01,actor-01,aggregate-event,,,0x01e244c5,after-only,,,,,,3789,17,21,ffffffff,4294967295,,,0,0
equipment-event-060,login.pcapng,0,actor-01,actor-01,aggregate-event,,,0x03aede7b,after-only,,,,,,3857,17,25,2c6af0a0,2700110380,,,0,0
equipment-event-060,login.pcapng,0,actor-01,actor-01,aggregate-event,,,0x04a05dae,after-only,,,,,,3901,17,28,0c23e050,1356866316,,,0,0
equipment-event-060,login.pcapng,0,actor-01,actor-01,aggregate-event,,,0x0cca47c4,after-only,,,,,,3793,17,21,01,1,,,0,0
equipment-event-060,login.pcapng,0,actor-01,actor-01,aggregate-event,,,0x0cdd66e8,after-only,,,,,,3873,17,26,01,1,,,0,0
equipment-event-060,login.pcapng,0,actor-01,actor-01,aggregate-event,,,0x0db5a5bf,after-only,,,,,,3773,17,20,05,5,,,0,0
equipment-event-060,login.pcapng,0,actor-01,actor-01,aggregate-event,,,0x0e4920e3,after-only,,,,,,3824,17,23,b51f0000,8117,,,0,0
equipment-event-060,login.pcapng,0,actor-01,actor-01,aggregate-event,,,0x0e704141,after-only,,,,,,3803,17,21,4c00,76,,,0,0
equipment-event-060,login.pcapng,0,actor-01,actor-01,aggregate-event,,,0x11b1b22d,after-only,,,,,,3812,17,22,9d00,157,,,0,0
equipment-event-060,login.pcapng,0,actor-01,actor-01,aggregate-event,,,0x13f89710,after-only,,,,,,3781,17,20,f900,249,,,0,0
equipment-event-060,login.pcapng,0,actor-01,actor-01,aggregate-event,,,0x1662a1bf,after-only,,,,,,3899,17,28,0c23e050,1356866316,,,0,0
equipment-event-060,login.pcapng,0,actor-01,actor-01,aggregate-event,,,0x17ab37ef,after-only,,,,,,3820,17,22,aa00,170,,,0,0
equipment-event-060,login.pcapng,0,actor-01,actor-01,aggregate-event,,,0x18734cc5,after-only,,,,,,3872,17,26,01,1,,,0,0
equipment-event-060,login.pcapng,0,actor-01,actor-01,aggregate-event,,,0x1b37117e,after-only,,,,,,3889,17,27,01,1,,,0,0
equipment-event-060,login.pcapng,0,actor-01,actor-01,aggregate-event,,,0x1bc46a06,after-only,,,,,,3892,17,27,01,1,,,0,0
equipment-event-060,login.pcapng,0,actor-01,actor-01,aggregate-event,,,0x1c2aec73,after-only,,,,,,3808,17,22,9600,150,,,0,0
equipment-event-060,login.pcapng,0,actor-01,actor-01,aggregate-event,,,0x1c420f6c,after-only,,,,,,3862,17,26,01,1,,,0,0
equipment-event-060,login.pcapng,0,actor-01,actor-01,aggregate-event,,,0x1f3dacc5,after-only,,,,,,3815,17,22,a900,169,,,0,0
equipment-event-060,login.pcapng,0,actor-01,actor-01,aggregate-event,,,0x204cf942,after-only,,,,,,3807,17,22,9600,150,,,0,0
equipment-event-060,login.pcapng,0,actor-01,actor-01,aggregate-event,,,0x2138fd71,after-only,,,,,,3776,17,20,01,1,,,0,0
equipment-event-060,login.pcapng,0,actor-01,actor-01,aggregate-event,,,0x24224121,after-only,,,,,,3854,17,25,2e6af0a0,2700110382,,,0,0
equipment-event-060,login.pcapng,0,actor-01,actor-01,aggregate-event,,,0x2526d379,after-only,,,,,,3883,17,27,01,1,,,0,0
equipment-event-060,login.pcapng,0,actor-01,actor-01,aggregate-event,,,0x28887bd6,after-only,,,,,,3896,17,27,0c23e050,1356866316,,,0,0
equipment-event-060,login.pcapng,0,actor-01,actor-01,aggregate-event,,,0x2a4f53c7,after-only,,,,,,3830,17,23,2d040000,1069,,,0,0
equipment-event-060,login.pcapng,0,actor-01,actor-01,aggregate-event,,,0x2bcd68aa,after-only,,,,,,3880,17,26,20,32,,,0,0
equipment-event-060,login.pcapng,0,actor-01,actor-01,aggregate-event,,,0x2dfbc13a,after-only,,,,,,3802,17,21,4f00,79,,,0,0
equipment-event-060,login.pcapng,0,actor-01,actor-01,aggregate-event,,,0x2f5ac0cc,after-only,,,,,,3853,17,25,806af0a0,2700110464,,,0,0
equipment-event-060,login.pcapng,0,actor-01,actor-01,aggregate-event,,,0x318836c0,after-only,,,,,,3867,17,26,01,1,,,0,0
equipment-event-060,login.pcapng,0,actor-01,actor-01,aggregate-event,,,0x36b51229,after-only,,,,,,3902,17,28,0c23e050,1356866316,,,0,0
equipment-event-060,login.pcapng,0,actor-01,actor-01,aggregate-event,,,0x38c8b08f,after-only,,,,,,3840,17,24,e52ef0a0,2700095205,,,0,0
equipment-event-060,login.pcapng,0,actor-01,actor-01,aggregate-event,,,0x39f384cf,after-only,,,,,,3841,17,24,e72ef0a0,2700095207,,,0,0
equipment-event-060,login.pcapng,0,actor-01,actor-01,aggregate-event,,,0x3c95d5c5,after-only,,,,,,3782,17,20,f900,249,,,0,0
equipment-event-060,login.pcapng,0,actor-01,actor-01,aggregate-event,,,0x3e1a660f,after-only,,,,,,3846,17,24,ff55f0a0,2700105215,,,0,0
equipment-event-060,login.pcapng,0,actor-01,actor-01,aggregate-event,,,0x415881ad,after-only,,,,,,3791,17,21,ffffffff,4294967295,,,0,0
equipment-event-060,login.pcapng,0,actor-01,actor-01,aggregate-event,,,0x416571ac,after-only,,,,,,3801,17,21,6600,102,,,0,0
equipment-event-060,login.pcapng,0,actor-01,actor-01,aggregate-event,,,0x41991fca,after-only,,,,,,3798,17,21,01,1,,,0,0
equipment-event-060,login.pcapng,0,actor-01,actor-01,aggregate-event,,,0x419b046f,after-only,,,,,,3868,17,26,01,1,,,0,0
equipment-event-060,login.pcapng,0,actor-01,actor-01,aggregate-event,,,0x4232bcaa,after-only,,,,,,3779,17,20,f602,758,,,0,0
equipment-event-060,login.pcapng,0,actor-01,actor-01,aggregate-event,,,0x45b85823,after-only,,,,,,3908,17,28,faacdf50,1356836090,,,0,0
equipment-event-060,login.pcapng,0,actor-01,actor-01,aggregate-event,,,0x469403ba,after-only,,,,,,3851,17,25,dc69f0a0,2700110300,,,0,0
equipment-event-060,login.pcapng,0,actor-01,actor-01,aggregate-event,,,0x470d61da,after-only,,,,,,3844,17,24,fd55f0a0,2700105213,,,0,0
equipment-event-060,login.pcapng,0,actor-01,actor-01,aggregate-event,,,0x4b2a7d17,after-only,,,,,,3890,17,27,01,1,,,0,0
equipment-event-060,login.pcapng,0,actor-01,actor-01,aggregate-event,,,0x4f365e47,after-only,,,,,,3898,17,27,0c23e050,1356866316,,,0,0
equipment-event-060,login.pcapng,0,actor-01,actor-01,aggregate-event,,,0x50ffb0a4,after-only,,,,,,3790,17,21,ffffffff,4294967295,,,0,0
equipment-event-060,login.pcapng,0,actor-01,actor-01,aggregate-event,,,0x5272eae9,after-only,,,,,,3895,17,27,0c23e050,1356866316,,,0,0
equipment-event-060,login.pcapng,0,actor-01,actor-01,aggregate-event,,,0x573fe04c,after-only,,,,,,3821,17,22,0000803f,1065353216,,,0,0
equipment-event-060,login.pcapng,0,actor-01,actor-01,aggregate-event,,,0x5883d746,after-only,,,,,,3909,17,28,3aaddf50,1356836154,,,0,0
equipment-event-060,login.pcapng,0,actor-01,actor-01,aggregate-event,,,0x58cd7cc0,after-only,,,,,,3884,17,27,01,1,,,0,0
equipment-event-060,login.pcapng,0,actor-01,actor-01,aggregate-event,,,0x5a0a4034,after-only,,,,,,3864,17,26,01,1,,,0,0
equipment-event-060,login.pcapng,0,actor-01,actor-01,aggregate-event,,,0x5d9dbe46,after-only,,,,,,3911,17,28,79745550,1347777657,,,0,0
equipment-event-060,login.pcapng,0,actor-01,actor-01,aggregate-event,,,0x5f0f0e64,after-only,,,,,,3887,17,27,01,1,,,0,0
equipment-event-060,login.pcapng,0,actor-01,actor-01,aggregate-event,,,0x5fc56d16,after-only,,,,,,3809,17,22,a000,160,,,0,0
equipment-event-060,login.pcapng,0,actor-01,actor-01,aggregate-event,,,0x6047e4bd,after-only,,,,,,3829,17,23,63c70000,51043,,,0,0
equipment-event-060,login.pcapng,0,actor-01,actor-01,aggregate-event,,,0x6065f862,after-only,,,,,,3875,17,26,01,1,,,0,0
equipment-event-060,login.pcapng,0,actor-01,actor-01,aggregate-event,,,0x6161a641,after-only,,,,,,3834,17,23,e42ef0a0,2700095204,,,0,0
equipment-event-060,login.pcapng,0,actor-01,actor-01,aggregate-event,,,0x61816dfe,after-only,,,,,,3792,17,21,ffffffff,4294967295,,,0,0
equipment-event-060,login.pcapng,0,actor-01,actor-01,aggregate-event,,,0x647a29a8,after-only,,,,,,3799,17,21,6100,97,,,0,0
equipment-event-060,login.pcapng,0,actor-01,actor-01,aggregate-event,,,0x64803e98,after-only,,,,,,3810,17,22,9600,150,,,0,0
equipment-event-060,login.pcapng,0,actor-01,actor-01,aggregate-event,,,0x671ef2b1,after-only,,,,,,3888,17,27,01,1,,,0,0
equipment-event-060,login.pcapng,0,actor-01,actor-01,aggregate-event,,,0x69263cb7,after-only,,,,,,3863,17,26,01,1,,,0,0
equipment-event-060,login.pcapng,0,actor-01,actor-01,aggregate-event,,,0x69579da7,after-only,,,,,,3836,17,24,0e52f0a0,2700104206,,,0,0
equipment-event-060,login.pcapng,0,actor-01,actor-01,aggregate-event,,,0x6b060065,after-only,,,,,,3871,17,26,01,1,,,0,0
equipment-event-060,login.pcapng,0,actor-01,actor-01,aggregate-event,,,0x6b6e041d,after-only,,,,,,3817,17,22,ad00,173,,,0,0
equipment-event-060,login.pcapng,0,actor-01,actor-01,aggregate-event,,,0x6ccaf8b3,after-only,,,,,,3804,17,21,4300,67,,,0,0
equipment-event-060,login.pcapng,0,actor-01,actor-01,aggregate-event,,,0x6d5633b9,after-only,,,,,,3787,17,20,ffffffff,4294967295,,,0,0
equipment-event-060,login.pcapng,0,actor-01,actor-01,aggregate-event,,,0x748287f9,after-only,,,,,,3828,17,23,fd6a0000,27389,,,0,0
equipment-event-060,login.pcapng,0,actor-01,actor-01,aggregate-event,,,0x7532ce24,after-only,,,,,,3783,17,20,04,4,,,0,0
equipment-event-060,login.pcapng,0,actor-01,actor-01,aggregate-event,,,0x79c7ecff,after-only,,,,,,3805,17,21,9600,150,,,0,0
equipment-event-060,login.pcapng,0,actor-01,actor-01,aggregate-event,,,0x7b2f0a94,after-only,,,,,,3827,17,23,ab0e0000,3755,,,0,0
equipment-event-060,login.pcapng,0,actor-01,actor-01,aggregate-event,,,0x7b675313,after-only,,,,,,3777,17,20,01,1,,,0,0
equipment-event-060,login.pcapng,0,actor-01,actor-01,aggregate-event,,,0x7bcdfb69,after-only,,,,,,3780,17,20,f602,758,,,0,0
equipment-event-060,login.pcapng,0,actor-01,actor-01,aggregate-event,,,0x7cc10854,after-only,,,,,,3877,17,26,01,1,,,0,0
equipment-event-060,login.pcapng,0,actor-01,actor-01,aggregate-event,,,0x7da83ade,after-only,,,,,,3837,17,24,0f52f0a0,2700104207,,,0,0
equipment-event-060,login.pcapng,0,actor-01,actor-01,aggregate-event,,,0x7efd97e4,after-only,,,,,,3845,17,24,3973f0a0,2700112697,,,0,0
equipment-event-060,login.pcapng,0,actor-01,actor-01,aggregate-event,,,0x7ff0ee64,after-only,,,,,,3860,17,25,01,1,,,0,0
equipment-event-060,login.pcapng,0,actor-01,actor-01,aggregate-event,,,0x80dfda92,after-only,,,,,,3850,17,25,d26af0a0,2700110546,,,0,0
equipment-event-060,login.pcapng,0,actor-01,actor-01,aggregate-event,,,0x85aafe74,after-only,,,,,,3891,17,27,01,1,,,0,0
equipment-event-060,login.pcapng,0,actor-01,actor-01,aggregate-event,,,0x89098566,after-only,,,,,,3833,17,23,e32ef0a0,2700095203,,,0,0
equipment-event-060,login.pcapng,0,actor-01,actor-01,aggregate-event,,,0x8a5cbc5b,after-only,,,,,,3869,17,26,01,1,,,0,0
equipment-event-060,login.pcapng,0,actor-01,actor-01,aggregate-event,,,0x8a676a74,after-only,,,,,,3858,17,25,3a6af0a0,2700110394,,,0,0
equipment-event-060,login.pcapng,0,actor-01,actor-01,aggregate-event,,,0x8b4fa1a4,after-only,,,,,,3893,17,27,01,1,,,0,0
equipment-event-060,login.pcapng,0,actor-01,actor-01,aggregate-event,,,0x8c336da3,after-only,,,,,,3786,17,20,ffffffff,4294967295,,,0,0
equipment-event-060,login.pcapng,0,actor-01,actor-01,aggregate-event,,,0x8c44e56b,after-only,,,,,,3785,17,20,ffffffff,4294967295,,,0,0
equipment-event-060,login.pcapng,0,actor-01,actor-01,aggregate-event,,,0x8cae90db,after-only,,,,,,3814,17,22,9200,146,,,0,0
equipment-event-060,login.pcapng,0,actor-01,actor-01,aggregate-event,,,0x8d974f1c,after-only,,,,,,3894,17,27,0c23e050,1356866316,,,0,0
equipment-event-060,login.pcapng,0,actor-01,actor-01,aggregate-event,,,0x8e4e1fb2,after-only,,,,,,3866,17,26,01,1,,,0,0
equipment-event-060,login.pcapng,0,actor-01,actor-01,aggregate-event,,,0x91cd44e7,after-only,,,,,,3811,17,22,9700,151,,,0,0
equipment-event-060,login.pcapng,0,actor-01,actor-01,aggregate-event,,,0x939e884a,after-only,,,,,,3800,17,21,5c00,92,,,0,0
equipment-event-060,login.pcapng,0,actor-01,actor-01,aggregate-event,,,0x958051f1,after-only,,,,,,3852,17,25,7c6af0a0,2700110460,,,0,0
equipment-event-060,login.pcapng,0,actor-01,actor-01,aggregate-event,,,0x95bcf98a,after-only,,,,,,3795,17,21,01,1,,,0,0
equipment-event-060,login.pcapng,0,actor-01,actor-01,aggregate-event,,,0x96063588,after-only,,,,,,3784,17,20,1a00,26,,,0,0
equipment-event-060,login.pcapng,0,actor-01,actor-01,aggregate-event,,,0x98bcf012,after-only,,,,,,3886,17,27,01,1,,,0,0
equipment-event-060,login.pcapng,0,actor-01,actor-01,aggregate-event,,,0x9a378611,after-only,,,,,,3905,17,28,0c23e050,1356866316,,,0,0
equipment-event-060,login.pcapng,0,actor-01,actor-01,aggregate-event,,,0x9db2fd87,after-only,,,,,,3903,17,28,0c23e050,1356866316,,,0,0
equipment-event-060,login.pcapng,0,actor-01,actor-01,aggregate-event,,,0x9f278594,after-only,,,,,,3861,17,25,01,1,,,0,0
equipment-event-060,login.pcapng,0,actor-01,actor-01,aggregate-event,,,0x9fd558d0,after-only,,,,,,3904,17,28,0c23e050,1356866316,,,0,0
equipment-event-060,login.pcapng,0,actor-01,actor-01,aggregate-event,,,0xa2478ea5,after-only,,,,,,3897,17,27,0c23e050,1356866316,,,0,0
equipment-event-060,login.pcapng,0,actor-01,actor-01,aggregate-event,,,0xa329599a,after-only,,,,,,3816,17,22,a900,169,,,0,0
equipment-event-060,login.pcapng,0,actor-01,actor-01,aggregate-event,,,0xa6d426c4,after-only,,,,,,3876,17,26,01,1,,,0,0
equipment-event-060,login.pcapng,0,actor-01,actor-01,aggregate-event,,,0xabb78bce,after-only,,,,,,3870,17,26,01,1,,,0,0
equipment-event-060,login.pcapng,0,actor-01,actor-01,aggregate-event,,,0xacc58f29,after-only,,,,,,3825,17,23,81230000,9089,,,0,0
equipment-event-060,login.pcapng,0,actor-01,actor-01,aggregate-event,,,0xad16c7ae,after-only,,,,,,3838,17,24,e92ef0a0,2700095209,,,0,0
equipment-event-060,login.pcapng,0,actor-01,actor-01,aggregate-event,,,0xadef0b22,after-only,,,,,,3882,17,27,01,1,,,0,0
equipment-event-060,login.pcapng,0,actor-01,actor-01,aggregate-event,,,0xb3663189,after-only,,,,,,3794,17,21,01,1,,,0,0
equipment-event-060,login.pcapng,0,actor-01,actor-01,aggregate-event,,,0xb5993ddc,after-only,,,,,,3839,17,24,ea2ef0a0,2700095210,,,0,0
equipment-event-060,login.pcapng,0,actor-01,actor-01,aggregate-event,,,0xb9c13d96,after-only,,,,,,3874,17,26,01,1,,,0,0
equipment-event-060,login.pcapng,0,actor-01,actor-01,aggregate-event,,,0xba51c4e1,after-only,,,,,,3813,17,22,a900,169,,,0,0
equipment-event-060,login.pcapng,0,actor-01,actor-01,aggregate-event,,,0xbb9cc775,after-only,,,,,,3822,17,23,0000803e,1048576000,,,0,0
equipment-event-060,login.pcapng,0,actor-01,actor-01,aggregate-event,,,0xbca83abb,after-only,,,,,,3907,17,28,32b3df50,1356837682,,,0,0
equipment-event-060,login.pcapng,0,actor-01,actor-01,aggregate-event,,,0xc0f66df7,after-only,,,,,,3774,17,20,3333d340,1087583027,,,0,0
equipment-event-060,login.pcapng,0,actor-01,actor-01,aggregate-event,,,0xc5c48a58,after-only,,,,,,3865,17,26,01,1,,,0,0
equipment-event-060,login.pcapng,0,actor-01,actor-01,aggregate-event,,,0xc642e791,after-only,,,,,,3900,17,28,0c23e050,1356866316,,,0,0
equipment-event-060,login.pcapng,0,actor-01,actor-01,aggregate-event,,,0xc8c3a058,after-only,,,,,,3881,17,26,01,1,,,0,0
equipment-event-060,login.pcapng,0,actor-01,actor-01,aggregate-event,,,0xc9045217,after-only,,,,,,3843,17,24,fc55f0a0,2700105212,,,0,0
equipment-event-060,login.pcapng,0,actor-01,actor-01,aggregate-event,,,0xca132bc5,after-only,,,,,,3847,17,24,366af0a0,2700110390,,,0,0
equipment-event-060,login.pcapng,0,actor-01,actor-01,aggregate-event,,,0xca9f30e5,after-only,,,,,,3859,17,25,2f6af0a0,2700110383,,,0,0
equipment-event-060,login.pcapng,0,actor-01,actor-01,aggregate-event,,,0xd57dc284,after-only,,,,,,3819,17,22,ae00,174,,,0,0
equipment-event-060,login.pcapng,0,actor-01,actor-01,aggregate-event,,,0xd5c5254a,after-only,,,,,,3788,17,20,ffffffff,4294967295,,,0,0
equipment-event-060,login.pcapng,0,actor-01,actor-01,aggregate-event,,,0xd68fa0e1,after-only,,,,,,3906,17,28,23b3df50,1356837667,,,0,0
equipment-event-060,login.pcapng,0,actor-01,actor-01,aggregate-event,,,0xd71d3b0e,after-only,,,,,,3848,17,25,376af0a0,2700110391,,,0,0
equipment-event-060,login.pcapng,0,actor-01,actor-01,aggregate-event,,,0xdba408a0,after-only,,,,,,3823,17,23,ce180000,6350,,,0,0
equipment-event-060,login.pcapng,0,actor-01,actor-01,aggregate-event,,,0xdc4f03f9,after-only,,,,,,3797,17,21,01,1,,,0,0
equipment-event-060,login.pcapng,0,actor-01,actor-01,aggregate-event,,,0xdf99e003,after-only,,,,,,3826,17,23,c4780000,30916,,,0,0
equipment-event-060,login.pcapng,0,actor-01,actor-01,aggregate-event,,,0xe14b0ca8,after-only,,,,,,3775,17,20,01,1,,,0,0
equipment-event-060,login.pcapng,0,actor-01,actor-01,aggregate-event,,,0xe17d8c7a,after-only,,,,,,3806,17,22,9600,150,,,0,0
equipment-event-060,login.pcapng,0,actor-01,actor-01,aggregate-event,,,0xe4567838,after-only,,,,,,3879,17,26,01,1,,,0,0
equipment-event-060,login.pcapng,0,actor-01,actor-01,aggregate-event,,,0xe764c45d,after-only,,,,,,3831,17,23,0952f0a0,2700104201,,,0,0
equipment-event-060,login.pcapng,0,actor-01,actor-01,aggregate-event,,,0xe7ed17a0,after-only,,,,,,3855,17,25,2d6af0a0,2700110381,,,0,0
equipment-event-060,login.pcapng,0,actor-01,actor-01,aggregate-event,,,0xeb90baab,after-only,,,,,,3818,17,22,a600,166,,,0,0
equipment-event-060,login.pcapng,0,actor-01,actor-01,aggregate-event,,,0xed6de041,after-only,,,,,,3832,17,23,0a52f0a0,2700104202,,,0,0
equipment-event-060,login.pcapng,0,actor-01,actor-01,aggregate-event,,,0xedad792f,after-only,,,,,,3910,17,28,a1d4ca50,1355469985,,,0,0
equipment-event-060,login.pcapng,0,actor-01,actor-01,aggregate-event,,,0xf01787b7,after-only,,,,,,3835,17,24,0d52f0a0,2700104205,,,0,0
equipment-event-060,login.pcapng,0,actor-01,actor-01,aggregate-event,,,0xf053ac1a,after-only,,,,,,3842,17,24,eb2ef0a0,2700095211,,,0,0
equipment-event-060,login.pcapng,0,actor-01,actor-01,aggregate-event,,,0xf2e07ff4,after-only,,,,,,3856,17,25,3e6af0a0,2700110398,,,0,0
equipment-event-060,login.pcapng,0,actor-01,actor-01,aggregate-event,,,0xf55d07a5,after-only,,,,,,3878,17,26,01,1,,,0,0
equipment-event-060,login.pcapng,0,actor-01,actor-01,aggregate-event,,,0xf642f974,after-only,,,,,,3849,17,25,396af0a0,2700110393,,,0,0
equipment-event-060,login.pcapng,0,actor-01,actor-01,aggregate-event,,,0xfbfbcfb1,after-only,,,,,,3778,17,20,01,1,,,0,0
equipment-event-060,login.pcapng,0,actor-01,actor-01,aggregate-event,,,0xfcdfdcac,after-only,,,,,,3885,17,27,01,1,,,0,0
equipment-event-060,login.pcapng,0,actor-01,actor-01,aggregate-event,,,0xfdd1f6de,after-only,,,,,,3796,17,21,01,1,,,0,0
equipment-event-067,move_out_of_room.pcapng,0,actor-01,actor-01,aggregate-event,,,0x002c1cd3,after-only,,,,,,4208,40,28,1109f5a0,2700413201,,,0,0
equipment-event-067,move_out_of_room.pcapng,0,actor-01,actor-01,aggregate-event,,,0x01e244c5,after-only,,,,,,4066,40,19,ffffffff,4294967295,,,0,0
equipment-event-067,move_out_of_room.pcapng,0,actor-01,actor-01,aggregate-event,,,0x03aede7b,after-only,,,,,,4134,40,23,2c6af0a0,2700110380,,,0,0
equipment-event-067,move_out_of_room.pcapng,0,actor-01,actor-01,aggregate-event,,,0x04a05dae,after-only,,,,,,4178,40,26,0c23e050,1356866316,,,0,0
equipment-event-067,move_out_of_room.pcapng,0,actor-01,actor-01,aggregate-event,,,0x0cca47c4,after-only,,,,,,4070,40,19,01,1,,,0,0
equipment-event-067,move_out_of_room.pcapng,0,actor-01,actor-01,aggregate-event,,,0x0cdd66e8,after-only,,,,,,4150,40,24,01,1,,,0,0
equipment-event-067,move_out_of_room.pcapng,0,actor-01,actor-01,aggregate-event,,,0x0db5a5bf,after-only,,,,,,4050,40,18,0a,10,,,0,0
equipment-event-067,move_out_of_room.pcapng,0,actor-01,actor-01,aggregate-event,,,0x0e4920e3,after-only,,,,,,4101,40,21,b51f0000,8117,,,0,0
equipment-event-067,move_out_of_room.pcapng,0,actor-01,actor-01,aggregate-event,,,0x0e704141,after-only,,,,,,4080,40,19,4c00,76,,,0,0
equipment-event-067,move_out_of_room.pcapng,0,actor-01,actor-01,aggregate-event,,,0x10f6fd7c,after-only,,,,,,4190,40,27,0c23e050,1356866316,,,0,0
equipment-event-067,move_out_of_room.pcapng,0,actor-01,actor-01,aggregate-event,,,0x11b1b22d,after-only,,,,,,4089,40,20,9d00,157,,,0,0
equipment-event-067,move_out_of_room.pcapng,0,actor-01,actor-01,aggregate-event,,,0x13f89710,after-only,,,,,,4058,40,18,f900,249,,,0,0
equipment-event-067,move_out_of_room.pcapng,0,actor-01,actor-01,aggregate-event,,,0x1662a1bf,after-only,,,,,,4176,40,26,0c23e050,1356866316,,,0,0
equipment-event-067,move_out_of_room.pcapng,0,actor-01,actor-01,aggregate-event,,,0x17ab37ef,after-only,,,,,,4097,40,20,aa00,170,,,0,0
equipment-event-067,move_out_of_room.pcapng,0,actor-01,actor-01,aggregate-event,,,0x18734cc5,after-only,,,,,,4149,40,24,01,1,,,0,0
equipment-event-067,move_out_of_room.pcapng,0,actor-01,actor-01,aggregate-event,,,0x19b5d704,after-only,,,,,,4202,40,28,0000803f,1065353216,,,0,0
equipment-event-067,move_out_of_room.pcapng,0,actor-01,actor-01,aggregate-event,,,0x1b37117e,after-only,,,,,,4166,40,25,01,1,,,0,0
equipment-event-067,move_out_of_room.pcapng,0,actor-01,actor-01,aggregate-event,,,0x1bc46a06,after-only,,,,,,4169,40,25,01,1,,,0,0
equipment-event-067,move_out_of_room.pcapng,0,actor-01,actor-01,aggregate-event,,,0x1bc92b93,after-only,,,,,,4203,40,28,ffff,65535,,,0,0
equipment-event-067,move_out_of_room.pcapng,0,actor-01,actor-01,aggregate-event,,,0x1c2aec73,after-only,,,,,,4085,40,20,9600,150,,,0,0
equipment-event-067,move_out_of_room.pcapng,0,actor-01,actor-01,aggregate-event,,,0x1c420f6c,after-only,,,,,,4139,40,24,01,1,,,0,0
equipment-event-067,move_out_of_room.pcapng,0,actor-01,actor-01,aggregate-event,,,0x1e1bdb29,after-only,,,,,,4204,40,28,ffff,65535,,,0,0
equipment-event-067,move_out_of_room.pcapng,0,actor-01,actor-01,aggregate-event,,,0x1f3dacc5,after-only,,,,,,4092,40,20,a900,169,,,0,0
equipment-event-067,move_out_of_room.pcapng,0,actor-01,actor-01,aggregate-event,,,0x1fa0bdf7,after-only,,,,,,4212,40,28,3eb0f1a0,2700193854,,,0,0
equipment-event-067,move_out_of_room.pcapng,0,actor-01,actor-01,aggregate-event,,,0x204cf942,after-only,,,,,,4084,40,20,9600,150,,,0,0
equipment-event-067,move_out_of_room.pcapng,0,actor-01,actor-01,aggregate-event,,,0x20fe7d3f,after-only,,,,,,4207,40,28,05,5,,,0,0
equipment-event-067,move_out_of_room.pcapng,0,actor-01,actor-01,aggregate-event,,,0x2138fd71,after-only,,,,,,4053,40,18,01,1,,,0,0
equipment-event-067,move_out_of_room.pcapng,0,actor-01,actor-01,aggregate-event,,,0x22bc605f,after-only,,,,,,4189,40,27,79745550,1347777657,,,0,0
equipment-event-067,move_out_of_room.pcapng,0,actor-01,actor-01,aggregate-event,,,0x24224121,after-only,,,,,,4131,40,23,2e6af0a0,2700110382,,,0,0
equipment-event-067,move_out_of_room.pcapng,0,actor-01,actor-01,aggregate-event,,,0x2526d379,after-only,,,,,,4160,40,25,01,1,,,0,0
equipment-event-067,move_out_of_room.pcapng,0,actor-01,actor-01,aggregate-event,,,0x28887bd6,after-only,,,,,,4173,40,25,0c23e050,1356866316,,,0,0
equipment-event-067,move_out_of_room.pcapng,0,actor-01,actor-01,aggregate-event,,,0x2a4f53c7,after-only,,,,,,4107,40,21,2d040000,1069,,,0,0
equipment-event-067,move_out_of_room.pcapng,0,actor-01,actor-01,aggregate-event,,,0x2bcd68aa,after-only,,,,,,4157,40,24,20,32,,,0,0
equipment-event-067,move_out_of_room.pcapng,0,actor-01,actor-01,aggregate-event,,,0x2dfbc13a,after-only,,,,,,4079,40,19,4f00,79,,,0,0
equipment-event-067,move_out_of_room.pcapng,0,actor-01,actor-01,aggregate-event,,,0x2f5ac0cc,after-only,,,,,,4130,40,23,806af0a0,2700110464,,,0,0
equipment-event-067,move_out_of_room.pcapng,0,actor-01,actor-01,aggregate-event,,,0x318836c0,after-only,,,,,,4144,40,24,01,1,,,0,0
equipment-event-067,move_out_of_room.pcapng,0,actor-01,actor-01,aggregate-event,,,0x36b51229,after-only,,,,,,4179,40,26,0c23e050,1356866316,,,0,0
equipment-event-067,move_out_of_room.pcapng,0,actor-01,actor-01,aggregate-event,,,0x38c8b08f,after-only,,,,,,4117,40,22,e52ef0a0,2700095205,,,0,0
equipment-event-067,move_out_of_room.pcapng,0,actor-01,actor-01,aggregate-event,,,0x39f384cf,after-only,,,,,,4118,40,22,e72ef0a0,2700095207,,,0,0
equipment-event-067,move_out_of_room.pcapng,0,actor-01,actor-01,aggregate-event,,,0x3c674537,after-only,,,,,,4193,40,27,79745550,1347777657,,,0,0
equipment-event-067,move_out_of_room.pcapng,0,actor-01,actor-01,aggregate-event,,,0x3c95d5c5,after-only,,,,,,4059,40,18,f900,249,,,0,0
equipment-event-067,move_out_of_room.pcapng,0,actor-01,actor-01,aggregate-event,,,0x3e1a660f,after-only,,,,,,4123,40,22,ff55f0a0,2700105215,,,0,0
equipment-event-067,move_out_of_room.pcapng,0,actor-01,actor-01,aggregate-event,,,0x415881ad,after-only,,,,,,4068,40,19,ffffffff,4294967295,,,0,0
equipment-event-067,move_out_of_room.pcapng,0,actor-01,actor-01,aggregate-event,,,0x416571ac,after-only,,,,,,4078,40,19,6600,102,,,0,0
equipment-event-067,move_out_of_room.pcapng,0,actor-01,actor-01,aggregate-event,,,0x41991fca,after-only,,,,,,4075,40,19,01,1,,,0,0
equipment-event-067,move_out_of_room.pcapng,0,actor-01,actor-01,aggregate-event,,,0x419b046f,after-only,,,,,,4145,40,24,01,1,,,0,0
equipment-event-067,move_out_of_room.pcapng,0,actor-01,actor-01,aggregate-event,,,0x4232bcaa,after-only,,,,,,4056,40,18,f602,758,,,0,0
equipment-event-067,move_out_of_room.pcapng,0,actor-01,actor-01,aggregate-event,,,0x44849402,after-only,,,,,,4201,40,27,0000803f,1065353216,,,0,0
equipment-event-067,move_out_of_room.pcapng,0,actor-01,actor-01,aggregate-event,,,0x45b85823,after-only,,,,,,4185,40,26,faacdf50,1356836090,,,0,0
equipment-event-067,move_out_of_room.pcapng,0,actor-01,actor-01,aggregate-event,,,0x469403ba,after-only,,,,,,4128,40,23,dc69f0a0,2700110300,,,0,0
equipment-event-067,move_out_of_room.pcapng,0,actor-01,actor-01,aggregate-event,,,0x470d61da,after-only,,,,,,4121,40,22,fd55f0a0,2700105213,,,0,0
equipment-event-067,move_out_of_room.pcapng,0,actor-01,actor-01,aggregate-event,,,0x49ced7cd,after-only,,,,,,4194,40,27,79745550,1347777657,,,0,0
equipment-event-067,move_out_of_room.pcapng,0,actor-01,actor-01,aggregate-event,,,0x4b2a7d17,after-only,,,,,,4167,40,25,01,1,,,0,0
equipment-event-067,move_out_of_room.pcapng,0,actor-01,actor-01,aggregate-event,,,0x4db13e27,after-only,,,,,,4200,40,27,79745550,1347777657,,,0,0
equipment-event-067,move_out_of_room.pcapng,0,actor-01,actor-01,aggregate-event,,,0x4f365e47,after-only,,,,,,4175,40,25,0c23e050,1356866316,,,0,0
equipment-event-067,move_out_of_room.pcapng,0,actor-01,actor-01,aggregate-event,,,0x50ffb0a4,after-only,,,,,,4067,40,19,ffffffff,4294967295,,,0,0
equipment-event-067,move_out_of_room.pcapng,0,actor-01,actor-01,aggregate-event,,,0x5272eae9,after-only,,,,,,4172,40,25,0c23e050,1356866316,,,0,0
equipment-event-067,move_out_of_room.pcapng,0,actor-01,actor-01,aggregate-event,,,0x570e1086,after-only,,,,,,4213,40,28,34b0f1a0,2700193844,,,0,0
equipment-event-067,move_out_of_room.pcapng,0,actor-01,actor-01,aggregate-event,,,0x573fe04c,after-only,,,,,,4098,40,20,0000803f,1065353216,,,0,0
equipment-event-067,move_out_of_room.pcapng,0,actor-01,actor-01,aggregate-event,,,0x5883d746,after-only,,,,,,4186,40,26,3aaddf50,1356836154,,,0,0
equipment-event-067,move_out_of_room.pcapng,0,actor-01,actor-01,aggregate-event,,,0x58cd7cc0,after-only,,,,,,4161,40,25,01,1,,,0,0
equipment-event-067,move_out_of_room.pcapng,0,actor-01,actor-01,aggregate-event,,,0x5a0a4034,after-only,,,,,,4141,40,24,01,1,,,0,0
equipment-event-067,move_out_of_room.pcapng,0,actor-01,actor-01,aggregate-event,,,0x5cdee710,after-only,,,,,,4211,40,28,38b0f1a0,2700193848,,,0,0
equipment-event-067,move_out_of_room.pcapng,0,actor-01,actor-01,aggregate-event,,,0x5d9dbe46,after-only,,,,,,4188,40,26,79745550,1347777657,,,0,0
equipment-event-067,move_out_of_room.pcapng,0,actor-01,actor-01,aggregate-event,,,0x5f0f0e64,after-only,,,,,,4164,40,25,01,1,,,0,0
equipment-event-067,move_out_of_room.pcapng,0,actor-01,actor-01,aggregate-event,,,0x5fc56d16,after-only,,,,,,4086,40,20,a000,160,,,0,0
equipment-event-067,move_out_of_room.pcapng,0,actor-01,actor-01,aggregate-event,,,0x6047e4bd,after-only,,,,,,4106,40,21,63c70000,51043,,,0,0
equipment-event-067,move_out_of_room.pcapng,0,actor-01,actor-01,aggregate-event,,,0x6065f862,after-only,,,,,,4152,40,24,01,1,,,0,0
equipment-event-067,move_out_of_room.pcapng,0,actor-01,actor-01,aggregate-event,,,0x6161a641,after-only,,,,,,4111,40,21,e42ef0a0,2700095204,,,0,0
equipment-event-067,move_out_of_room.pcapng,0,actor-01,actor-01,aggregate-event,,,0x61816dfe,after-only,,,,,,4069,40,19,ffffffff,4294967295,,,0,0
equipment-event-067,move_out_of_room.pcapng,0,actor-01,actor-01,aggregate-event,,,0x63d4b0db,after-only,,,,,,4195,40,27,79745550,1347777657,,,0,0
equipment-event-067,move_out_of_room.pcapng,0,actor-01,actor-01,aggregate-event,,,0x647a29a8,after-only,,,,,,4076,40,19,6100,97,,,0,0
equipment-event-067,move_out_of_room.pcapng,0,actor-01,actor-01,aggregate-event,,,0x64803e98,after-only,,,,,,4087,40,20,9600,150,,,0,0
equipment-event-067,move_out_of_room.pcapng,0,actor-01,actor-01,aggregate-event,,,0x671ef2b1,after-only,,,,,,4165,40,25,01,1,,,0,0
equipment-event-067,move_out_of_room.pcapng,0,actor-01,actor-01,aggregate-event,,,0x69263cb7,after-only,,,,,,4140,40,24,01,1,,,0,0
equipment-event-067,move_out_of_room.pcapng,0,actor-01,actor-01,aggregate-event,,,0x69579da7,after-only,,,,,,4113,40,22,0e52f0a0,2700104206,,,0,0
equipment-event-067,move_out_of_room.pcapng,0,actor-01,actor-01,aggregate-event,,,0x6974eda5,after-only,,,,,,4210,40,28,00b4f1a0,2700194816,,,0,0
equipment-event-067,move_out_of_room.pcapng,0,actor-01,actor-01,aggregate-event,,,0x6b060065,after-only,,,,,,4148,40,24,01,1,,,0,0
equipment-event-067,move_out_of_room.pcapng,0,actor-01,actor-01,aggregate-event,,,0x6b6e041d,after-only,,,,,,4094,40,20,ad00,173,,,0,0
equipment-event-067,move_out_of_room.pcapng,0,actor-01,actor-01,aggregate-event,,,0x6b9c6437,after-only,,,,,,4197,40,27,79745550,1347777657,,,0,0
equipment-event-067,move_out_of_room.pcapng,0,actor-01,actor-01,aggregate-event,,,0x6ccaf8b3,after-only,,,,,,4081,40,19,4300,67,,,0,0
equipment-event-067,move_out_of_room.pcapng,0,actor-01,actor-01,aggregate-event,,,0x6d5633b9,after-only,,,,,,4064,40,18,ffffffff,4294967295,,,0,0
equipment-event-067,move_out_of_room.pcapng,0,actor-01,actor-01,aggregate-event,,,0x748287f9,after-only,,,,,,4105,40,21,fd6a0000,27389,,,0,0
equipment-event-067,move_out_of_room.pcapng,0,actor-01,actor-01,aggregate-event,,,0x7532ce24,after-only,,,,,,4060,40,18,04,4,,,0,0
equipment-event-067,move_out_of_room.pcapng,0,actor-01,actor-01,aggregate-event,,,0x79c7ecff,after-only,,,,,,4082,40,19,9600,150,,,0,0
equipment-event-067,move_out_of_room.pcapng,0,actor-01,actor-01,aggregate-event,,,0x7b2f0a94,after-only,,,,,,4104,40,21,ab0e0000,3755,,,0,0
equipment-event-067,move_out_of_room.pcapng,0,actor-01,actor-01,aggregate-event,,,0x7b675313,after-only,,,,,,4054,40,18,01,1,,,0,0
equipment-event-067,move_out_of_room.pcapng,0,actor-01,actor-01,aggregate-event,,,0x7bcdfb69,after-only,,,,,,4057,40,18,f602,758,,,0,0
equipment-event-067,move_out_of_room.pcapng,0,actor-01,actor-01,aggregate-event,,,0x7cc10854,after-only,,,,,,4154,40,24,01,1,,,0,0
equipment-event-067,move_out_of_room.pcapng,0,actor-01,actor-01,aggregate-event,,,0x7da83ade,after-only,,,,,,4114,40,22,0f52f0a0,2700104207,,,0,0
equipment-event-067,move_out_of_room.pcapng,0,actor-01,actor-01,aggregate-event,,,0x7efd97e4,after-only,,,,,,4122,40,22,3973f0a0,2700112697,,,0,0
equipment-event-067,move_out_of_room.pcapng,0,actor-01,actor-01,aggregate-event,,,0x7fc8b15d,after-only,,,,,,4196,40,27,79745550,1347777657,,,0,0
equipment-event-067,move_out_of_room.pcapng,0,actor-01,actor-01,aggregate-event,,,0x7ff0ee64,after-only,,,,,,4137,40,23,01,1,,,0,0
equipment-event-067,move_out_of_room.pcapng,0,actor-01,actor-01,aggregate-event,,,0x80dfda92,after-only,,,,,,4127,40,23,d26af0a0,2700110546,,,0,0
equipment-event-067,move_out_of_room.pcapng,0,actor-01,actor-01,aggregate-event,,,0x85aafe74,after-only,,,,,,4168,40,25,01,1,,,0,0
equipment-event-067,move_out_of_room.pcapng,0,actor-01,actor-01,aggregate-event,,,0x89098566,after-only,,,,,,4110,40,21,e32ef0a0,2700095203,,,0,0
equipment-event-067,move_out_of_room.pcapng,0,actor-01,actor-01,aggregate-event,,,0x8a5cbc5b,after-only,,,,,,4146,40,24,01,1,,,0,0
equipment-event-067,move_out_of_room.pcapng,0,actor-01,actor-01,aggregate-event,,,0x8a676a74,after-only,,,,,,4135,40,23,3a6af0a0,2700110394,,,0,0
equipment-event-067,move_out_of_room.pcapng,0,actor-01,actor-01,aggregate-event,,,0x8b4fa1a4,after-only,,,,,,4170,40,25,01,1,,,0,0
equipment-event-067,move_out_of_room.pcapng,0,actor-01,actor-01,aggregate-event,,,0x8c336da3,after-only,,,,,,4063,40,18,ffffffff,4294967295,,,0,0
equipment-event-067,move_out_of_room.pcapng,0,actor-01,actor-01,aggregate-event,,,0x8c44e56b,after-only,,,,,,4062,40,18,ffffffff,4294967295,,,0,0
equipment-event-067,move_out_of_room.pcapng,0,actor-01,actor-01,aggregate-event,,,0x8cae90db,after-only,,,,,,4091,40,20,9200,146,,,0,0
equipment-event-067,move_out_of_room.pcapng,0,actor-01,actor-01,aggregate-event,,,0x8d974f1c,after-only,,,,,,4171,40,25,0c23e050,1356866316,,,0,0
equipment-event-067,move_out_of_room.pcapng,0,actor-01,actor-01,aggregate-event,,,0x8e4e1fb2,after-only,,,,,,4143,40,24,01,1,,,0,0
equipment-event-067,move_out_of_room.pcapng,0,actor-01,actor-01,aggregate-event,,,0x91cd44e7,after-only,,,,,,4088,40,20,9700,151,,,0,0
equipment-event-067,move_out_of_room.pcapng,0,actor-01,actor-01,aggregate-event,,,0x939e884a,after-only,,,,,,4077,40,19,5c00,92,,,0,0
equipment-event-067,move_out_of_room.pcapng,0,actor-01,actor-01,aggregate-event,,,0x94574d0a,after-only,,,,,,4198,40,27,79745550,1347777657,,,0,0
equipment-event-067,move_out_of_room.pcapng,0,actor-01,actor-01,aggregate-event,,,0x958051f1,after-only,,,,,,4129,40,23,7c6af0a0,2700110460,,,0,0
equipment-event-067,move_out_of_room.pcapng,0,actor-01,actor-01,aggregate-event,,,0x95bcf98a,after-only,,,,,,4072,40,19,01,1,,,0,0
equipment-event-067,move_out_of_room.pcapng,0,actor-01,actor-01,aggregate-event,,,0x96063588,after-only,,,,,,4061,40,18,1a00,26,,,0,0
equipment-event-067,move_out_of_room.pcapng,0,actor-01,actor-01,aggregate-event,,,0x97e78c4e,after-only,,,,,,4199,40,27,79745550,1347777657,,,0,0
equipment-event-067,move_out_of_room.pcapng,0,actor-01,actor-01,aggregate-event,,,0x98bcf012,after-only,,,,,,4163,40,25,01,1,,,0,0
equipment-event-067,move_out_of_room.pcapng,0,actor-01,actor-01,aggregate-event,,,0x9a378611,after-only,,,,,,4182,40,26,0c23e050,1356866316,,,0,0
equipment-event-067,move_out_of_room.pcapng,0,actor-01,actor-01,aggregate-event,,,0x9db2fd87,after-only,,,,,,4180,40,26,0c23e050,1356866316,,,0,0
equipment-event-067,move_out_of_room.pcapng,0,actor-01,actor-01,aggregate-event,,,0x9f278594,after-only,,,,,,4138,40,23,01,1,,,0,0
equipment-event-067,move_out_of_room.pcapng,0,actor-01,actor-01,aggregate-event,,,0x9fd558d0,after-only,,,,,,4181,40,26,0c23e050,1356866316,,,0,0
equipment-event-067,move_out_of_room.pcapng,0,actor-01,actor-01,aggregate-event,,,0xa2478ea5,after-only,,,,,,4174,40,25,0c23e050,1356866316,,,0,0
equipment-event-067,move_out_of_room.pcapng,0,actor-01,actor-01,aggregate-event,,,0xa329599a,after-only,,,,,,4093,40,20,a900,169,,,0,0
equipment-event-067,move_out_of_room.pcapng,0,actor-01,actor-01,aggregate-event,,,0xa6d426c4,after-only,,,,,,4153,40,24,01,1,,,0,0
equipment-event-067,move_out_of_room.pcapng,0,actor-01,actor-01,aggregate-event,,,0xabb78bce,after-only,,,,,,4147,40,24,01,1,,,0,0
equipment-event-067,move_out_of_room.pcapng,0,actor-01,actor-01,aggregate-event,,,0xacc58f29,after-only,,,,,,4102,40,21,81230000,9089,,,0,0
equipment-event-067,move_out_of_room.pcapng,0,actor-01,actor-01,aggregate-event,,,0xad16c7ae,after-only,,,,,,4115,40,22,e92ef0a0,2700095209,,,0,0
equipment-event-067,move_out_of_room.pcapng,0,actor-01,actor-01,aggregate-event,,,0xadef0b22,after-only,,,,,,4159,40,25,01,1,,,0,0
equipment-event-067,move_out_of_room.pcapng,0,actor-01,actor-01,aggregate-event,,,0xb1cbe069,after-only,,,,,,4205,40,28,04,4,,,0,0
equipment-event-067,move_out_of_room.pcapng,0,actor-01,actor-01,aggregate-event,,,0xb3663189,after-only,,,,,,4071,40,19,01,1,,,0,0
equipment-event-067,move_out_of_room.pcapng,0,actor-01,actor-01,aggregate-event,,,0xb5993ddc,after-only,,,,,,4116,40,22,ea2ef0a0,2700095210,,,0,0
equipment-event-067,move_out_of_room.pcapng,0,actor-01,actor-01,aggregate-event,,,0xb9c13d96,after-only,,,,,,4151,40,24,01,1,,,0,0
equipment-event-067,move_out_of_room.pcapng,0,actor-01,actor-01,aggregate-event,,,0xba51c4e1,after-only,,,,,,4090,40,20,a900,169,,,0,0
equipment-event-067,move_out_of_room.pcapng,0,actor-01,actor-01,aggregate-event,,,0xbb9cc775,after-only,,,,,,4099,40,21,0000803e,1048576000,,,0,0
equipment-event-067,move_out_of_room.pcapng,0,actor-01,actor-01,aggregate-event,,,0xbca83abb,after-only,,,,,,4184,40,26,32b3df50,1356837682,,,0,0
equipment-event-067,move_out_of_room.pcapng,0,actor-01,actor-01,aggregate-event,,,0xc0f66df7,after-only,,,,,,4051,40,18,3333d340,1087583027,,,0,0
equipment-event-067,move_out_of_room.pcapng,0,actor-01,actor-01,aggregate-event,,,0xc5c48a58,after-only,,,,,,4142,40,24,01,1,,,0,0
equipment-event-067,move_out_of_room.pcapng,0,actor-01,actor-01,aggregate-event,,,0xc642e791,after-only,,,,,,4177,40,26,0c23e050,1356866316,,,0,0
equipment-event-067,move_out_of_room.pcapng,0,actor-01,actor-01,aggregate-event,,,0xc8c3a058,after-only,,,,,,4158,40,24,01,1,,,0,0
equipment-event-067,move_out_of_room.pcapng,0,actor-01,actor-01,aggregate-event,,,0xc9045217,after-only,,,,,,4120,40,22,fc55f0a0,2700105212,,,0,0
equipment-event-067,move_out_of_room.pcapng,0,actor-01,actor-01,aggregate-event,,,0xca132bc5,after-only,,,,,,4124,40,22,366af0a0,2700110390,,,0,0
equipment-event-067,move_out_of_room.pcapng,0,actor-01,actor-01,aggregate-event,,,0xca9f30e5,after-only,,,,,,4136,40,23,2f6af0a0,2700110383,,,0,0
equipment-event-067,move_out_of_room.pcapng,0,actor-01,actor-01,aggregate-event,,,0xcfff28e0,after-only,,,,,,4214,40,28,acb0f1a0,2700193964,,,0,0
equipment-event-067,move_out_of_room.pcapng,0,actor-01,actor-01,aggregate-event,,,0xd4235016,after-only,,,,,,4215,40,28,43b0f1a0,2700193859,,,0,0
equipment-event-067,move_out_of_room.pcapng,0,actor-01,actor-01,aggregate-event,,,0xd57dc284,after-only,,,,,,4096,40,20,ae00,174,,,0,0
equipment-event-067,move_out_of_room.pcapng,0,actor-01,actor-01,aggregate-event,,,0xd5c5254a,after-only,,,,,,4065,40,18,ffffffff,4294967295,,,0,0
equipment-event-067,move_out_of_room.pcapng,0,actor-01,actor-01,aggregate-event,,,0xd68fa0e1,after-only,,,,,,4183,40,26,23b3df50,1356837667,,,0,0
equipment-event-067,move_out_of_room.pcapng,0,actor-01,actor-01,aggregate-event,,,0xd6917eac,changed,4049,9,0,3844aa3e,1051345976,4209,40,28,bd48aa3e,1051347133,31,7575,0,0
equipment-event-067,move_out_of_room.pcapng,0,actor-01,actor-01,aggregate-event,,,0xd71d3b0e,after-only,,,,,,4125,40,23,376af0a0,2700110391,,,0,0
equipment-event-067,move_out_of_room.pcapng,0,actor-01,actor-01,aggregate-event,,,0xdba408a0,after-only,,,,,,4100,40,21,ce180000,6350,,,0,0
equipment-event-067,move_out_of_room.pcapng,0,actor-01,actor-01,aggregate-event,,,0xdc4f03f9,after-only,,,,,,4074,40,19,01,1,,,0,0
equipment-event-067,move_out_of_room.pcapng,0,actor-01,actor-01,aggregate-event,,,0xdf99e003,after-only,,,,,,4103,40,21,c4780000,30916,,,0,0
equipment-event-067,move_out_of_room.pcapng,0,actor-01,actor-01,aggregate-event,,,0xe058a98c,after-only,,,,,,4192,40,27,79745550,1347777657,,,0,0
equipment-event-067,move_out_of_room.pcapng,0,actor-01,actor-01,aggregate-event,,,0xe14b0ca8,after-only,,,,,,4052,40,18,01,1,,,0,0
equipment-event-067,move_out_of_room.pcapng,0,actor-01,actor-01,aggregate-event,,,0xe17d8c7a,after-only,,,,,,4083,40,20,9600,150,,,0,0
equipment-event-067,move_out_of_room.pcapng,0,actor-01,actor-01,aggregate-event,,,0xe4567838,after-only,,,,,,4156,40,24,01,1,,,0,0
equipment-event-067,move_out_of_room.pcapng,0,actor-01,actor-01,aggregate-event,,,0xe764c45d,after-only,,,,,,4108,40,21,0952f0a0,2700104201,,,0,0
equipment-event-067,move_out_of_room.pcapng,0,actor-01,actor-01,aggregate-event,,,0xe7ed17a0,after-only,,,,,,4132,40,23,2d6af0a0,2700110381,,,0,0
equipment-event-067,move_out_of_room.pcapng,0,actor-01,actor-01,aggregate-event,,,0xeb90baab,after-only,,,,,,4095,40,20,a600,166,,,0,0
equipment-event-067,move_out_of_room.pcapng,0,actor-01,actor-01,aggregate-event,,,0xebbefbea,after-only,,,,,,4191,40,27,79745550,1347777657,,,0,0
equipment-event-067,move_out_of_room.pcapng,0,actor-01,actor-01,aggregate-event,,,0xed6de041,after-only,,,,,,4109,40,21,0a52f0a0,2700104202,,,0,0
equipment-event-067,move_out_of_room.pcapng,0,actor-01,actor-01,aggregate-event,,,0xedad792f,after-only,,,,,,4187,40,26,a1d4ca50,1355469985,,,0,0
equipment-event-067,move_out_of_room.pcapng,0,actor-01,actor-01,aggregate-event,,,0xf01787b7,after-only,,,,,,4112,40,22,0d52f0a0,2700104205,,,0,0
equipment-event-067,move_out_of_room.pcapng,0,actor-01,actor-01,aggregate-event,,,0xf053ac1a,after-only,,,,,,4119,40,22,eb2ef0a0,2700095211,,,0,0
equipment-event-067,move_out_of_room.pcapng,0,actor-01,actor-01,aggregate-event,,,0xf2e07ff4,after-only,,,,,,4133,40,23,3e6af0a0,2700110398,,,0,0
equipment-event-067,move_out_of_room.pcapng,0,actor-01,actor-01,aggregate-event,,,0xf55d07a5,after-only,,,,,,4155,40,24,01,1,,,0,0
equipment-event-067,move_out_of_room.pcapng,0,actor-01,actor-01,aggregate-event,,,0xf642f974,after-only,,,,,,4126,40,23,396af0a0,2700110393,,,0,0
equipment-event-067,move_out_of_room.pcapng,0,actor-01,actor-01,aggregate-event,,,0xf8a7dab1,after-only,,,,,,4206,40,28,05,5,,,0,0
equipment-event-067,move_out_of_room.pcapng,0,actor-01,actor-01,aggregate-event,,,0xfbfbcfb1,after-only,,,,,,4055,40,18,01,1,,,0,0
equipment-event-067,move_out_of_room.pcapng,0,actor-01,actor-01,aggregate-event,,,0xfcdfdcac,after-only,,,,,,4162,40,25,01,1,,,0,0
equipment-event-067,move_out_of_room.pcapng,0,actor-01,actor-01,aggregate-event,,,0xfdd1f6de,after-only,,,,,,4073,40,19,01,1,,,0,0
equipment-event-074,moving_around_gridania.pcapng,0,actor-02,actor-02,aggregate-event,,,0x01e244c5,after-only,,,,,,4503,211,19,ffffffff,4294967295,,,0,0
equipment-event-074,moving_around_gridania.pcapng,0,actor-02,actor-02,aggregate-event,,,0x03aede7b,after-only,,,,,,4571,211,23,126af0a0,2700110354,,,0,0
equipment-event-074,moving_around_gridania.pcapng,0,actor-02,actor-02,aggregate-event,,,0x04a05dae,after-only,,,,,,4613,211,26,3df0e050,1356918845,,,0,0
equipment-event-074,moving_around_gridania.pcapng,0,actor-02,actor-02,aggregate-event,,,0x079d8d67,after-only,,,,,,4638,211,27,0500,5,,,0,0
equipment-event-074,moving_around_gridania.pcapng,0,actor-02,actor-02,aggregate-event,,,0x0cca47c4,after-only,,,,,,4507,211,19,01,1,,,0,0
equipment-event-074,moving_around_gridania.pcapng,0,actor-02,actor-02,aggregate-event,,,0x0cdd66e8,after-only,,,,,,4586,211,24,01,1,,,0,0
equipment-event-074,moving_around_gridania.pcapng,0,actor-02,actor-02,aggregate-event,,,0x0db5a5bf,after-only,,,,,,4487,211,18,0a,10,,,0,0
equipment-event-074,moving_around_gridania.pcapng,0,actor-02,actor-02,aggregate-event,,,0x0e4920e3,after-only,,,,,,4538,211,21,b51f0000,8117,,,0,0
equipment-event-074,moving_around_gridania.pcapng,0,actor-02,actor-02,aggregate-event,,,0x0e704141,after-only,,,,,,4517,211,19,6a00,106,,,0,0
equipment-event-074,moving_around_gridania.pcapng,0,actor-02,actor-02,aggregate-event,,,0x10f6fd7c,after-only,,,,,,4625,211,27,0c23e050,1356866316,,,0,0
equipment-event-074,moving_around_gridania.pcapng,0,actor-02,actor-02,aggregate-event,,,0x11b1b22d,after-only,,,,,,4526,211,20,bc00,188,,,0,0
equipment-event-074,moving_around_gridania.pcapng,0,actor-02,actor-02,aggregate-event,,,0x13f89710,after-only,,,,,,4495,211,18,2402,548,,,0,0
equipment-event-074,moving_around_gridania.pcapng,0,actor-02,actor-02,aggregate-event,,,0x1662a1bf,after-only,,,,,,4611,211,25,10f0e050,1356918800,,,0,0
equipment-event-074,moving_around_gridania.pcapng,0,actor-02,actor-02,aggregate-event,,,0x17ab37ef,after-only,,,,,,4534,211,20,d400,212,,,0,0
equipment-event-074,moving_around_gridania.pcapng,0,actor-02,actor-02,aggregate-event,,,0x18734cc5,after-only,,,,,,4585,211,24,01,1,,,0,0
equipment-event-074,moving_around_gridania.pcapng,0,actor-02,actor-02,aggregate-event,,,0x19b5d704,after-only,,,,,,4649,211,28,0000803f,1065353216,,,0,0
equipment-event-074,moving_around_gridania.pcapng,0,actor-02,actor-02,aggregate-event,,,0x1b37117e,after-only,,,,,,4602,211,25,01,1,,,0,0
equipment-event-074,moving_around_gridania.pcapng,0,actor-02,actor-02,aggregate-event,,,0x1bc46a06,after-only,,,,,,4605,211,25,01,1,,,0,0
equipment-event-074,moving_around_gridania.pcapng,0,actor-02,actor-02,aggregate-event,,,0x1bc92b93,after-only,,,,,,4650,211,28,ffff,65535,,,0,0
equipment-event-074,moving_around_gridania.pcapng,0,actor-02,actor-02,aggregate-event,,,0x1c2aec73,after-only,,,,,,4522,211,20,b500,181,,,0,0
equipment-event-074,moving_around_gridania.pcapng,0,actor-02,actor-02,aggregate-event,,,0x1c420f6c,after-only,,,,,,4575,211,23,01,1,,,0,0
equipment-event-074,moving_around_gridania.pcapng,0,actor-02,actor-02,aggregate-event,,,0x1e1bdb29,after-only,,,,,,4651,211,28,ffff,65535,,,0,0
equipment-event-074,moving_around_gridania.pcapng,0,actor-02,actor-02,aggregate-event,,,0x1f3dacc5,after-only,,,,,,4529,211,20,c900,201,,,0,0
equipment-event-074,moving_around_gridania.pcapng,0,actor-02,actor-02,aggregate-event,,,0x204cf942,after-only,,,,,,4521,211,20,b500,181,,,0,0
equipment-event-074,moving_around_gridania.pcapng,0,actor-02,actor-02,aggregate-event,,,0x20fe7d3f,after-only,,,,,,4654,211,28,03,3,,,0,0
equipment-event-074,moving_around_gridania.pcapng,0,actor-02,actor-02,aggregate-event,,,0x2138fd71,after-only,,,,,,4490,211,18,01,1,,,0,0
equipment-event-074,moving_around_gridania.pcapng,0,actor-02,actor-02,aggregate-event,,,0x22bc605f,after-only,,,,,,4624,211,26,79745550,1347777657,,,0,0
equipment-event-074,moving_around_gridania.pcapng,0,actor-02,actor-02,aggregate-event,,,0x24224121,after-only,,,,,,4568,211,23,046af0a0,2700110340,,,0,0
equipment-event-074,moving_around_gridania.pcapng,0,actor-02,actor-02,aggregate-event,,,0x2526d379,after-only,,,,,,4596,211,25,01,1,,,0,0
equipment-event-074,moving_around_gridania.pcapng,0,actor-02,actor-02,aggregate-event,,,0x28887bd6,after-only,,,,,,4608,211,25,e8efe050,1356918760,,,0,0
equipment-event-074,moving_around_gridania.pcapng,0,actor-02,actor-02,aggregate-event,,,0x2a4f53c7,after-only,,,,,,4544,211,21,2d040000,1069,,,0,0
equipment-event-074,moving_around_gridania.pcapng,0,actor-02,actor-02,aggregate-event,,,0x2bcd68aa,after-only,,,,,,4593,211,24,20,32,,,0,0
equipment-event-074,moving_around_gridania.pcapng,0,actor-02,actor-02,aggregate-event,,,0x2dfbc13a,after-only,,,,,,4516,211,19,5300,83,,,0,0
equipment-event-074,moving_around_gridania.pcapng,0,actor-02,actor-02,aggregate-event,,,0x2f5ac0cc,after-only,,,,,,4567,211,23,066af0a0,2700110342,,,0,0
equipment-event-074,moving_around_gridania.pcapng,0,actor-02,actor-02,aggregate-event,,,0x2fba29dc,after-only,,,,,,4645,211,28,5000,80,,,0,0
equipment-event-074,moving_around_gridania.pcapng,0,actor-02,actor-02,aggregate-event,,,0x318836c0,after-only,,,,,,4580,211,24,01,1,,,0,0
equipment-event-074,moving_around_gridania.pcapng,0,actor-02,actor-02,aggregate-event,,,0x36b51229,after-only,,,,,,4614,211,26,01f0e050,1356918785,,,0,0
equipment-event-074,moving_around_gridania.pcapng,0,actor-02,actor-02,aggregate-event,,,0x38c8b08f,after-only,,,,,,4554,211,22,e52ef0a0,2700095205,,,0,0
equipment-event-074,moving_around_gridania.pcapng,0,actor-02,actor-02,aggregate-event,,,0x39f384cf,after-only,,,,,,4555,211,22,e72ef0a0,2700095207,,,0,0
equipment-event-074,moving_around_gridania.pcapng,0,actor-02,actor-02,aggregate-event,,,0x3c674537,after-only,,,,,,4628,211,27,79745550,1347777657,,,0,0
equipment-event-074,moving_around_gridania.pcapng,0,actor-02,actor-02,aggregate-event,,,0x3c95d5c5,after-only,,,,,,4496,211,18,2402,548,,,0,0
equipment-event-074,moving_around_gridania.pcapng,0,actor-02,actor-02,aggregate-event,,,0x3dd87222,after-only,,,,,,4637,211,27,1e00,30,,,0,0
equipment-event-074,moving_around_gridania.pcapng,0,actor-02,actor-02,aggregate-event,,,0x3e1a660f,after-only,,,,,,4560,211,22,ff55f0a0,2700105215,,,0,0
equipment-event-074,moving_around_gridania.pcapng,0,actor-02,actor-02,aggregate-event,,,0x415881ad,after-only,,,,,,4505,211,19,ffffffff,4294967295,,,0,0
equipment-event-074,moving_around_gridania.pcapng,0,actor-02,actor-02,aggregate-event,,,0x416571ac,after-only,,,,,,4515,211,19,6e00,110,,,0,0
equipment-event-074,moving_around_gridania.pcapng,0,actor-02,actor-02,aggregate-event,,,0x41991fca,after-only,,,,,,4512,211,19,01,1,,,0,0
equipment-event-074,moving_around_gridania.pcapng,0,actor-02,actor-02,aggregate-event,,,0x419b046f,after-only,,,,,,4581,211,24,01,1,,,0,0
equipment-event-074,moving_around_gridania.pcapng,0,actor-02,actor-02,aggregate-event,,,0x4232bcaa,after-only,,,,,,4493,211,18,f803,1016,,,0,0
equipment-event-074,moving_around_gridania.pcapng,0,actor-02,actor-02,aggregate-event,,,0x438e4fe6,after-only,,,,,,4646,211,28,0a00,10,,,0,0
equipment-event-074,moving_around_gridania.pcapng,0,actor-02,actor-02,aggregate-event,,,0x44849402,after-only,,,,,,4648,211,28,0000803f,1065353216,,,0,0
equipment-event-074,moving_around_gridania.pcapng,0,actor-02,actor-02,aggregate-event,,,0x45b85823,after-only,,,,,,4620,211,26,faacdf50,1356836090,,,0,0
equipment-event-074,moving_around_gridania.pcapng,0,actor-02,actor-02,aggregate-event,,,0x461773ff,after-only,,,,,,4641,211,28,7800,120,,,0,0
equipment-event-074,moving_around_gridania.pcapng,0,actor-02,actor-02,aggregate-event,,,0x469403ba,after-only,,,,,,4565,211,23,146af0a0,2700110356,,,0,0
equipment-event-074,moving_around_gridania.pcapng,0,actor-02,actor-02,aggregate-event,,,0x470d61da,after-only,,,,,,4558,211,22,fd55f0a0,2700105213,,,0,0
equipment-event-074,moving_around_gridania.pcapng,0,actor-02,actor-02,aggregate-event,,,0x49ced7cd,after-only,,,,,,4629,211,27,79745550,1347777657,,,0,0
equipment-event-074,moving_around_gridania.pcapng,0,actor-02,actor-02,aggregate-event,,,0x4b2a7d17,after-only,,,,,,4603,211,25,01,1,,,0,0
equipment-event-074,moving_around_gridania.pcapng,0,actor-02,actor-02,aggregate-event,,,0x4db13e27,after-only,,,,,,4635,211,27,79745550,1347777657,,,0,0
equipment-event-074,moving_around_gridania.pcapng,0,actor-02,actor-02,aggregate-event,,,0x4f365e47,after-only,,,,,,4610,211,25,01f0e050,1356918785,,,0,0
equipment-event-074,moving_around_gridania.pcapng,0,actor-02,actor-02,aggregate-event,,,0x50ffb0a4,after-only,,,,,,4504,211,19,ffffffff,4294967295,,,0,0
equipment-event-074,moving_around_gridania.pcapng,0,actor-02,actor-02,aggregate-event,,,0x5272eae9,after-only,,,,,,4607,211,25,01f0e050,1356918785,,,0,0
equipment-event-074,moving_around_gridania.pcapng,0,actor-02,actor-02,aggregate-event,,,0x573fe04c,after-only,,,,,,4535,211,20,0000803f,1065353216,,,0,0
equipment-event-074,moving_around_gridania.pcapng,0,actor-02,actor-02,aggregate-event,,,0x5883d746,after-only,,,,,,4621,211,26,3aaddf50,1356836154,,,0,0
equipment-event-074,moving_around_gridania.pcapng,0,actor-02,actor-02,aggregate-event,,,0x58cd7cc0,after-only,,,,,,4597,211,25,01,1,,,0,0
equipment-event-074,moving_around_gridania.pcapng,0,actor-02,actor-02,aggregate-event,,,0x5a0a4034,after-only,,,,,,4577,211,24,01,1,,,0,0
equipment-event-074,moving_around_gridania.pcapng,0,actor-02,actor-02,aggregate-event,,,0x5d9dbe46,after-only,,,,,,4623,211,26,79745550,1347777657,,,0,0
equipment-event-074,moving_around_gridania.pcapng,0,actor-02,actor-02,aggregate-event,,,0x5ea09ecd,after-only,,,,,,4647,211,28,2c01,300,,,0,0
equipment-event-074,moving_around_gridania.pcapng,0,actor-02,actor-02,aggregate-event,,,0x5f0f0e64,after-only,,,,,,4600,211,25,01,1,,,0,0
equipment-event-074,moving_around_gridania.pcapng,0,actor-02,actor-02,aggregate-event,,,0x5fc56d16,after-only,,,,,,4523,211,20,bf00,191,,,0,0
equipment-event-074,moving_around_gridania.pcapng,0,actor-02,actor-02,aggregate-event,,,0x6047e4bd,after-only,,,,,,4543,211,21,63c70000,51043,,,0,0
equipment-event-074,moving_around_gridania.pcapng,0,actor-02,actor-02,aggregate-event,,,0x6065f862,after-only,,,,,,4588,211,24,01,1,,,0,0
equipment-event-074,moving_around_gridania.pcapng,0,actor-02,actor-02,aggregate-event,,,0x6161a641,after-only,,,,,,4548,211,21,e42ef0a0,2700095204,,,0,0
equipment-event-074,moving_around_gridania.pcapng,0,actor-02,actor-02,aggregate-event,,,0x61816dfe,after-only,,,,,,4506,211,19,ffffffff,4294967295,,,0,0
equipment-event-074,moving_around_gridania.pcapng,0,actor-02,actor-02,aggregate-event,,,0x620811c8,after-only,,,,,,4636,211,27,0a00,10,,,0,0
equipment-event-074,moving_around_gridania.pcapng,0,actor-02,actor-02,aggregate-event,,,0x63d4b0db,after-only,,,,,,4630,211,27,79745550,1347777657,,,0,0
equipment-event-074,moving_around_gridania.pcapng,0,actor-02,actor-02,aggregate-event,,,0x647a29a8,after-only,,,,,,4513,211,19,7300,115,,,0,0
equipment-event-074,moving_around_gridania.pcapng,0,actor-02,actor-02,aggregate-event,,,0x64803e98,after-only,,,,,,4524,211,20,b500,181,,,0,0
equipment-event-074,moving_around_gridania.pcapng,0,actor-02,actor-02,aggregate-event,,,0x671ef2b1,after-only,,,,,,4601,211,25,01,1,,,0,0
equipment-event-074,moving_around_gridania.pcapng,0,actor-02,actor-02,aggregate-event,,,0x68efd1dc,after-only,,,,,,4642,211,28,5a00,90,,,0,0
equipment-event-074,moving_around_gridania.pcapng,0,actor-02,actor-02,aggregate-event,,,0x69263cb7,after-only,,,,,,4576,211,24,01,1,,,0,0
equipment-event-074,moving_around_gridania.pcapng,0,actor-02,actor-02,aggregate-event,,,0x69579da7,after-only,,,,,,4550,211,22,0e52f0a0,2700104206,,,0,0
equipment-event-074,moving_around_gridania.pcapng,0,actor-02,actor-02,aggregate-event,,,0x6b060065,after-only,,,,,,4584,211,24,01,1,,,0,0
equipment-event-074,moving_around_gridania.pcapng,0,actor-02,actor-02,aggregate-event,,,0x6b3c0b03,after-only,,,,,,4643,211,28,1e00,30,,,0,0
equipment-event-074,moving_around_gridania.pcapng,0,actor-02,actor-02,aggregate-event,,,0x6b6e041d,after-only,,,,,,4531,211,20,d300,211,,,0,0
equipment-event-074,moving_around_gridania.pcapng,0,actor-02,actor-02,aggregate-event,,,0x6b9c6437,after-only,,,,,,4632,211,27,79745550,1347777657,,,0,0
equipment-event-074,moving_around_gridania.pcapng,0,actor-02,actor-02,aggregate-event,,,0x6ccaf8b3,after-only,,,,,,4518,211,19,5e00,94,,,0,0
equipment-event-074,moving_around_gridania.pcapng,0,actor-02,actor-02,aggregate-event,,,0x6d5633b9,after-only,,,,,,4501,211,18,ffffffff,4294967295,,,0,0
equipment-event-074,moving_around_gridania.pcapng,0,actor-02,actor-02,aggregate-event,,,0x748287f9,after-only,,,,,,4542,211,21,fd6a0000,27389,,,0,0
equipment-event-074,moving_around_gridania.pcapng,0,actor-02,actor-02,aggregate-event,,,0x7532ce24,after-only,,,,,,4497,211,18,03,3,,,0,0
equipment-event-074,moving_around_gridania.pcapng,0,actor-02,actor-02,aggregate-event,,,0x79c7ecff,after-only,,,,,,4519,211,19,b500,181,,,0,0
equipment-event-074,moving_around_gridania.pcapng,0,actor-02,actor-02,aggregate-event,,,0x7b2f0a94,after-only,,,,,,4541,211,21,ab0e0000,3755,,,0,0
equipment-event-074,moving_around_gridania.pcapng,0,actor-02,actor-02,aggregate-event,,,0x7b675313,after-only,,,,,,4491,211,18,01,1,,,0,0
equipment-event-074,moving_around_gridania.pcapng,0,actor-02,actor-02,aggregate-event,,,0x7b71de03,after-only,,,,,,4644,211,28,3c00,60,,,0,0
equipment-event-074,moving_around_gridania.pcapng,0,actor-02,actor-02,aggregate-event,,,0x7bcdfb69,after-only,,,,,,4494,211,18,f803,1016,,,0,0
equipment-event-074,moving_around_gridania.pcapng,0,actor-02,actor-02,aggregate-event,,,0x7cc10854,after-only,,,,,,4590,211,24,01,1,,,0,0
equipment-event-074,moving_around_gridania.pcapng,0,actor-02,actor-02,aggregate-event,,,0x7da83ade,after-only,,,,,,4551,211,22,0f52f0a0,2700104207,,,0,0
equipment-event-074,moving_around_gridania.pcapng,0,actor-02,actor-02,aggregate-event,,,0x7efd97e4,after-only,,,,,,4559,211,22,3973f0a0,2700112697,,,0,0
equipment-event-074,moving_around_gridania.pcapng,0,actor-02,actor-02,aggregate-event,,,0x7fc8b15d,after-only,,,,,,4631,211,27,79745550,1347777657,,,0,0
equipment-event-074,moving_around_gridania.pcapng,0,actor-02,actor-02,aggregate-event,,,0x7ff0ee64,after-only,,,,,,4573,211,23,01,1,,,0,0
equipment-event-074,moving_around_gridania.pcapng,0,actor-02,actor-02,aggregate-event,,,0x80dfda92,after-only,,,,,,4564,211,23,d26af0a0,2700110546,,,0,0
equipment-event-074,moving_around_gridania.pcapng,0,actor-02,actor-02,aggregate-event,,,0x85aafe74,after-only,,,,,,4604,211,25,01,1,,,0,0
equipment-event-074,moving_around_gridania.pcapng,0,actor-02,actor-02,aggregate-event,,,0x89098566,after-only,,,,,,4547,211,21,e32ef0a0,2700095203,,,0,0
equipment-event-074,moving_around_gridania.pcapng,0,actor-02,actor-02,aggregate-event,,,0x8a5cbc5b,after-only,,,,,,4582,211,24,01,1,,,0,0
equipment-event-074,moving_around_gridania.pcapng,0,actor-02,actor-02,aggregate-event,,,0x8a676a74,after-only,,,,,,4572,211,23,0f6af0a0,2700110351,,,0,0
equipment-event-074,moving_around_gridania.pcapng,0,actor-02,actor-02,aggregate-event,,,0x8c336da3,after-only,,,,,,4500,211,18,ffffffff,4294967295,,,0,0
equipment-event-074,moving_around_gridania.pcapng,0,actor-02,actor-02,aggregate-event,,,0x8c44e56b,after-only,,,,,,4499,211,18,ffffffff,4294967295,,,0,0
equipment-event-074,moving_around_gridania.pcapng,0,actor-02,actor-02,aggregate-event,,,0x8cae90db,after-only,,,,,,4528,211,20,a900,169,,,0,0
equipment-event-074,moving_around_gridania.pcapng,0,actor-02,actor-02,aggregate-event,,,0x8d974f1c,after-only,,,,,,4606,211,25,edefe050,1356918765,,,0,0
equipment-event-074,moving_around_gridania.pcapng,0,actor-02,actor-02,aggregate-event,,,0x8e4e1fb2,after-only,,,,,,4579,211,24,01,1,,,0,0
equipment-event-074,moving_around_gridania.pcapng,0,actor-02,actor-02,aggregate-event,,,0x91cd44e7,after-only,,,,,,4525,211,20,b600,182,,,0,0
equipment-event-074,moving_around_gridania.pcapng,0,actor-02,actor-02,aggregate-event,,,0x939e884a,after-only,,,,,,4514,211,19,7b00,123,,,0,0
equipment-event-074,moving_around_gridania.pcapng,0,actor-02,actor-02,aggregate-event,,,0x94574d0a,after-only,,,,,,4633,211,27,79745550,1347777657,,,0,0
equipment-event-074,moving_around_gridania.pcapng,0,actor-02,actor-02,aggregate-event,,,0x958051f1,after-only,,,,,,4566,211,23,056af0a0,2700110341,,,0,0
equipment-event-074,moving_around_gridania.pcapng,0,actor-02,actor-02,aggregate-event,,,0x95bcf98a,after-only,,,,,,4509,211,19,01,1,,,0,0
equipment-event-074,moving_around_gridania.pcapng,0,actor-02,actor-02,aggregate-event,,,0x96063588,after-only,,,,,,4498,211,18,1f00,31,,,0,0
equipment-event-074,moving_around_gridania.pcapng,0,actor-02,actor-02,aggregate-event,,,0x97e78c4e,after-only,,,,,,4634,211,27,79745550,1347777657,,,0,0
equipment-event-074,moving_around_gridania.pcapng,0,actor-02,actor-02,aggregate-event,,,0x98bcf012,after-only,,,,,,4599,211,25,01,1,,,0,0
equipment-event-074,moving_around_gridania.pcapng,0,actor-02,actor-02,aggregate-event,,,0x9a378611,after-only,,,,,,4617,211,26,edefe050,1356918765,,,0,0
equipment-event-074,moving_around_gridania.pcapng,0,actor-02,actor-02,aggregate-event,,,0x9db2fd87,after-only,,,,,,4615,211,26,68f0e050,1356918888,,,0,0
equipment-event-074,moving_around_gridania.pcapng,0,actor-02,actor-02,aggregate-event,,,0x9f278594,after-only,,,,,,4574,211,23,01,1,,,0,0
equipment-event-074,moving_around_gridania.pcapng,0,actor-02,actor-02,aggregate-event,,,0x9fd558d0,after-only,,,,,,4616,211,26,33f0e050,1356918835,,,0,0
equipment-event-074,moving_around_gridania.pcapng,0,actor-02,actor-02,aggregate-event,,,0xa2478ea5,after-only,,,,,,4609,211,25,0c23e050,1356866316,,,0,0
equipment-event-074,moving_around_gridania.pcapng,0,actor-02,actor-02,aggregate-event,,,0xa329599a,after-only,,,,,,4530,211,20,cf00,207,,,0,0
equipment-event-074,moving_around_gridania.pcapng,0,actor-02,actor-02,aggregate-event,,,0xa6d426c4,after-only,,,,,,4589,211,24,01,1,,,0,0
equipment-event-074,moving_around_gridania.pcapng,0,actor-02,actor-02,aggregate-event,,,0xabb78bce,after-only,,,,,,4583,211,24,01,1,,,0,0
equipment-event-074,moving_around_gridania.pcapng,0,actor-02,actor-02,aggregate-event,,,0xacc58f29,after-only,,,,,,4539,211,21,8f240000,9359,,,0,0
equipment-event-074,moving_around_gridania.pcapng,0,actor-02,actor-02,aggregate-event,,,0xad16c7ae,after-only,,,,,,4552,211,22,e92ef0a0,2700095209,,,0,0
equipment-event-074,moving_around_gridania.pcapng,0,actor-02,actor-02,aggregate-event,,,0xadef0b22,after-only,,,,,,4595,211,24,01,1,,,0,0
equipment-event-074,moving_around_gridania.pcapng,0,actor-02,actor-02,aggregate-event,,,0xb1cbe069,after-only,,,,,,4652,211,28,01,1,,,0,0
equipment-event-074,moving_around_gridania.pcapng,0,actor-02,actor-02,aggregate-event,,,0xb3663189,after-only,,,,,,4508,211,19,01,1,,,0,0
equipment-event-074,moving_around_gridania.pcapng,0,actor-02,actor-02,aggregate-event,,,0xb5993ddc,after-only,,,,,,4553,211,22,ea2ef0a0,2700095210,,,0,0
equipment-event-074,moving_around_gridania.pcapng,0,actor-02,actor-02,aggregate-event,,,0xb9c13d96,after-only,,,,,,4587,211,24,01,1,,,0,0
equipment-event-074,moving_around_gridania.pcapng,0,actor-02,actor-02,aggregate-event,,,0xba51c4e1,after-only,,,,,,4527,211,20,c400,196,,,0,0
equipment-event-074,moving_around_gridania.pcapng,0,actor-02,actor-02,aggregate-event,,,0xbb9cc775,after-only,,,,,,4536,211,21,0000803e,1048576000,,,0,0
equipment-event-074,moving_around_gridania.pcapng,0,actor-02,actor-02,aggregate-event,,,0xbca83abb,after-only,,,,,,4619,211,26,32b3df50,1356837682,,,0,0
equipment-event-074,moving_around_gridania.pcapng,0,actor-02,actor-02,aggregate-event,,,0xc0f66df7,after-only,,,,,,4488,211,18,3333f340,1089680179,,,0,0
equipment-event-074,moving_around_gridania.pcapng,0,actor-02,actor-02,aggregate-event,,,0xc5c48a58,after-only,,,,,,4578,211,24,01,1,,,0,0
equipment-event-074,moving_around_gridania.pcapng,0,actor-02,actor-02,aggregate-event,,,0xc642e791,after-only,,,,,,4612,211,26,5bf0e050,1356918875,,,0,0
equipment-event-074,moving_around_gridania.pcapng,0,actor-02,actor-02,aggregate-event,,,0xc8c3a058,after-only,,,,,,4594,211,24,01,1,,,0,0
equipment-event-074,moving_around_gridania.pcapng,0,actor-02,actor-02,aggregate-event,,,0xc9045217,after-only,,,,,,4557,211,22,fc55f0a0,2700105212,,,0,0
equipment-event-074,moving_around_gridania.pcapng,0,actor-02,actor-02,aggregate-event,,,0xca132bc5,after-only,,,,,,4561,211,22,0e6af0a0,2700110350,,,0,0
equipment-event-074,moving_around_gridania.pcapng,0,actor-02,actor-02,aggregate-event,,,0xce62bf5c,after-only,,,,,,4639,211,28,1e00,30,,,0,0
equipment-event-074,moving_around_gridania.pcapng,0,actor-02,actor-02,aggregate-event,,,0xd57dc284,after-only,,,,,,4533,211,20,d400,212,,,0,0
equipment-event-074,moving_around_gridania.pcapng,0,actor-02,actor-02,aggregate-event,,,0xd5c5254a,after-only,,,,,,4502,211,18,ffffffff,4294967295,,,0,0
equipment-event-074,moving_around_gridania.pcapng,0,actor-02,actor-02,aggregate-event,,,0xd68fa0e1,after-only,,,,,,4618,211,26,0ff1e050,1356919055,,,0,0
equipment-event-074,moving_around_gridania.pcapng,0,actor-02,actor-02,aggregate-event,,,0xd71d3b0e,after-only,,,,,,4562,211,23,106af0a0,2700110352,,,0,0
equipment-event-074,moving_around_gridania.pcapng,0,actor-02,actor-02,aggregate-event,,,0xdba408a0,after-only,,,,,,4537,211,21,ce180000,6350,,,0,0
equipment-event-074,moving_around_gridania.pcapng,0,actor-02,actor-02,aggregate-event,,,0xdc4f03f9,after-only,,,,,,4511,211,19,01,1,,,0,0
equipment-event-074,moving_around_gridania.pcapng,0,actor-02,actor-02,aggregate-event,,,0xdf99e003,after-only,,,,,,4540,211,21,c4780000,30916,,,0,0
equipment-event-074,moving_around_gridania.pcapng,0,actor-02,actor-02,aggregate-event,,,0xe058a98c,after-only,,,,,,4627,211,27,79745550,1347777657,,,0,0
equipment-event-074,moving_around_gridania.pcapng,0,actor-02,actor-02,aggregate-event,,,0xe14b0ca8,after-only,,,,,,4489,211,18,01,1,,,0,0
equipment-event-074,moving_around_gridania.pcapng,0,actor-02,actor-02,aggregate-event,,,0xe17d8c7a,after-only,,,,,,4520,211,20,b500,181,,,0,0
equipment-event-074,moving_around_gridania.pcapng,0,actor-02,actor-02,aggregate-event,,,0xe4567838,after-only,,,,,,4592,211,24,01,1,,,0,0
equipment-event-074,moving_around_gridania.pcapng,0,actor-02,actor-02,aggregate-event,,,0xe764c45d,after-only,,,,,,4545,211,21,0952f0a0,2700104201,,,0,0
equipment-event-074,moving_around_gridania.pcapng,0,actor-02,actor-02,aggregate-event,,,0xe7ed17a0,after-only,,,,,,4569,211,23,096af0a0,2700110345,,,0,0
equipment-event-074,moving_around_gridania.pcapng,0,actor-02,actor-02,aggregate-event,,,0xeb90baab,after-only,,,,,,4532,211,20,cc00,204,,,0,0
equipment-event-074,moving_around_gridania.pcapng,0,actor-02,actor-02,aggregate-event,,,0xebbefbea,after-only,,,,,,4626,211,27,79745550,1347777657,,,0,0
equipment-event-074,moving_around_gridania.pcapng,0,actor-02,actor-02,aggregate-event,,,0xed6de041,after-only,,,,,,4546,211,21,0a52f0a0,2700104202,,,0,0
equipment-event-074,moving_around_gridania.pcapng,0,actor-02,actor-02,aggregate-event,,,0xedad792f,after-only,,,,,,4622,211,26,a1d4ca50,1355469985,,,0,0
equipment-event-074,moving_around_gridania.pcapng,0,actor-02,actor-02,aggregate-event,,,0xf01787b7,after-only,,,,,,4549,211,22,0d52f0a0,2700104205,,,0,0
equipment-event-074,moving_around_gridania.pcapng,0,actor-02,actor-02,aggregate-event,,,0xf053ac1a,after-only,,,,,,4556,211,22,eb2ef0a0,2700095211,,,0,0
equipment-event-074,moving_around_gridania.pcapng,0,actor-02,actor-02,aggregate-event,,,0xf2e07ff4,after-only,,,,,,4570,211,23,0a6af0a0,2700110346,,,0,0
equipment-event-074,moving_around_gridania.pcapng,0,actor-02,actor-02,aggregate-event,,,0xf55d07a5,after-only,,,,,,4591,211,24,01,1,,,0,0
equipment-event-074,moving_around_gridania.pcapng,0,actor-02,actor-02,aggregate-event,,,0xf642f974,after-only,,,,,,4563,211,23,166af0a0,2700110358,,,0,0
equipment-event-074,moving_around_gridania.pcapng,0,actor-02,actor-02,aggregate-event,,,0xf8a7dab1,after-only,,,,,,4653,211,28,03,3,,,0,0
equipment-event-074,moving_around_gridania.pcapng,0,actor-02,actor-02,aggregate-event,,,0xfa5e83e4,after-only,,,,,,4640,211,28,2d00,45,,,0,0
equipment-event-074,moving_around_gridania.pcapng,0,actor-02,actor-02,aggregate-event,,,0xfbfbcfb1,after-only,,,,,,4492,211,18,01,1,,,0,0
equipment-event-074,moving_around_gridania.pcapng,0,actor-02,actor-02,aggregate-event,,,0xfcdfdcac,after-only,,,,,,4598,211,25,01,1,,,0,0
equipment-event-074,moving_around_gridania.pcapng,0,actor-02,actor-02,aggregate-event,,,0xfdd1f6de,after-only,,,,,,4510,211,19,01,1,,,0,0
equipment-event-081,moving_around_gridania.pcapng,0,actor-02,actor-02,aggregate-event,,,0x01e244c5,after-only,,,,,,5203,1259,19,ffffffff,4294967295,,,0,0
equipment-event-081,moving_around_gridania.pcapng,0,actor-02,actor-02,aggregate-event,,,0x03aede7b,after-only,,,,,,5271,1259,23,126af0a0,2700110354,,,0,0
equipment-event-081,moving_around_gridania.pcapng,0,actor-02,actor-02,aggregate-event,,,0x04a05dae,after-only,,,,,,5313,1259,26,3df0e050,1356918845,,,0,0
equipment-event-081,moving_around_gridania.pcapng,0,actor-02,actor-02,aggregate-event,,,0x079d8d67,after-only,,,,,,5338,1259,27,0500,5,,,0,0
equipment-event-081,moving_around_gridania.pcapng,0,actor-02,actor-02,aggregate-event,,,0x0cca47c4,after-only,,,,,,5207,1259,19,01,1,,,0,0
equipment-event-081,moving_around_gridania.pcapng,0,actor-02,actor-02,aggregate-event,,,0x0cdd66e8,after-only,,,,,,5286,1259,24,01,1,,,0,0
equipment-event-081,moving_around_gridania.pcapng,0,actor-02,actor-02,aggregate-event,,,0x0db5a5bf,after-only,,,,,,5187,1259,18,0a,10,,,0,0
equipment-event-081,moving_around_gridania.pcapng,0,actor-02,actor-02,aggregate-event,,,0x0e4920e3,after-only,,,,,,5238,1259,21,b51f0000,8117,,,0,0
equipment-event-081,moving_around_gridania.pcapng,0,actor-02,actor-02,aggregate-event,,,0x0e704141,after-only,,,,,,5217,1259,19,6a00,106,,,0,0
equipment-event-081,moving_around_gridania.pcapng,0,actor-02,actor-02,aggregate-event,,,0x10f6fd7c,after-only,,,,,,5325,1259,27,0c23e050,1356866316,,,0,0
equipment-event-081,moving_around_gridania.pcapng,0,actor-02,actor-02,aggregate-event,,,0x11b1b22d,after-only,,,,,,5226,1259,20,bc00,188,,,0,0
equipment-event-081,moving_around_gridania.pcapng,0,actor-02,actor-02,aggregate-event,,,0x13f89710,unchanged,5175,1249,0,2402,548,5195,1259,18,2402,548,10,358,0,0
equipment-event-081,moving_around_gridania.pcapng,0,actor-02,actor-02,aggregate-event,,,0x1662a1bf,after-only,,,,,,5311,1259,25,10f0e050,1356918800,,,0,0
equipment-event-081,moving_around_gridania.pcapng,0,actor-02,actor-02,aggregate-event,,,0x17ab37ef,after-only,,,,,,5234,1259,20,d400,212,,,0,0
equipment-event-081,moving_around_gridania.pcapng,0,actor-02,actor-02,aggregate-event,,,0x18734cc5,after-only,,,,,,5285,1259,24,01,1,,,0,0
equipment-event-081,moving_around_gridania.pcapng,0,actor-02,actor-02,aggregate-event,,,0x19b5d704,after-only,,,,,,5349,1259,28,0000803f,1065353216,,,0,0
equipment-event-081,moving_around_gridania.pcapng,0,actor-02,actor-02,aggregate-event,,,0x1b37117e,after-only,,,,,,5302,1259,25,01,1,,,0,0
equipment-event-081,moving_around_gridania.pcapng,0,actor-02,actor-02,aggregate-event,,,0x1bc46a06,after-only,,,,,,5305,1259,25,01,1,,,0,0
equipment-event-081,moving_around_gridania.pcapng,0,actor-02,actor-02,aggregate-event,,,0x1bc92b93,after-only,,,,,,5350,1259,28,ffff,65535,,,0,0
equipment-event-081,moving_around_gridania.pcapng,0,actor-02,actor-02,aggregate-event,,,0x1c2aec73,after-only,,,,,,5222,1259,20,b500,181,,,0,0
equipment-event-081,moving_around_gridania.pcapng,0,actor-02,actor-02,aggregate-event,,,0x1c420f6c,after-only,,,,,,5275,1259,23,01,1,,,0,0
equipment-event-081,moving_around_gridania.pcapng,0,actor-02,actor-02,aggregate-event,,,0x1e1bdb29,after-only,,,,,,5351,1259,28,ffff,65535,,,0,0
equipment-event-081,moving_around_gridania.pcapng,0,actor-02,actor-02,aggregate-event,,,0x1f3dacc5,after-only,,,,,,5229,1259,20,c900,201,,,0,0
equipment-event-081,moving_around_gridania.pcapng,0,actor-02,actor-02,aggregate-event,,,0x204cf942,after-only,,,,,,5221,1259,20,b500,181,,,0,0
equipment-event-081,moving_around_gridania.pcapng,0,actor-02,actor-02,aggregate-event,,,0x20fe7d3f,unchanged,5186,1249,1,03,3,5354,1259,28,03,3,10,358,0,0
equipment-event-081,moving_around_gridania.pcapng,0,actor-02,actor-02,aggregate-event,,,0x2138fd71,after-only,,,,,,5190,1259,18,01,1,,,0,0
equipment-event-081,moving_around_gridania.pcapng,0,actor-02,actor-02,aggregate-event,,,0x22bc605f,after-only,,,,,,5324,1259,26,79745550,1347777657,,,0,0
equipment-event-081,moving_around_gridania.pcapng,0,actor-02,actor-02,aggregate-event,,,0x24224121,after-only,,,,,,5268,1259,23,046af0a0,2700110340,,,0,0
equipment-event-081,moving_around_gridania.pcapng,0,actor-02,actor-02,aggregate-event,,,0x2526d379,after-only,,,,,,5296,1259,25,01,1,,,0,0
equipment-event-081,moving_around_gridania.pcapng,0,actor-02,actor-02,aggregate-event,,,0x28887bd6,after-only,,,,,,5308,1259,25,e8efe050,1356918760,,,0,0
equipment-event-081,moving_around_gridania.pcapng,0,actor-02,actor-02,aggregate-event,,,0x2a4f53c7,after-only,,,,,,5244,1259,21,2d040000,1069,,,0,0
equipment-event-081,moving_around_gridania.pcapng,0,actor-02,actor-02,aggregate-event,,,0x2bcd68aa,after-only,,,,,,5293,1259,24,20,32,,,0,0
equipment-event-081,moving_around_gridania.pcapng,0,actor-02,actor-02,aggregate-event,,,0x2dfbc13a,after-only,,,,,,5216,1259,19,5300,83,,,0,0
equipment-event-081,moving_around_gridania.pcapng,0,actor-02,actor-02,aggregate-event,,,0x2f5ac0cc,after-only,,,,,,5267,1259,23,066af0a0,2700110342,,,0,0
equipment-event-081,moving_around_gridania.pcapng,0,actor-02,actor-02,aggregate-event,,,0x2fba29dc,unchanged,5181,1249,1,5000,80,5345,1259,28,5000,80,10,358,0,0
equipment-event-081,moving_around_gridania.pcapng,0,actor-02,actor-02,aggregate-event,,,0x318836c0,after-only,,,,,,5280,1259,24,01,1,,,0,0
equipment-event-081,moving_around_gridania.pcapng,0,actor-02,actor-02,aggregate-event,,,0x36b51229,after-only,,,,,,5314,1259,26,01f0e050,1356918785,,,0,0
equipment-event-081,moving_around_gridania.pcapng,0,actor-02,actor-02,aggregate-event,,,0x38c8b08f,after-only,,,,,,5254,1259,22,e52ef0a0,2700095205,,,0,0
equipment-event-081,moving_around_gridania.pcapng,0,actor-02,actor-02,aggregate-event,,,0x39f384cf,after-only,,,,,,5255,1259,22,e72ef0a0,2700095207,,,0,0
equipment-event-081,moving_around_gridania.pcapng,0,actor-02,actor-02,aggregate-event,,,0x3c674537,after-only,,,,,,5328,1259,27,79745550,1347777657,,,0,0
equipment-event-081,moving_around_gridania.pcapng,0,actor-02,actor-02,aggregate-event,,,0x3c95d5c5,after-only,,,,,,5196,1259,18,2402,548,,,0,0
equipment-event-081,moving_around_gridania.pcapng,0,actor-02,actor-02,aggregate-event,,,0x3dd87222,after-only,,,,,,5337,1259,27,1e00,30,,,0,0
equipment-event-081,moving_around_gridania.pcapng,0,actor-02,actor-02,aggregate-event,,,0x3e1a660f,after-only,,,,,,5260,1259,22,ff55f0a0,2700105215,,,0,0
equipment-event-081,moving_around_gridania.pcapng,0,actor-02,actor-02,aggregate-event,,,0x415881ad,after-only,,,,,,5205,1259,19,ffffffff,4294967295,,,0,0
equipment-event-081,moving_around_gridania.pcapng,0,actor-02,actor-02,aggregate-event,,,0x416571ac,after-only,,,,,,5215,1259,19,6e00,110,,,0,0
equipment-event-081,moving_around_gridania.pcapng,0,actor-02,actor-02,aggregate-event,,,0x41991fca,after-only,,,,,,5212,1259,19,01,1,,,0,0
equipment-event-081,moving_around_gridania.pcapng,0,actor-02,actor-02,aggregate-event,,,0x419b046f,after-only,,,,,,5281,1259,24,01,1,,,0,0
equipment-event-081,moving_around_gridania.pcapng,0,actor-02,actor-02,aggregate-event,,,0x4232bcaa,unchanged,5174,1249,0,f803,1016,5193,1259,18,f803,1016,10,358,0,0
equipment-event-081,moving_around_gridania.pcapng,0,actor-02,actor-02,aggregate-event,,,0x438e4fe6,unchanged,5182,1249,1,0a00,10,5346,1259,28,0a00,10,10,358,0,0
equipment-event-081,moving_around_gridania.pcapng,0,actor-02,actor-02,aggregate-event,,,0x44849402,after-only,,,,,,5348,1259,28,0000803f,1065353216,,,0,0
equipment-event-081,moving_around_gridania.pcapng,0,actor-02,actor-02,aggregate-event,,,0x45b85823,after-only,,,,,,5320,1259,26,faacdf50,1356836090,,,0,0
equipment-event-081,moving_around_gridania.pcapng,0,actor-02,actor-02,aggregate-event,,,0x461773ff,unchanged,5177,1249,1,7800,120,5341,1259,28,7800,120,10,358,0,0
equipment-event-081,moving_around_gridania.pcapng,0,actor-02,actor-02,aggregate-event,,,0x469403ba,after-only,,,,,,5265,1259,23,146af0a0,2700110356,,,0,0
equipment-event-081,moving_around_gridania.pcapng,0,actor-02,actor-02,aggregate-event,,,0x470d61da,after-only,,,,,,5258,1259,22,fd55f0a0,2700105213,,,0,0
equipment-event-081,moving_around_gridania.pcapng,0,actor-02,actor-02,aggregate-event,,,0x49ced7cd,after-only,,,,,,5329,1259,27,79745550,1347777657,,,0,0
equipment-event-081,moving_around_gridania.pcapng,0,actor-02,actor-02,aggregate-event,,,0x4b2a7d17,after-only,,,,,,5303,1259,25,01,1,,,0,0
equipment-event-081,moving_around_gridania.pcapng,0,actor-02,actor-02,aggregate-event,,,0x4db13e27,after-only,,,,,,5335,1259,27,79745550,1347777657,,,0,0
equipment-event-081,moving_around_gridania.pcapng,0,actor-02,actor-02,aggregate-event,,,0x4f365e47,after-only,,,,,,5310,1259,25,01f0e050,1356918785,,,0,0
equipment-event-081,moving_around_gridania.pcapng,0,actor-02,actor-02,aggregate-event,,,0x50ffb0a4,after-only,,,,,,5204,1259,19,ffffffff,4294967295,,,0,0
equipment-event-081,moving_around_gridania.pcapng,0,actor-02,actor-02,aggregate-event,,,0x5272eae9,after-only,,,,,,5307,1259,25,01f0e050,1356918785,,,0,0
equipment-event-081,moving_around_gridania.pcapng,0,actor-02,actor-02,aggregate-event,,,0x573fe04c,after-only,,,,,,5235,1259,20,0000803f,1065353216,,,0,0
equipment-event-081,moving_around_gridania.pcapng,0,actor-02,actor-02,aggregate-event,,,0x5883d746,after-only,,,,,,5321,1259,26,3aaddf50,1356836154,,,0,0
equipment-event-081,moving_around_gridania.pcapng,0,actor-02,actor-02,aggregate-event,,,0x58cd7cc0,after-only,,,,,,5297,1259,25,01,1,,,0,0
equipment-event-081,moving_around_gridania.pcapng,0,actor-02,actor-02,aggregate-event,,,0x5a0a4034,after-only,,,,,,5277,1259,24,01,1,,,0,0
equipment-event-081,moving_around_gridania.pcapng,0,actor-02,actor-02,aggregate-event,,,0x5d9dbe46,after-only,,,,,,5323,1259,26,79745550,1347777657,,,0,0
equipment-event-081,moving_around_gridania.pcapng,0,actor-02,actor-02,aggregate-event,,,0x5ea09ecd,unchanged,5183,1249,1,2c01,300,5347,1259,28,2c01,300,10,358,0,0
equipment-event-081,moving_around_gridania.pcapng,0,actor-02,actor-02,aggregate-event,,,0x5f0f0e64,after-only,,,,,,5300,1259,25,01,1,,,0,0
equipment-event-081,moving_around_gridania.pcapng,0,actor-02,actor-02,aggregate-event,,,0x5fc56d16,after-only,,,,,,5223,1259,20,bf00,191,,,0,0
equipment-event-081,moving_around_gridania.pcapng,0,actor-02,actor-02,aggregate-event,,,0x6047e4bd,after-only,,,,,,5243,1259,21,63c70000,51043,,,0,0
equipment-event-081,moving_around_gridania.pcapng,0,actor-02,actor-02,aggregate-event,,,0x6065f862,after-only,,,,,,5288,1259,24,01,1,,,0,0
equipment-event-081,moving_around_gridania.pcapng,0,actor-02,actor-02,aggregate-event,,,0x6161a641,after-only,,,,,,5248,1259,21,e42ef0a0,2700095204,,,0,0
equipment-event-081,moving_around_gridania.pcapng,0,actor-02,actor-02,aggregate-event,,,0x61816dfe,after-only,,,,,,5206,1259,19,ffffffff,4294967295,,,0,0
equipment-event-081,moving_around_gridania.pcapng,0,actor-02,actor-02,aggregate-event,,,0x620811c8,after-only,,,,,,5336,1259,27,0a00,10,,,0,0
equipment-event-081,moving_around_gridania.pcapng,0,actor-02,actor-02,aggregate-event,,,0x63d4b0db,after-only,,,,,,5330,1259,27,79745550,1347777657,,,0,0
equipment-event-081,moving_around_gridania.pcapng,0,actor-02,actor-02,aggregate-event,,,0x647a29a8,after-only,,,,,,5213,1259,19,7300,115,,,0,0
equipment-event-081,moving_around_gridania.pcapng,0,actor-02,actor-02,aggregate-event,,,0x64803e98,after-only,,,,,,5224,1259,20,b500,181,,,0,0
equipment-event-081,moving_around_gridania.pcapng,0,actor-02,actor-02,aggregate-event,,,0x671ef2b1,after-only,,,,,,5301,1259,25,01,1,,,0,0
equipment-event-081,moving_around_gridania.pcapng,0,actor-02,actor-02,aggregate-event,,,0x68efd1dc,unchanged,5178,1249,1,5a00,90,5342,1259,28,5a00,90,10,358,0,0
equipment-event-081,moving_around_gridania.pcapng,0,actor-02,actor-02,aggregate-event,,,0x69263cb7,after-only,,,,,,5276,1259,24,01,1,,,0,0
equipment-event-081,moving_around_gridania.pcapng,0,actor-02,actor-02,aggregate-event,,,0x69579da7,after-only,,,,,,5250,1259,22,0e52f0a0,2700104206,,,0,0
equipment-event-081,moving_around_gridania.pcapng,0,actor-02,actor-02,aggregate-event,,,0x6b060065,after-only,,,,,,5284,1259,24,01,1,,,0,0
equipment-event-081,moving_around_gridania.pcapng,0,actor-02,actor-02,aggregate-event,,,0x6b3c0b03,unchanged,5179,1249,1,1e00,30,5343,1259,28,1e00,30,10,358,0,0
equipment-event-081,moving_around_gridania.pcapng,0,actor-02,actor-02,aggregate-event,,,0x6b6e041d,after-only,,,,,,5231,1259,20,d300,211,,,0,0
equipment-event-081,moving_around_gridania.pcapng,0,actor-02,actor-02,aggregate-event,,,0x6b9c6437,after-only,,,,,,5332,1259,27,79745550,1347777657,,,0,0
equipment-event-081,moving_around_gridania.pcapng,0,actor-02,actor-02,aggregate-event,,,0x6ccaf8b3,after-only,,,,,,5218,1259,19,5e00,94,,,0,0
equipment-event-081,moving_around_gridania.pcapng,0,actor-02,actor-02,aggregate-event,,,0x6d5633b9,after-only,,,,,,5201,1259,18,ffffffff,4294967295,,,0,0
equipment-event-081,moving_around_gridania.pcapng,0,actor-02,actor-02,aggregate-event,,,0x748287f9,after-only,,,,,,5242,1259,21,fd6a0000,27389,,,0,0
equipment-event-081,moving_around_gridania.pcapng,0,actor-02,actor-02,aggregate-event,,,0x7532ce24,after-only,,,,,,5197,1259,18,03,3,,,0,0
equipment-event-081,moving_around_gridania.pcapng,0,actor-02,actor-02,aggregate-event,,,0x79c7ecff,after-only,,,,,,5219,1259,19,b500,181,,,0,0
equipment-event-081,moving_around_gridania.pcapng,0,actor-02,actor-02,aggregate-event,,,0x7b2f0a94,after-only,,,,,,5241,1259,21,ab0e0000,3755,,,0,0
equipment-event-081,moving_around_gridania.pcapng,0,actor-02,actor-02,aggregate-event,,,0x7b675313,after-only,,,,,,5191,1259,18,01,1,,,0,0
equipment-event-081,moving_around_gridania.pcapng,0,actor-02,actor-02,aggregate-event,,,0x7b71de03,unchanged,5180,1249,1,3c00,60,5344,1259,28,3c00,60,10,358,0,0
equipment-event-081,moving_around_gridania.pcapng,0,actor-02,actor-02,aggregate-event,,,0x7bcdfb69,after-only,,,,,,5194,1259,18,f803,1016,,,0,0
equipment-event-081,moving_around_gridania.pcapng,0,actor-02,actor-02,aggregate-event,,,0x7cc10854,after-only,,,,,,5290,1259,24,01,1,,,0,0
equipment-event-081,moving_around_gridania.pcapng,0,actor-02,actor-02,aggregate-event,,,0x7da83ade,after-only,,,,,,5251,1259,22,0f52f0a0,2700104207,,,0,0
equipment-event-081,moving_around_gridania.pcapng,0,actor-02,actor-02,aggregate-event,,,0x7efd97e4,after-only,,,,,,5259,1259,22,3973f0a0,2700112697,,,0,0
equipment-event-081,moving_around_gridania.pcapng,0,actor-02,actor-02,aggregate-event,,,0x7fc8b15d,after-only,,,,,,5331,1259,27,79745550,1347777657,,,0,0
equipment-event-081,moving_around_gridania.pcapng,0,actor-02,actor-02,aggregate-event,,,0x7ff0ee64,after-only,,,,,,5273,1259,23,01,1,,,0,0
equipment-event-081,moving_around_gridania.pcapng,0,actor-02,actor-02,aggregate-event,,,0x80dfda92,after-only,,,,,,5264,1259,23,d26af0a0,2700110546,,,0,0
equipment-event-081,moving_around_gridania.pcapng,0,actor-02,actor-02,aggregate-event,,,0x85aafe74,after-only,,,,,,5304,1259,25,01,1,,,0,0
equipment-event-081,moving_around_gridania.pcapng,0,actor-02,actor-02,aggregate-event,,,0x89098566,after-only,,,,,,5247,1259,21,e32ef0a0,2700095203,,,0,0
equipment-event-081,moving_around_gridania.pcapng,0,actor-02,actor-02,aggregate-event,,,0x8a5cbc5b,after-only,,,,,,5282,1259,24,01,1,,,0,0
equipment-event-081,moving_around_gridania.pcapng,0,actor-02,actor-02,aggregate-event,,,0x8a676a74,after-only,,,,,,5272,1259,23,0f6af0a0,2700110351,,,0,0
equipment-event-081,moving_around_gridania.pcapng,0,actor-02,actor-02,aggregate-event,,,0x8c336da3,after-only,,,,,,5200,1259,18,ffffffff,4294967295,,,0,0
equipment-event-081,moving_around_gridania.pcapng,0,actor-02,actor-02,aggregate-event,,,0x8c44e56b,after-only,,,,,,5199,1259,18,ffffffff,4294967295,,,0,0
equipment-event-081,moving_around_gridania.pcapng,0,actor-02,actor-02,aggregate-event,,,0x8cae90db,after-only,,,,,,5228,1259,20,a900,169,,,0,0
equipment-event-081,moving_around_gridania.pcapng,0,actor-02,actor-02,aggregate-event,,,0x8d974f1c,after-only,,,,,,5306,1259,25,edefe050,1356918765,,,0,0
equipment-event-081,moving_around_gridania.pcapng,0,actor-02,actor-02,aggregate-event,,,0x8e4e1fb2,after-only,,,,,,5279,1259,24,01,1,,,0,0
equipment-event-081,moving_around_gridania.pcapng,0,actor-02,actor-02,aggregate-event,,,0x91cd44e7,after-only,,,,,,5225,1259,20,b600,182,,,0,0
equipment-event-081,moving_around_gridania.pcapng,0,actor-02,actor-02,aggregate-event,,,0x939e884a,after-only,,,,,,5214,1259,19,7b00,123,,,0,0
equipment-event-081,moving_around_gridania.pcapng,0,actor-02,actor-02,aggregate-event,,,0x94574d0a,after-only,,,,,,5333,1259,27,79745550,1347777657,,,0,0
equipment-event-081,moving_around_gridania.pcapng,0,actor-02,actor-02,aggregate-event,,,0x958051f1,after-only,,,,,,5266,1259,23,056af0a0,2700110341,,,0,0
equipment-event-081,moving_around_gridania.pcapng,0,actor-02,actor-02,aggregate-event,,,0x95bcf98a,after-only,,,,,,5209,1259,19,01,1,,,0,0
equipment-event-081,moving_around_gridania.pcapng,0,actor-02,actor-02,aggregate-event,,,0x96063588,after-only,,,,,,5198,1259,18,1f00,31,,,0,0
equipment-event-081,moving_around_gridania.pcapng,0,actor-02,actor-02,aggregate-event,,,0x97e78c4e,after-only,,,,,,5334,1259,27,79745550,1347777657,,,0,0
equipment-event-081,moving_around_gridania.pcapng,0,actor-02,actor-02,aggregate-event,,,0x98bcf012,after-only,,,,,,5299,1259,25,01,1,,,0,0
equipment-event-081,moving_around_gridania.pcapng,0,actor-02,actor-02,aggregate-event,,,0x9a378611,after-only,,,,,,5317,1259,26,edefe050,1356918765,,,0,0
equipment-event-081,moving_around_gridania.pcapng,0,actor-02,actor-02,aggregate-event,,,0x9db2fd87,after-only,,,,,,5315,1259,26,68f0e050,1356918888,,,0,0
equipment-event-081,moving_around_gridania.pcapng,0,actor-02,actor-02,aggregate-event,,,0x9f278594,after-only,,,,,,5274,1259,23,01,1,,,0,0
equipment-event-081,moving_around_gridania.pcapng,0,actor-02,actor-02,aggregate-event,,,0x9fd558d0,after-only,,,,,,5316,1259,26,33f0e050,1356918835,,,0,0
equipment-event-081,moving_around_gridania.pcapng,0,actor-02,actor-02,aggregate-event,,,0xa2478ea5,after-only,,,,,,5309,1259,25,0c23e050,1356866316,,,0,0
equipment-event-081,moving_around_gridania.pcapng,0,actor-02,actor-02,aggregate-event,,,0xa329599a,after-only,,,,,,5230,1259,20,cf00,207,,,0,0
equipment-event-081,moving_around_gridania.pcapng,0,actor-02,actor-02,aggregate-event,,,0xa6d426c4,after-only,,,,,,5289,1259,24,01,1,,,0,0
equipment-event-081,moving_around_gridania.pcapng,0,actor-02,actor-02,aggregate-event,,,0xabb78bce,after-only,,,,,,5283,1259,24,01,1,,,0,0
equipment-event-081,moving_around_gridania.pcapng,0,actor-02,actor-02,aggregate-event,,,0xacc58f29,after-only,,,,,,5239,1259,21,8f240000,9359,,,0,0
equipment-event-081,moving_around_gridania.pcapng,0,actor-02,actor-02,aggregate-event,,,0xad16c7ae,after-only,,,,,,5252,1259,22,e92ef0a0,2700095209,,,0,0
equipment-event-081,moving_around_gridania.pcapng,0,actor-02,actor-02,aggregate-event,,,0xadef0b22,after-only,,,,,,5295,1259,24,01,1,,,0,0
equipment-event-081,moving_around_gridania.pcapng,0,actor-02,actor-02,aggregate-event,,,0xb1cbe069,unchanged,5184,1249,1,01,1,5352,1259,28,01,1,10,358,0,0
equipment-event-081,moving_around_gridania.pcapng,0,actor-02,actor-02,aggregate-event,,,0xb3663189,after-only,,,,,,5208,1259,19,01,1,,,0,0
equipment-event-081,moving_around_gridania.pcapng,0,actor-02,actor-02,aggregate-event,,,0xb5993ddc,after-only,,,,,,5253,1259,22,ea2ef0a0,2700095210,,,0,0
equipment-event-081,moving_around_gridania.pcapng,0,actor-02,actor-02,aggregate-event,,,0xb9c13d96,after-only,,,,,,5287,1259,24,01,1,,,0,0
equipment-event-081,moving_around_gridania.pcapng,0,actor-02,actor-02,aggregate-event,,,0xba51c4e1,after-only,,,,,,5227,1259,20,c400,196,,,0,0
equipment-event-081,moving_around_gridania.pcapng,0,actor-02,actor-02,aggregate-event,,,0xbb9cc775,after-only,,,,,,5236,1259,21,0000803e,1048576000,,,0,0
equipment-event-081,moving_around_gridania.pcapng,0,actor-02,actor-02,aggregate-event,,,0xbca83abb,after-only,,,,,,5319,1259,26,32b3df50,1356837682,,,0,0
equipment-event-081,moving_around_gridania.pcapng,0,actor-02,actor-02,aggregate-event,,,0xc0f66df7,after-only,,,,,,5188,1259,18,3333f340,1089680179,,,0,0
equipment-event-081,moving_around_gridania.pcapng,0,actor-02,actor-02,aggregate-event,,,0xc5c48a58,after-only,,,,,,5278,1259,24,01,1,,,0,0
equipment-event-081,moving_around_gridania.pcapng,0,actor-02,actor-02,aggregate-event,,,0xc642e791,after-only,,,,,,5312,1259,26,5bf0e050,1356918875,,,0,0
equipment-event-081,moving_around_gridania.pcapng,0,actor-02,actor-02,aggregate-event,,,0xc8c3a058,after-only,,,,,,5294,1259,24,01,1,,,0,0
equipment-event-081,moving_around_gridania.pcapng,0,actor-02,actor-02,aggregate-event,,,0xc9045217,after-only,,,,,,5257,1259,22,fc55f0a0,2700105212,,,0,0
equipment-event-081,moving_around_gridania.pcapng,0,actor-02,actor-02,aggregate-event,,,0xca132bc5,after-only,,,,,,5261,1259,22,0e6af0a0,2700110350,,,0,0
equipment-event-081,moving_around_gridania.pcapng,0,actor-02,actor-02,aggregate-event,,,0xce62bf5c,unchanged,5176,1249,1,1e00,30,5339,1259,28,1e00,30,10,358,0,0
equipment-event-081,moving_around_gridania.pcapng,0,actor-02,actor-02,aggregate-event,,,0xd57dc284,after-only,,,,,,5233,1259,20,d400,212,,,0,0
equipment-event-081,moving_around_gridania.pcapng,0,actor-02,actor-02,aggregate-event,,,0xd5c5254a,after-only,,,,,,5202,1259,18,ffffffff,4294967295,,,0,0
equipment-event-081,moving_around_gridania.pcapng,0,actor-02,actor-02,aggregate-event,,,0xd68fa0e1,after-only,,,,,,5318,1259,26,0ff1e050,1356919055,,,0,0
equipment-event-081,moving_around_gridania.pcapng,0,actor-02,actor-02,aggregate-event,,,0xd71d3b0e,after-only,,,,,,5262,1259,23,106af0a0,2700110352,,,0,0
equipment-event-081,moving_around_gridania.pcapng,0,actor-02,actor-02,aggregate-event,,,0xdba408a0,after-only,,,,,,5237,1259,21,ce180000,6350,,,0,0
equipment-event-081,moving_around_gridania.pcapng,0,actor-02,actor-02,aggregate-event,,,0xdc4f03f9,after-only,,,,,,5211,1259,19,01,1,,,0,0
equipment-event-081,moving_around_gridania.pcapng,0,actor-02,actor-02,aggregate-event,,,0xdf99e003,after-only,,,,,,5240,1259,21,c4780000,30916,,,0,0
equipment-event-081,moving_around_gridania.pcapng,0,actor-02,actor-02,aggregate-event,,,0xe058a98c,after-only,,,,,,5327,1259,27,79745550,1347777657,,,0,0
equipment-event-081,moving_around_gridania.pcapng,0,actor-02,actor-02,aggregate-event,,,0xe14b0ca8,after-only,,,,,,5189,1259,18,01,1,,,0,0
equipment-event-081,moving_around_gridania.pcapng,0,actor-02,actor-02,aggregate-event,,,0xe17d8c7a,after-only,,,,,,5220,1259,20,b500,181,,,0,0
equipment-event-081,moving_around_gridania.pcapng,0,actor-02,actor-02,aggregate-event,,,0xe4567838,after-only,,,,,,5292,1259,24,01,1,,,0,0
equipment-event-081,moving_around_gridania.pcapng,0,actor-02,actor-02,aggregate-event,,,0xe764c45d,after-only,,,,,,5245,1259,21,0952f0a0,2700104201,,,0,0
equipment-event-081,moving_around_gridania.pcapng,0,actor-02,actor-02,aggregate-event,,,0xe7ed17a0,after-only,,,,,,5269,1259,23,096af0a0,2700110345,,,0,0
equipment-event-081,moving_around_gridania.pcapng,0,actor-02,actor-02,aggregate-event,,,0xeb90baab,after-only,,,,,,5232,1259,20,cc00,204,,,0,0
equipment-event-081,moving_around_gridania.pcapng,0,actor-02,actor-02,aggregate-event,,,0xebbefbea,after-only,,,,,,5326,1259,27,79745550,1347777657,,,0,0
equipment-event-081,moving_around_gridania.pcapng,0,actor-02,actor-02,aggregate-event,,,0xed6de041,after-only,,,,,,5246,1259,21,0a52f0a0,2700104202,,,0,0
equipment-event-081,moving_around_gridania.pcapng,0,actor-02,actor-02,aggregate-event,,,0xedad792f,after-only,,,,,,5322,1259,26,a1d4ca50,1355469985,,,0,0
equipment-event-081,moving_around_gridania.pcapng,0,actor-02,actor-02,aggregate-event,,,0xf01787b7,after-only,,,,,,5249,1259,22,0d52f0a0,2700104205,,,0,0
equipment-event-081,moving_around_gridania.pcapng,0,actor-02,actor-02,aggregate-event,,,0xf053ac1a,after-only,,,,,,5256,1259,22,eb2ef0a0,2700095211,,,0,0
equipment-event-081,moving_around_gridania.pcapng,0,actor-02,actor-02,aggregate-event,,,0xf2e07ff4,after-only,,,,,,5270,1259,23,0a6af0a0,2700110346,,,0,0
equipment-event-081,moving_around_gridania.pcapng,0,actor-02,actor-02,aggregate-event,,,0xf55d07a5,after-only,,,,,,5291,1259,24,01,1,,,0,0
equipment-event-081,moving_around_gridania.pcapng,0,actor-02,actor-02,aggregate-event,,,0xf642f974,after-only,,,,,,5263,1259,23,166af0a0,2700110358,,,0,0
equipment-event-081,moving_around_gridania.pcapng,0,actor-02,actor-02,aggregate-event,,,0xf8a7dab1,unchanged,5185,1249,1,03,3,5353,1259,28,03,3,10,358,0,0
equipment-event-081,moving_around_gridania.pcapng,0,actor-02,actor-02,aggregate-event,,,0xfa5e83e4,after-only,,,,,,5340,1259,28,2d00,45,,,0,0
equipment-event-081,moving_around_gridania.pcapng,0,actor-02,actor-02,aggregate-event,,,0xfbfbcfb1,after-only,,,,,,5192,1259,18,01,1,,,0,0
equipment-event-081,moving_around_gridania.pcapng,0,actor-02,actor-02,aggregate-event,,,0xfcdfdcac,after-only,,,,,,5298,1259,25,01,1,,,0,0
equipment-event-081,moving_around_gridania.pcapng,0,actor-02,actor-02,aggregate-event,,,0xfdd1f6de,after-only,,,,,,5210,1259,19,01,1,,,0,0
equipment-event-104,return_to_inn.pcapng,0,actor-01,actor-01,aggregate-event,,,0x01e244c5,after-only,,,,,,7947,47,20,ffffffff,4294967295,,,0,0
equipment-event-104,return_to_inn.pcapng,0,actor-01,actor-01,aggregate-event,,,0x03aede7b,after-only,,,,,,8015,47,24,2c6af0a0,2700110380,,,0,0
equipment-event-104,return_to_inn.pcapng,0,actor-01,actor-01,aggregate-event,,,0x04a05dae,after-only,,,,,,8059,47,27,0c23e050,1356866316,,,0,0
equipment-event-104,return_to_inn.pcapng,0,actor-01,actor-01,aggregate-event,,,0x0cca47c4,after-only,,,,,,7951,47,20,01,1,,,0,0
equipment-event-104,return_to_inn.pcapng,0,actor-01,actor-01,aggregate-event,,,0x0cdd66e8,after-only,,,,,,8031,47,25,01,1,,,0,0
equipment-event-104,return_to_inn.pcapng,0,actor-01,actor-01,aggregate-event,,,0x0db5a5bf,after-only,,,,,,7931,47,19,05,5,,,0,0
equipment-event-104,return_to_inn.pcapng,0,actor-01,actor-01,aggregate-event,,,0x0e4920e3,after-only,,,,,,7982,47,22,b51f0000,8117,,,0,0
equipment-event-104,return_to_inn.pcapng,0,actor-01,actor-01,aggregate-event,,,0x0e704141,after-only,,,,,,7961,47,20,4c00,76,,,0,0
equipment-event-104,return_to_inn.pcapng,0,actor-01,actor-01,aggregate-event,,,0x11b1b22d,after-only,,,,,,7970,47,21,9d00,157,,,0,0
equipment-event-104,return_to_inn.pcapng,0,actor-01,actor-01,aggregate-event,,,0x13f89710,after-only,,,,,,7939,47,19,f900,249,,,0,0
equipment-event-104,return_to_inn.pcapng,0,actor-01,actor-01,aggregate-event,,,0x1662a1bf,after-only,,,,,,8057,47,27,2fece050,1356917807,,,0,0
equipment-event-104,return_to_inn.pcapng,0,actor-01,actor-01,aggregate-event,,,0x17ab37ef,after-only,,,,,,7978,47,21,aa00,170,,,0,0
equipment-event-104,return_to_inn.pcapng,0,actor-01,actor-01,aggregate-event,,,0x18734cc5,after-only,,,,,,8030,47,25,01,1,,,0,0
equipment-event-104,return_to_inn.pcapng,0,actor-01,actor-01,aggregate-event,,,0x1b37117e,after-only,,,,,,8047,47,26,01,1,,,0,0
equipment-event-104,return_to_inn.pcapng,0,actor-01,actor-01,aggregate-event,,,0x1bc46a06,after-only,,,,,,8050,47,26,01,1,,,0,0
equipment-event-104,return_to_inn.pcapng,0,actor-01,actor-01,aggregate-event,,,0x1c2aec73,after-only,,,,,,7966,47,21,9600,150,,,0,0
equipment-event-104,return_to_inn.pcapng,0,actor-01,actor-01,aggregate-event,,,0x1c420f6c,after-only,,,,,,8020,47,25,01,1,,,0,0
equipment-event-104,return_to_inn.pcapng,0,actor-01,actor-01,aggregate-event,,,0x1f3dacc5,after-only,,,,,,7973,47,21,a900,169,,,0,0
equipment-event-104,return_to_inn.pcapng,0,actor-01,actor-01,aggregate-event,,,0x204cf942,after-only,,,,,,7965,47,21,9600,150,,,0,0
equipment-event-104,return_to_inn.pcapng,0,actor-01,actor-01,aggregate-event,,,0x2138fd71,after-only,,,,,,7934,47,19,01,1,,,0,0
equipment-event-104,return_to_inn.pcapng,0,actor-01,actor-01,aggregate-event,,,0x24224121,after-only,,,,,,8012,47,24,2e6af0a0,2700110382,,,0,0
equipment-event-104,return_to_inn.pcapng,0,actor-01,actor-01,aggregate-event,,,0x2526d379,after-only,,,,,,8041,47,26,01,1,,,0,0
equipment-event-104,return_to_inn.pcapng,0,actor-01,actor-01,aggregate-event,,,0x28887bd6,after-only,,,,,,8054,47,26,0c23e050,1356866316,,,0,0
equipment-event-104,return_to_inn.pcapng,0,actor-01,actor-01,aggregate-event,,,0x2a4f53c7,after-only,,,,,,7988,47,22,2d040000,1069,,,0,0
equipment-event-104,return_to_inn.pcapng,0,actor-01,actor-01,aggregate-event,,,0x2bcd68aa,after-only,,,,,,8038,47,25,20,32,,,0,0
equipment-event-104,return_to_inn.pcapng,0,actor-01,actor-01,aggregate-event,,,0x2dfbc13a,after-only,,,,,,7960,47,20,4f00,79,,,0,0
equipment-event-104,return_to_inn.pcapng,0,actor-01,actor-01,aggregate-event,,,0x2f5ac0cc,after-only,,,,,,8011,47,24,806af0a0,2700110464,,,0,0
equipment-event-104,return_to_inn.pcapng,0,actor-01,actor-01,aggregate-event,,,0x318836c0,after-only,,,,,,8025,47,25,01,1,,,0,0
equipment-event-104,return_to_inn.pcapng,0,actor-01,actor-01,aggregate-event,,,0x36b51229,after-only,,,,,,8060,47,27,0c23e050,1356866316,,,0,0
equipment-event-104,return_to_inn.pcapng,0,actor-01,actor-01,aggregate-event,,,0x38c8b08f,after-only,,,,,,7998,47,23,e52ef0a0,2700095205,,,0,0
equipment-event-104,return_to_inn.pcapng,0,actor-01,actor-01,aggregate-event,,,0x39f384cf,after-only,,,,,,7999,47,23,e72ef0a0,2700095207,,,0,0
equipment-event-104,return_to_inn.pcapng,0,actor-01,actor-01,aggregate-event,,,0x3c95d5c5,after-only,,,,,,7940,47,19,f900,249,,,0,0
equipment-event-104,return_to_inn.pcapng,0,actor-01,actor-01,aggregate-event,,,0x3e1a660f,after-only,,,,,,8004,47,23,ff55f0a0,2700105215,,,0,0
equipment-event-104,return_to_inn.pcapng,0,actor-01,actor-01,aggregate-event,,,0x415881ad,after-only,,,,,,7949,47,20,ffffffff,4294967295,,,0,0
equipment-event-104,return_to_inn.pcapng,0,actor-01,actor-01,aggregate-event,,,0x416571ac,after-only,,,,,,7959,47,20,6600,102,,,0,0
equipment-event-104,return_to_inn.pcapng,0,actor-01,actor-01,aggregate-event,,,0x41991fca,after-only,,,,,,7956,47,20,01,1,,,0,0
equipment-event-104,return_to_inn.pcapng,0,actor-01,actor-01,aggregate-event,,,0x419b046f,after-only,,,,,,8026,47,25,01,1,,,0,0
equipment-event-104,return_to_inn.pcapng,0,actor-01,actor-01,aggregate-event,,,0x4232bcaa,after-only,,,,,,7937,47,19,f602,758,,,0,0
equipment-event-104,return_to_inn.pcapng,0,actor-01,actor-01,aggregate-event,,,0x45b85823,after-only,,,,,,8066,47,27,faacdf50,1356836090,,,0,0
equipment-event-104,return_to_inn.pcapng,0,actor-01,actor-01,aggregate-event,,,0x469403ba,after-only,,,,,,8009,47,24,dc69f0a0,2700110300,,,0,0
equipment-event-104,return_to_inn.pcapng,0,actor-01,actor-01,aggregate-event,,,0x470d61da,after-only,,,,,,8002,47,23,fd55f0a0,2700105213,,,0,0
equipment-event-104,return_to_inn.pcapng,0,actor-01,actor-01,aggregate-event,,,0x4b2a7d17,after-only,,,,,,8048,47,26,01,1,,,0,0
equipment-event-104,return_to_inn.pcapng,0,actor-01,actor-01,aggregate-event,,,0x4f365e47,after-only,,,,,,8056,47,26,0c23e050,1356866316,,,0,0
equipment-event-104,return_to_inn.pcapng,0,actor-01,actor-01,aggregate-event,,,0x50ffb0a4,after-only,,,,,,7948,47,20,ffffffff,4294967295,,,0,0
equipment-event-104,return_to_inn.pcapng,0,actor-01,actor-01,aggregate-event,,,0x5272eae9,after-only,,,,,,8053,47,26,fcebe050,1356917756,,,0,0
equipment-event-104,return_to_inn.pcapng,0,actor-01,actor-01,aggregate-event,,,0x573fe04c,after-only,,,,,,7979,47,21,0000803f,1065353216,,,0,0
equipment-event-104,return_to_inn.pcapng,0,actor-01,actor-01,aggregate-event,,,0x5883d746,after-only,,,,,,8067,47,27,3aaddf50,1356836154,,,0,0
equipment-event-104,return_to_inn.pcapng,0,actor-01,actor-01,aggregate-event,,,0x58cd7cc0,after-only,,,,,,8042,47,26,01,1,,,0,0
equipment-event-104,return_to_inn.pcapng,0,actor-01,actor-01,aggregate-event,,,0x5a0a4034,after-only,,,,,,8022,47,25,01,1,,,0,0
equipment-event-104,return_to_inn.pcapng,0,actor-01,actor-01,aggregate-event,,,0x5d9dbe46,after-only,,,,,,8069,47,27,79745550,1347777657,,,0,0
equipment-event-104,return_to_inn.pcapng,0,actor-01,actor-01,aggregate-event,,,0x5f0f0e64,after-only,,,,,,8045,47,26,01,1,,,0,0
equipment-event-104,return_to_inn.pcapng,0,actor-01,actor-01,aggregate-event,,,0x5fc56d16,after-only,,,,,,7967,47,21,a000,160,,,0,0
equipment-event-104,return_to_inn.pcapng,0,actor-01,actor-01,aggregate-event,,,0x6047e4bd,after-only,,,,,,7987,47,22,63c70000,51043,,,0,0
equipment-event-104,return_to_inn.pcapng,0,actor-01,actor-01,aggregate-event,,,0x6065f862,after-only,,,,,,8033,47,25,01,1,,,0,0
equipment-event-104,return_to_inn.pcapng,0,actor-01,actor-01,aggregate-event,,,0x6161a641,after-only,,,,,,7992,47,22,e42ef0a0,2700095204,,,0,0
equipment-event-104,return_to_inn.pcapng,0,actor-01,actor-01,aggregate-event,,,0x61816dfe,after-only,,,,,,7950,47,20,ffffffff,4294967295,,,0,0
equipment-event-104,return_to_inn.pcapng,0,actor-01,actor-01,aggregate-event,,,0x647a29a8,after-only,,,,,,7957,47,20,6100,97,,,0,0
equipment-event-104,return_to_inn.pcapng,0,actor-01,actor-01,aggregate-event,,,0x64803e98,after-only,,,,,,7968,47,21,9600,150,,,0,0
equipment-event-104,return_to_inn.pcapng,0,actor-01,actor-01,aggregate-event,,,0x671ef2b1,after-only,,,,,,8046,47,26,01,1,,,0,0
equipment-event-104,return_to_inn.pcapng,0,actor-01,actor-01,aggregate-event,,,0x69263cb7,after-only,,,,,,8021,47,25,01,1,,,0,0
equipment-event-104,return_to_inn.pcapng,0,actor-01,actor-01,aggregate-event,,,0x69579da7,after-only,,,,,,7994,47,23,0e52f0a0,2700104206,,,0,0
equipment-event-104,return_to_inn.pcapng,0,actor-01,actor-01,aggregate-event,,,0x6b060065,after-only,,,,,,8029,47,25,01,1,,,0,0
equipment-event-104,return_to_inn.pcapng,0,actor-01,actor-01,aggregate-event,,,0x6b6e041d,after-only,,,,,,7975,47,21,ad00,173,,,0,0
equipment-event-104,return_to_inn.pcapng,0,actor-01,actor-01,aggregate-event,,,0x6ccaf8b3,after-only,,,,,,7962,47,20,4300,67,,,0,0
equipment-event-104,return_to_inn.pcapng,0,actor-01,actor-01,aggregate-event,,,0x6d5633b9,after-only,,,,,,7945,47,19,ffffffff,4294967295,,,0,0
equipment-event-104,return_to_inn.pcapng,0,actor-01,actor-01,aggregate-event,,,0x748287f9,after-only,,,,,,7986,47,22,fd6a0000,27389,,,0,0
equipment-event-104,return_to_inn.pcapng,0,actor-01,actor-01,aggregate-event,,,0x7532ce24,after-only,,,,,,7941,47,19,04,4,,,0,0
equipment-event-104,return_to_inn.pcapng,0,actor-01,actor-01,aggregate-event,,,0x79c7ecff,after-only,,,,,,7963,47,20,9600,150,,,0,0
equipment-event-104,return_to_inn.pcapng,0,actor-01,actor-01,aggregate-event,,,0x7b2f0a94,after-only,,,,,,7985,47,22,ab0e0000,3755,,,0,0
equipment-event-104,return_to_inn.pcapng,0,actor-01,actor-01,aggregate-event,,,0x7b675313,after-only,,,,,,7935,47,19,01,1,,,0,0
equipment-event-104,return_to_inn.pcapng,0,actor-01,actor-01,aggregate-event,,,0x7bcdfb69,after-only,,,,,,7938,47,19,f602,758,,,0,0
equipment-event-104,return_to_inn.pcapng,0,actor-01,actor-01,aggregate-event,,,0x7cc10854,after-only,,,,,,8035,47,25,01,1,,,0,0
equipment-event-104,return_to_inn.pcapng,0,actor-01,actor-01,aggregate-event,,,0x7da83ade,after-only,,,,,,7995,47,23,0f52f0a0,2700104207,,,0,0
equipment-event-104,return_to_inn.pcapng,0,actor-01,actor-01,aggregate-event,,,0x7efd97e4,after-only,,,,,,8003,47,23,3973f0a0,2700112697,,,0,0
equipment-event-104,return_to_inn.pcapng,0,actor-01,actor-01,aggregate-event,,,0x7ff0ee64,after-only,,,,,,8018,47,24,01,1,,,0,0
equipment-event-104,return_to_inn.pcapng,0,actor-01,actor-01,aggregate-event,,,0x80dfda92,after-only,,,,,,8008,47,24,d26af0a0,2700110546,,,0,0
equipment-event-104,return_to_inn.pcapng,0,actor-01,actor-01,aggregate-event,,,0x85aafe74,after-only,,,,,,8049,47,26,01,1,,,0,0
equipment-event-104,return_to_inn.pcapng,0,actor-01,actor-01,aggregate-event,,,0x89098566,after-only,,,,,,7991,47,22,e32ef0a0,2700095203,,,0,0
equipment-event-104,return_to_inn.pcapng,0,actor-01,actor-01,aggregate-event,,,0x8a5cbc5b,after-only,,,,,,8027,47,25,01,1,,,0,0
equipment-event-104,return_to_inn.pcapng,0,actor-01,actor-01,aggregate-event,,,0x8a676a74,after-only,,,,,,8016,47,24,3a6af0a0,2700110394,,,0,0
equipment-event-104,return_to_inn.pcapng,0,actor-01,actor-01,aggregate-event,,,0x8b4fa1a4,after-only,,,,,,8051,47,26,01,1,,,0,0
equipment-event-104,return_to_inn.pcapng,0,actor-01,actor-01,aggregate-event,,,0x8c336da3,after-only,,,,,,7944,47,19,ffffffff,4294967295,,,0,0
equipment-event-104,return_to_inn.pcapng,0,actor-01,actor-01,aggregate-event,,,0x8c44e56b,after-only,,,,,,7943,47,19,ffffffff,4294967295,,,0,0
equipment-event-104,return_to_inn.pcapng,0,actor-01,actor-01,aggregate-event,,,0x8cae90db,after-only,,,,,,7972,47,21,9200,146,,,0,0
equipment-event-104,return_to_inn.pcapng,0,actor-01,actor-01,aggregate-event,,,0x8d974f1c,after-only,,,,,,8052,47,26,e5ebe050,1356917733,,,0,0
equipment-event-104,return_to_inn.pcapng,0,actor-01,actor-01,aggregate-event,,,0x8e4e1fb2,after-only,,,,,,8024,47,25,01,1,,,0,0
equipment-event-104,return_to_inn.pcapng,0,actor-01,actor-01,aggregate-event,,,0x91cd44e7,after-only,,,,,,7969,47,21,9700,151,,,0,0
equipment-event-104,return_to_inn.pcapng,0,actor-01,actor-01,aggregate-event,,,0x939e884a,after-only,,,,,,7958,47,20,5c00,92,,,0,0
equipment-event-104,return_to_inn.pcapng,0,actor-01,actor-01,aggregate-event,,,0x958051f1,after-only,,,,,,8010,47,24,7c6af0a0,2700110460,,,0,0
equipment-event-104,return_to_inn.pcapng,0,actor-01,actor-01,aggregate-event,,,0x95bcf98a,after-only,,,,,,7953,47,20,01,1,,,0,0
equipment-event-104,return_to_inn.pcapng,0,actor-01,actor-01,aggregate-event,,,0x96063588,after-only,,,,,,7942,47,19,1a00,26,,,0,0
equipment-event-104,return_to_inn.pcapng,0,actor-01,actor-01,aggregate-event,,,0x98bcf012,after-only,,,,,,8044,47,26,01,1,,,0,0
equipment-event-104,return_to_inn.pcapng,0,actor-01,actor-01,aggregate-event,,,0x9a378611,after-only,,,,,,8063,47,27,0c23e050,1356866316,,,0,0
equipment-event-104,return_to_inn.pcapng,0,actor-01,actor-01,aggregate-event,,,0x9db2fd87,after-only,,,,,,8061,47,27,09ece050,1356917769,,,0,0
equipment-event-104,return_to_inn.pcapng,0,actor-01,actor-01,aggregate-event,,,0x9f278594,after-only,,,,,,8019,47,24,01,1,,,0,0
equipment-event-104,return_to_inn.pcapng,0,actor-01,actor-01,aggregate-event,,,0x9fd558d0,after-only,,,,,,8062,47,27,0c23e050,1356866316,,,0,0
equipment-event-104,return_to_inn.pcapng,0,actor-01,actor-01,aggregate-event,,,0xa2478ea5,after-only,,,,,,8055,47,26,0c23e050,1356866316,,,0,0
equipment-event-104,return_to_inn.pcapng,0,actor-01,actor-01,aggregate-event,,,0xa329599a,after-only,,,,,,7974,47,21,a900,169,,,0,0
equipment-event-104,return_to_inn.pcapng,0,actor-01,actor-01,aggregate-event,,,0xa6d426c4,after-only,,,,,,8034,47,25,01,1,,,0,0
equipment-event-104,return_to_inn.pcapng,0,actor-01,actor-01,aggregate-event,,,0xabb78bce,after-only,,,,,,8028,47,25,01,1,,,0,0
equipment-event-104,return_to_inn.pcapng,0,actor-01,actor-01,aggregate-event,,,0xacc58f29,after-only,,,,,,7983,47,22,8f240000,9359,,,0,0
equipment-event-104,return_to_inn.pcapng,0,actor-01,actor-01,aggregate-event,,,0xad16c7ae,after-only,,,,,,7996,47,23,e92ef0a0,2700095209,,,0,0
equipment-event-104,return_to_inn.pcapng,0,actor-01,actor-01,aggregate-event,,,0xadef0b22,after-only,,,,,,8040,47,26,01,1,,,0,0
equipment-event-104,return_to_inn.pcapng,0,actor-01,actor-01,aggregate-event,,,0xb3663189,after-only,,,,,,7952,47,20,01,1,,,0,0
equipment-event-104,return_to_inn.pcapng,0,actor-01,actor-01,aggregate-event,,,0xb5993ddc,after-only,,,,,,7997,47,23,ea2ef0a0,2700095210,,,0,0
equipment-event-104,return_to_inn.pcapng,0,actor-01,actor-01,aggregate-event,,,0xb9c13d96,after-only,,,,,,8032,47,25,01,1,,,0,0
equipment-event-104,return_to_inn.pcapng,0,actor-01,actor-01,aggregate-event,,,0xba51c4e1,after-only,,,,,,7971,47,21,a900,169,,,0,0
equipment-event-104,return_to_inn.pcapng,0,actor-01,actor-01,aggregate-event,,,0xbb9cc775,after-only,,,,,,7980,47,22,0000803e,1048576000,,,0,0
equipment-event-104,return_to_inn.pcapng,0,actor-01,actor-01,aggregate-event,,,0xbca83abb,after-only,,,,,,8065,47,27,32b3df50,1356837682,,,0,0
equipment-event-104,return_to_inn.pcapng,0,actor-01,actor-01,aggregate-event,,,0xc0f66df7,after-only,,,,,,7932,47,19,3333d340,1087583027,,,0,0
equipment-event-104,return_to_inn.pcapng,0,actor-01,actor-01,aggregate-event,,,0xc5c48a58,after-only,,,,,,8023,47,25,01,1,,,0,0
equipment-event-104,return_to_inn.pcapng,0,actor-01,actor-01,aggregate-event,,,0xc642e791,after-only,,,,,,8058,47,27,13ece050,1356917779,,,0,0
equipment-event-104,return_to_inn.pcapng,0,actor-01,actor-01,aggregate-event,,,0xc8c3a058,after-only,,,,,,8039,47,25,01,1,,,0,0
equipment-event-104,return_to_inn.pcapng,0,actor-01,actor-01,aggregate-event,,,0xc9045217,after-only,,,,,,8001,47,23,fc55f0a0,2700105212,,,0,0
equipment-event-104,return_to_inn.pcapng,0,actor-01,actor-01,aggregate-event,,,0xca132bc5,after-only,,,,,,8005,47,23,366af0a0,2700110390,,,0,0
equipment-event-104,return_to_inn.pcapng,0,actor-01,actor-01,aggregate-event,,,0xca9f30e5,after-only,,,,,,8017,47,24,2f6af0a0,2700110383,,,0,0
equipment-event-104,return_to_inn.pcapng,0,actor-01,actor-01,aggregate-event,,,0xd57dc284,after-only,,,,,,7977,47,21,ae00,174,,,0,0
equipment-event-104,return_to_inn.pcapng,0,actor-01,actor-01,aggregate-event,,,0xd5c5254a,after-only,,,,,,7946,47,19,ffffffff,4294967295,,,0,0
equipment-event-104,return_to_inn.pcapng,0,actor-01,actor-01,aggregate-event,,,0xd68fa0e1,after-only,,,,,,8064,47,27,23b3df50,1356837667,,,0,0
equipment-event-104,return_to_inn.pcapng,0,actor-01,actor-01,aggregate-event,,,0xd71d3b0e,after-only,,,,,,8006,47,24,376af0a0,2700110391,,,0,0
equipment-event-104,return_to_inn.pcapng,0,actor-01,actor-01,aggregate-event,,,0xdba408a0,after-only,,,,,,7981,47,22,ce180000,6350,,,0,0
equipment-event-104,return_to_inn.pcapng,0,actor-01,actor-01,aggregate-event,,,0xdc4f03f9,after-only,,,,,,7955,47,20,01,1,,,0,0
equipment-event-104,return_to_inn.pcapng,0,actor-01,actor-01,aggregate-event,,,0xdf99e003,after-only,,,,,,7984,47,22,c4780000,30916,,,0,0
equipment-event-104,return_to_inn.pcapng,0,actor-01,actor-01,aggregate-event,,,0xe14b0ca8,after-only,,,,,,7933,47,19,01,1,,,0,0
equipment-event-104,return_to_inn.pcapng,0,actor-01,actor-01,aggregate-event,,,0xe17d8c7a,after-only,,,,,,7964,47,21,9600,150,,,0,0
equipment-event-104,return_to_inn.pcapng,0,actor-01,actor-01,aggregate-event,,,0xe4567838,after-only,,,,,,8037,47,25,01,1,,,0,0
equipment-event-104,return_to_inn.pcapng,0,actor-01,actor-01,aggregate-event,,,0xe764c45d,after-only,,,,,,7989,47,22,0952f0a0,2700104201,,,0,0
equipment-event-104,return_to_inn.pcapng,0,actor-01,actor-01,aggregate-event,,,0xe7ed17a0,after-only,,,,,,8013,47,24,2d6af0a0,2700110381,,,0,0
equipment-event-104,return_to_inn.pcapng,0,actor-01,actor-01,aggregate-event,,,0xeb90baab,after-only,,,,,,7976,47,21,a600,166,,,0,0
equipment-event-104,return_to_inn.pcapng,0,actor-01,actor-01,aggregate-event,,,0xed6de041,after-only,,,,,,7990,47,22,0a52f0a0,2700104202,,,0,0
equipment-event-104,return_to_inn.pcapng,0,actor-01,actor-01,aggregate-event,,,0xedad792f,after-only,,,,,,8068,47,27,a1d4ca50,1355469985,,,0,0
equipment-event-104,return_to_inn.pcapng,0,actor-01,actor-01,aggregate-event,,,0xf01787b7,after-only,,,,,,7993,47,23,0d52f0a0,2700104205,,,0,0
equipment-event-104,return_to_inn.pcapng,0,actor-01,actor-01,aggregate-event,,,0xf053ac1a,after-only,,,,,,8000,47,23,eb2ef0a0,2700095211,,,0,0
equipment-event-104,return_to_inn.pcapng,0,actor-01,actor-01,aggregate-event,,,0xf2e07ff4,after-only,,,,,,8014,47,24,3e6af0a0,2700110398,,,0,0
equipment-event-104,return_to_inn.pcapng,0,actor-01,actor-01,aggregate-event,,,0xf55d07a5,after-only,,,,,,8036,47,25,01,1,,,0,0
equipment-event-104,return_to_inn.pcapng,0,actor-01,actor-01,aggregate-event,,,0xf642f974,after-only,,,,,,8007,47,24,396af0a0,2700110393,,,0,0
equipment-event-104,return_to_inn.pcapng,0,actor-01,actor-01,aggregate-event,,,0xfbfbcfb1,after-only,,,,,,7936,47,19,01,1,,,0,0
equipment-event-104,return_to_inn.pcapng,0,actor-01,actor-01,aggregate-event,,,0xfcdfdcac,after-only,,,,,,8043,47,26,01,1,,,0,0
equipment-event-104,return_to_inn.pcapng,0,actor-01,actor-01,aggregate-event,,,0xfdd1f6de,after-only,,,,,,7954,47,20,01,1,,,0,0
equipment-event-111,switch_to_weaver.pcapng,0,actor-01,actor-01,single-slot,0,0x005C77E6,0x03aede7b,after-only,,,,,,8189,26,4,00000000,0,,,4,256
equipment-event-111,switch_to_weaver.pcapng,0,actor-01,actor-01,single-slot,0,0x005C77E6,0x09664b49,after-only,,,,,,8178,26,3,0056f0a0,2700105216,,,4,256
equipment-event-111,switch_to_weaver.pcapng,0,actor-01,actor-01,single-slot,0,0x005C77E6,0x0ad1ce80,before-only,8140,10,0,ff00ff00ff00ff00ff0003,3631481450359897754370303,,,,,,12,4326,,
equipment-event-111,switch_to_weaver.pcapng,0,actor-01,actor-01,single-slot,0,0x005C77E6,0x0e704141,after-only,,,,,,8152,26,1,1400,20,,,4,256
equipment-event-111,switch_to_weaver.pcapng,0,actor-01,actor-01,single-slot,0,0x005C77E6,0x11b1b22d,after-only,,,,,,8161,26,1,3800,56,,,4,256
equipment-event-111,switch_to_weaver.pcapng,0,actor-01,actor-01,single-slot,0,0x005C77E6,0x13f89710,after-only,,,,,,8144,26,0,7800,120,,,4,256
equipment-event-111,switch_to_weaver.pcapng,0,actor-01,actor-01,single-slot,0,0x005C77E6,0x17ab37ef,after-only,,,,,,8169,26,2,3c00,60,,,4,256
equipment-event-111,switch_to_weaver.pcapng,0,actor-01,actor-01,single-slot,0,0x005C77E6,0x1b37117e,after-only,,,,,,8200,26,5,00,0,,,4,256
equipment-event-111,switch_to_weaver.pcapng,0,actor-01,actor-01,single-slot,0,0x005C77E6,0x1bc46a06,after-only,,,,,,8203,26,5,00,0,,,4,256
equipment-event-111,switch_to_weaver.pcapng,0,actor-01,actor-01,single-slot,0,0x005C77E6,0x1c2aec73,after-only,,,,,,8158,26,1,3800,56,,,4,256
equipment-event-111,switch_to_weaver.pcapng,0,actor-01,actor-01,single-slot,0,0x005C77E6,0x1f3dacc5,after-only,,,,,,8164,26,2,3d00,61,,,4,256
equipment-event-111,switch_to_weaver.pcapng,0,actor-01,actor-01,single-slot,0,0x005C77E6,0x204cf942,after-only,,,,,,8156,26,1,3800,56,,,4,256
equipment-event-111,switch_to_weaver.pcapng,0,actor-01,actor-01,single-slot,0,0x005C77E6,0x20fe7d3f,after-only,,,,,,8207,26,6,01,1,,,4,256
equipment-event-111,switch_to_weaver.pcapng,0,actor-01,actor-01,single-slot,0,0x005C77E6,0x24224121,after-only,,,,,,8186,26,4,00000000,0,,,4,256
equipment-event-111,switch_to_weaver.pcapng,0,actor-01,actor-01,single-slot,0,0x005C77E6,0x2526d379,after-only,,,,,,8194,26,5,00,0,,,4,256
equipment-event-111,switch_to_weaver.pcapng,0,actor-01,actor-01,single-slot,0,0x005C77E6,0x2dfbc13a,after-only,,,,,,8151,26,1,1400,20,,,4,256
equipment-event-111,switch_to_weaver.pcapng,0,actor-01,actor-01,single-slot,0,0x005C77E6,0x2f5ac0cc,after-only,,,,,,8185,26,4,00000000,0,,,4,256
equipment-event-111,switch_to_weaver.pcapng,0,actor-01,actor-01,single-slot,0,0x005C77E6,0x31af42be,after-only,,,,,,8171,26,2,0800,8,,,4,256
equipment-event-111,switch_to_weaver.pcapng,0,actor-01,actor-01,single-slot,0,0x005C77E6,0x3c95d5c5,after-only,,,,,,8145,26,0,7800,120,,,4,256
equipment-event-111,switch_to_weaver.pcapng,0,actor-01,actor-01,single-slot,0,0x005C77E6,0x3e2b1a7a,after-only,,,,,,8174,26,3,f155f0a0,2700105201,,,4,256
equipment-event-111,switch_to_weaver.pcapng,0,actor-01,actor-01,single-slot,0,0x005C77E6,0x416571ac,after-only,,,,,,8150,26,1,1400,20,,,4,256
equipment-event-111,switch_to_weaver.pcapng,0,actor-01,actor-01,single-slot,0,0x005C77E6,0x4232bcaa,after-only,,,,,,8142,26,0,6f00,111,,,4,256
equipment-event-111,switch_to_weaver.pcapng,0,actor-01,actor-01,single-slot,0,0x005C77E6,0x469403ba,after-only,,,,,,8183,26,4,00000000,0,,,4,256
equipment-event-111,switch_to_weaver.pcapng,0,actor-01,actor-01,single-slot,0,0x005C77E6,0x4b2a7d17,after-only,,,,,,8201,26,5,00,0,,,4,256
equipment-event-111,switch_to_weaver.pcapng,0,actor-01,actor-01,single-slot,0,0x005C77E6,0x58cd7cc0,after-only,,,,,,8195,26,5,00,0,,,4,256
equipment-event-111,switch_to_weaver.pcapng,0,actor-01,actor-01,single-slot,0,0x005C77E6,0x5f0f0e64,after-only,,,,,,8198,26,5,00,0,,,4,256
equipment-event-111,switch_to_weaver.pcapng,0,actor-01,actor-01,single-slot,0,0x005C77E6,0x5fc56d16,after-only,,,,,,8157,26,1,4200,66,,,4,256
equipment-event-111,switch_to_weaver.pcapng,0,actor-01,actor-01,single-slot,0,0x005C77E6,0x620811c8,after-only,,,,,,8204,26,5,0500,5,,,4,256
equipment-event-111,switch_to_weaver.pcapng,0,actor-01,actor-01,single-slot,0,0x005C77E6,0x647a29a8,after-only,,,,,,8148,26,1,1100,17,,,4,256
equipment-event-111,switch_to_weaver.pcapng,0,actor-01,actor-01,single-slot,0,0x005C77E6,0x64803e98,after-only,,,,,,8159,26,1,3800,56,,,4,256
equipment-event-111,switch_to_weaver.pcapng,0,actor-01,actor-01,single-slot,0,0x005C77E6,0x671ef2b1,after-only,,,,,,8199,26,5,00,0,,,4,256
equipment-event-111,switch_to_weaver.pcapng,0,actor-01,actor-01,single-slot,0,0x005C77E6,0x6b6e041d,after-only,,,,,,8166,26,2,3c00,60,,,4,256
equipment-event-111,switch_to_weaver.pcapng,0,actor-01,actor-01,single-slot,0,0x005C77E6,0x6c281311,after-only,,,,,,8172,26,2,0700,7,,,4,256
equipment-event-111,switch_to_weaver.pcapng,0,actor-01,actor-01,single-slot,0,0x005C77E6,0x6ccaf8b3,after-only,,,,,,8153,26,1,1000,16,,,4,256
equipment-event-111,switch_to_weaver.pcapng,0,actor-01,actor-01,single-slot,0,0x005C77E6,0x7532ce24,after-only,,,,,,8146,26,0,22,34,,,4,256
equipment-event-111,switch_to_weaver.pcapng,0,actor-01,actor-01,single-slot,0,0x005C77E6,0x79c7ecff,after-only,,,,,,8154,26,1,3800,56,,,4,256
equipment-event-111,switch_to_weaver.pcapng,0,actor-01,actor-01,single-slot,0,0x005C77E6,0x7bcdfb69,after-only,,,,,,8143,26,0,6f00,111,,,4,256
equipment-event-111,switch_to_weaver.pcapng,0,actor-01,actor-01,single-slot,0,0x005C77E6,0x80dfda92,after-only,,,,,,8182,26,4,00000000,0,,,4,256
equipment-event-111,switch_to_weaver.pcapng,0,actor-01,actor-01,single-slot,0,0x005C77E6,0x85aafe74,after-only,,,,,,8202,26,5,00,0,,,4,256
equipment-event-111,switch_to_weaver.pcapng,0,actor-01,actor-01,single-slot,0,0x005C77E6,0x8a676a74,after-only,,,,,,8190,26,4,00000000,0,,,4,256
equipment-event-111,switch_to_weaver.pcapng,0,actor-01,actor-01,single-slot,0,0x005C77E6,0x8cae90db,after-only,,,,,,8163,26,2,2200,34,,,4,256
equipment-event-111,switch_to_weaver.pcapng,0,actor-01,actor-01,single-slot,0,0x005C77E6,0x8d974f1c,after-only,,,,,,8191,26,5,0cf9e050,1356921100,,,4,256
equipment-event-111,switch_to_weaver.pcapng,0,actor-01,actor-01,single-slot,0,0x005C77E6,0x91cd44e7,after-only,,,,,,8160,26,1,3800,56,,,4,256
equipment-event-111,switch_to_weaver.pcapng,0,actor-01,actor-01,single-slot,0,0x005C77E6,0x939e884a,after-only,,,,,,8149,26,1,1000,16,,,4,256
equipment-event-111,switch_to_weaver.pcapng,0,actor-01,actor-01,single-slot,0,0x005C77E6,0x958051f1,after-only,,,,,,8184,26,4,00000000,0,,,4,256
equipment-event-111,switch_to_weaver.pcapng,0,actor-01,actor-01,single-slot,0,0x005C77E6,0x96063588,after-only,,,,,,8147,26,0,0100,1,,,4,256
equipment-event-111,switch_to_weaver.pcapng,0,actor-01,actor-01,single-slot,0,0x005C77E6,0x98bcf012,after-only,,,,,,8197,26,5,00,0,,,4,256
equipment-event-111,switch_to_weaver.pcapng,0,actor-01,actor-01,single-slot,0,0x005C77E6,0xa329599a,after-only,,,,,,8165,26,2,3d00,61,,,4,256
equipment-event-111,switch_to_weaver.pcapng,0,actor-01,actor-01,single-slot,0,0x005C77E6,0xadef0b22,after-only,,,,,,8193,26,5,00,0,,,4,256
equipment-event-111,switch_to_weaver.pcapng,0,actor-01,actor-01,single-slot,0,0x005C77E6,0xaf9e9323,after-only,,,,,,8177,26,3,fe55f0a0,2700105214,,,4,256
equipment-event-111,switch_to_weaver.pcapng,0,actor-01,actor-01,single-slot,0,0x005C77E6,0xb1cbe069,after-only,,,,,,8205,26,6,00,0,,,4,256
equipment-event-111,switch_to_weaver.pcapng,0,actor-01,actor-01,single-slot,0,0x005C77E6,0xba51c4e1,after-only,,,,,,8162,26,2,2f00,47,,,4,256
equipment-event-111,switch_to_weaver.pcapng,0,actor-01,actor-01,single-slot,0,0x005C77E6,0xc0f66df7,after-only,,,,,,8141,26,0,0000803f,1065353216,,,4,256
equipment-event-111,switch_to_weaver.pcapng,0,actor-01,actor-01,single-slot,0,0x005C77E6,0xc8c3a058,after-only,,,,,,8192,26,5,01,1,,,4,256
equipment-event-111,switch_to_weaver.pcapng,0,actor-01,actor-01,single-slot,0,0x005C77E6,0xca132bc5,after-only,,,,,,8179,26,3,6256f0a0,2700105314,,,4,256
equipment-event-111,switch_to_weaver.pcapng,0,actor-01,actor-01,single-slot,0,0x005C77E6,0xd57dc284,after-only,,,,,,8168,26,2,3d00,61,,,4,256
equipment-event-111,switch_to_weaver.pcapng,0,actor-01,actor-01,single-slot,0,0x005C77E6,0xd6917eac,after-only,,,,,,8208,26,6,fd9e2b41,1093377789,,,4,256
equipment-event-111,switch_to_weaver.pcapng,0,actor-01,actor-01,single-slot,0,0x005C77E6,0xd71d3b0e,after-only,,,,,,8180,26,3,00000000,0,,,4,256
equipment-event-111,switch_to_weaver.pcapng,0,actor-01,actor-01,single-slot,0,0x005C77E6,0xe17d8c7a,after-only,,,,,,8155,26,1,3800,56,,,4,256
equipment-event-111,switch_to_weaver.pcapng,0,actor-01,actor-01,single-slot,0,0x005C77E6,0xe7ed17a0,after-only,,,,,,8187,26,4,00000000,0,,,4,256
equipment-event-111,switch_to_weaver.pcapng,0,actor-01,actor-01,single-slot,0,0x005C77E6,0xe8860f56,after-only,,,,,,8176,26,3,e657f0a0,2700105702,,,4,256
equipment-event-111,switch_to_weaver.pcapng,0,actor-01,actor-01,single-slot,0,0x005C77E6,0xe98bffbf,after-only,,,,,,8173,26,3,01000000,1,,,4,256
equipment-event-111,switch_to_weaver.pcapng,0,actor-01,actor-01,single-slot,0,0x005C77E6,0xeb90baab,after-only,,,,,,8167,26,2,3c00,60,,,4,256
equipment-event-111,switch_to_weaver.pcapng,0,actor-01,actor-01,single-slot,0,0x005C77E6,0xf2e07ff4,after-only,,,,,,8188,26,4,00000000,0,,,4,256
equipment-event-111,switch_to_weaver.pcapng,0,actor-01,actor-01,single-slot,0,0x005C77E6,0xf642f974,after-only,,,,,,8181,26,3,00000000,0,,,4,256
equipment-event-111,switch_to_weaver.pcapng,0,actor-01,actor-01,single-slot,0,0x005C77E6,0xf7800f79,after-only,,,,,,8175,26,3,e557f0a0,2700105701,,,4,256
equipment-event-111,switch_to_weaver.pcapng,0,actor-01,actor-01,single-slot,0,0x005C77E6,0xf8a7dab1,after-only,,,,,,8206,26,6,01,1,,,4,256
equipment-event-111,switch_to_weaver.pcapng,0,actor-01,actor-01,single-slot,0,0x005C77E6,0xf904670d,after-only,,,,,,8170,26,2,0900,9,,,4,256
equipment-event-111,switch_to_weaver.pcapng,0,actor-01,actor-01,single-slot,0,0x005C77E6,0xfcdfdcac,after-only,,,,,,8196,26,5,00,0,,,4,256
equipment-event-119,teleport_to_camp_nine_ivies.pcapng,0,actor-01,actor-01,aggregate-event,,,0x01e244c5,after-only,,,,,,8225,81,19,ffffffff,4294967295,,,0,0
equipment-event-119,teleport_to_camp_nine_ivies.pcapng,0,actor-01,actor-01,aggregate-event,,,0x03aede7b,after-only,,,,,,8293,81,23,126af0a0,2700110354,,,0,0
equipment-event-119,teleport_to_camp_nine_ivies.pcapng,0,actor-01,actor-01,aggregate-event,,,0x04a05dae,after-only,,,,,,8335,81,26,3df0e050,1356918845,,,0,0
equipment-event-119,teleport_to_camp_nine_ivies.pcapng,0,actor-01,actor-01,aggregate-event,,,0x079d8d67,after-only,,,,,,8360,81,27,0500,5,,,0,0
equipment-event-119,teleport_to_camp_nine_ivies.pcapng,0,actor-01,actor-01,aggregate-event,,,0x0cca47c4,after-only,,,,,,8229,81,19,01,1,,,0,0
equipment-event-119,teleport_to_camp_nine_ivies.pcapng,0,actor-01,actor-01,aggregate-event,,,0x0cdd66e8,after-only,,,,,,8308,81,24,01,1,,,0,0
equipment-event-119,teleport_to_camp_nine_ivies.pcapng,0,actor-01,actor-01,aggregate-event,,,0x0db5a5bf,after-only,,,,,,8209,81,18,0a,10,,,0,0
equipment-event-119,teleport_to_camp_nine_ivies.pcapng,0,actor-01,actor-01,aggregate-event,,,0x0e4920e3,after-only,,,,,,8260,81,21,b51f0000,8117,,,0,0
equipment-event-119,teleport_to_camp_nine_ivies.pcapng,0,actor-01,actor-01,aggregate-event,,,0x0e704141,after-only,,,,,,8239,81,19,6a00,106,,,0,0
equipment-event-119,teleport_to_camp_nine_ivies.pcapng,0,actor-01,actor-01,aggregate-event,,,0x10f6fd7c,after-only,,,,,,8347,81,27,0c23e050,1356866316,,,0,0
equipment-event-119,teleport_to_camp_nine_ivies.pcapng,0,actor-01,actor-01,aggregate-event,,,0x11b1b22d,after-only,,,,,,8248,81,20,bc00,188,,,0,0
equipment-event-119,teleport_to_camp_nine_ivies.pcapng,0,actor-01,actor-01,aggregate-event,,,0x13f89710,after-only,,,,,,8217,81,18,2402,548,,,0,0
equipment-event-119,teleport_to_camp_nine_ivies.pcapng,0,actor-01,actor-01,aggregate-event,,,0x1662a1bf,after-only,,,,,,8333,81,25,10f0e050,1356918800,,,0,0
equipment-event-119,teleport_to_camp_nine_ivies.pcapng,0,actor-01,actor-01,aggregate-event,,,0x17ab37ef,after-only,,,,,,8256,81,20,d400,212,,,0,0
equipment-event-119,teleport_to_camp_nine_ivies.pcapng,0,actor-01,actor-01,aggregate-event,,,0x18734cc5,after-only,,,,,,8307,81,24,01,1,,,0,0
equipment-event-119,teleport_to_camp_nine_ivies.pcapng,0,actor-01,actor-01,aggregate-event,,,0x19b5d704,after-only,,,,,,8371,81,28,0000803f,1065353216,,,0,0
equipment-event-119,teleport_to_camp_nine_ivies.pcapng,0,actor-01,actor-01,aggregate-event,,,0x1b37117e,after-only,,,,,,8324,81,25,01,1,,,0,0
equipment-event-119,teleport_to_camp_nine_ivies.pcapng,0,actor-01,actor-01,aggregate-event,,,0x1bc46a06,after-only,,,,,,8327,81,25,01,1,,,0,0
equipment-event-119,teleport_to_camp_nine_ivies.pcapng,0,actor-01,actor-01,aggregate-event,,,0x1bc92b93,after-only,,,,,,8372,81,28,ffff,65535,,,0,0
equipment-event-119,teleport_to_camp_nine_ivies.pcapng,0,actor-01,actor-01,aggregate-event,,,0x1c2aec73,after-only,,,,,,8244,81,20,b500,181,,,0,0
equipment-event-119,teleport_to_camp_nine_ivies.pcapng,0,actor-01,actor-01,aggregate-event,,,0x1c420f6c,after-only,,,,,,8297,81,23,01,1,,,0,0
equipment-event-119,teleport_to_camp_nine_ivies.pcapng,0,actor-01,actor-01,aggregate-event,,,0x1e1bdb29,after-only,,,,,,8373,81,28,ffff,65535,,,0,0
equipment-event-119,teleport_to_camp_nine_ivies.pcapng,0,actor-01,actor-01,aggregate-event,,,0x1f3dacc5,after-only,,,,,,8251,81,20,c900,201,,,0,0
equipment-event-119,teleport_to_camp_nine_ivies.pcapng,0,actor-01,actor-01,aggregate-event,,,0x204cf942,after-only,,,,,,8243,81,20,b500,181,,,0,0
equipment-event-119,teleport_to_camp_nine_ivies.pcapng,0,actor-01,actor-01,aggregate-event,,,0x20fe7d3f,after-only,,,,,,8376,81,28,03,3,,,0,0
equipment-event-119,teleport_to_camp_nine_ivies.pcapng,0,actor-01,actor-01,aggregate-event,,,0x2138fd71,after-only,,,,,,8212,81,18,01,1,,,0,0
equipment-event-119,teleport_to_camp_nine_ivies.pcapng,0,actor-01,actor-01,aggregate-event,,,0x22bc605f,after-only,,,,,,8346,81,26,79745550,1347777657,,,0,0
equipment-event-119,teleport_to_camp_nine_ivies.pcapng,0,actor-01,actor-01,aggregate-event,,,0x24224121,after-only,,,,,,8290,81,23,046af0a0,2700110340,,,0,0
equipment-event-119,teleport_to_camp_nine_ivies.pcapng,0,actor-01,actor-01,aggregate-event,,,0x2526d379,after-only,,,,,,8318,81,25,01,1,,,0,0
equipment-event-119,teleport_to_camp_nine_ivies.pcapng,0,actor-01,actor-01,aggregate-event,,,0x28887bd6,after-only,,,,,,8330,81,25,e8efe050,1356918760,,,0,0
equipment-event-119,teleport_to_camp_nine_ivies.pcapng,0,actor-01,actor-01,aggregate-event,,,0x2a4f53c7,after-only,,,,,,8266,81,21,2d040000,1069,,,0,0
equipment-event-119,teleport_to_camp_nine_ivies.pcapng,0,actor-01,actor-01,aggregate-event,,,0x2bcd68aa,after-only,,,,,,8315,81,24,20,32,,,0,0
equipment-event-119,teleport_to_camp_nine_ivies.pcapng,0,actor-01,actor-01,aggregate-event,,,0x2dfbc13a,after-only,,,,,,8238,81,19,5300,83,,,0,0
equipment-event-119,teleport_to_camp_nine_ivies.pcapng,0,actor-01,actor-01,aggregate-event,,,0x2f5ac0cc,after-only,,,,,,8289,81,23,066af0a0,2700110342,,,0,0
equipment-event-119,teleport_to_camp_nine_ivies.pcapng,0,actor-01,actor-01,aggregate-event,,,0x2fba29dc,after-only,,,,,,8367,81,28,5000,80,,,0,0
equipment-event-119,teleport_to_camp_nine_ivies.pcapng,0,actor-01,actor-01,aggregate-event,,,0x318836c0,after-only,,,,,,8302,81,24,01,1,,,0,0
equipment-event-119,teleport_to_camp_nine_ivies.pcapng,0,actor-01,actor-01,aggregate-event,,,0x36b51229,after-only,,,,,,8336,81,26,01f0e050,1356918785,,,0,0
equipment-event-119,teleport_to_camp_nine_ivies.pcapng,0,actor-01,actor-01,aggregate-event,,,0x38c8b08f,after-only,,,,,,8276,81,22,e52ef0a0,2700095205,,,0,0
equipment-event-119,teleport_to_camp_nine_ivies.pcapng,0,actor-01,actor-01,aggregate-event,,,0x39f384cf,after-only,,,,,,8277,81,22,e72ef0a0,2700095207,,,0,0
equipment-event-119,teleport_to_camp_nine_ivies.pcapng,0,actor-01,actor-01,aggregate-event,,,0x3c674537,after-only,,,,,,8350,81,27,79745550,1347777657,,,0,0
equipment-event-119,teleport_to_camp_nine_ivies.pcapng,0,actor-01,actor-01,aggregate-event,,,0x3c95d5c5,after-only,,,,,,8218,81,18,2402,548,,,0,0
equipment-event-119,teleport_to_camp_nine_ivies.pcapng,0,actor-01,actor-01,aggregate-event,,,0x3dd87222,after-only,,,,,,8359,81,27,1e00,30,,,0,0
equipment-event-119,teleport_to_camp_nine_ivies.pcapng,0,actor-01,actor-01,aggregate-event,,,0x3e1a660f,after-only,,,,,,8282,81,22,ff55f0a0,2700105215,,,0,0
equipment-event-119,teleport_to_camp_nine_ivies.pcapng,0,actor-01,actor-01,aggregate-event,,,0x415881ad,after-only,,,,,,8227,81,19,ffffffff,4294967295,,,0,0
equipment-event-119,teleport_to_camp_nine_ivies.pcapng,0,actor-01,actor-01,aggregate-event,,,0x416571ac,after-only,,,,,,8237,81,19,6e00,110,,,0,0
equipment-event-119,teleport_to_camp_nine_ivies.pcapng,0,actor-01,actor-01,aggregate-event,,,0x41991fca,after-only,,,,,,8234,81,19,01,1,,,0,0
equipment-event-119,teleport_to_camp_nine_ivies.pcapng,0,actor-01,actor-01,aggregate-event,,,0x419b046f,after-only,,,,,,8303,81,24,01,1,,,0,0
equipment-event-119,teleport_to_camp_nine_ivies.pcapng,0,actor-01,actor-01,aggregate-event,,,0x4232bcaa,after-only,,,,,,8215,81,18,f803,1016,,,0,0
equipment-event-119,teleport_to_camp_nine_ivies.pcapng,0,actor-01,actor-01,aggregate-event,,,0x438e4fe6,after-only,,,,,,8368,81,28,0a00,10,,,0,0
equipment-event-119,teleport_to_camp_nine_ivies.pcapng,0,actor-01,actor-01,aggregate-event,,,0x44849402,after-only,,,,,,8370,81,28,0000803f,1065353216,,,0,0
equipment-event-119,teleport_to_camp_nine_ivies.pcapng,0,actor-01,actor-01,aggregate-event,,,0x45b85823,after-only,,,,,,8342,81,26,faacdf50,1356836090,,,0,0
equipment-event-119,teleport_to_camp_nine_ivies.pcapng,0,actor-01,actor-01,aggregate-event,,,0x461773ff,after-only,,,,,,8363,81,28,7800,120,,,0,0
equipment-event-119,teleport_to_camp_nine_ivies.pcapng,0,actor-01,actor-01,aggregate-event,,,0x469403ba,after-only,,,,,,8287,81,23,146af0a0,2700110356,,,0,0
equipment-event-119,teleport_to_camp_nine_ivies.pcapng,0,actor-01,actor-01,aggregate-event,,,0x470d61da,after-only,,,,,,8280,81,22,fd55f0a0,2700105213,,,0,0
equipment-event-119,teleport_to_camp_nine_ivies.pcapng,0,actor-01,actor-01,aggregate-event,,,0x49ced7cd,after-only,,,,,,8351,81,27,79745550,1347777657,,,0,0
equipment-event-119,teleport_to_camp_nine_ivies.pcapng,0,actor-01,actor-01,aggregate-event,,,0x4b2a7d17,after-only,,,,,,8325,81,25,01,1,,,0,0
equipment-event-119,teleport_to_camp_nine_ivies.pcapng,0,actor-01,actor-01,aggregate-event,,,0x4db13e27,after-only,,,,,,8357,81,27,79745550,1347777657,,,0,0
equipment-event-119,teleport_to_camp_nine_ivies.pcapng,0,actor-01,actor-01,aggregate-event,,,0x4f365e47,after-only,,,,,,8332,81,25,01f0e050,1356918785,,,0,0
equipment-event-119,teleport_to_camp_nine_ivies.pcapng,0,actor-01,actor-01,aggregate-event,,,0x50ffb0a4,after-only,,,,,,8226,81,19,ffffffff,4294967295,,,0,0
equipment-event-119,teleport_to_camp_nine_ivies.pcapng,0,actor-01,actor-01,aggregate-event,,,0x5272eae9,after-only,,,,,,8329,81,25,01f0e050,1356918785,,,0,0
equipment-event-119,teleport_to_camp_nine_ivies.pcapng,0,actor-01,actor-01,aggregate-event,,,0x573fe04c,after-only,,,,,,8257,81,20,0000803f,1065353216,,,0,0
equipment-event-119,teleport_to_camp_nine_ivies.pcapng,0,actor-01,actor-01,aggregate-event,,,0x5883d746,after-only,,,,,,8343,81,26,3aaddf50,1356836154,,,0,0
equipment-event-119,teleport_to_camp_nine_ivies.pcapng,0,actor-01,actor-01,aggregate-event,,,0x58cd7cc0,after-only,,,,,,8319,81,25,01,1,,,0,0
equipment-event-119,teleport_to_camp_nine_ivies.pcapng,0,actor-01,actor-01,aggregate-event,,,0x5a0a4034,after-only,,,,,,8299,81,24,01,1,,,0,0
equipment-event-119,teleport_to_camp_nine_ivies.pcapng,0,actor-01,actor-01,aggregate-event,,,0x5d9dbe46,after-only,,,,,,8345,81,26,79745550,1347777657,,,0,0
equipment-event-119,teleport_to_camp_nine_ivies.pcapng,0,actor-01,actor-01,aggregate-event,,,0x5ea09ecd,after-only,,,,,,8369,81,28,2c01,300,,,0,0
equipment-event-119,teleport_to_camp_nine_ivies.pcapng,0,actor-01,actor-01,aggregate-event,,,0x5f0f0e64,after-only,,,,,,8322,81,25,01,1,,,0,0
equipment-event-119,teleport_to_camp_nine_ivies.pcapng,0,actor-01,actor-01,aggregate-event,,,0x5fc56d16,after-only,,,,,,8245,81,20,bf00,191,,,0,0
equipment-event-119,teleport_to_camp_nine_ivies.pcapng,0,actor-01,actor-01,aggregate-event,,,0x6047e4bd,after-only,,,,,,8265,81,21,63c70000,51043,,,0,0
equipment-event-119,teleport_to_camp_nine_ivies.pcapng,0,actor-01,actor-01,aggregate-event,,,0x6065f862,after-only,,,,,,8310,81,24,01,1,,,0,0
equipment-event-119,teleport_to_camp_nine_ivies.pcapng,0,actor-01,actor-01,aggregate-event,,,0x6161a641,after-only,,,,,,8270,81,21,e42ef0a0,2700095204,,,0,0
equipment-event-119,teleport_to_camp_nine_ivies.pcapng,0,actor-01,actor-01,aggregate-event,,,0x61816dfe,after-only,,,,,,8228,81,19,ffffffff,4294967295,,,0,0
equipment-event-119,teleport_to_camp_nine_ivies.pcapng,0,actor-01,actor-01,aggregate-event,,,0x620811c8,after-only,,,,,,8358,81,27,0a00,10,,,0,0
equipment-event-119,teleport_to_camp_nine_ivies.pcapng,0,actor-01,actor-01,aggregate-event,,,0x63d4b0db,after-only,,,,,,8352,81,27,79745550,1347777657,,,0,0
equipment-event-119,teleport_to_camp_nine_ivies.pcapng,0,actor-01,actor-01,aggregate-event,,,0x647a29a8,after-only,,,,,,8235,81,19,7400,116,,,0,0
equipment-event-119,teleport_to_camp_nine_ivies.pcapng,0,actor-01,actor-01,aggregate-event,,,0x64803e98,after-only,,,,,,8246,81,20,b500,181,,,0,0
equipment-event-119,teleport_to_camp_nine_ivies.pcapng,0,actor-01,actor-01,aggregate-event,,,0x671ef2b1,after-only,,,,,,8323,81,25,01,1,,,0,0
equipment-event-119,teleport_to_camp_nine_ivies.pcapng,0,actor-01,actor-01,aggregate-event,,,0x68efd1dc,after-only,,,,,,8364,81,28,5a00,90,,,0,0
equipment-event-119,teleport_to_camp_nine_ivies.pcapng,0,actor-01,actor-01,aggregate-event,,,0x69263cb7,after-only,,,,,,8298,81,24,01,1,,,0,0
equipment-event-119,teleport_to_camp_nine_ivies.pcapng,0,actor-01,actor-01,aggregate-event,,,0x69579da7,after-only,,,,,,8272,81,22,0e52f0a0,2700104206,,,0,0
equipment-event-119,teleport_to_camp_nine_ivies.pcapng,0,actor-01,actor-01,aggregate-event,,,0x6b060065,after-only,,,,,,8306,81,24,01,1,,,0,0
equipment-event-119,teleport_to_camp_nine_ivies.pcapng,0,actor-01,actor-01,aggregate-event,,,0x6b3c0b03,after-only,,,,,,8365,81,28,1e00,30,,,0,0
equipment-event-119,teleport_to_camp_nine_ivies.pcapng,0,actor-01,actor-01,aggregate-event,,,0x6b6e041d,after-only,,,,,,8253,81,20,d300,211,,,0,0
equipment-event-119,teleport_to_camp_nine_ivies.pcapng,0,actor-01,actor-01,aggregate-event,,,0x6b9c6437,after-only,,,,,,8354,81,27,79745550,1347777657,,,0,0
equipment-event-119,teleport_to_camp_nine_ivies.pcapng,0,actor-01,actor-01,aggregate-event,,,0x6ccaf8b3,after-only,,,,,,8240,81,19,5e00,94,,,0,0
equipment-event-119,teleport_to_camp_nine_ivies.pcapng,0,actor-01,actor-01,aggregate-event,,,0x6d5633b9,after-only,,,,,,8223,81,18,ffffffff,4294967295,,,0,0
equipment-event-119,teleport_to_camp_nine_ivies.pcapng,0,actor-01,actor-01,aggregate-event,,,0x748287f9,after-only,,,,,,8264,81,21,fd6a0000,27389,,,0,0
equipment-event-119,teleport_to_camp_nine_ivies.pcapng,0,actor-01,actor-01,aggregate-event,,,0x7532ce24,after-only,,,,,,8219,81,18,03,3,,,0,0
equipment-event-119,teleport_to_camp_nine_ivies.pcapng,0,actor-01,actor-01,aggregate-event,,,0x79c7ecff,after-only,,,,,,8241,81,19,b500,181,,,0,0
equipment-event-119,teleport_to_camp_nine_ivies.pcapng,0,actor-01,actor-01,aggregate-event,,,0x7b2f0a94,after-only,,,,,,8263,81,21,ab0e0000,3755,,,0,0
equipment-event-119,teleport_to_camp_nine_ivies.pcapng,0,actor-01,actor-01,aggregate-event,,,0x7b675313,after-only,,,,,,8213,81,18,01,1,,,0,0
equipment-event-119,teleport_to_camp_nine_ivies.pcapng,0,actor-01,actor-01,aggregate-event,,,0x7b71de03,after-only,,,,,,8366,81,28,3c00,60,,,0,0
equipment-event-119,teleport_to_camp_nine_ivies.pcapng,0,actor-01,actor-01,aggregate-event,,,0x7bcdfb69,after-only,,,,,,8216,81,18,f803,1016,,,0,0
equipment-event-119,teleport_to_camp_nine_ivies.pcapng,0,actor-01,actor-01,aggregate-event,,,0x7cc10854,after-only,,,,,,8312,81,24,01,1,,,0,0
equipment-event-119,teleport_to_camp_nine_ivies.pcapng,0,actor-01,actor-01,aggregate-event,,,0x7da83ade,after-only,,,,,,8273,81,22,0f52f0a0,2700104207,,,0,0
equipment-event-119,teleport_to_camp_nine_ivies.pcapng,0,actor-01,actor-01,aggregate-event,,,0x7efd97e4,after-only,,,,,,8281,81,22,3973f0a0,2700112697,,,0,0
equipment-event-119,teleport_to_camp_nine_ivies.pcapng,0,actor-01,actor-01,aggregate-event,,,0x7fc8b15d,after-only,,,,,,8353,81,27,79745550,1347777657,,,0,0
equipment-event-119,teleport_to_camp_nine_ivies.pcapng,0,actor-01,actor-01,aggregate-event,,,0x7ff0ee64,after-only,,,,,,8295,81,23,01,1,,,0,0
equipment-event-119,teleport_to_camp_nine_ivies.pcapng,0,actor-01,actor-01,aggregate-event,,,0x80dfda92,after-only,,,,,,8286,81,23,d26af0a0,2700110546,,,0,0
equipment-event-119,teleport_to_camp_nine_ivies.pcapng,0,actor-01,actor-01,aggregate-event,,,0x85aafe74,after-only,,,,,,8326,81,25,01,1,,,0,0
equipment-event-119,teleport_to_camp_nine_ivies.pcapng,0,actor-01,actor-01,aggregate-event,,,0x89098566,after-only,,,,,,8269,81,21,e32ef0a0,2700095203,,,0,0
equipment-event-119,teleport_to_camp_nine_ivies.pcapng,0,actor-01,actor-01,aggregate-event,,,0x8a5cbc5b,after-only,,,,,,8304,81,24,01,1,,,0,0
equipment-event-119,teleport_to_camp_nine_ivies.pcapng,0,actor-01,actor-01,aggregate-event,,,0x8a676a74,after-only,,,,,,8294,81,23,0f6af0a0,2700110351,,,0,0
equipment-event-119,teleport_to_camp_nine_ivies.pcapng,0,actor-01,actor-01,aggregate-event,,,0x8c336da3,after-only,,,,,,8222,81,18,ffffffff,4294967295,,,0,0
equipment-event-119,teleport_to_camp_nine_ivies.pcapng,0,actor-01,actor-01,aggregate-event,,,0x8c44e56b,after-only,,,,,,8221,81,18,ffffffff,4294967295,,,0,0
equipment-event-119,teleport_to_camp_nine_ivies.pcapng,0,actor-01,actor-01,aggregate-event,,,0x8cae90db,after-only,,,,,,8250,81,20,a900,169,,,0,0
equipment-event-119,teleport_to_camp_nine_ivies.pcapng,0,actor-01,actor-01,aggregate-event,,,0x8d974f1c,after-only,,,,,,8328,81,25,edefe050,1356918765,,,0,0
equipment-event-119,teleport_to_camp_nine_ivies.pcapng,0,actor-01,actor-01,aggregate-event,,,0x8e4e1fb2,after-only,,,,,,8301,81,24,01,1,,,0,0
equipment-event-119,teleport_to_camp_nine_ivies.pcapng,0,actor-01,actor-01,aggregate-event,,,0x91cd44e7,after-only,,,,,,8247,81,20,b600,182,,,0,0
equipment-event-119,teleport_to_camp_nine_ivies.pcapng,0,actor-01,actor-01,aggregate-event,,,0x939e884a,after-only,,,,,,8236,81,19,7b00,123,,,0,0
equipment-event-119,teleport_to_camp_nine_ivies.pcapng,0,actor-01,actor-01,aggregate-event,,,0x94574d0a,after-only,,,,,,8355,81,27,79745550,1347777657,,,0,0
equipment-event-119,teleport_to_camp_nine_ivies.pcapng,0,actor-01,actor-01,aggregate-event,,,0x958051f1,after-only,,,,,,8288,81,23,056af0a0,2700110341,,,0,0
equipment-event-119,teleport_to_camp_nine_ivies.pcapng,0,actor-01,actor-01,aggregate-event,,,0x95bcf98a,after-only,,,,,,8231,81,19,01,1,,,0,0
equipment-event-119,teleport_to_camp_nine_ivies.pcapng,0,actor-01,actor-01,aggregate-event,,,0x96063588,after-only,,,,,,8220,81,18,1f00,31,,,0,0
equipment-event-119,teleport_to_camp_nine_ivies.pcapng,0,actor-01,actor-01,aggregate-event,,,0x97e78c4e,after-only,,,,,,8356,81,27,79745550,1347777657,,,0,0
equipment-event-119,teleport_to_camp_nine_ivies.pcapng,0,actor-01,actor-01,aggregate-event,,,0x98bcf012,after-only,,,,,,8321,81,25,01,1,,,0,0
equipment-event-119,teleport_to_camp_nine_ivies.pcapng,0,actor-01,actor-01,aggregate-event,,,0x9a378611,after-only,,,,,,8339,81,26,edefe050,1356918765,,,0,0
equipment-event-119,teleport_to_camp_nine_ivies.pcapng,0,actor-01,actor-01,aggregate-event,,,0x9db2fd87,after-only,,,,,,8337,81,26,68f0e050,1356918888,,,0,0
equipment-event-119,teleport_to_camp_nine_ivies.pcapng,0,actor-01,actor-01,aggregate-event,,,0x9f278594,after-only,,,,,,8296,81,23,01,1,,,0,0
equipment-event-119,teleport_to_camp_nine_ivies.pcapng,0,actor-01,actor-01,aggregate-event,,,0x9fd558d0,after-only,,,,,,8338,81,26,33f0e050,1356918835,,,0,0
equipment-event-119,teleport_to_camp_nine_ivies.pcapng,0,actor-01,actor-01,aggregate-event,,,0xa2478ea5,after-only,,,,,,8331,81,25,0c23e050,1356866316,,,0,0
equipment-event-119,teleport_to_camp_nine_ivies.pcapng,0,actor-01,actor-01,aggregate-event,,,0xa329599a,after-only,,,,,,8252,81,20,cf00,207,,,0,0
equipment-event-119,teleport_to_camp_nine_ivies.pcapng,0,actor-01,actor-01,aggregate-event,,,0xa6d426c4,after-only,,,,,,8311,81,24,01,1,,,0,0
equipment-event-119,teleport_to_camp_nine_ivies.pcapng,0,actor-01,actor-01,aggregate-event,,,0xabb78bce,after-only,,,,,,8305,81,24,01,1,,,0,0
equipment-event-119,teleport_to_camp_nine_ivies.pcapng,0,actor-01,actor-01,aggregate-event,,,0xacc58f29,after-only,,,,,,8261,81,21,8f240000,9359,,,0,0
equipment-event-119,teleport_to_camp_nine_ivies.pcapng,0,actor-01,actor-01,aggregate-event,,,0xad16c7ae,after-only,,,,,,8274,81,22,e92ef0a0,2700095209,,,0,0
equipment-event-119,teleport_to_camp_nine_ivies.pcapng,0,actor-01,actor-01,aggregate-event,,,0xadef0b22,after-only,,,,,,8317,81,24,01,1,,,0,0
equipment-event-119,teleport_to_camp_nine_ivies.pcapng,0,actor-01,actor-01,aggregate-event,,,0xb1cbe069,after-only,,,,,,8374,81,28,01,1,,,0,0
equipment-event-119,teleport_to_camp_nine_ivies.pcapng,0,actor-01,actor-01,aggregate-event,,,0xb3663189,after-only,,,,,,8230,81,19,01,1,,,0,0
equipment-event-119,teleport_to_camp_nine_ivies.pcapng,0,actor-01,actor-01,aggregate-event,,,0xb5993ddc,after-only,,,,,,8275,81,22,ea2ef0a0,2700095210,,,0,0
equipment-event-119,teleport_to_camp_nine_ivies.pcapng,0,actor-01,actor-01,aggregate-event,,,0xb9c13d96,after-only,,,,,,8309,81,24,01,1,,,0,0
equipment-event-119,teleport_to_camp_nine_ivies.pcapng,0,actor-01,actor-01,aggregate-event,,,0xba51c4e1,after-only,,,,,,8249,81,20,c400,196,,,0,0
equipment-event-119,teleport_to_camp_nine_ivies.pcapng,0,actor-01,actor-01,aggregate-event,,,0xbb9cc775,after-only,,,,,,8258,81,21,0000803e,1048576000,,,0,0
equipment-event-119,teleport_to_camp_nine_ivies.pcapng,0,actor-01,actor-01,aggregate-event,,,0xbca83abb,after-only,,,,,,8341,81,26,32b3df50,1356837682,,,0,0
equipment-event-119,teleport_to_camp_nine_ivies.pcapng,0,actor-01,actor-01,aggregate-event,,,0xc0f66df7,after-only,,,,,,8210,81,18,3333f340,1089680179,,,0,0
equipment-event-119,teleport_to_camp_nine_ivies.pcapng,0,actor-01,actor-01,aggregate-event,,,0xc5c48a58,after-only,,,,,,8300,81,24,01,1,,,0,0
equipment-event-119,teleport_to_camp_nine_ivies.pcapng,0,actor-01,actor-01,aggregate-event,,,0xc642e791,after-only,,,,,,8334,81,26,5bf0e050,1356918875,,,0,0
equipment-event-119,teleport_to_camp_nine_ivies.pcapng,0,actor-01,actor-01,aggregate-event,,,0xc8c3a058,after-only,,,,,,8316,81,24,01,1,,,0,0
equipment-event-119,teleport_to_camp_nine_ivies.pcapng,0,actor-01,actor-01,aggregate-event,,,0xc9045217,after-only,,,,,,8279,81,22,fc55f0a0,2700105212,,,0,0
equipment-event-119,teleport_to_camp_nine_ivies.pcapng,0,actor-01,actor-01,aggregate-event,,,0xca132bc5,after-only,,,,,,8283,81,22,0e6af0a0,2700110350,,,0,0
equipment-event-119,teleport_to_camp_nine_ivies.pcapng,0,actor-01,actor-01,aggregate-event,,,0xce62bf5c,after-only,,,,,,8361,81,28,1e00,30,,,0,0
equipment-event-119,teleport_to_camp_nine_ivies.pcapng,0,actor-01,actor-01,aggregate-event,,,0xd57dc284,after-only,,,,,,8255,81,20,d400,212,,,0,0
equipment-event-119,teleport_to_camp_nine_ivies.pcapng,0,actor-01,actor-01,aggregate-event,,,0xd5c5254a,after-only,,,,,,8224,81,18,ffffffff,4294967295,,,0,0
equipment-event-119,teleport_to_camp_nine_ivies.pcapng,0,actor-01,actor-01,aggregate-event,,,0xd68fa0e1,after-only,,,,,,8340,81,26,0ff1e050,1356919055,,,0,0
equipment-event-119,teleport_to_camp_nine_ivies.pcapng,0,actor-01,actor-01,aggregate-event,,,0xd71d3b0e,after-only,,,,,,8284,81,23,106af0a0,2700110352,,,0,0
equipment-event-119,teleport_to_camp_nine_ivies.pcapng,0,actor-01,actor-01,aggregate-event,,,0xdba408a0,after-only,,,,,,8259,81,21,ce180000,6350,,,0,0
equipment-event-119,teleport_to_camp_nine_ivies.pcapng,0,actor-01,actor-01,aggregate-event,,,0xdc4f03f9,after-only,,,,,,8233,81,19,01,1,,,0,0
equipment-event-119,teleport_to_camp_nine_ivies.pcapng,0,actor-01,actor-01,aggregate-event,,,0xdf99e003,after-only,,,,,,8262,81,21,c4780000,30916,,,0,0
equipment-event-119,teleport_to_camp_nine_ivies.pcapng,0,actor-01,actor-01,aggregate-event,,,0xe058a98c,after-only,,,,,,8349,81,27,79745550,1347777657,,,0,0
equipment-event-119,teleport_to_camp_nine_ivies.pcapng,0,actor-01,actor-01,aggregate-event,,,0xe14b0ca8,after-only,,,,,,8211,81,18,01,1,,,0,0
equipment-event-119,teleport_to_camp_nine_ivies.pcapng,0,actor-01,actor-01,aggregate-event,,,0xe17d8c7a,after-only,,,,,,8242,81,20,b500,181,,,0,0
equipment-event-119,teleport_to_camp_nine_ivies.pcapng,0,actor-01,actor-01,aggregate-event,,,0xe4567838,after-only,,,,,,8314,81,24,01,1,,,0,0
equipment-event-119,teleport_to_camp_nine_ivies.pcapng,0,actor-01,actor-01,aggregate-event,,,0xe764c45d,after-only,,,,,,8267,81,21,0952f0a0,2700104201,,,0,0
equipment-event-119,teleport_to_camp_nine_ivies.pcapng,0,actor-01,actor-01,aggregate-event,,,0xe7ed17a0,after-only,,,,,,8291,81,23,096af0a0,2700110345,,,0,0
equipment-event-119,teleport_to_camp_nine_ivies.pcapng,0,actor-01,actor-01,aggregate-event,,,0xeb90baab,after-only,,,,,,8254,81,20,cc00,204,,,0,0
equipment-event-119,teleport_to_camp_nine_ivies.pcapng,0,actor-01,actor-01,aggregate-event,,,0xebbefbea,after-only,,,,,,8348,81,27,79745550,1347777657,,,0,0
equipment-event-119,teleport_to_camp_nine_ivies.pcapng,0,actor-01,actor-01,aggregate-event,,,0xed6de041,after-only,,,,,,8268,81,21,0a52f0a0,2700104202,,,0,0
equipment-event-119,teleport_to_camp_nine_ivies.pcapng,0,actor-01,actor-01,aggregate-event,,,0xedad792f,after-only,,,,,,8344,81,26,a1d4ca50,1355469985,,,0,0
equipment-event-119,teleport_to_camp_nine_ivies.pcapng,0,actor-01,actor-01,aggregate-event,,,0xf01787b7,after-only,,,,,,8271,81,22,0d52f0a0,2700104205,,,0,0
equipment-event-119,teleport_to_camp_nine_ivies.pcapng,0,actor-01,actor-01,aggregate-event,,,0xf053ac1a,after-only,,,,,,8278,81,22,eb2ef0a0,2700095211,,,0,0
equipment-event-119,teleport_to_camp_nine_ivies.pcapng,0,actor-01,actor-01,aggregate-event,,,0xf2e07ff4,after-only,,,,,,8292,81,23,0a6af0a0,2700110346,,,0,0
equipment-event-119,teleport_to_camp_nine_ivies.pcapng,0,actor-01,actor-01,aggregate-event,,,0xf55d07a5,after-only,,,,,,8313,81,24,01,1,,,0,0
equipment-event-119,teleport_to_camp_nine_ivies.pcapng,0,actor-01,actor-01,aggregate-event,,,0xf642f974,after-only,,,,,,8285,81,23,166af0a0,2700110358,,,0,0
equipment-event-119,teleport_to_camp_nine_ivies.pcapng,0,actor-01,actor-01,aggregate-event,,,0xf8a7dab1,after-only,,,,,,8375,81,28,03,3,,,0,0
equipment-event-119,teleport_to_camp_nine_ivies.pcapng,0,actor-01,actor-01,aggregate-event,,,0xfa5e83e4,after-only,,,,,,8362,81,28,2d00,45,,,0,0
equipment-event-119,teleport_to_camp_nine_ivies.pcapng,0,actor-01,actor-01,aggregate-event,,,0xfbfbcfb1,after-only,,,,,,8214,81,18,01,1,,,0,0
equipment-event-119,teleport_to_camp_nine_ivies.pcapng,0,actor-01,actor-01,aggregate-event,,,0xfcdfdcac,after-only,,,,,,8320,81,25,01,1,,,0,0
equipment-event-119,teleport_to_camp_nine_ivies.pcapng,0,actor-01,actor-01,aggregate-event,,,0xfdd1f6de,after-only,,,,,,8232,81,19,01,1,,,0,0
equipment-event-126,teleport_to_camp_tranquil.pcapng,0,actor-01,actor-01,aggregate-event,,,0x002c1cd3,after-only,,,,,,8631,55,28,1109f5a0,2700413201,,,0,0
equipment-event-126,teleport_to_camp_tranquil.pcapng,0,actor-01,actor-01,aggregate-event,,,0x01e244c5,unchanged,8468,45,1,ffffffff,4294967295,8489,55,19,ffffffff,4294967295,10,470,0,0
equipment-event-126,teleport_to_camp_tranquil.pcapng,0,actor-01,actor-01,aggregate-event,,,0x03aede7b,after-only,,,,,,8557,55,23,2c6af0a0,2700110380,,,0,0
equipment-event-126,teleport_to_camp_tranquil.pcapng,0,actor-01,actor-01,aggregate-event,,,0x04a05dae,after-only,,,,,,8601,55,26,0c23e050,1356866316,,,0,0
equipment-event-126,teleport_to_camp_tranquil.pcapng,0,actor-01,actor-01,aggregate-event,,,0x0cca47c4,after-only,,,,,,8493,55,19,01,1,,,0,0
equipment-event-126,teleport_to_camp_tranquil.pcapng,0,actor-01,actor-01,aggregate-event,,,0x0cdd66e8,after-only,,,,,,8573,55,24,01,1,,,0,0
equipment-event-126,teleport_to_camp_tranquil.pcapng,0,actor-01,actor-01,aggregate-event,,,0x0db5a5bf,after-only,,,,,,8473,55,18,0a,10,,,0,0
equipment-event-126,teleport_to_camp_tranquil.pcapng,0,actor-01,actor-01,aggregate-event,,,0x0e4920e3,after-only,,,,,,8524,55,21,b51f0000,8117,,,0,0
equipment-event-126,teleport_to_camp_tranquil.pcapng,0,actor-01,actor-01,aggregate-event,,,0x0e704141,after-only,,,,,,8503,55,19,4c00,76,,,0,0
equipment-event-126,teleport_to_camp_tranquil.pcapng,0,actor-01,actor-01,aggregate-event,,,0x10f6fd7c,after-only,,,,,,8613,55,27,0c23e050,1356866316,,,0,0
equipment-event-126,teleport_to_camp_tranquil.pcapng,0,actor-01,actor-01,aggregate-event,,,0x11b1b22d,after-only,,,,,,8512,55,20,9d00,157,,,0,0
equipment-event-126,teleport_to_camp_tranquil.pcapng,0,actor-01,actor-01,aggregate-event,,,0x13f89710,after-only,,,,,,8481,55,18,f900,249,,,0,0
equipment-event-126,teleport_to_camp_tranquil.pcapng,0,actor-01,actor-01,aggregate-event,,,0x1662a1bf,after-only,,,,,,8599,55,26,0c23e050,1356866316,,,0,0
equipment-event-126,teleport_to_camp_tranquil.pcapng,0,actor-01,actor-01,aggregate-event,,,0x17ab37ef,after-only,,,,,,8520,55,20,aa00,170,,,0,0
equipment-event-126,teleport_to_camp_tranquil.pcapng,0,actor-01,actor-01,aggregate-event,,,0x18734cc5,after-only,,,,,,8572,55,24,01,1,,,0,0
equipment-event-126,teleport_to_camp_tranquil.pcapng,0,actor-01,actor-01,aggregate-event,,,0x19b5d704,after-only,,,,,,8625,55,28,0000803f,1065353216,,,0,0
equipment-event-126,teleport_to_camp_tranquil.pcapng,0,actor-01,actor-01,aggregate-event,,,0x1b37117e,after-only,,,,,,8589,55,25,01,1,,,0,0
equipment-event-126,teleport_to_camp_tranquil.pcapng,0,actor-01,actor-01,aggregate-event,,,0x1bc46a06,after-only,,,,,,8592,55,25,01,1,,,0,0
equipment-event-126,teleport_to_camp_tranquil.pcapng,0,actor-01,actor-01,aggregate-event,,,0x1bc92b93,after-only,,,,,,8626,55,28,ffff,65535,,,0,0
equipment-event-126,teleport_to_camp_tranquil.pcapng,0,actor-01,actor-01,aggregate-event,,,0x1c2aec73,after-only,,,,,,8508,55,20,9600,150,,,0,0
equipment-event-126,teleport_to_camp_tranquil.pcapng,0,actor-01,actor-01,aggregate-event,,,0x1c420f6c,after-only,,,,,,8562,55,24,01,1,,,0,0
equipment-event-126,teleport_to_camp_tranquil.pcapng,0,actor-01,actor-01,aggregate-event,,,0x1e1bdb29,after-only,,,,,,8627,55,28,ffff,65535,,,0,0
equipment-event-126,teleport_to_camp_tranquil.pcapng,0,actor-01,actor-01,aggregate-event,,,0x1f3dacc5,after-only,,,,,,8515,55,20,a900,169,,,0,0
equipment-event-126,teleport_to_camp_tranquil.pcapng,0,actor-01,actor-01,aggregate-event,,,0x1fa0bdf7,after-only,,,,,,8635,55,28,3eb0f1a0,2700193854,,,0,0
equipment-event-126,teleport_to_camp_tranquil.pcapng,0,actor-01,actor-01,aggregate-event,,,0x204cf942,after-only,,,,,,8507,55,20,9600,150,,,0,0
equipment-event-126,teleport_to_camp_tranquil.pcapng,0,actor-01,actor-01,aggregate-event,,,0x20fe7d3f,after-only,,,,,,8630,55,28,05,5,,,0,0
equipment-event-126,teleport_to_camp_tranquil.pcapng,0,actor-01,actor-01,aggregate-event,,,0x2138fd71,after-only,,,,,,8476,55,18,01,1,,,0,0
equipment-event-126,teleport_to_camp_tranquil.pcapng,0,actor-01,actor-01,aggregate-event,,,0x22bc605f,after-only,,,,,,8612,55,27,79745550,1347777657,,,0,0
equipment-event-126,teleport_to_camp_tranquil.pcapng,0,actor-01,actor-01,aggregate-event,,,0x24224121,after-only,,,,,,8554,55,23,2e6af0a0,2700110382,,,0,0
equipment-event-126,teleport_to_camp_tranquil.pcapng,0,actor-01,actor-01,aggregate-event,,,0x2526d379,after-only,,,,,,8583,55,25,01,1,,,0,0
equipment-event-126,teleport_to_camp_tranquil.pcapng,0,actor-01,actor-01,aggregate-event,,,0x28887bd6,after-only,,,,,,8596,55,25,0c23e050,1356866316,,,0,0
equipment-event-126,teleport_to_camp_tranquil.pcapng,0,actor-01,actor-01,aggregate-event,,,0x2a4f53c7,after-only,,,,,,8530,55,21,2d040000,1069,,,0,0
equipment-event-126,teleport_to_camp_tranquil.pcapng,0,actor-01,actor-01,aggregate-event,,,0x2bcd68aa,after-only,,,,,,8580,55,24,20,32,,,0,0
equipment-event-126,teleport_to_camp_tranquil.pcapng,0,actor-01,actor-01,aggregate-event,,,0x2dfbc13a,after-only,,,,,,8502,55,19,4f00,79,,,0,0
equipment-event-126,teleport_to_camp_tranquil.pcapng,0,actor-01,actor-01,aggregate-event,,,0x2f5ac0cc,after-only,,,,,,8553,55,23,806af0a0,2700110464,,,0,0
equipment-event-126,teleport_to_camp_tranquil.pcapng,0,actor-01,actor-01,aggregate-event,,,0x318836c0,after-only,,,,,,8567,55,24,01,1,,,0,0
equipment-event-126,teleport_to_camp_tranquil.pcapng,0,actor-01,actor-01,aggregate-event,,,0x36b51229,after-only,,,,,,8602,55,26,0c23e050,1356866316,,,0,0
equipment-event-126,teleport_to_camp_tranquil.pcapng,0,actor-01,actor-01,aggregate-event,,,0x38c8b08f,after-only,,,,,,8540,55,22,e52ef0a0,2700095205,,,0,0
equipment-event-126,teleport_to_camp_tranquil.pcapng,0,actor-01,actor-01,aggregate-event,,,0x39f384cf,after-only,,,,,,8541,55,22,e72ef0a0,2700095207,,,0,0
equipment-event-126,teleport_to_camp_tranquil.pcapng,0,actor-01,actor-01,aggregate-event,,,0x3c674537,after-only,,,,,,8616,55,27,79745550,1347777657,,,0,0
equipment-event-126,teleport_to_camp_tranquil.pcapng,0,actor-01,actor-01,aggregate-event,,,0x3c95d5c5,after-only,,,,,,8482,55,18,f900,249,,,0,0
equipment-event-126,teleport_to_camp_tranquil.pcapng,0,actor-01,actor-01,aggregate-event,,,0x3e1a660f,after-only,,,,,,8546,55,22,ff55f0a0,2700105215,,,0,0
equipment-event-126,teleport_to_camp_tranquil.pcapng,0,actor-01,actor-01,aggregate-event,,,0x415881ad,unchanged,8470,45,1,ffffffff,4294967295,8491,55,19,ffffffff,4294967295,10,470,0,0
equipment-event-126,teleport_to_camp_tranquil.pcapng,0,actor-01,actor-01,aggregate-event,,,0x416571ac,after-only,,,,,,8501,55,19,6600,102,,,0,0
equipment-event-126,teleport_to_camp_tranquil.pcapng,0,actor-01,actor-01,aggregate-event,,,0x41991fca,after-only,,,,,,8498,55,19,01,1,,,0,0
equipment-event-126,teleport_to_camp_tranquil.pcapng,0,actor-01,actor-01,aggregate-event,,,0x419b046f,after-only,,,,,,8568,55,24,01,1,,,0,0
equipment-event-126,teleport_to_camp_tranquil.pcapng,0,actor-01,actor-01,aggregate-event,,,0x4232bcaa,after-only,,,,,,8479,55,18,f602,758,,,0,0
equipment-event-126,teleport_to_camp_tranquil.pcapng,0,actor-01,actor-01,aggregate-event,,,0x44849402,after-only,,,,,,8624,55,27,0000803f,1065353216,,,0,0
equipment-event-126,teleport_to_camp_tranquil.pcapng,0,actor-01,actor-01,aggregate-event,,,0x45b85823,after-only,,,,,,8608,55,26,faacdf50,1356836090,,,0,0
equipment-event-126,teleport_to_camp_tranquil.pcapng,0,actor-01,actor-01,aggregate-event,,,0x469403ba,after-only,,,,,,8551,55,23,dc69f0a0,2700110300,,,0,0
equipment-event-126,teleport_to_camp_tranquil.pcapng,0,actor-01,actor-01,aggregate-event,,,0x470d61da,after-only,,,,,,8544,55,22,fd55f0a0,2700105213,,,0,0
equipment-event-126,teleport_to_camp_tranquil.pcapng,0,actor-01,actor-01,aggregate-event,,,0x49ced7cd,after-only,,,,,,8617,55,27,79745550,1347777657,,,0,0
equipment-event-126,teleport_to_camp_tranquil.pcapng,0,actor-01,actor-01,aggregate-event,,,0x4b2a7d17,after-only,,,,,,8590,55,25,01,1,,,0,0
equipment-event-126,teleport_to_camp_tranquil.pcapng,0,actor-01,actor-01,aggregate-event,,,0x4db13e27,after-only,,,,,,8623,55,27,79745550,1347777657,,,0,0
equipment-event-126,teleport_to_camp_tranquil.pcapng,0,actor-01,actor-01,aggregate-event,,,0x4f365e47,after-only,,,,,,8598,55,25,0c23e050,1356866316,,,0,0
equipment-event-126,teleport_to_camp_tranquil.pcapng,0,actor-01,actor-01,aggregate-event,,,0x50ffb0a4,unchanged,8469,45,1,ffffffff,4294967295,8490,55,19,ffffffff,4294967295,10,470,0,0
equipment-event-126,teleport_to_camp_tranquil.pcapng,0,actor-01,actor-01,aggregate-event,,,0x5272eae9,after-only,,,,,,8595,55,25,0c23e050,1356866316,,,0,0
equipment-event-126,teleport_to_camp_tranquil.pcapng,0,actor-01,actor-01,aggregate-event,,,0x570e1086,after-only,,,,,,8636,55,28,34b0f1a0,2700193844,,,0,0
equipment-event-126,teleport_to_camp_tranquil.pcapng,0,actor-01,actor-01,aggregate-event,,,0x573fe04c,after-only,,,,,,8521,55,20,0000803f,1065353216,,,0,0
equipment-event-126,teleport_to_camp_tranquil.pcapng,0,actor-01,actor-01,aggregate-event,,,0x5883d746,after-only,,,,,,8609,55,26,3aaddf50,1356836154,,,0,0
equipment-event-126,teleport_to_camp_tranquil.pcapng,0,actor-01,actor-01,aggregate-event,,,0x58cd7cc0,after-only,,,,,,8584,55,25,01,1,,,0,0
equipment-event-126,teleport_to_camp_tranquil.pcapng,0,actor-01,actor-01,aggregate-event,,,0x5a0a4034,after-only,,,,,,8564,55,24,01,1,,,0,0
equipment-event-126,teleport_to_camp_tranquil.pcapng,0,actor-01,actor-01,aggregate-event,,,0x5cdee710,after-only,,,,,,8634,55,28,38b0f1a0,2700193848,,,0,0
equipment-event-126,teleport_to_camp_tranquil.pcapng,0,actor-01,actor-01,aggregate-event,,,0x5d9dbe46,after-only,,,,,,8611,55,26,79745550,1347777657,,,0,0
equipment-event-126,teleport_to_camp_tranquil.pcapng,0,actor-01,actor-01,aggregate-event,,,0x5f0f0e64,after-only,,,,,,8587,55,25,01,1,,,0,0
equipment-event-126,teleport_to_camp_tranquil.pcapng,0,actor-01,actor-01,aggregate-event,,,0x5fc56d16,after-only,,,,,,8509,55,20,a000,160,,,0,0
equipment-event-126,teleport_to_camp_tranquil.pcapng,0,actor-01,actor-01,aggregate-event,,,0x6047e4bd,after-only,,,,,,8529,55,21,63c70000,51043,,,0,0
equipment-event-126,teleport_to_camp_tranquil.pcapng,0,actor-01,actor-01,aggregate-event,,,0x6065f862,after-only,,,,,,8575,55,24,01,1,,,0,0
equipment-event-126,teleport_to_camp_tranquil.pcapng,0,actor-01,actor-01,aggregate-event,,,0x6161a641,after-only,,,,,,8534,55,21,e42ef0a0,2700095204,,,0,0
equipment-event-126,teleport_to_camp_tranquil.pcapng,0,actor-01,actor-01,aggregate-event,,,0x61816dfe,unchanged,8471,45,1,ffffffff,4294967295,8492,55,19,ffffffff,4294967295,10,470,0,0
equipment-event-126,teleport_to_camp_tranquil.pcapng,0,actor-01,actor-01,aggregate-event,,,0x63d4b0db,after-only,,,,,,8618,55,27,79745550,1347777657,,,0,0
equipment-event-126,teleport_to_camp_tranquil.pcapng,0,actor-01,actor-01,aggregate-event,,,0x647a29a8,after-only,,,,,,8499,55,19,6100,97,,,0,0
equipment-event-126,teleport_to_camp_tranquil.pcapng,0,actor-01,actor-01,aggregate-event,,,0x64803e98,after-only,,,,,,8510,55,20,9600,150,,,0,0
equipment-event-126,teleport_to_camp_tranquil.pcapng,0,actor-01,actor-01,aggregate-event,,,0x671ef2b1,after-only,,,,,,8588,55,25,01,1,,,0,0
equipment-event-126,teleport_to_camp_tranquil.pcapng,0,actor-01,actor-01,aggregate-event,,,0x69263cb7,after-only,,,,,,8563,55,24,01,1,,,0,0
equipment-event-126,teleport_to_camp_tranquil.pcapng,0,actor-01,actor-01,aggregate-event,,,0x69579da7,after-only,,,,,,8536,55,22,0e52f0a0,2700104206,,,0,0
equipment-event-126,teleport_to_camp_tranquil.pcapng,0,actor-01,actor-01,aggregate-event,,,0x6974eda5,after-only,,,,,,8633,55,28,00b4f1a0,2700194816,,,0,0
equipment-event-126,teleport_to_camp_tranquil.pcapng,0,actor-01,actor-01,aggregate-event,,,0x6b060065,after-only,,,,,,8571,55,24,01,1,,,0,0
equipment-event-126,teleport_to_camp_tranquil.pcapng,0,actor-01,actor-01,aggregate-event,,,0x6b6e041d,after-only,,,,,,8517,55,20,ad00,173,,,0,0
equipment-event-126,teleport_to_camp_tranquil.pcapng,0,actor-01,actor-01,aggregate-event,,,0x6b9c6437,after-only,,,,,,8620,55,27,79745550,1347777657,,,0,0
equipment-event-126,teleport_to_camp_tranquil.pcapng,0,actor-01,actor-01,aggregate-event,,,0x6ccaf8b3,after-only,,,,,,8504,55,19,4300,67,,,0,0
equipment-event-126,teleport_to_camp_tranquil.pcapng,0,actor-01,actor-01,aggregate-event,,,0x6d5633b9,unchanged,8466,45,1,ffffffff,4294967295,8487,55,18,ffffffff,4294967295,10,470,0,0
equipment-event-126,teleport_to_camp_tranquil.pcapng,0,actor-01,actor-01,aggregate-event,,,0x748287f9,after-only,,,,,,8528,55,21,fd6a0000,27389,,,0,0
equipment-event-126,teleport_to_camp_tranquil.pcapng,0,actor-01,actor-01,aggregate-event,,,0x7532ce24,unchanged,8462,45,1,04,4,8483,55,18,04,4,10,470,0,0
equipment-event-126,teleport_to_camp_tranquil.pcapng,0,actor-01,actor-01,aggregate-event,,,0x79c7ecff,after-only,,,,,,8505,55,19,9600,150,,,0,0
equipment-event-126,teleport_to_camp_tranquil.pcapng,0,actor-01,actor-01,aggregate-event,,,0x7b2f0a94,after-only,,,,,,8527,55,21,ab0e0000,3755,,,0,0
equipment-event-126,teleport_to_camp_tranquil.pcapng,0,actor-01,actor-01,aggregate-event,,,0x7b675313,after-only,,,,,,8477,55,18,01,1,,,0,0
equipment-event-126,teleport_to_camp_tranquil.pcapng,0,actor-01,actor-01,aggregate-event,,,0x7bcdfb69,after-only,,,,,,8480,55,18,f602,758,,,0,0
equipment-event-126,teleport_to_camp_tranquil.pcapng,0,actor-01,actor-01,aggregate-event,,,0x7cc10854,after-only,,,,,,8577,55,24,01,1,,,0,0
equipment-event-126,teleport_to_camp_tranquil.pcapng,0,actor-01,actor-01,aggregate-event,,,0x7da83ade,after-only,,,,,,8537,55,22,0f52f0a0,2700104207,,,0,0
equipment-event-126,teleport_to_camp_tranquil.pcapng,0,actor-01,actor-01,aggregate-event,,,0x7efd97e4,after-only,,,,,,8545,55,22,3973f0a0,2700112697,,,0,0
equipment-event-126,teleport_to_camp_tranquil.pcapng,0,actor-01,actor-01,aggregate-event,,,0x7fc8b15d,after-only,,,,,,8619,55,27,79745550,1347777657,,,0,0
equipment-event-126,teleport_to_camp_tranquil.pcapng,0,actor-01,actor-01,aggregate-event,,,0x7ff0ee64,after-only,,,,,,8560,55,23,01,1,,,0,0
equipment-event-126,teleport_to_camp_tranquil.pcapng,0,actor-01,actor-01,aggregate-event,,,0x80dfda92,after-only,,,,,,8550,55,23,d26af0a0,2700110546,,,0,0
equipment-event-126,teleport_to_camp_tranquil.pcapng,0,actor-01,actor-01,aggregate-event,,,0x85aafe74,after-only,,,,,,8591,55,25,01,1,,,0,0
equipment-event-126,teleport_to_camp_tranquil.pcapng,0,actor-01,actor-01,aggregate-event,,,0x89098566,after-only,,,,,,8533,55,21,e32ef0a0,2700095203,,,0,0
equipment-event-126,teleport_to_camp_tranquil.pcapng,0,actor-01,actor-01,aggregate-event,,,0x8a5cbc5b,after-only,,,,,,8569,55,24,01,1,,,0,0
equipment-event-126,teleport_to_camp_tranquil.pcapng,0,actor-01,actor-01,aggregate-event,,,0x8a676a74,after-only,,,,,,8558,55,23,3a6af0a0,2700110394,,,0,0
equipment-event-126,teleport_to_camp_tranquil.pcapng,0,actor-01,actor-01,aggregate-event,,,0x8b4fa1a4,after-only,,,,,,8593,55,25,01,1,,,0,0
equipment-event-126,teleport_to_camp_tranquil.pcapng,0,actor-01,actor-01,aggregate-event,,,0x8c336da3,unchanged,8465,45,1,ffffffff,4294967295,8486,55,18,ffffffff,4294967295,10,470,0,0
equipment-event-126,teleport_to_camp_tranquil.pcapng,0,actor-01,actor-01,aggregate-event,,,0x8c44e56b,unchanged,8464,45,1,ffffffff,4294967295,8485,55,18,ffffffff,4294967295,10,470,0,0
equipment-event-126,teleport_to_camp_tranquil.pcapng,0,actor-01,actor-01,aggregate-event,,,0x8cae90db,after-only,,,,,,8514,55,20,9200,146,,,0,0
equipment-event-126,teleport_to_camp_tranquil.pcapng,0,actor-01,actor-01,aggregate-event,,,0x8d974f1c,after-only,,,,,,8594,55,25,0c23e050,1356866316,,,0,0
equipment-event-126,teleport_to_camp_tranquil.pcapng,0,actor-01,actor-01,aggregate-event,,,0x8e4e1fb2,after-only,,,,,,8566,55,24,01,1,,,0,0
equipment-event-126,teleport_to_camp_tranquil.pcapng,0,actor-01,actor-01,aggregate-event,,,0x91cd44e7,after-only,,,,,,8511,55,20,9700,151,,,0,0
equipment-event-126,teleport_to_camp_tranquil.pcapng,0,actor-01,actor-01,aggregate-event,,,0x939e884a,after-only,,,,,,8500,55,19,5c00,92,,,0,0
equipment-event-126,teleport_to_camp_tranquil.pcapng,0,actor-01,actor-01,aggregate-event,,,0x94574d0a,after-only,,,,,,8621,55,27,79745550,1347777657,,,0,0
equipment-event-126,teleport_to_camp_tranquil.pcapng,0,actor-01,actor-01,aggregate-event,,,0x958051f1,after-only,,,,,,8552,55,23,7c6af0a0,2700110460,,,0,0
equipment-event-126,teleport_to_camp_tranquil.pcapng,0,actor-01,actor-01,aggregate-event,,,0x95bcf98a,after-only,,,,,,8495,55,19,01,1,,,0,0
equipment-event-126,teleport_to_camp_tranquil.pcapng,0,actor-01,actor-01,aggregate-event,,,0x96063588,unchanged,8463,45,1,1a00,26,8484,55,18,1a00,26,10,470,0,0
equipment-event-126,teleport_to_camp_tranquil.pcapng,0,actor-01,actor-01,aggregate-event,,,0x97e78c4e,after-only,,,,,,8622,55,27,79745550,1347777657,,,0,0
equipment-event-126,teleport_to_camp_tranquil.pcapng,0,actor-01,actor-01,aggregate-event,,,0x98bcf012,after-only,,,,,,8586,55,25,01,1,,,0,0
equipment-event-126,teleport_to_camp_tranquil.pcapng,0,actor-01,actor-01,aggregate-event,,,0x9a378611,after-only,,,,,,8605,55,26,0c23e050,1356866316,,,0,0
equipment-event-126,teleport_to_camp_tranquil.pcapng,0,actor-01,actor-01,aggregate-event,,,0x9db2fd87,after-only,,,,,,8603,55,26,0c23e050,1356866316,,,0,0
equipment-event-126,teleport_to_camp_tranquil.pcapng,0,actor-01,actor-01,aggregate-event,,,0x9f278594,after-only,,,,,,8561,55,23,01,1,,,0,0
equipment-event-126,teleport_to_camp_tranquil.pcapng,0,actor-01,actor-01,aggregate-event,,,0x9fd558d0,after-only,,,,,,8604,55,26,0c23e050,1356866316,,,0,0
equipment-event-126,teleport_to_camp_tranquil.pcapng,0,actor-01,actor-01,aggregate-event,,,0xa2478ea5,after-only,,,,,,8597,55,25,0c23e050,1356866316,,,0,0
equipment-event-126,teleport_to_camp_tranquil.pcapng,0,actor-01,actor-01,aggregate-event,,,0xa329599a,after-only,,,,,,8516,55,20,a900,169,,,0,0
equipment-event-126,teleport_to_camp_tranquil.pcapng,0,actor-01,actor-01,aggregate-event,,,0xa6d426c4,after-only,,,,,,8576,55,24,01,1,,,0,0
equipment-event-126,teleport_to_camp_tranquil.pcapng,0,actor-01,actor-01,aggregate-event,,,0xabb78bce,after-only,,,,,,8570,55,24,01,1,,,0,0
equipment-event-126,teleport_to_camp_tranquil.pcapng,0,actor-01,actor-01,aggregate-event,,,0xacc58f29,after-only,,,,,,8525,55,21,81230000,9089,,,0,0
equipment-event-126,teleport_to_camp_tranquil.pcapng,0,actor-01,actor-01,aggregate-event,,,0xad16c7ae,after-only,,,,,,8538,55,22,e92ef0a0,2700095209,,,0,0
equipment-event-126,teleport_to_camp_tranquil.pcapng,0,actor-01,actor-01,aggregate-event,,,0xadef0b22,after-only,,,,,,8582,55,25,01,1,,,0,0
equipment-event-126,teleport_to_camp_tranquil.pcapng,0,actor-01,actor-01,aggregate-event,,,0xb1cbe069,after-only,,,,,,8628,55,28,04,4,,,0,0
equipment-event-126,teleport_to_camp_tranquil.pcapng,0,actor-01,actor-01,aggregate-event,,,0xb3663189,after-only,,,,,,8494,55,19,01,1,,,0,0
equipment-event-126,teleport_to_camp_tranquil.pcapng,0,actor-01,actor-01,aggregate-event,,,0xb5993ddc,after-only,,,,,,8539,55,22,ea2ef0a0,2700095210,,,0,0
equipment-event-126,teleport_to_camp_tranquil.pcapng,0,actor-01,actor-01,aggregate-event,,,0xb9c13d96,after-only,,,,,,8574,55,24,01,1,,,0,0
equipment-event-126,teleport_to_camp_tranquil.pcapng,0,actor-01,actor-01,aggregate-event,,,0xba51c4e1,after-only,,,,,,8513,55,20,a900,169,,,0,0
equipment-event-126,teleport_to_camp_tranquil.pcapng,0,actor-01,actor-01,aggregate-event,,,0xbb9cc775,after-only,,,,,,8522,55,21,0000803e,1048576000,,,0,0
equipment-event-126,teleport_to_camp_tranquil.pcapng,0,actor-01,actor-01,aggregate-event,,,0xbca83abb,after-only,,,,,,8607,55,26,32b3df50,1356837682,,,0,0
equipment-event-126,teleport_to_camp_tranquil.pcapng,0,actor-01,actor-01,aggregate-event,,,0xc0f66df7,after-only,,,,,,8474,55,18,3333d340,1087583027,,,0,0
equipment-event-126,teleport_to_camp_tranquil.pcapng,0,actor-01,actor-01,aggregate-event,,,0xc5c48a58,after-only,,,,,,8565,55,24,01,1,,,0,0
equipment-event-126,teleport_to_camp_tranquil.pcapng,0,actor-01,actor-01,aggregate-event,,,0xc642e791,after-only,,,,,,8600,55,26,0c23e050,1356866316,,,0,0
equipment-event-126,teleport_to_camp_tranquil.pcapng,0,actor-01,actor-01,aggregate-event,,,0xc8c3a058,after-only,,,,,,8581,55,24,01,1,,,0,0
equipment-event-126,teleport_to_camp_tranquil.pcapng,0,actor-01,actor-01,aggregate-event,,,0xc9045217,after-only,,,,,,8543,55,22,fc55f0a0,2700105212,,,0,0
equipment-event-126,teleport_to_camp_tranquil.pcapng,0,actor-01,actor-01,aggregate-event,,,0xca132bc5,after-only,,,,,,8547,55,22,366af0a0,2700110390,,,0,0
equipment-event-126,teleport_to_camp_tranquil.pcapng,0,actor-01,actor-01,aggregate-event,,,0xca9f30e5,after-only,,,,,,8559,55,23,2f6af0a0,2700110383,,,0,0
equipment-event-126,teleport_to_camp_tranquil.pcapng,0,actor-01,actor-01,aggregate-event,,,0xcfff28e0,after-only,,,,,,8637,55,28,acb0f1a0,2700193964,,,0,0
equipment-event-126,teleport_to_camp_tranquil.pcapng,0,actor-01,actor-01,aggregate-event,,,0xd4235016,after-only,,,,,,8638,55,28,43b0f1a0,2700193859,,,0,0
equipment-event-126,teleport_to_camp_tranquil.pcapng,0,actor-01,actor-01,aggregate-event,,,0xd57dc284,after-only,,,,,,8519,55,20,ae00,174,,,0,0
equipment-event-126,teleport_to_camp_tranquil.pcapng,0,actor-01,actor-01,aggregate-event,,,0xd5c5254a,unchanged,8467,45,1,ffffffff,4294967295,8488,55,18,ffffffff,4294967295,10,470,0,0
equipment-event-126,teleport_to_camp_tranquil.pcapng,0,actor-01,actor-01,aggregate-event,,,0xd68fa0e1,after-only,,,,,,8606,55,26,23b3df50,1356837667,,,0,0
equipment-event-126,teleport_to_camp_tranquil.pcapng,0,actor-01,actor-01,aggregate-event,,,0xd6917eac,unchanged,8472,45,2,bd48aa3e,1051347133,8632,55,28,bd48aa3e,1051347133,10,470,0,0
equipment-event-126,teleport_to_camp_tranquil.pcapng,0,actor-01,actor-01,aggregate-event,,,0xd71d3b0e,after-only,,,,,,8548,55,23,376af0a0,2700110391,,,0,0
equipment-event-126,teleport_to_camp_tranquil.pcapng,0,actor-01,actor-01,aggregate-event,,,0xdba408a0,after-only,,,,,,8523,55,21,ce180000,6350,,,0,0
equipment-event-126,teleport_to_camp_tranquil.pcapng,0,actor-01,actor-01,aggregate-event,,,0xdc4f03f9,after-only,,,,,,8497,55,19,01,1,,,0,0
equipment-event-126,teleport_to_camp_tranquil.pcapng,0,actor-01,actor-01,aggregate-event,,,0xdf99e003,after-only,,,,,,8526,55,21,c4780000,30916,,,0,0
equipment-event-126,teleport_to_camp_tranquil.pcapng,0,actor-01,actor-01,aggregate-event,,,0xe058a98c,after-only,,,,,,8615,55,27,79745550,1347777657,,,0,0
equipment-event-126,teleport_to_camp_tranquil.pcapng,0,actor-01,actor-01,aggregate-event,,,0xe14b0ca8,after-only,,,,,,8475,55,18,01,1,,,0,0
equipment-event-126,teleport_to_camp_tranquil.pcapng,0,actor-01,actor-01,aggregate-event,,,0xe17d8c7a,after-only,,,,,,8506,55,20,9600,150,,,0,0
equipment-event-126,teleport_to_camp_tranquil.pcapng,0,actor-01,actor-01,aggregate-event,,,0xe4567838,after-only,,,,,,8579,55,24,01,1,,,0,0
equipment-event-126,teleport_to_camp_tranquil.pcapng,0,actor-01,actor-01,aggregate-event,,,0xe764c45d,after-only,,,,,,8531,55,21,0952f0a0,2700104201,,,0,0
equipment-event-126,teleport_to_camp_tranquil.pcapng,0,actor-01,actor-01,aggregate-event,,,0xe7ed17a0,after-only,,,,,,8555,55,23,2d6af0a0,2700110381,,,0,0
equipment-event-126,teleport_to_camp_tranquil.pcapng,0,actor-01,actor-01,aggregate-event,,,0xeb90baab,after-only,,,,,,8518,55,20,a600,166,,,0,0
equipment-event-126,teleport_to_camp_tranquil.pcapng,0,actor-01,actor-01,aggregate-event,,,0xebbefbea,after-only,,,,,,8614,55,27,79745550,1347777657,,,0,0
equipment-event-126,teleport_to_camp_tranquil.pcapng,0,actor-01,actor-01,aggregate-event,,,0xed6de041,after-only,,,,,,8532,55,21,0a52f0a0,2700104202,,,0,0
equipment-event-126,teleport_to_camp_tranquil.pcapng,0,actor-01,actor-01,aggregate-event,,,0xedad792f,after-only,,,,,,8610,55,26,a1d4ca50,1355469985,,,0,0
equipment-event-126,teleport_to_camp_tranquil.pcapng,0,actor-01,actor-01,aggregate-event,,,0xf01787b7,after-only,,,,,,8535,55,22,0d52f0a0,2700104205,,,0,0
equipment-event-126,teleport_to_camp_tranquil.pcapng,0,actor-01,actor-01,aggregate-event,,,0xf053ac1a,after-only,,,,,,8542,55,22,eb2ef0a0,2700095211,,,0,0
equipment-event-126,teleport_to_camp_tranquil.pcapng,0,actor-01,actor-01,aggregate-event,,,0xf2e07ff4,after-only,,,,,,8556,55,23,3e6af0a0,2700110398,,,0,0
equipment-event-126,teleport_to_camp_tranquil.pcapng,0,actor-01,actor-01,aggregate-event,,,0xf55d07a5,after-only,,,,,,8578,55,24,01,1,,,0,0
equipment-event-126,teleport_to_camp_tranquil.pcapng,0,actor-01,actor-01,aggregate-event,,,0xf642f974,after-only,,,,,,8549,55,23,396af0a0,2700110393,,,0,0
equipment-event-126,teleport_to_camp_tranquil.pcapng,0,actor-01,actor-01,aggregate-event,,,0xf8a7dab1,after-only,,,,,,8629,55,28,05,5,,,0,0
equipment-event-126,teleport_to_camp_tranquil.pcapng,0,actor-01,actor-01,aggregate-event,,,0xfbfbcfb1,after-only,,,,,,8478,55,18,01,1,,,0,0
equipment-event-126,teleport_to_camp_tranquil.pcapng,0,actor-01,actor-01,aggregate-event,,,0xfcdfdcac,after-only,,,,,,8585,55,25,01,1,,,0,0
equipment-event-126,teleport_to_camp_tranquil.pcapng,0,actor-01,actor-01,aggregate-event,,,0xfdd1f6de,after-only,,,,,,8496,55,19,01,1,,,0,0
equipment-event-133,teleport_to_gridania.pcapng,0,actor-01,actor-01,aggregate-event,,,0x01e244c5,after-only,,,,,,8737,67,21,ffffffff,4294967295,,,0,0
equipment-event-133,teleport_to_gridania.pcapng,0,actor-01,actor-01,aggregate-event,,,0x0b99c876,before-only,8719,55,4,0000,0,,,,,,12,555,,
equipment-event-133,teleport_to_gridania.pcapng,0,actor-01,actor-01,aggregate-event,,,0x0cca47c4,after-only,,,,,,8741,67,21,01,1,,,0,0
equipment-event-133,teleport_to_gridania.pcapng,0,actor-01,actor-01,aggregate-event,,,0x0db5a5bf,after-only,,,,,,8721,67,20,0a,10,,,0,0
equipment-event-133,teleport_to_gridania.pcapng,0,actor-01,actor-01,aggregate-event,,,0x0e4920e3,after-only,,,,,,8772,67,23,b51f0000,8117,,,0,0
equipment-event-133,teleport_to_gridania.pcapng,0,actor-01,actor-01,aggregate-event,,,0x0e704141,after-only,,,,,,8751,67,21,4c00,76,,,0,0
equipment-event-133,teleport_to_gridania.pcapng,0,actor-01,actor-01,aggregate-event,,,0x11b1b22d,after-only,,,,,,8760,67,22,9d00,157,,,0,0
equipment-event-133,teleport_to_gridania.pcapng,0,actor-01,actor-01,aggregate-event,,,0x13f89710,after-only,,,,,,8729,67,20,f900,249,,,0,0
equipment-event-133,teleport_to_gridania.pcapng,0,actor-01,actor-01,aggregate-event,,,0x17ab37ef,after-only,,,,,,8768,67,22,aa00,170,,,0,0
equipment-event-133,teleport_to_gridania.pcapng,0,actor-01,actor-01,aggregate-event,,,0x1c2aec73,after-only,,,,,,8756,67,22,9600,150,,,0,0
equipment-event-133,teleport_to_gridania.pcapng,0,actor-01,actor-01,aggregate-event,,,0x1f3dacc5,after-only,,,,,,8763,67,22,a900,169,,,0,0
equipment-event-133,teleport_to_gridania.pcapng,0,actor-01,actor-01,aggregate-event,,,0x204cf942,after-only,,,,,,8755,67,22,9600,150,,,0,0
equipment-event-133,teleport_to_gridania.pcapng,0,actor-01,actor-01,aggregate-event,,,0x2138fd71,after-only,,,,,,8724,67,20,01,1,,,0,0
equipment-event-133,teleport_to_gridania.pcapng,0,actor-01,actor-01,aggregate-event,,,0x2a4f53c7,after-only,,,,,,8778,67,23,2d040000,1069,,,0,0
equipment-event-133,teleport_to_gridania.pcapng,0,actor-01,actor-01,aggregate-event,,,0x2dfbc13a,after-only,,,,,,8750,67,21,4f00,79,,,0,0
equipment-event-133,teleport_to_gridania.pcapng,0,actor-01,actor-01,aggregate-event,,,0x38c8b08f,after-only,,,,,,8788,67,24,e52ef0a0,2700095205,,,0,0
equipment-event-133,teleport_to_gridania.pcapng,0,actor-01,actor-01,aggregate-event,,,0x39f384cf,after-only,,,,,,8789,67,24,e72ef0a0,2700095207,,,0,0
equipment-event-133,teleport_to_gridania.pcapng,0,actor-01,actor-01,aggregate-event,,,0x3c95d5c5,after-only,,,,,,8730,67,20,f900,249,,,0,0
equipment-event-133,teleport_to_gridania.pcapng,0,actor-01,actor-01,aggregate-event,,,0x3e1a660f,after-only,,,,,,8794,67,24,ff55f0a0,2700105215,,,0,0
equipment-event-133,teleport_to_gridania.pcapng,0,actor-01,actor-01,aggregate-event,,,0x415881ad,after-only,,,,,,8739,67,21,ffffffff,4294967295,,,0,0
equipment-event-133,teleport_to_gridania.pcapng,0,actor-01,actor-01,aggregate-event,,,0x416571ac,after-only,,,,,,8749,67,21,6600,102,,,0,0
equipment-event-133,teleport_to_gridania.pcapng,0,actor-01,actor-01,aggregate-event,,,0x41991fca,after-only,,,,,,8746,67,21,01,1,,,0,0
equipment-event-133,teleport_to_gridania.pcapng,0,actor-01,actor-01,aggregate-event,,,0x4232bcaa,after-only,,,,,,8727,67,20,f602,758,,,0,0
equipment-event-133,teleport_to_gridania.pcapng,0,actor-01,actor-01,aggregate-event,,,0x470d61da,after-only,,,,,,8792,67,24,fd55f0a0,2700105213,,,0,0
equipment-event-133,teleport_to_gridania.pcapng,0,actor-01,actor-01,aggregate-event,,,0x50ffb0a4,after-only,,,,,,8738,67,21,ffffffff,4294967295,,,0,0
equipment-event-133,teleport_to_gridania.pcapng,0,actor-01,actor-01,aggregate-event,,,0x573fe04c,after-only,,,,,,8769,67,22,0000803f,1065353216,,,0,0
equipment-event-133,teleport_to_gridania.pcapng,0,actor-01,actor-01,aggregate-event,,,0x5fc56d16,after-only,,,,,,8757,67,22,a000,160,,,0,0
equipment-event-133,teleport_to_gridania.pcapng,0,actor-01,actor-01,aggregate-event,,,0x6047e4bd,after-only,,,,,,8777,67,23,63c70000,51043,,,0,0
equipment-event-133,teleport_to_gridania.pcapng,0,actor-01,actor-01,aggregate-event,,,0x6161a641,after-only,,,,,,8782,67,23,e42ef0a0,2700095204,,,0,0
equipment-event-133,teleport_to_gridania.pcapng,0,actor-01,actor-01,aggregate-event,,,0x61816dfe,after-only,,,,,,8740,67,21,ffffffff,4294967295,,,0,0
equipment-event-133,teleport_to_gridania.pcapng,0,actor-01,actor-01,aggregate-event,,,0x647a29a8,after-only,,,,,,8747,67,21,6100,97,,,0,0
equipment-event-133,teleport_to_gridania.pcapng,0,actor-01,actor-01,aggregate-event,,,0x64803e98,after-only,,,,,,8758,67,22,9600,150,,,0,0
equipment-event-133,teleport_to_gridania.pcapng,0,actor-01,actor-01,aggregate-event,,,0x69579da7,after-only,,,,,,8784,67,24,0e52f0a0,2700104206,,,0,0
equipment-event-133,teleport_to_gridania.pcapng,0,actor-01,actor-01,aggregate-event,,,0x6b6e041d,after-only,,,,,,8765,67,22,ad00,173,,,0,0
equipment-event-133,teleport_to_gridania.pcapng,0,actor-01,actor-01,aggregate-event,,,0x6ccaf8b3,after-only,,,,,,8752,67,21,4300,67,,,0,0
equipment-event-133,teleport_to_gridania.pcapng,0,actor-01,actor-01,aggregate-event,,,0x6d5633b9,after-only,,,,,,8735,67,20,ffffffff,4294967295,,,0,0
equipment-event-133,teleport_to_gridania.pcapng,0,actor-01,actor-01,aggregate-event,,,0x748287f9,after-only,,,,,,8776,67,23,fd6a0000,27389,,,0,0
equipment-event-133,teleport_to_gridania.pcapng,0,actor-01,actor-01,aggregate-event,,,0x7532ce24,after-only,,,,,,8731,67,20,04,4,,,0,0
equipment-event-133,teleport_to_gridania.pcapng,0,actor-01,actor-01,aggregate-event,,,0x79c7ecff,after-only,,,,,,8753,67,21,9600,150,,,0,0
equipment-event-133,teleport_to_gridania.pcapng,0,actor-01,actor-01,aggregate-event,,,0x7b2f0a94,after-only,,,,,,8775,67,23,ab0e0000,3755,,,0,0
equipment-event-133,teleport_to_gridania.pcapng,0,actor-01,actor-01,aggregate-event,,,0x7b675313,after-only,,,,,,8725,67,20,01,1,,,0,0
equipment-event-133,teleport_to_gridania.pcapng,0,actor-01,actor-01,aggregate-event,,,0x7bcdfb69,after-only,,,,,,8728,67,20,f602,758,,,0,0
equipment-event-133,teleport_to_gridania.pcapng,0,actor-01,actor-01,aggregate-event,,,0x7da83ade,after-only,,,,,,8785,67,24,0f52f0a0,2700104207,,,0,0
equipment-event-133,teleport_to_gridania.pcapng,0,actor-01,actor-01,aggregate-event,,,0x7efd97e4,after-only,,,,,,8793,67,24,3973f0a0,2700112697,,,0,0
equipment-event-133,teleport_to_gridania.pcapng,0,actor-01,actor-01,aggregate-event,,,0x81384d9e,before-only,8720,55,5,00,0,,,,,,12,555,,
equipment-event-133,teleport_to_gridania.pcapng,0,actor-01,actor-01,aggregate-event,,,0x89098566,after-only,,,,,,8781,67,23,e32ef0a0,2700095203,,,0,0
equipment-event-133,teleport_to_gridania.pcapng,0,actor-01,actor-01,aggregate-event,,,0x8c336da3,after-only,,,,,,8734,67,20,ffffffff,4294967295,,,0,0
equipment-event-133,teleport_to_gridania.pcapng,0,actor-01,actor-01,aggregate-event,,,0x8c44e56b,after-only,,,,,,8733,67,20,ffffffff,4294967295,,,0,0
equipment-event-133,teleport_to_gridania.pcapng,0,actor-01,actor-01,aggregate-event,,,0x8cae90db,after-only,,,,,,8762,67,22,9200,146,,,0,0
equipment-event-133,teleport_to_gridania.pcapng,0,actor-01,actor-01,aggregate-event,,,0x91cd44e7,after-only,,,,,,8759,67,22,9700,151,,,0,0
equipment-event-133,teleport_to_gridania.pcapng,0,actor-01,actor-01,aggregate-event,,,0x939e884a,after-only,,,,,,8748,67,21,5c00,92,,,0,0
equipment-event-133,teleport_to_gridania.pcapng,0,actor-01,actor-01,aggregate-event,,,0x95bcf98a,after-only,,,,,,8743,67,21,01,1,,,0,0
equipment-event-133,teleport_to_gridania.pcapng,0,actor-01,actor-01,aggregate-event,,,0x96063588,after-only,,,,,,8732,67,20,1a00,26,,,0,0
equipment-event-133,teleport_to_gridania.pcapng,0,actor-01,actor-01,aggregate-event,,,0xa329599a,after-only,,,,,,8764,67,22,a900,169,,,0,0
equipment-event-133,teleport_to_gridania.pcapng,0,actor-01,actor-01,aggregate-event,,,0xacc58f29,after-only,,,,,,8773,67,23,8f240000,9359,,,0,0
equipment-event-133,teleport_to_gridania.pcapng,0,actor-01,actor-01,aggregate-event,,,0xad16c7ae,after-only,,,,,,8786,67,24,e92ef0a0,2700095209,,,0,0
equipment-event-133,teleport_to_gridania.pcapng,0,actor-01,actor-01,aggregate-event,,,0xb3663189,after-only,,,,,,8742,67,21,01,1,,,0,0
equipment-event-133,teleport_to_gridania.pcapng,0,actor-01,actor-01,aggregate-event,,,0xb5993ddc,after-only,,,,,,8787,67,24,ea2ef0a0,2700095210,,,0,0
equipment-event-133,teleport_to_gridania.pcapng,0,actor-01,actor-01,aggregate-event,,,0xba51c4e1,after-only,,,,,,8761,67,22,a900,169,,,0,0
equipment-event-133,teleport_to_gridania.pcapng,0,actor-01,actor-01,aggregate-event,,,0xbb9cc775,after-only,,,,,,8770,67,23,0000803e,1048576000,,,0,0
equipment-event-133,teleport_to_gridania.pcapng,0,actor-01,actor-01,aggregate-event,,,0xc0f66df7,after-only,,,,,,8722,67,20,3333d340,1087583027,,,0,0
equipment-event-133,teleport_to_gridania.pcapng,0,actor-01,actor-01,aggregate-event,,,0xc9045217,after-only,,,,,,8791,67,24,fc55f0a0,2700105212,,,0,0
equipment-event-133,teleport_to_gridania.pcapng,0,actor-01,actor-01,aggregate-event,,,0xca132bc5,after-only,,,,,,8795,67,24,366af0a0,2700110390,,,0,0
equipment-event-133,teleport_to_gridania.pcapng,0,actor-01,actor-01,aggregate-event,,,0xd57dc284,after-only,,,,,,8767,67,22,ae00,174,,,0,0
equipment-event-133,teleport_to_gridania.pcapng,0,actor-01,actor-01,aggregate-event,,,0xd5c5254a,after-only,,,,,,8736,67,20,ffffffff,4294967295,,,0,0
equipment-event-133,teleport_to_gridania.pcapng,0,actor-01,actor-01,aggregate-event,,,0xdba408a0,after-only,,,,,,8771,67,23,ce180000,6350,,,0,0
equipment-event-133,teleport_to_gridania.pcapng,0,actor-01,actor-01,aggregate-event,,,0xdc4f03f9,after-only,,,,,,8745,67,21,01,1,,,0,0
equipment-event-133,teleport_to_gridania.pcapng,0,actor-01,actor-01,aggregate-event,,,0xdf99e003,after-only,,,,,,8774,67,23,c4780000,30916,,,0,0
equipment-event-133,teleport_to_gridania.pcapng,0,actor-01,actor-01,aggregate-event,,,0xe14b0ca8,after-only,,,,,,8723,67,20,01,1,,,0,0
equipment-event-133,teleport_to_gridania.pcapng,0,actor-01,actor-01,aggregate-event,,,0xe17d8c7a,after-only,,,,,,8754,67,22,9600,150,,,0,0
equipment-event-133,teleport_to_gridania.pcapng,0,actor-01,actor-01,aggregate-event,,,0xe764c45d,after-only,,,,,,8779,67,23,0952f0a0,2700104201,,,0,0
equipment-event-133,teleport_to_gridania.pcapng,0,actor-01,actor-01,aggregate-event,,,0xeb90baab,after-only,,,,,,8766,67,22,a600,166,,,0,0
equipment-event-133,teleport_to_gridania.pcapng,0,actor-01,actor-01,aggregate-event,,,0xed6de041,after-only,,,,,,8780,67,23,0a52f0a0,2700104202,,,0,0
equipment-event-133,teleport_to_gridania.pcapng,0,actor-01,actor-01,aggregate-event,,,0xf01787b7,after-only,,,,,,8783,67,24,0d52f0a0,2700104205,,,0,0
equipment-event-133,teleport_to_gridania.pcapng,0,actor-01,actor-01,aggregate-event,,,0xf053ac1a,after-only,,,,,,8790,67,24,eb2ef0a0,2700095211,,,0,0
equipment-event-133,teleport_to_gridania.pcapng,0,actor-01,actor-01,aggregate-event,,,0xfbfbcfb1,after-only,,,,,,8726,67,20,01,1,,,0,0
equipment-event-133,teleport_to_gridania.pcapng,0,actor-01,actor-01,aggregate-event,,,0xfdd1f6de,after-only,,,,,,8744,67,21,01,1,,,0,0
