occurrence,capture,lane_index,lane,relative_event,neighbor_lane_event_index,same_frame,neighbor_opcode,zone_transition,actor_lifecycle,group_update,group_layout_018b,setup_0193
occurrence-001,accept_leve.pcapng,0,main,-5,23,no,0x00cf,no,no,no,no,no
occurrence-001,accept_leve.pcapng,0,main,-4,24,no,0x00cf,no,no,no,no,no
occurrence-001,accept_leve.pcapng,0,main,-3,25,no,0x00cf,no,no,no,no,no
occurrence-001,accept_leve.pcapng,0,main,-2,26,no,0x0001,no,no,no,no,no
occurrence-001,accept_leve.pcapng,0,main,-1,27,no,0x00d3,no,no,no,no,no
occurrence-001,accept_leve.pcapng,0,main,1,29,no,0x00d2,no,no,no,no,no
occurrence-001,accept_leve.pcapng,0,main,2,30,no,0x0130,no,no,no,no,no
occurrence-001,accept_leve.pcapng,0,main,3,31,no,0x0001,no,no,no,no,no
occurrence-001,accept_leve.pcapng,0,main,4,32,no,0x00cf,no,no,no,no,no
occurrence-001,accept_leve.pcapng,0,main,5,33,no,0x00cf,no,no,no,no,no
occurrence-002,accept_leve.pcapng,0,main,-5,52,no,0x00cf,no,no,no,no,no
occurrence-002,accept_leve.pcapng,0,main,-4,53,no,0x00cf,no,no,no,no,no
occurrence-002,accept_leve.pcapng,0,main,-3,54,no,0x00cf,no,no,no,no,no
occurrence-002,accept_leve.pcapng,0,main,-2,55,no,0x0001,no,no,no,no,no
occurrence-002,accept_leve.pcapng,0,main,-1,56,no,0x0001,no,no,no,no,no
occurrence-002,accept_leve.pcapng,0,main,1,58,no,0x00cf,no,no,no,no,no
occurrence-002,accept_leve.pcapng,0,main,2,59,no,0x00cf,no,no,no,no,no
occurrence-002,accept_leve.pcapng,0,main,3,60,no,0x00cf,no,no,no,no,no
occurrence-002,accept_leve.pcapng,0,main,4,61,no,0x00cf,no,no,no,no,no
occurrence-002,accept_leve.pcapng,0,main,5,62,no,0x00cf,no,no,no,no,no
occurrence-003,accept_leve.pcapng,0,main,-5,90,no,0x00cf,no,no,no,no,no
occurrence-003,accept_leve.pcapng,0,main,-4,91,no,0x00cf,no,no,no,no,no
occurrence-003,accept_leve.pcapng,0,main,-3,92,no,0x00cf,no,no,no,no,no
occurrence-003,accept_leve.pcapng,0,main,-2,93,no,0x00cf,no,no,no,no,no
occurrence-003,accept_leve.pcapng,0,main,-1,94,no,0x0001,no,no,no,no,no
occurrence-003,accept_leve.pcapng,0,main,1,96,no,0x0161,no,no,no,no,no
occurrence-003,accept_leve.pcapng,0,main,2,97,no,0x0130,no,no,no,no,no
occurrence-003,accept_leve.pcapng,0,main,3,98,no,0x0001,no,no,no,no,no
occurrence-003,accept_leve.pcapng,0,main,4,99,no,0x00cf,no,no,no,no,no
occurrence-003,accept_leve.pcapng,0,main,5,100,no,0x00cf,no,no,no,no,no
occurrence-004,accept_leve.pcapng,0,main,-5,123,no,0x00cf,no,no,no,no,no
occurrence-004,accept_leve.pcapng,0,main,-4,124,no,0x0001,no,no,no,no,no
occurrence-004,accept_leve.pcapng,0,main,-3,125,no,0x0001,no,no,no,no,no
occurrence-004,accept_leve.pcapng,0,main,-2,126,no,0x0167,no,no,no,no,no
occurrence-004,accept_leve.pcapng,0,main,-1,127,no,0x0130,no,no,no,no,no
occurrence-004,accept_leve.pcapng,0,main,1,129,no,0x0001,no,no,no,no,no
occurrence-004,accept_leve.pcapng,0,main,2,130,no,0x00cf,no,no,no,no,no
occurrence-004,accept_leve.pcapng,0,main,3,131,no,0x00cf,no,no,no,no,no
occurrence-004,accept_leve.pcapng,0,main,4,132,no,0x00cf,no,no,no,no,no
occurrence-004,accept_leve.pcapng,0,main,5,133,no,0x00cf,no,no,no,no,no
occurrence-005,accept_leve.pcapng,0,main,-5,166,no,0x00cf,no,no,no,no,no
occurrence-005,accept_leve.pcapng,0,main,-4,167,no,0x00cf,no,no,no,no,no
occurrence-005,accept_leve.pcapng,0,main,-3,168,no,0x00cf,no,no,no,no,no
occurrence-005,accept_leve.pcapng,0,main,-2,169,no,0x00cf,no,no,no,no,no
occurrence-005,accept_leve.pcapng,0,main,-1,170,no,0x00cf,no,no,no,no,no
occurrence-005,accept_leve.pcapng,0,main,1,172,no,0x0001,no,no,no,no,no
occurrence-005,accept_leve.pcapng,0,main,2,173,no,0x0001,no,no,no,no,no
occurrence-005,accept_leve.pcapng,0,main,3,174,no,0x00cf,no,no,no,no,no
occurrence-005,accept_leve.pcapng,0,main,4,175,no,0x00cf,no,no,no,no,no
occurrence-005,accept_leve.pcapng,0,main,5,176,no,0x00cf,no,no,no,no,no
occurrence-006,accept_leve.pcapng,0,main,-5,197,no,0x0161,no,no,no,no,no
occurrence-006,accept_leve.pcapng,0,main,-4,198,no,0x0131,no,no,no,no,no
occurrence-006,accept_leve.pcapng,0,main,-3,199,no,0x0001,no,no,no,no,no
occurrence-006,accept_leve.pcapng,0,main,-2,200,no,0x00d2,no,no,no,no,no
occurrence-006,accept_leve.pcapng,0,main,-1,201,no,0x00d3,no,no,no,no,no
occurrence-006,accept_leve.pcapng,0,main,1,203,no,0x0001,no,no,no,no,no
occurrence-006,accept_leve.pcapng,0,main,2,204,no,0x00cf,no,no,no,no,no
occurrence-006,accept_leve.pcapng,0,main,3,205,no,0x00cf,no,no,no,no,no
occurrence-006,accept_leve.pcapng,0,main,4,206,no,0x00cf,no,no,no,no,no
occurrence-006,accept_leve.pcapng,0,main,5,207,no,0x00cf,no,no,no,no,no
occurrence-007,accept_local_leve.pcapng,0,main,-5,11,no,0x0001,no,no,no,no,no
occurrence-007,accept_local_leve.pcapng,0,main,-4,12,no,0x00d3,no,no,no,no,no
occurrence-007,accept_local_leve.pcapng,0,main,-3,13,no,0x00d2,no,no,no,no,no
occurrence-007,accept_local_leve.pcapng,0,main,-2,14,no,0x0001,no,no,no,no,no
occurrence-007,accept_local_leve.pcapng,0,main,-1,15,no,0x0130,no,no,no,no,no
occurrence-007,accept_local_leve.pcapng,0,main,1,17,no,0x00cf,no,no,no,no,no
occurrence-007,accept_local_leve.pcapng,0,main,2,18,no,0x00cf,no,no,no,no,no
occurrence-007,accept_local_leve.pcapng,0,main,3,19,no,0x00cf,no,no,no,no,no
occurrence-007,accept_local_leve.pcapng,0,main,4,20,no,0x00cf,no,no,no,no,no
occurrence-007,accept_local_leve.pcapng,0,main,5,21,no,0x00cf,no,no,no,no,no
occurrence-008,accept_local_leve.pcapng,0,main,-5,50,no,0x00cf,no,no,no,no,no
occurrence-008,accept_local_leve.pcapng,0,main,-4,51,no,0x00cf,no,no,no,no,no
occurrence-008,accept_local_leve.pcapng,0,main,-3,52,no,0x00cf,no,no,no,no,no
occurrence-008,accept_local_leve.pcapng,0,main,-2,53,no,0x00cf,no,no,no,no,no
occurrence-008,accept_local_leve.pcapng,0,main,-1,54,no,0x0001,no,no,no,no,no
occurrence-008,accept_local_leve.pcapng,0,main,1,56,no,0x0001,no,no,no,no,no
occurrence-008,accept_local_leve.pcapng,0,main,2,57,no,0x0130,no,no,no,no,no
occurrence-008,accept_local_leve.pcapng,0,main,3,58,no,0x00cf,no,no,no,no,no
occurrence-008,accept_local_leve.pcapng,0,main,4,59,no,0x00cf,no,no,no,no,no
occurrence-008,accept_local_leve.pcapng,0,main,5,60,no,0x00cf,no,no,no,no,no
occurrence-009,accept_local_leve.pcapng,0,main,-5,77,no,0x00cf,no,no,no,no,no
occurrence-009,accept_local_leve.pcapng,0,main,-4,78,no,0x00cf,no,no,no,no,no
occurrence-009,accept_local_leve.pcapng,0,main,-3,79,no,0x00cf,no,no,no,no,no
occurrence-009,accept_local_leve.pcapng,0,main,-2,80,no,0x0001,no,no,no,no,no
occurrence-009,accept_local_leve.pcapng,0,main,-1,81,no,0x0001,no,no,no,no,no
occurrence-009,accept_local_leve.pcapng,0,main,1,83,no,0x00cf,no,no,no,no,no
occurrence-009,accept_local_leve.pcapng,0,main,2,84,no,0x00cf,no,no,no,no,no
occurrence-009,accept_local_leve.pcapng,0,main,3,85,no,0x00cf,no,no,no,no,no
occurrence-009,accept_local_leve.pcapng,0,main,4,86,no,0x00cf,no,no,no,no,no
occurrence-009,accept_local_leve.pcapng,0,main,5,87,no,0x00cf,no,no,no,no,no
occurrence-010,accept_local_leve.pcapng,0,main,-5,120,no,0x00cf,no,no,no,no,no
occurrence-010,accept_local_leve.pcapng,0,main,-4,121,no,0x00cf,no,no,no,no,no
occurrence-010,accept_local_leve.pcapng,0,main,-3,122,no,0x00cf,no,no,no,no,no
occurrence-010,accept_local_leve.pcapng,0,main,-2,123,no,0x00cf,no,no,no,no,no
occurrence-010,accept_local_leve.pcapng,0,main,-1,124,no,0x0001,no,no,no,no,no
occurrence-010,accept_local_leve.pcapng,0,main,1,126,no,0x0001,no,no,no,no,no
occurrence-010,accept_local_leve.pcapng,0,main,2,127,no,0x0130,no,no,no,no,no
occurrence-010,accept_local_leve.pcapng,0,main,3,128,no,0x00cf,no,no,no,no,no
occurrence-010,accept_local_leve.pcapng,0,main,4,129,no,0x00cf,no,no,no,no,no
occurrence-010,accept_local_leve.pcapng,0,main,5,130,no,0x00cf,no,no,no,no,no
occurrence-011,accept_local_leve.pcapng,0,main,-5,149,no,0x00cf,no,no,no,no,no
occurrence-011,accept_local_leve.pcapng,0,main,-4,150,no,0x00cf,no,no,no,no,no
occurrence-011,accept_local_leve.pcapng,0,main,-3,151,no,0x0001,no,no,no,no,no
occurrence-011,accept_local_leve.pcapng,0,main,-2,152,no,0x0001,no,no,no,no,no
occurrence-011,accept_local_leve.pcapng,0,main,-1,153,no,0x0130,no,no,no,no,no
occurrence-011,accept_local_leve.pcapng,0,main,1,155,no,0x0001,no,no,no,no,no
occurrence-011,accept_local_leve.pcapng,0,main,2,156,no,0x00cf,no,no,no,no,no
occurrence-011,accept_local_leve.pcapng,0,main,3,157,no,0x00cf,no,no,no,no,no
occurrence-011,accept_local_leve.pcapng,0,main,4,158,no,0x00cf,no,no,no,no,no
occurrence-011,accept_local_leve.pcapng,0,main,5,159,no,0x00cf,no,no,no,no,no
occurrence-012,accept_quest.pcapng,0,main,-5,5,yes,0x00cf,no,no,no,no,no
occurrence-012,accept_quest.pcapng,0,main,-4,6,yes,0x00cf,no,no,no,no,no
occurrence-012,accept_quest.pcapng,0,main,-3,7,yes,0x00cf,no,no,no,no,no
occurrence-012,accept_quest.pcapng,0,main,-2,8,yes,0x00cf,no,no,no,no,no
occurrence-012,accept_quest.pcapng,0,main,-1,9,yes,0x00cf,no,no,no,no,no
occurrence-012,accept_quest.pcapng,0,main,1,11,no,0x0001,no,no,no,no,no
occurrence-012,accept_quest.pcapng,0,main,2,12,no,0x0001,no,no,no,no,no
occurrence-012,accept_quest.pcapng,0,main,3,13,no,0x00d2,no,no,no,no,no
occurrence-012,accept_quest.pcapng,0,main,4,14,no,0x0130,no,no,no,no,no
occurrence-012,accept_quest.pcapng,0,main,5,15,no,0x0001,no,no,no,no,no
occurrence-013,accept_quest.pcapng,0,main,-5,34,no,0x00cf,no,no,no,no,no
occurrence-013,accept_quest.pcapng,0,main,-4,35,no,0x00cf,no,no,no,no,no
occurrence-013,accept_quest.pcapng,0,main,-3,36,no,0x00cf,no,no,no,no,no
occurrence-013,accept_quest.pcapng,0,main,-2,37,no,0x0001,no,no,no,no,no
occurrence-013,accept_quest.pcapng,0,main,-1,38,no,0x0130,no,no,no,no,no
occurrence-013,accept_quest.pcapng,0,main,1,40,no,0x0001,no,no,no,no,no
occurrence-013,accept_quest.pcapng,0,main,2,41,no,0x00cf,no,no,no,no,no
occurrence-013,accept_quest.pcapng,0,main,3,42,no,0x00cf,no,no,no,no,no
occurrence-013,accept_quest.pcapng,0,main,4,43,no,0x00cf,no,no,no,no,no
occurrence-013,accept_quest.pcapng,0,main,5,44,no,0x00cf,no,no,no,no,no
occurrence-014,accept_quest.pcapng,0,main,-5,61,no,0x00cf,no,no,no,no,no
occurrence-014,accept_quest.pcapng,0,main,-4,62,no,0x00cf,no,no,no,no,no
occurrence-014,accept_quest.pcapng,0,main,-3,63,no,0x0001,no,no,no,no,no
occurrence-014,accept_quest.pcapng,0,main,-2,64,no,0x0001,no,no,no,no,no
occurrence-014,accept_quest.pcapng,0,main,-1,65,no,0x0001,no,no,no,no,no
occurrence-014,accept_quest.pcapng,0,main,1,67,no,0x00cf,no,no,no,no,no
occurrence-014,accept_quest.pcapng,0,main,2,68,no,0x00cf,no,no,no,no,no
occurrence-014,accept_quest.pcapng,0,main,3,69,no,0x00cf,no,no,no,no,no
occurrence-014,accept_quest.pcapng,0,main,4,70,no,0x00cf,no,no,no,no,no
occurrence-014,accept_quest.pcapng,0,main,5,71,no,0x00cf,no,no,no,no,no
occurrence-015,accept_quest.pcapng,0,main,-5,104,no,0x00cf,no,no,no,no,no
occurrence-015,accept_quest.pcapng,0,main,-4,105,no,0x00cf,no,no,no,no,no
occurrence-015,accept_quest.pcapng,0,main,-3,106,no,0x00cf,no,no,no,no,no
occurrence-015,accept_quest.pcapng,0,main,-2,107,no,0x00cf,no,no,no,no,no
occurrence-015,accept_quest.pcapng,0,main,-1,108,no,0x0001,no,no,no,no,no
occurrence-015,accept_quest.pcapng,0,main,1,110,no,0x0001,no,no,no,no,no
occurrence-016,add_str.pcapng,0,main,-5,7,no,0x0001,no,no,no,no,no
occurrence-016,add_str.pcapng,0,main,-4,8,no,0x00cf,no,no,no,no,no
occurrence-016,add_str.pcapng,0,main,-3,9,no,0x00cf,no,no,no,no,no
occurrence-016,add_str.pcapng,0,main,-2,10,no,0x00cf,no,no,no,no,no
occurrence-016,add_str.pcapng,0,main,-1,11,no,0x0001,no,no,no,no,no
occurrence-016,add_str.pcapng,0,main,1,13,no,0x0001,no,no,no,no,no
occurrence-016,add_str.pcapng,0,main,2,14,no,0x00cf,no,no,no,no,no
occurrence-016,add_str.pcapng,0,main,3,15,no,0x00cf,no,no,no,no,no
occurrence-016,add_str.pcapng,0,main,4,16,no,0x00cf,no,no,no,no,no
occurrence-016,add_str.pcapng,0,main,5,17,no,0x0001,no,no,no,no,no
occurrence-017,add_str.pcapng,0,main,-5,22,no,0x0001,no,no,no,no,no
occurrence-017,add_str.pcapng,0,main,-4,23,no,0x0001,no,no,no,no,no
occurrence-017,add_str.pcapng,0,main,-3,24,no,0x00cf,no,no,no,no,no
occurrence-017,add_str.pcapng,0,main,-2,25,no,0x00cf,no,no,no,no,no
occurrence-017,add_str.pcapng,0,main,-1,26,no,0x00cf,no,no,no,no,no
occurrence-017,add_str.pcapng,0,main,1,28,no,0x0001,no,no,no,no,no
occurrence-017,add_str.pcapng,0,main,2,29,no,0x0137,no,no,no,no,no
occurrence-017,add_str.pcapng,0,main,3,30,no,0x0144,no,no,no,no,no
occurrence-017,add_str.pcapng,0,main,4,31,no,0x00d0,no,no,no,no,no
occurrence-017,add_str.pcapng,0,main,5,32,no,0x00d0,no,no,no,no,no
occurrence-018,battle_mode_passive_mode.pcapng,0,main,-5,25,no,0x00cf,no,no,no,no,no
occurrence-018,battle_mode_passive_mode.pcapng,0,main,-4,26,no,0x00cf,no,no,no,no,no
occurrence-018,battle_mode_passive_mode.pcapng,0,main,-3,27,no,0x00cf,no,no,no,no,no
occurrence-018,battle_mode_passive_mode.pcapng,0,main,-2,28,no,0x00cf,no,no,no,no,no
occurrence-018,battle_mode_passive_mode.pcapng,0,main,-1,29,no,0x00cf,no,no,no,no,no
occurrence-018,battle_mode_passive_mode.pcapng,0,main,1,31,no,0x0001,no,no,no,no,no
occurrence-018,battle_mode_passive_mode.pcapng,0,main,2,32,no,0x0134,no,no,no,no,no
occurrence-018,battle_mode_passive_mode.pcapng,0,main,3,33,no,0x0139,no,no,no,no,no
occurrence-018,battle_mode_passive_mode.pcapng,0,main,4,34,no,0x0131,no,no,no,no,no
occurrence-018,battle_mode_passive_mode.pcapng,0,main,5,35,no,0x00cf,no,no,no,no,no
occurrence-019,buy_square_maple_shield.pcapng,0,main,-5,11,no,0x00cf,no,no,no,no,no
occurrence-019,buy_square_maple_shield.pcapng,0,main,-4,12,no,0x0001,no,no,no,no,no
occurrence-019,buy_square_maple_shield.pcapng,0,main,-3,13,no,0x00d3,no,no,no,no,no
occurrence-019,buy_square_maple_shield.pcapng,0,main,-2,14,no,0x00d2,no,no,no,no,no
occurrence-019,buy_square_maple_shield.pcapng,0,main,-1,15,no,0x0130,no,no,no,no,no
occurrence-019,buy_square_maple_shield.pcapng,0,main,1,17,no,0x0001,no,no,no,no,no
occurrence-019,buy_square_maple_shield.pcapng,0,main,2,18,no,0x0001,no,no,no,no,no
occurrence-019,buy_square_maple_shield.pcapng,0,main,3,19,no,0x00cf,no,no,no,no,no
occurrence-019,buy_square_maple_shield.pcapng,0,main,4,20,no,0x00cf,no,no,no,no,no
occurrence-019,buy_square_maple_shield.pcapng,0,main,5,21,no,0x00cf,no,no,no,no,no
occurrence-020,buy_square_maple_shield.pcapng,0,main,-5,39,no,0x00cf,no,no,no,no,no
occurrence-020,buy_square_maple_shield.pcapng,0,main,-4,40,no,0x00cf,no,no,no,no,no
occurrence-020,buy_square_maple_shield.pcapng,0,main,-3,41,no,0x0001,no,no,no,no,no
occurrence-020,buy_square_maple_shield.pcapng,0,main,-2,42,no,0x0130,no,no,no,no,no
occurrence-020,buy_square_maple_shield.pcapng,0,main,-1,43,no,0x0001,no,no,no,no,no
occurrence-020,buy_square_maple_shield.pcapng,0,main,1,45,no,0x00cf,no,no,no,no,no
occurrence-020,buy_square_maple_shield.pcapng,0,main,2,46,no,0x00cf,no,no,no,no,no
occurrence-020,buy_square_maple_shield.pcapng,0,main,3,47,no,0x00cf,no,no,no,no,no
occurrence-020,buy_square_maple_shield.pcapng,0,main,4,48,no,0x00cf,no,no,no,no,no
occurrence-020,buy_square_maple_shield.pcapng,0,main,5,49,no,0x00cf,no,no,no,no,no
occurrence-021,buy_square_maple_shield.pcapng,0,main,-5,76,no,0x00cf,no,no,no,no,no
occurrence-021,buy_square_maple_shield.pcapng,0,main,-4,77,no,0x00cf,no,no,no,no,no
occurrence-021,buy_square_maple_shield.pcapng,0,main,-3,78,no,0x00cf,no,no,no,no,no
occurrence-021,buy_square_maple_shield.pcapng,0,main,-2,79,no,0x00cf,no,no,no,no,no
occurrence-021,buy_square_maple_shield.pcapng,0,main,-1,80,no,0x00cf,no,no,no,no,no
occurrence-021,buy_square_maple_shield.pcapng,0,main,1,82,no,0x0001,no,no,no,no,no
occurrence-021,buy_square_maple_shield.pcapng,0,main,2,83,no,0x0001,no,no,no,no,no
occurrence-021,buy_square_maple_shield.pcapng,0,main,3,84,no,0x00cf,no,no,no,no,no
occurrence-021,buy_square_maple_shield.pcapng,0,main,4,85,no,0x00cf,no,no,no,no,no
occurrence-021,buy_square_maple_shield.pcapng,0,main,5,86,no,0x00cf,no,no,no,no,no
occurrence-022,buy_square_maple_shield.pcapng,0,main,-5,102,no,0x00cf,no,no,no,no,no
occurrence-022,buy_square_maple_shield.pcapng,0,main,-4,103,no,0x00cf,no,no,no,no,no
occurrence-022,buy_square_maple_shield.pcapng,0,main,-3,104,no,0x00cf,no,no,no,no,no
occurrence-022,buy_square_maple_shield.pcapng,0,main,-2,105,no,0x00cf,no,no,no,no,no
occurrence-022,buy_square_maple_shield.pcapng,0,main,-1,106,no,0x0001,no,no,no,no,no
occurrence-022,buy_square_maple_shield.pcapng,0,main,1,108,no,0x0001,no,no,no,no,no
occurrence-022,buy_square_maple_shield.pcapng,0,main,2,109,no,0x00cf,no,no,no,no,no
occurrence-022,buy_square_maple_shield.pcapng,0,main,3,110,no,0x00cf,no,no,no,no,no
occurrence-022,buy_square_maple_shield.pcapng,0,main,4,111,no,0x00cf,no,no,no,no,no
occurrence-022,buy_square_maple_shield.pcapng,0,main,5,112,no,0x00cf,no,no,no,no,no
occurrence-023,buy_square_maple_shield.pcapng,0,main,-5,148,no,0x00cf,no,no,no,no,no
occurrence-023,buy_square_maple_shield.pcapng,0,main,-4,149,no,0x00cf,no,no,no,no,no
occurrence-023,buy_square_maple_shield.pcapng,0,main,-3,150,no,0x00cf,no,no,no,no,no
occurrence-023,buy_square_maple_shield.pcapng,0,main,-2,151,no,0x00cf,no,no,no,no,no
occurrence-023,buy_square_maple_shield.pcapng,0,main,-1,152,no,0x00cf,no,no,no,no,no
occurrence-023,buy_square_maple_shield.pcapng,0,main,1,154,no,0x0001,no,no,no,no,no
occurrence-023,buy_square_maple_shield.pcapng,0,main,2,155,no,0x0130,no,no,no,no,no
occurrence-023,buy_square_maple_shield.pcapng,0,main,3,156,no,0x0001,no,no,no,no,no
occurrence-023,buy_square_maple_shield.pcapng,0,main,4,157,no,0x0130,no,no,no,no,no
occurrence-023,buy_square_maple_shield.pcapng,0,main,5,158,no,0x00cf,no,no,no,no,no
occurrence-024,buy_square_maple_shield.pcapng,0,main,-5,180,no,0x00cf,no,no,no,no,no
occurrence-024,buy_square_maple_shield.pcapng,0,main,-4,181,no,0x00cf,no,no,no,no,no
occurrence-024,buy_square_maple_shield.pcapng,0,main,-3,182,no,0x0001,no,no,no,no,no
occurrence-024,buy_square_maple_shield.pcapng,0,main,-2,183,no,0x00d2,no,no,no,no,no
occurrence-024,buy_square_maple_shield.pcapng,0,main,-1,184,no,0x00d3,no,no,no,no,no
occurrence-024,buy_square_maple_shield.pcapng,0,main,1,186,no,0x0001,no,no,no,no,no
occurrence-025,change_to_botanist.pcapng,0,main,-2,0,no,0x0001,no,no,no,no,no
occurrence-025,change_to_botanist.pcapng,0,main,-1,1,no,0x0001,no,no,no,no,no
occurrence-025,change_to_botanist.pcapng,0,main,1,3,no,0x00cf,no,no,no,no,no
occurrence-025,change_to_botanist.pcapng,0,main,2,4,no,0x00cf,no,no,no,no,no
occurrence-025,change_to_botanist.pcapng,0,main,3,5,no,0x00cf,no,no,no,no,no
occurrence-025,change_to_botanist.pcapng,0,main,4,6,no,0x00cf,no,no,no,no,no
occurrence-025,change_to_botanist.pcapng,0,main,5,7,no,0x00cf,no,no,no,no,no
occurrence-026,change_to_botanist.pcapng,0,main,-5,37,no,0x00cf,no,no,no,no,no
occurrence-026,change_to_botanist.pcapng,0,main,-4,38,no,0x00cf,no,no,no,no,no
occurrence-026,change_to_botanist.pcapng,0,main,-3,39,no,0x00cf,no,no,no,no,no
occurrence-026,change_to_botanist.pcapng,0,main,-2,40,no,0x0001,no,no,no,no,no
occurrence-026,change_to_botanist.pcapng,0,main,-1,41,no,0x0137,no,no,no,no,no
occurrence-026,change_to_botanist.pcapng,0,main,1,43,no,0x0001,no,no,no,no,no
occurrence-026,change_to_botanist.pcapng,0,main,2,44,no,0x00cf,no,no,no,no,no
occurrence-026,change_to_botanist.pcapng,0,main,3,45,no,0x00cf,no,no,no,no,no
occurrence-026,change_to_botanist.pcapng,0,main,4,46,no,0x00cf,no,no,no,no,no
occurrence-026,change_to_botanist.pcapng,0,main,5,47,no,0x00cf,no,no,no,no,no
occurrence-027,change_to_botanist.pcapng,0,main,-5,84,no,0x0139,no,no,no,no,no
occurrence-027,change_to_botanist.pcapng,0,main,-4,85,no,0x0137,no,no,no,no,no
occurrence-027,change_to_botanist.pcapng,0,main,-3,86,no,0x0137,no,no,no,no,no
occurrence-027,change_to_botanist.pcapng,0,main,-2,87,no,0x0137,no,no,no,no,no
occurrence-027,change_to_botanist.pcapng,0,main,-1,88,no,0x0137,no,no,no,no,no
occurrence-027,change_to_botanist.pcapng,0,main,1,90,no,0x00cf,no,no,no,no,no
occurrence-027,change_to_botanist.pcapng,0,main,2,91,no,0x00cf,no,no,no,no,no
occurrence-027,change_to_botanist.pcapng,0,main,3,92,no,0x00cf,no,no,no,no,no
occurrence-027,change_to_botanist.pcapng,0,main,4,93,no,0x00cf,no,no,no,no,no
occurrence-027,change_to_botanist.pcapng,0,main,5,94,no,0x00cf,no,no,no,no,no
occurrence-028,change_to_botanist.pcapng,0,main,-5,120,no,0x00cf,no,no,no,no,no
occurrence-028,change_to_botanist.pcapng,0,main,-4,121,no,0x00cf,no,no,no,no,no
occurrence-028,change_to_botanist.pcapng,0,main,-3,122,no,0x00cf,no,no,no,no,no
occurrence-028,change_to_botanist.pcapng,0,main,-2,123,no,0x00cf,no,no,no,no,no
occurrence-028,change_to_botanist.pcapng,0,main,-1,124,no,0x0001,no,no,no,no,no
occurrence-028,change_to_botanist.pcapng,0,main,1,126,no,0x016d,no,no,no,no,no
occurrence-028,change_to_botanist.pcapng,0,main,2,127,no,0x0146,no,no,no,no,no
occurrence-028,change_to_botanist.pcapng,0,main,3,128,no,0x0148,no,no,no,no,no
occurrence-028,change_to_botanist.pcapng,0,main,4,129,no,0x0146,no,no,no,no,no
occurrence-028,change_to_botanist.pcapng,0,main,5,130,no,0x014d,no,no,no,no,no
occurrence-029,change_to_botanist.pcapng,0,main,-5,164,no,0x00cf,no,no,no,no,no
occurrence-029,change_to_botanist.pcapng,0,main,-4,165,no,0x00cf,no,no,no,no,no
occurrence-029,change_to_botanist.pcapng,0,main,-3,166,no,0x00cf,no,no,no,no,no
occurrence-029,change_to_botanist.pcapng,0,main,-2,167,no,0x00cf,no,no,no,no,no
occurrence-029,change_to_botanist.pcapng,0,main,-1,168,no,0x0001,no,no,no,no,no
occurrence-029,change_to_botanist.pcapng,0,main,1,170,no,0x0001,no,no,no,no,no
occurrence-029,change_to_botanist.pcapng,0,main,2,171,no,0x00cf,no,no,no,no,no
occurrence-029,change_to_botanist.pcapng,0,main,3,172,no,0x00cf,no,no,no,no,no
occurrence-029,change_to_botanist.pcapng,0,main,4,173,no,0x00cf,no,no,no,no,no
occurrence-029,change_to_botanist.pcapng,0,main,5,174,no,0x00cf,no,no,no,no,no
occurrence-030,chat_say.pcapng,0,main,-2,0,no,0x0001,no,no,no,no,no
occurrence-030,chat_say.pcapng,0,main,-1,1,no,0x0001,no,no,no,no,no
occurrence-030,chat_say.pcapng,0,main,1,3,no,0x00cf,no,no,no,no,no
occurrence-030,chat_say.pcapng,0,main,2,4,no,0x00cf,no,no,no,no,no
occurrence-030,chat_say.pcapng,0,main,3,5,no,0x00cf,no,no,no,no,no
occurrence-030,chat_say.pcapng,0,main,4,6,no,0x0001,no,no,no,no,no
occurrence-030,chat_say.pcapng,0,main,5,7,no,0x0001,no,no,no,no,no
occurrence-031,chat_shout.pcapng,0,main,-5,10,no,0x0001,no,no,no,no,no
occurrence-031,chat_shout.pcapng,0,main,-4,11,no,0x00cf,no,no,no,no,no
occurrence-031,chat_shout.pcapng,0,main,-3,12,no,0x00cf,no,no,no,no,no
occurrence-031,chat_shout.pcapng,0,main,-2,13,no,0x00cf,no,no,no,no,no
occurrence-031,chat_shout.pcapng,0,main,-1,14,no,0x0001,no,no,no,no,no
occurrence-032,coerthas_map.pcapng,0,main,-5,3,no,0x0001,no,no,no,no,no
occurrence-032,coerthas_map.pcapng,0,main,-4,4,no,0x0001,no,no,no,no,no
occurrence-032,coerthas_map.pcapng,0,main,-3,5,no,0x00cf,no,no,no,no,no
occurrence-032,coerthas_map.pcapng,0,main,-2,6,no,0x00cf,no,no,no,no,no
occurrence-032,coerthas_map.pcapng,0,main,-1,7,no,0x00cf,no,no,no,no,no
occurrence-032,coerthas_map.pcapng,0,main,1,9,no,0x0001,no,no,no,no,no
occurrence-032,coerthas_map.pcapng,0,main,2,10,no,0x0001,no,no,no,no,no
occurrence-032,coerthas_map.pcapng,0,main,3,11,no,0x00cf,no,no,no,no,no
occurrence-032,coerthas_map.pcapng,0,main,4,12,no,0x00cf,no,no,no,no,no
occurrence-032,coerthas_map.pcapng,0,main,5,13,no,0x00cf,no,no,no,no,no
occurrence-033,coerthas_map.pcapng,0,main,-5,16,no,0x00cf,no,no,no,no,no
occurrence-033,coerthas_map.pcapng,0,main,-4,17,no,0x00cf,no,no,no,no,no
occurrence-033,coerthas_map.pcapng,0,main,-3,18,no,0x00cf,no,no,no,no,no
occurrence-033,coerthas_map.pcapng,0,main,-2,19,no,0x0001,no,no,no,no,no
occurrence-033,coerthas_map.pcapng,0,main,-1,20,no,0x0001,no,no,no,no,no
occurrence-033,coerthas_map.pcapng,0,main,1,22,no,0x00cf,no,no,no,no,no
occurrence-033,coerthas_map.pcapng,0,main,2,23,no,0x00cf,no,no,no,no,no
occurrence-033,coerthas_map.pcapng,0,main,3,24,no,0x00cf,no,no,no,no,no
occurrence-033,coerthas_map.pcapng,0,main,4,25,no,0x0001,no,no,no,no,no
occurrence-033,coerthas_map.pcapng,0,main,5,26,no,0x0001,no,no,no,no,no
occurrence-034,combat_autoattack.pcapng,0,main,-5,35,yes,0x00cf,no,no,no,no,no
occurrence-034,combat_autoattack.pcapng,0,main,-4,36,yes,0x00cf,no,no,no,no,no
occurrence-034,combat_autoattack.pcapng,0,main,-3,37,yes,0x00cf,no,no,no,no,no
occurrence-034,combat_autoattack.pcapng,0,main,-2,38,yes,0x00cf,no,no,no,no,no
occurrence-034,combat_autoattack.pcapng,0,main,-1,39,yes,0x00cf,no,no,no,no,no
occurrence-034,combat_autoattack.pcapng,0,main,1,41,no,0x00cf,no,no,no,no,no
occurrence-034,combat_autoattack.pcapng,0,main,2,42,no,0x0001,no,no,no,no,no
occurrence-034,combat_autoattack.pcapng,0,main,3,43,no,0x00d3,no,no,no,no,no
occurrence-034,combat_autoattack.pcapng,0,main,4,44,no,0x00d2,no,no,no,no,no
occurrence-034,combat_autoattack.pcapng,0,main,5,45,no,0x0001,no,no,no,no,no
occurrence-035,combat_autoattack.pcapng,0,main,-5,83,no,0x00cf,no,no,no,no,no
occurrence-035,combat_autoattack.pcapng,0,main,-4,84,no,0x0137,no,no,no,no,no
occurrence-035,combat_autoattack.pcapng,0,main,-3,85,no,0x00cf,no,no,no,no,no
occurrence-035,combat_autoattack.pcapng,0,main,-2,86,no,0x0139,no,no,no,no,no
occurrence-035,combat_autoattack.pcapng,0,main,-1,87,no,0x0137,no,no,no,no,no
occurrence-035,combat_autoattack.pcapng,0,main,1,89,no,0x0001,no,no,no,no,no
occurrence-035,combat_autoattack.pcapng,0,main,2,90,no,0x0137,no,no,no,no,no
occurrence-035,combat_autoattack.pcapng,0,main,3,91,no,0x0001,no,no,no,no,no
occurrence-035,combat_autoattack.pcapng,0,main,4,92,no,0x00cf,no,no,no,no,no
occurrence-035,combat_autoattack.pcapng,0,main,5,93,no,0x00cf,no,no,no,no,no
occurrence-036,combat_autoattack.pcapng,0,main,-5,136,no,0x017b,no,no,no,no,no
occurrence-036,combat_autoattack.pcapng,0,main,-4,137,no,0x00cc,no,yes,no,no,no
occurrence-036,combat_autoattack.pcapng,0,main,-3,138,no,0x0137,no,no,no,no,no
occurrence-036,combat_autoattack.pcapng,0,main,-2,139,no,0x0137,no,no,no,no,no
occurrence-036,combat_autoattack.pcapng,0,main,-1,140,no,0x0137,no,no,no,no,no
occurrence-036,combat_autoattack.pcapng,0,main,1,142,no,0x0001,no,no,no,no,no
occurrence-036,combat_autoattack.pcapng,0,main,2,143,no,0x017a,no,no,yes,no,no
occurrence-036,combat_autoattack.pcapng,0,main,3,144,no,0x00cf,no,no,no,no,no
occurrence-036,combat_autoattack.pcapng,0,main,4,145,no,0x00cf,no,no,no,no,no
occurrence-036,combat_autoattack.pcapng,0,main,5,146,no,0x00cf,no,no,no,no,no
occurrence-037,combat_autoattack.pcapng,0,main,-5,180,no,0x00cf,no,no,no,no,no
occurrence-037,combat_autoattack.pcapng,0,main,-4,181,no,0x00cf,no,no,no,no,no
occurrence-037,combat_autoattack.pcapng,0,main,-3,182,no,0x0139,no,no,no,no,no
occurrence-037,combat_autoattack.pcapng,0,main,-2,183,no,0x0137,no,no,no,no,no
occurrence-037,combat_autoattack.pcapng,0,main,-1,184,no,0x0137,no,no,no,no,no
occurrence-037,combat_autoattack.pcapng,0,main,1,186,no,0x0001,no,no,no,no,no
occurrence-037,combat_autoattack.pcapng,0,main,2,187,no,0x0139,no,no,no,no,no
occurrence-037,combat_autoattack.pcapng,0,main,3,188,no,0x00cf,no,no,no,no,no
occurrence-037,combat_autoattack.pcapng,0,main,4,189,no,0x0001,no,no,no,no,no
occurrence-037,combat_autoattack.pcapng,0,main,5,190,no,0x0137,no,no,no,no,no
occurrence-038,combat_autoattack.pcapng,0,main,-5,213,no,0x00cf,no,no,no,no,no
occurrence-038,combat_autoattack.pcapng,0,main,-4,214,no,0x00cf,no,no,no,no,no
occurrence-038,combat_autoattack.pcapng,0,main,-3,215,no,0x0001,no,no,no,no,no
occurrence-038,combat_autoattack.pcapng,0,main,-2,216,no,0x0001,no,no,no,no,no
occurrence-038,combat_autoattack.pcapng,0,main,-1,217,no,0x0157,no,no,no,no,no
occurrence-038,combat_autoattack.pcapng,0,main,1,219,no,0x00cf,no,no,no,no,no
occurrence-038,combat_autoattack.pcapng,0,main,2,220,no,0x00cf,no,no,no,no,no
occurrence-038,combat_autoattack.pcapng,0,main,3,221,no,0x00cf,no,no,no,no,no
occurrence-038,combat_autoattack.pcapng,0,main,4,222,no,0x00cf,no,no,no,no,no
occurrence-038,combat_autoattack.pcapng,0,main,5,223,no,0x00cf,no,no,no,no,no
occurrence-039,combat_autoattack.pcapng,0,main,-5,465,no,0x0190,no,no,no,no,no
occurrence-039,combat_autoattack.pcapng,0,main,-4,466,no,0x0190,no,no,no,no,no
occurrence-039,combat_autoattack.pcapng,0,main,-3,467,no,0x0190,no,no,no,no,no
occurrence-039,combat_autoattack.pcapng,0,main,-2,468,no,0x0190,no,no,no,no,no
occurrence-039,combat_autoattack.pcapng,0,main,-1,469,no,0x0191,no,no,no,no,no
occurrence-039,combat_autoattack.pcapng,0,main,1,471,yes,0x0137,no,no,no,no,no
occurrence-039,combat_autoattack.pcapng,0,main,2,472,no,0x00cf,no,no,no,no,no
occurrence-039,combat_autoattack.pcapng,0,main,3,473,no,0x0144,no,no,no,no,no
occurrence-039,combat_autoattack.pcapng,0,main,4,474,no,0x0139,no,no,no,no,no
occurrence-039,combat_autoattack.pcapng,0,main,5,475,no,0x0001,no,no,no,no,no
occurrence-040,combat_autoattack.pcapng,0,main,-5,538,no,0x0137,no,no,no,no,no
occurrence-040,combat_autoattack.pcapng,0,main,-4,539,no,0x0137,no,no,no,no,no
occurrence-040,combat_autoattack.pcapng,0,main,-3,540,no,0x0137,no,no,no,no,no
occurrence-040,combat_autoattack.pcapng,0,main,-2,541,no,0x0001,no,no,no,no,no
occurrence-040,combat_autoattack.pcapng,0,main,-1,542,no,0x00cf,no,no,no,no,no
occurrence-040,combat_autoattack.pcapng,0,main,1,544,no,0x00ca,no,yes,no,no,no
occurrence-040,combat_autoattack.pcapng,0,main,2,545,no,0x016b,no,no,no,no,no
occurrence-040,combat_autoattack.pcapng,0,main,3,546,no,0x00d0,no,no,no,no,no
occurrence-040,combat_autoattack.pcapng,0,main,4,547,no,0x00ce,no,no,no,no,no
occurrence-040,combat_autoattack.pcapng,0,main,5,548,no,0x00cf,no,no,no,no,no
occurrence-041,combat_autoattack.pcapng,0,main,-5,867,no,0x00cf,no,no,no,no,no
occurrence-041,combat_autoattack.pcapng,0,main,-4,868,no,0x00cf,no,no,no,no,no
occurrence-041,combat_autoattack.pcapng,0,main,-3,869,no,0x00cf,no,no,no,no,no
occurrence-041,combat_autoattack.pcapng,0,main,-2,870,no,0x00cf,no,no,no,no,no
occurrence-041,combat_autoattack.pcapng,0,main,-1,871,no,0x0001,no,no,no,no,no
occurrence-041,combat_autoattack.pcapng,0,main,1,873,no,0x00cf,no,no,no,no,no
occurrence-041,combat_autoattack.pcapng,0,main,2,874,no,0x0001,no,no,no,no,no
occurrence-041,combat_autoattack.pcapng,0,main,3,875,no,0x00cf,no,no,no,no,no
occurrence-041,combat_autoattack.pcapng,0,main,4,876,no,0x00cf,no,no,no,no,no
occurrence-041,combat_autoattack.pcapng,0,main,5,877,no,0x00cf,no,no,no,no,no
occurrence-042,combat_skills.pcapng,0,main,-5,7,yes,0x00cf,no,no,no,no,no
occurrence-042,combat_skills.pcapng,0,main,-4,8,yes,0x00cf,no,no,no,no,no
occurrence-042,combat_skills.pcapng,0,main,-3,9,yes,0x00cf,no,no,no,no,no
occurrence-042,combat_skills.pcapng,0,main,-2,10,yes,0x00cf,no,no,no,no,no
occurrence-042,combat_skills.pcapng,0,main,-1,11,yes,0x00cf,no,no,no,no,no
occurrence-042,combat_skills.pcapng,0,main,1,13,no,0x0001,no,no,no,no,no
occurrence-042,combat_skills.pcapng,0,main,2,14,no,0x00cf,no,no,no,no,no
occurrence-042,combat_skills.pcapng,0,main,3,15,no,0x0001,no,no,no,no,no
occurrence-042,combat_skills.pcapng,0,main,4,16,no,0x0134,no,no,no,no,no
occurrence-042,combat_skills.pcapng,0,main,5,17,no,0x0139,no,no,no,no,no
occurrence-043,combat_skills.pcapng,0,main,-5,42,no,0x00cf,no,no,no,no,no
occurrence-043,combat_skills.pcapng,0,main,-4,43,no,0x00cf,no,no,no,no,no
occurrence-043,combat_skills.pcapng,0,main,-3,44,no,0x00cf,no,no,no,no,no
occurrence-043,combat_skills.pcapng,0,main,-2,45,no,0x00cf,no,no,no,no,no
occurrence-043,combat_skills.pcapng,0,main,-1,46,no,0x0001,no,no,no,no,no
occurrence-043,combat_skills.pcapng,0,main,1,48,no,0x0001,no,no,no,no,no
occurrence-043,combat_skills.pcapng,0,main,2,49,no,0x0137,no,no,no,no,no
occurrence-043,combat_skills.pcapng,0,main,3,50,no,0x0177,no,no,no,no,no
occurrence-043,combat_skills.pcapng,0,main,4,51,no,0x0137,no,no,no,no,no
occurrence-043,combat_skills.pcapng,0,main,5,52,no,0x0137,no,no,no,no,no
occurrence-044,combat_skills.pcapng,0,main,-5,98,no,0x0195,no,no,no,no,no
occurrence-044,combat_skills.pcapng,0,main,-4,99,no,0x0195,no,no,no,no,no
occurrence-044,combat_skills.pcapng,0,main,-3,100,no,0x0001,no,no,no,no,no
occurrence-044,combat_skills.pcapng,0,main,-2,101,no,0x0137,no,no,no,no,no
occurrence-044,combat_skills.pcapng,0,main,-1,102,no,0x00cf,no,no,no,no,no
occurrence-044,combat_skills.pcapng,0,main,1,104,no,0x00cf,no,no,no,no,no
occurrence-044,combat_skills.pcapng,0,main,2,105,no,0x00cf,no,no,no,no,no
occurrence-044,combat_skills.pcapng,0,main,3,106,no,0x00cf,no,no,no,no,no
occurrence-044,combat_skills.pcapng,0,main,4,107,no,0x00cf,no,no,no,no,no
occurrence-044,combat_skills.pcapng,0,main,5,108,no,0x00cf,no,no,no,no,no
occurrence-045,combat_skills.pcapng,0,main,-5,153,no,0x00cf,no,no,no,no,no
occurrence-045,combat_skills.pcapng,0,main,-4,154,no,0x0001,no,no,no,no,no
occurrence-045,combat_skills.pcapng,0,main,-3,155,no,0x0137,no,no,no,no,no
occurrence-045,combat_skills.pcapng,0,main,-2,156,no,0x00cf,no,no,no,no,no
occurrence-045,combat_skills.pcapng,0,main,-1,157,no,0x0139,no,no,no,no,no
occurrence-045,combat_skills.pcapng,0,main,1,159,no,0x0137,no,no,no,no,no
occurrence-045,combat_skills.pcapng,0,main,2,160,no,0x0001,no,no,no,no,no
occurrence-045,combat_skills.pcapng,0,main,3,161,no,0x0177,no,no,no,no,no
occurrence-045,combat_skills.pcapng,0,main,4,162,no,0x0137,no,no,no,no,no
occurrence-045,combat_skills.pcapng,0,main,5,163,no,0x0137,no,no,no,no,no
occurrence-046,combat_skills.pcapng,0,main,-5,240,no,0x015a,no,no,no,no,no
occurrence-046,combat_skills.pcapng,0,main,-4,241,no,0x015a,no,no,no,no,no
occurrence-046,combat_skills.pcapng,0,main,-3,242,no,0x015a,no,no,no,no,no
occurrence-046,combat_skills.pcapng,0,main,-2,243,no,0x00cf,no,no,no,no,no
occurrence-046,combat_skills.pcapng,0,main,-1,244,no,0x0137,no,no,no,no,no
occurrence-046,combat_skills.pcapng,0,main,1,246,no,0x00cf,no,no,no,no,no
occurrence-046,combat_skills.pcapng,0,main,2,247,no,0x00cf,no,no,no,no,no
occurrence-046,combat_skills.pcapng,0,main,3,248,no,0x00cf,no,no,no,no,no
occurrence-046,combat_skills.pcapng,0,main,4,249,no,0x00cf,no,no,no,no,no
occurrence-046,combat_skills.pcapng,0,main,5,250,no,0x00cf,no,no,no,no,no
occurrence-047,combat_skills.pcapng,0,main,-5,484,no,0x00cf,no,no,no,no,no
occurrence-047,combat_skills.pcapng,0,main,-4,485,no,0x00cf,no,no,no,no,no
occurrence-047,combat_skills.pcapng,0,main,-3,486,no,0x00cf,no,no,no,no,no
occurrence-047,combat_skills.pcapng,0,main,-2,487,no,0x00cf,no,no,no,no,no
occurrence-047,combat_skills.pcapng,0,main,-1,488,no,0x0001,no,no,no,no,no
occurrence-047,combat_skills.pcapng,0,main,1,490,no,0x0001,no,no,no,no,no
occurrence-047,combat_skills.pcapng,0,main,2,491,no,0x00cf,no,no,no,no,no
occurrence-047,combat_skills.pcapng,0,main,3,492,no,0x00cf,no,no,no,no,no
occurrence-047,combat_skills.pcapng,0,main,4,493,no,0x00cf,no,no,no,no,no
occurrence-047,combat_skills.pcapng,0,main,5,494,no,0x00cf,no,no,no,no,no
occurrence-048,combat_skills.pcapng,0,main,-5,517,no,0x00cf,no,no,no,no,no
occurrence-048,combat_skills.pcapng,0,main,-4,518,no,0x00cf,no,no,no,no,no
occurrence-048,combat_skills.pcapng,0,main,-3,519,no,0x00cf,no,no,no,no,no
occurrence-048,combat_skills.pcapng,0,main,-2,520,no,0x0001,no,no,no,no,no
occurrence-048,combat_skills.pcapng,0,main,-1,521,no,0x0137,no,no,no,no,no
occurrence-048,combat_skills.pcapng,0,main,1,523,no,0x00cf,no,no,no,no,no
occurrence-048,combat_skills.pcapng,0,main,2,524,no,0x00cf,no,no,no,no,no
occurrence-048,combat_skills.pcapng,0,main,3,525,no,0x00cf,no,no,no,no,no
occurrence-048,combat_skills.pcapng,0,main,4,526,no,0x00cf,no,no,no,no,no
occurrence-048,combat_skills.pcapng,0,main,5,527,no,0x00cf,no,no,no,no,no
occurrence-049,from_gridania_to_blackshroud.pcapng,0,main,1,1,no,0x0001,no,no,no,no,no
occurrence-049,from_gridania_to_blackshroud.pcapng,0,main,2,2,no,0x00cf,no,no,no,no,no
occurrence-049,from_gridania_to_blackshroud.pcapng,0,main,3,3,no,0x00cf,no,no,no,no,no
occurrence-049,from_gridania_to_blackshroud.pcapng,0,main,4,4,no,0x00cf,no,no,no,no,no
occurrence-049,from_gridania_to_blackshroud.pcapng,0,main,5,5,no,0x00cf,no,no,no,no,no
occurrence-050,from_gridania_to_blackshroud.pcapng,0,main,-5,83,yes,0x00cf,no,no,no,no,no
occurrence-050,from_gridania_to_blackshroud.pcapng,0,main,-4,84,yes,0x00cf,no,no,no,no,no
occurrence-050,from_gridania_to_blackshroud.pcapng,0,main,-3,85,yes,0x00cf,no,no,no,no,no
occurrence-050,from_gridania_to_blackshroud.pcapng,0,main,-2,86,yes,0x00cf,no,no,no,no,no
occurrence-050,from_gridania_to_blackshroud.pcapng,0,main,-1,87,yes,0x00cf,no,no,no,no,no
occurrence-050,from_gridania_to_blackshroud.pcapng,0,main,1,89,no,0x018b,no,no,yes,yes,no
occurrence-050,from_gridania_to_blackshroud.pcapng,0,main,2,90,no,0x0001,no,no,no,no,no
occurrence-050,from_gridania_to_blackshroud.pcapng,0,main,3,91,no,0x00cb,no,yes,no,no,no
occurrence-050,from_gridania_to_blackshroud.pcapng,0,main,4,92,no,0x00ca,no,yes,no,no,no
occurrence-050,from_gridania_to_blackshroud.pcapng,0,main,5,93,no,0x016b,no,no,no,no,no
occurrence-051,from_gridania_to_blackshroud.pcapng,0,main,-5,157,yes,0x0179,no,no,no,no,no
occurrence-051,from_gridania_to_blackshroud.pcapng,0,main,-4,158,yes,0x0145,no,no,no,no,no
occurrence-051,from_gridania_to_blackshroud.pcapng,0,main,-3,159,yes,0x017b,no,no,no,no,no
occurrence-051,from_gridania_to_blackshroud.pcapng,0,main,-2,160,yes,0x00cc,no,yes,no,no,no
occurrence-051,from_gridania_to_blackshroud.pcapng,0,main,-1,161,yes,0x0137,no,no,no,no,no
occurrence-051,from_gridania_to_blackshroud.pcapng,0,main,1,163,no,0x0136,no,no,no,no,no
occurrence-051,from_gridania_to_blackshroud.pcapng,0,main,2,164,no,0x018b,no,no,yes,yes,no
occurrence-051,from_gridania_to_blackshroud.pcapng,0,main,3,165,no,0x0001,no,no,no,no,no
occurrence-051,from_gridania_to_blackshroud.pcapng,0,main,4,166,no,0x00cb,no,yes,no,no,no
occurrence-051,from_gridania_to_blackshroud.pcapng,0,main,5,167,no,0x00cb,no,yes,no,no,no
occurrence-052,from_gridania_to_blackshroud.pcapng,0,main,-5,241,no,0x00cf,no,no,no,no,no
occurrence-052,from_gridania_to_blackshroud.pcapng,0,main,-4,242,no,0x00cf,no,no,no,no,no
occurrence-052,from_gridania_to_blackshroud.pcapng,0,main,-3,243,no,0x0001,no,no,no,no,no
occurrence-052,from_gridania_to_blackshroud.pcapng,0,main,-2,244,no,0x00cb,no,yes,no,no,no
occurrence-052,from_gridania_to_blackshroud.pcapng,0,main,-1,245,no,0x0001,no,no,no,no,no
occurrence-052,from_gridania_to_blackshroud.pcapng,0,main,1,247,no,0x00cf,no,no,no,no,no
occurrence-052,from_gridania_to_blackshroud.pcapng,0,main,2,248,no,0x00cf,no,no,no,no,no
occurrence-052,from_gridania_to_blackshroud.pcapng,0,main,3,249,no,0x00cf,no,no,no,no,no
occurrence-052,from_gridania_to_blackshroud.pcapng,0,main,4,250,no,0x00cf,no,no,no,no,no
occurrence-052,from_gridania_to_blackshroud.pcapng,0,main,5,251,no,0x00cf,no,no,no,no,no
occurrence-053,from_gridania_to_blackshroud.pcapng,0,main,-5,464,no,0x00cb,no,yes,no,no,no
occurrence-053,from_gridania_to_blackshroud.pcapng,0,main,-4,465,no,0x00cb,no,yes,no,no,no
occurrence-053,from_gridania_to_blackshroud.pcapng,0,main,-3,466,no,0x00cb,no,yes,no,no,no
occurrence-053,from_gridania_to_blackshroud.pcapng,0,main,-2,467,no,0x00cb,no,yes,no,no,no
occurrence-053,from_gridania_to_blackshroud.pcapng,0,main,-1,468,no,0x00cb,no,yes,no,no,no
occurrence-053,from_gridania_to_blackshroud.pcapng,0,main,1,470,no,0x0001,no,no,no,no,no
occurrence-053,from_gridania_to_blackshroud.pcapng,0,main,2,471,no,0x00cb,no,yes,no,no,no
occurrence-053,from_gridania_to_blackshroud.pcapng,0,main,3,472,no,0x00cb,no,yes,no,no,no
occurrence-053,from_gridania_to_blackshroud.pcapng,0,main,4,473,no,0x00cb,no,yes,no,no,no
occurrence-053,from_gridania_to_blackshroud.pcapng,0,main,5,474,no,0x00cb,no,yes,no,no,no
occurrence-054,from_gridania_to_blackshroud.pcapng,0,main,-5,507,no,0x00cf,no,no,no,no,no
occurrence-054,from_gridania_to_blackshroud.pcapng,0,main,-4,508,no,0x0001,no,no,no,no,no
occurrence-054,from_gridania_to_blackshroud.pcapng,0,main,-3,509,no,0x0001,no,no,no,no,no
occurrence-054,from_gridania_to_blackshroud.pcapng,0,main,-2,510,no,0x00cb,no,yes,no,no,no
occurrence-054,from_gridania_to_blackshroud.pcapng,0,main,-1,511,no,0x00cb,no,yes,no,no,no
occurrence-054,from_gridania_to_blackshroud.pcapng,0,main,1,513,no,0x0001,no,no,no,no,no
occurrence-054,from_gridania_to_blackshroud.pcapng,0,main,2,514,no,0x00cf,no,no,no,no,no
occurrence-054,from_gridania_to_blackshroud.pcapng,0,main,3,515,no,0x00cf,no,no,no,no,no
occurrence-054,from_gridania_to_blackshroud.pcapng,0,main,4,516,no,0x00cf,no,no,no,no,no
occurrence-054,from_gridania_to_blackshroud.pcapng,0,main,5,517,no,0x00cf,no,no,no,no,no
occurrence-055,from_gridania_to_blackshroud.pcapng,0,main,-5,531,no,0x00cf,no,no,no,no,no
occurrence-055,from_gridania_to_blackshroud.pcapng,0,main,-4,532,no,0x00cf,no,no,no,no,no
occurrence-055,from_gridania_to_blackshroud.pcapng,0,main,-3,533,no,0x00cf,no,no,no,no,no
occurrence-055,from_gridania_to_blackshroud.pcapng,0,main,-2,534,no,0x00cf,no,no,no,no,no
occurrence-055,from_gridania_to_blackshroud.pcapng,0,main,-1,535,no,0x0001,no,no,no,no,no
occurrence-055,from_gridania_to_blackshroud.pcapng,0,main,1,537,no,0x0001,no,no,no,no,no
occurrence-055,from_gridania_to_blackshroud.pcapng,0,main,2,538,no,0x0001,no,no,no,no,no
occurrence-055,from_gridania_to_blackshroud.pcapng,0,main,3,539,no,0x00cf,no,no,no,no,no
occurrence-055,from_gridania_to_blackshroud.pcapng,0,main,4,540,no,0x00cf,no,no,no,no,no
occurrence-055,from_gridania_to_blackshroud.pcapng,0,main,5,541,no,0x00cf,no,no,no,no,no
occurrence-056,from_gridania_to_blackshroud.pcapng,0,main,-5,548,no,0x00cf,no,no,no,no,no
occurrence-056,from_gridania_to_blackshroud.pcapng,0,main,-4,549,no,0x00cf,no,no,no,no,no
occurrence-056,from_gridania_to_blackshroud.pcapng,0,main,-3,550,no,0x0001,no,no,no,no,no
occurrence-056,from_gridania_to_blackshroud.pcapng,0,main,-2,551,no,0x018b,no,no,yes,yes,no
occurrence-056,from_gridania_to_blackshroud.pcapng,0,main,-1,552,no,0x0001,no,no,no,no,no
occurrence-056,from_gridania_to_blackshroud.pcapng,0,main,1,554,no,0x0001,no,no,no,no,no
occurrence-056,from_gridania_to_blackshroud.pcapng,0,main,2,555,no,0x00cf,no,no,no,no,no
occurrence-056,from_gridania_to_blackshroud.pcapng,0,main,3,556,no,0x00cf,no,no,no,no,no
occurrence-056,from_gridania_to_blackshroud.pcapng,0,main,4,557,no,0x00cf,no,no,no,no,no
occurrence-056,from_gridania_to_blackshroud.pcapng,0,main,5,558,no,0x00cf,no,no,no,no,no
occurrence-057,from_gridania_to_blackshroud.pcapng,0,main,-5,569,no,0x00cf,no,no,no,no,no
occurrence-057,from_gridania_to_blackshroud.pcapng,0,main,-4,570,no,0x00cf,no,no,no,no,no
occurrence-057,from_gridania_to_blackshroud.pcapng,0,main,-3,571,no,0x00cf,no,no,no,no,no
occurrence-057,from_gridania_to_blackshroud.pcapng,0,main,-2,572,no,0x00cf,no,no,no,no,no
occurrence-057,from_gridania_to_blackshroud.pcapng,0,main,-1,573,no,0x00cf,no,no,no,no,no
occurrence-057,from_gridania_to_blackshroud.pcapng,0,main,1,575,yes,0x018b,no,no,yes,yes,no
occurrence-057,from_gridania_to_blackshroud.pcapng,0,main,2,576,no,0x0001,no,no,no,no,no
occurrence-057,from_gridania_to_blackshroud.pcapng,0,main,3,577,no,0x0001,no,no,no,no,no
occurrence-057,from_gridania_to_blackshroud.pcapng,0,main,4,578,no,0x00cf,no,no,no,no,no
occurrence-057,from_gridania_to_blackshroud.pcapng,0,main,5,579,no,0x00cf,no,no,no,no,no
occurrence-058,from_gridania_to_blackshroud.pcapng,0,main,-5,586,no,0x00cf,no,no,no,no,no
occurrence-058,from_gridania_to_blackshroud.pcapng,0,main,-4,587,no,0x00cf,no,no,no,no,no
occurrence-058,from_gridania_to_blackshroud.pcapng,0,main,-3,588,no,0x00cf,no,no,no,no,no
occurrence-058,from_gridania_to_blackshroud.pcapng,0,main,-2,589,no,0x00cf,no,no,no,no,no
occurrence-058,from_gridania_to_blackshroud.pcapng,0,main,-1,590,no,0x0001,no,no,no,no,no
occurrence-058,from_gridania_to_blackshroud.pcapng,0,main,1,592,no,0x0001,no,no,no,no,no
occurrence-058,from_gridania_to_blackshroud.pcapng,0,main,2,593,no,0x00cb,no,yes,no,no,no
occurrence-058,from_gridania_to_blackshroud.pcapng,0,main,3,594,no,0x018b,no,no,yes,yes,no
occurrence-058,from_gridania_to_blackshroud.pcapng,0,main,4,595,no,0x00cf,no,no,no,no,no
occurrence-058,from_gridania_to_blackshroud.pcapng,0,main,5,596,no,0x00cf,no,no,no,no,no
occurrence-059,from_gridania_to_blackshroud.pcapng,0,main,-5,603,no,0x0001,no,no,no,no,no
occurrence-059,from_gridania_to_blackshroud.pcapng,0,main,-4,604,no,0x00cb,no,yes,no,no,no
occurrence-059,from_gridania_to_blackshroud.pcapng,0,main,-3,605,no,0x0001,no,no,no,no,no
occurrence-059,from_gridania_to_blackshroud.pcapng,0,main,-2,606,no,0x0001,no,no,no,no,no
occurrence-059,from_gridania_to_blackshroud.pcapng,0,main,-1,607,no,0x00cf,no,no,no,no,no
occurrence-059,from_gridania_to_blackshroud.pcapng,0,main,1,609,no,0x0001,no,no,no,no,no
occurrence-059,from_gridania_to_blackshroud.pcapng,0,main,2,610,no,0x0001,no,no,no,no,no
occurrence-059,from_gridania_to_blackshroud.pcapng,0,main,3,611,no,0x0001,no,no,no,no,no
occurrence-059,from_gridania_to_blackshroud.pcapng,0,main,4,612,no,0x0001,no,no,no,no,no
occurrence-059,from_gridania_to_blackshroud.pcapng,0,main,5,613,no,0x018b,no,no,yes,yes,no
occurrence-060,from_gridania_to_blackshroud.pcapng,0,main,-5,617,no,0x00cb,no,yes,no,no,no
occurrence-060,from_gridania_to_blackshroud.pcapng,0,main,-4,618,no,0x0001,no,no,no,no,no
occurrence-060,from_gridania_to_blackshroud.pcapng,0,main,-3,619,no,0x0001,no,no,no,no,no
occurrence-060,from_gridania_to_blackshroud.pcapng,0,main,-2,620,no,0x0001,no,no,no,no,no
occurrence-060,from_gridania_to_blackshroud.pcapng,0,main,-1,621,no,0x0001,no,no,no,no,no
occurrence-060,from_gridania_to_blackshroud.pcapng,0,main,1,623,no,0x0001,no,no,no,no,no
occurrence-060,from_gridania_to_blackshroud.pcapng,0,main,2,624,no,0x0001,no,no,no,no,no
occurrence-060,from_gridania_to_blackshroud.pcapng,0,main,3,625,no,0x0001,no,no,no,no,no
occurrence-060,from_gridania_to_blackshroud.pcapng,0,main,4,626,no,0x0001,no,no,no,no,no
occurrence-060,from_gridania_to_blackshroud.pcapng,0,main,5,627,no,0x0001,no,no,no,no,no
occurrence-061,from_gridania_to_blackshroud.pcapng,0,main,-5,630,no,0x0001,no,no,no,no,no
occurrence-061,from_gridania_to_blackshroud.pcapng,0,main,-4,631,no,0x0001,no,no,no,no,no
occurrence-061,from_gridania_to_blackshroud.pcapng,0,main,-3,632,no,0x0001,no,no,no,no,no
occurrence-061,from_gridania_to_blackshroud.pcapng,0,main,-2,633,no,0x0001,no,no,no,no,no
occurrence-061,from_gridania_to_blackshroud.pcapng,0,main,-1,634,no,0x0001,no,no,no,no,no
occurrence-061,from_gridania_to_blackshroud.pcapng,0,main,1,636,no,0x0001,no,no,no,no,no
occurrence-061,from_gridania_to_blackshroud.pcapng,0,main,2,637,no,0x0001,no,no,no,no,no
occurrence-061,from_gridania_to_blackshroud.pcapng,0,main,3,638,no,0x0001,no,no,no,no,no
occurrence-061,from_gridania_to_blackshroud.pcapng,0,main,4,639,no,0x0001,no,no,no,no,no
occurrence-061,from_gridania_to_blackshroud.pcapng,0,main,5,640,no,0x018b,no,no,yes,yes,no
occurrence-062,from_gridania_to_blackshroud.pcapng,0,main,-5,637,no,0x0001,no,no,no,no,no
occurrence-062,from_gridania_to_blackshroud.pcapng,0,main,-4,638,no,0x0001,no,no,no,no,no
occurrence-062,from_gridania_to_blackshroud.pcapng,0,main,-3,639,no,0x0001,no,no,no,no,no
occurrence-062,from_gridania_to_blackshroud.pcapng,0,main,-2,640,no,0x018b,no,no,yes,yes,no
occurrence-062,from_gridania_to_blackshroud.pcapng,0,main,-1,641,no,0x0001,no,no,no,no,no
occurrence-062,from_gridania_to_blackshroud.pcapng,0,main,1,643,no,0x0001,no,no,no,no,no
occurrence-062,from_gridania_to_blackshroud.pcapng,0,main,2,644,no,0x0001,no,no,no,no,no
occurrence-062,from_gridania_to_blackshroud.pcapng,0,main,3,645,no,0x0001,no,no,no,no,no
occurrence-062,from_gridania_to_blackshroud.pcapng,0,main,4,646,no,0x0001,no,no,no,no,no
occurrence-062,from_gridania_to_blackshroud.pcapng,0,main,5,647,no,0x0001,no,no,no,no,no
occurrence-063,from_gridania_to_blackshroud.pcapng,0,main,-5,664,no,0x0136,no,no,no,no,no
occurrence-063,from_gridania_to_blackshroud.pcapng,0,main,-4,665,no,0x0136,no,no,no,no,no
occurrence-063,from_gridania_to_blackshroud.pcapng,0,main,-3,666,no,0x018b,no,no,yes,yes,no
occurrence-063,from_gridania_to_blackshroud.pcapng,0,main,-2,667,no,0x00cf,no,no,no,no,no
occurrence-063,from_gridania_to_blackshroud.pcapng,0,main,-1,668,no,0x0001,no,no,no,no,no
occurrence-063,from_gridania_to_blackshroud.pcapng,0,main,1,670,no,0x0001,no,no,no,no,no
occurrence-063,from_gridania_to_blackshroud.pcapng,0,main,2,671,no,0x00cf,no,no,no,no,no
occurrence-063,from_gridania_to_blackshroud.pcapng,0,main,3,672,no,0x0001,no,no,no,no,no
occurrence-063,from_gridania_to_blackshroud.pcapng,0,main,4,673,no,0x0001,no,no,no,no,no
occurrence-063,from_gridania_to_blackshroud.pcapng,0,main,5,674,no,0x0001,no,no,no,no,no
occurrence-064,from_gridania_to_blackshroud.pcapng,0,main,-5,673,no,0x0001,no,no,no,no,no
occurrence-064,from_gridania_to_blackshroud.pcapng,0,main,-4,674,no,0x0001,no,no,no,no,no
occurrence-064,from_gridania_to_blackshroud.pcapng,0,main,-3,675,no,0x00cf,no,no,no,no,no
occurrence-064,from_gridania_to_blackshroud.pcapng,0,main,-2,676,no,0x0001,no,no,no,no,no
occurrence-064,from_gridania_to_blackshroud.pcapng,0,main,-1,677,no,0x0001,no,no,no,no,no
occurrence-064,from_gridania_to_blackshroud.pcapng,0,main,1,679,no,0x018b,no,no,yes,yes,no
occurrence-064,from_gridania_to_blackshroud.pcapng,0,main,2,680,no,0x0001,no,no,no,no,no
occurrence-064,from_gridania_to_blackshroud.pcapng,0,main,3,681,no,0x00cf,no,no,no,no,no
occurrence-064,from_gridania_to_blackshroud.pcapng,0,main,4,682,no,0x0001,no,no,no,no,no
occurrence-064,from_gridania_to_blackshroud.pcapng,0,main,5,683,no,0x0001,no,no,no,no,no
occurrence-065,from_gridania_to_blackshroud.pcapng,0,main,-5,685,no,0x0001,no,no,no,no,no
occurrence-065,from_gridania_to_blackshroud.pcapng,0,main,-4,686,no,0x0001,no,no,no,no,no
occurrence-065,from_gridania_to_blackshroud.pcapng,0,main,-3,687,no,0x00cf,no,no,no,no,no
occurrence-065,from_gridania_to_blackshroud.pcapng,0,main,-2,688,no,0x0001,no,no,no,no,no
occurrence-065,from_gridania_to_blackshroud.pcapng,0,main,-1,689,no,0x0001,no,no,no,no,no
occurrence-065,from_gridania_to_blackshroud.pcapng,0,main,1,691,no,0x0001,no,no,no,no,no
occurrence-065,from_gridania_to_blackshroud.pcapng,0,main,2,692,no,0x0001,no,no,no,no,no
occurrence-065,from_gridania_to_blackshroud.pcapng,0,main,3,693,no,0x00cf,no,no,no,no,no
occurrence-065,from_gridania_to_blackshroud.pcapng,0,main,4,694,no,0x0001,no,no,no,no,no
occurrence-065,from_gridania_to_blackshroud.pcapng,0,main,5,695,no,0x0001,no,no,no,no,no
occurrence-066,from_gridania_to_blackshroud.pcapng,0,main,-5,701,no,0x0001,no,no,no,no,no
occurrence-066,from_gridania_to_blackshroud.pcapng,0,main,-4,702,no,0x0001,no,no,no,no,no
occurrence-066,from_gridania_to_blackshroud.pcapng,0,main,-3,703,no,0x0001,no,no,no,no,no
occurrence-066,from_gridania_to_blackshroud.pcapng,0,main,-2,704,no,0x0001,no,no,no,no,no
occurrence-066,from_gridania_to_blackshroud.pcapng,0,main,-1,705,no,0x00cf,no,no,no,no,no
occurrence-066,from_gridania_to_blackshroud.pcapng,0,main,1,707,no,0x0001,no,no,no,no,no
occurrence-066,from_gridania_to_blackshroud.pcapng,0,main,2,708,no,0x0001,no,no,no,no,no
occurrence-066,from_gridania_to_blackshroud.pcapng,0,main,3,709,no,0x0001,no,no,no,no,no
occurrence-066,from_gridania_to_blackshroud.pcapng,0,main,4,710,no,0x0001,no,no,no,no,no
occurrence-066,from_gridania_to_blackshroud.pcapng,0,main,5,711,no,0x00cf,no,no,no,no,no
occurrence-067,from_gridania_to_blackshroud.pcapng,0,main,-5,885,no,0x0001,no,no,no,no,no
occurrence-067,from_gridania_to_blackshroud.pcapng,0,main,-4,886,no,0x017a,no,no,yes,no,no
occurrence-067,from_gridania_to_blackshroud.pcapng,0,main,-3,887,no,0x00cf,no,no,no,no,no
occurrence-067,from_gridania_to_blackshroud.pcapng,0,main,-2,888,no,0x018b,no,no,yes,yes,no
occurrence-067,from_gridania_to_blackshroud.pcapng,0,main,-1,889,no,0x0001,no,no,no,no,no
occurrence-067,from_gridania_to_blackshroud.pcapng,0,main,1,891,no,0x0001,no,no,no,no,no
occurrence-067,from_gridania_to_blackshroud.pcapng,0,main,2,892,no,0x00cf,no,no,no,no,no
occurrence-067,from_gridania_to_blackshroud.pcapng,0,main,3,893,no,0x0001,no,no,no,no,no
occurrence-067,from_gridania_to_blackshroud.pcapng,0,main,4,894,no,0x0001,no,no,no,no,no
occurrence-067,from_gridania_to_blackshroud.pcapng,0,main,5,895,no,0x00cf,no,no,no,no,no
occurrence-068,from_gridania_to_blackshroud.pcapng,0,main,-5,893,no,0x0001,no,no,no,no,no
occurrence-068,from_gridania_to_blackshroud.pcapng,0,main,-4,894,no,0x0001,no,no,no,no,no
occurrence-068,from_gridania_to_blackshroud.pcapng,0,main,-3,895,no,0x00cf,no,no,no,no,no
occurrence-068,from_gridania_to_blackshroud.pcapng,0,main,-2,896,no,0x0001,no,no,no,no,no
occurrence-068,from_gridania_to_blackshroud.pcapng,0,main,-1,897,no,0x0001,no,no,no,no,no
occurrence-068,from_gridania_to_blackshroud.pcapng,0,main,1,899,no,0x018b,no,no,yes,yes,no
occurrence-068,from_gridania_to_blackshroud.pcapng,0,main,2,900,no,0x00cf,no,no,no,no,no
occurrence-068,from_gridania_to_blackshroud.pcapng,0,main,3,901,no,0x0001,no,no,no,no,no
occurrence-068,from_gridania_to_blackshroud.pcapng,0,main,4,902,no,0x0001,no,no,no,no,no
occurrence-068,from_gridania_to_blackshroud.pcapng,0,main,5,903,no,0x00cf,no,no,no,no,no
occurrence-069,from_gridania_to_blackshroud.pcapng,0,main,-5,903,no,0x00cf,no,no,no,no,no
occurrence-069,from_gridania_to_blackshroud.pcapng,0,main,-4,904,no,0x0001,no,no,no,no,no
occurrence-069,from_gridania_to_blackshroud.pcapng,0,main,-3,905,no,0x0001,no,no,no,no,no
occurrence-069,from_gridania_to_blackshroud.pcapng,0,main,-2,906,no,0x00cf,no,no,no,no,no
occurrence-069,from_gridania_to_blackshroud.pcapng,0,main,-1,907,no,0x0001,no,no,no,no,no
occurrence-069,from_gridania_to_blackshroud.pcapng,0,main,1,909,no,0x0001,no,no,no,no,no
occurrence-069,from_gridania_to_blackshroud.pcapng,0,main,2,910,no,0x00cf,no,no,no,no,no
occurrence-069,from_gridania_to_blackshroud.pcapng,0,main,3,911,no,0x018b,no,no,yes,yes,no
occurrence-069,from_gridania_to_blackshroud.pcapng,0,main,4,912,no,0x0001,no,no,no,no,no
occurrence-069,from_gridania_to_blackshroud.pcapng,0,main,5,913,no,0x00cb,no,yes,no,no,no
occurrence-070,from_gridania_to_blackshroud.pcapng,0,main,-5,912,no,0x0001,no,no,no,no,no
occurrence-070,from_gridania_to_blackshroud.pcapng,0,main,-4,913,no,0x00cb,no,yes,no,no,no
occurrence-070,from_gridania_to_blackshroud.pcapng,0,main,-3,914,no,0x0001,no,no,no,no,no
occurrence-070,from_gridania_to_blackshroud.pcapng,0,main,-2,915,no,0x0001,no,no,no,no,no
occurrence-070,from_gridania_to_blackshroud.pcapng,0,main,-1,916,no,0x0001,no,no,no,no,no
occurrence-070,from_gridania_to_blackshroud.pcapng,0,main,1,918,no,0x0001,no,no,no,no,no
occurrence-070,from_gridania_to_blackshroud.pcapng,0,main,2,919,no,0x0001,no,no,no,no,no
occurrence-070,from_gridania_to_blackshroud.pcapng,0,main,3,920,no,0x018b,no,no,yes,yes,no
occurrence-070,from_gridania_to_blackshroud.pcapng,0,main,4,921,no,0x0001,no,no,no,no,no
occurrence-070,from_gridania_to_blackshroud.pcapng,0,main,5,922,no,0x0001,no,no,no,no,no
occurrence-071,gather_wood.pcapng,0,main,-5,9,no,0x00cf,no,no,no,no,no
occurrence-071,gather_wood.pcapng,0,main,-4,10,no,0x00cf,no,no,no,no,no
occurrence-071,gather_wood.pcapng,0,main,-3,11,no,0x00cf,no,no,no,no,no
occurrence-071,gather_wood.pcapng,0,main,-2,12,no,0x00cf,no,no,no,no,no
occurrence-071,gather_wood.pcapng,0,main,-1,13,no,0x0001,no,no,no,no,no
occurrence-071,gather_wood.pcapng,0,main,1,15,no,0x00d3,no,no,no,no,no
occurrence-071,gather_wood.pcapng,0,main,2,16,no,0x0001,no,no,no,no,no
occurrence-071,gather_wood.pcapng,0,main,3,17,no,0x00cf,no,no,no,no,no
occurrence-071,gather_wood.pcapng,0,main,4,18,no,0x00cf,no,no,no,no,no
occurrence-071,gather_wood.pcapng,0,main,5,19,no,0x00cf,no,no,no,no,no
occurrence-072,gather_wood.pcapng,0,main,-5,45,no,0x00d3,no,no,no,no,no
occurrence-072,gather_wood.pcapng,0,main,-4,46,no,0x0130,no,no,no,no,no
occurrence-072,gather_wood.pcapng,0,main,-3,47,no,0x0001,no,no,no,no,no
occurrence-072,gather_wood.pcapng,0,main,-2,48,no,0x0001,no,no,no,no,no
occurrence-072,gather_wood.pcapng,0,main,-1,49,no,0x0130,no,no,no,no,no
occurrence-072,gather_wood.pcapng,0,main,1,51,no,0x00cf,no,no,no,no,no
occurrence-072,gather_wood.pcapng,0,main,2,52,no,0x00cf,no,no,no,no,no
occurrence-072,gather_wood.pcapng,0,main,3,53,no,0x00cf,no,no,no,no,no
occurrence-072,gather_wood.pcapng,0,main,4,54,no,0x00cf,no,no,no,no,no
occurrence-072,gather_wood.pcapng,0,main,5,55,no,0x00cf,no,no,no,no,no
occurrence-073,gather_wood.pcapng,0,main,-5,86,no,0x00cf,no,no,no,no,no
occurrence-073,gather_wood.pcapng,0,main,-4,87,no,0x00cf,no,no,no,no,no
occurrence-073,gather_wood.pcapng,0,main,-3,88,no,0x00cf,no,no,no,no,no
occurrence-073,gather_wood.pcapng,0,main,-2,89,no,0x00cf,no,no,no,no,no
occurrence-073,gather_wood.pcapng,0,main,-1,90,no,0x0001,no,no,no,no,no
occurrence-073,gather_wood.pcapng,0,main,1,92,no,0x0001,no,no,no,no,no
occurrence-073,gather_wood.pcapng,0,main,2,93,no,0x0166,no,no,no,no,no
occurrence-073,gather_wood.pcapng,0,main,3,94,no,0x0130,no,no,no,no,no
occurrence-073,gather_wood.pcapng,0,main,4,95,no,0x00cf,no,no,no,no,no
occurrence-073,gather_wood.pcapng,0,main,5,96,no,0x00cf,no,no,no,no,no
occurrence-074,gather_wood.pcapng,0,main,-5,119,no,0x00cf,no,no,no,no,no
occurrence-074,gather_wood.pcapng,0,main,-4,120,no,0x00cf,no,no,no,no,no
occurrence-074,gather_wood.pcapng,0,main,-3,121,no,0x0001,no,no,no,no,no
occurrence-074,gather_wood.pcapng,0,main,-2,122,no,0x0001,no,no,no,no,no
occurrence-074,gather_wood.pcapng,0,main,-1,123,no,0x00cf,no,no,no,no,no
occurrence-074,gather_wood.pcapng,0,main,1,125,no,0x00cf,no,no,no,no,no
occurrence-074,gather_wood.pcapng,0,main,2,126,no,0x00cf,no,no,no,no,no
occurrence-074,gather_wood.pcapng,0,main,3,127,no,0x00cf,no,no,no,no,no
occurrence-074,gather_wood.pcapng,0,main,4,128,no,0x00cf,no,no,no,no,no
occurrence-074,gather_wood.pcapng,0,main,5,129,no,0x00cf,no,no,no,no,no
occurrence-075,gather_wood.pcapng,0,main,-5,156,no,0x00cf,no,no,no,no,no
occurrence-075,gather_wood.pcapng,0,main,-4,157,no,0x00cf,no,no,no,no,no
occurrence-075,gather_wood.pcapng,0,main,-3,158,no,0x00cf,no,no,no,no,no
occurrence-075,gather_wood.pcapng,0,main,-2,159,no,0x0001,no,no,no,no,no
occurrence-075,gather_wood.pcapng,0,main,-1,160,no,0x00cf,no,no,no,no,no
occurrence-075,gather_wood.pcapng,0,main,1,162,yes,0x00cf,no,no,no,no,no
occurrence-075,gather_wood.pcapng,0,main,2,163,yes,0x00cf,no,no,no,no,no
occurrence-075,gather_wood.pcapng,0,main,3,164,no,0x00cf,no,no,no,no,no
occurrence-075,gather_wood.pcapng,0,main,4,165,no,0x00cf,no,no,no,no,no
occurrence-075,gather_wood.pcapng,0,main,5,166,no,0x00cf,no,no,no,no,no
occurrence-076,gather_wood.pcapng,0,main,-5,194,no,0x00cf,no,no,no,no,no
occurrence-076,gather_wood.pcapng,0,main,-4,195,no,0x0166,no,no,no,no,no
occurrence-076,gather_wood.pcapng,0,main,-3,196,no,0x0130,no,no,no,no,no
occurrence-076,gather_wood.pcapng,0,main,-2,197,no,0x0001,no,no,no,no,no
occurrence-076,gather_wood.pcapng,0,main,-1,198,no,0x0130,no,no,no,no,no
occurrence-076,gather_wood.pcapng,0,main,1,200,no,0x0130,no,no,no,no,no
occurrence-076,gather_wood.pcapng,0,main,2,201,no,0x0001,no,no,no,no,no
occurrence-076,gather_wood.pcapng,0,main,3,202,no,0x00cf,no,no,no,no,no
occurrence-076,gather_wood.pcapng,0,main,4,203,no,0x00cf,no,no,no,no,no
occurrence-076,gather_wood.pcapng,0,main,5,204,no,0x00cf,no,no,no,no,no
occurrence-077,gather_wood.pcapng,0,main,-5,233,no,0x00cf,no,no,no,no,no
occurrence-077,gather_wood.pcapng,0,main,-4,234,no,0x00cf,no,no,no,no,no
occurrence-077,gather_wood.pcapng,0,main,-3,235,no,0x00cf,no,no,no,no,no
occurrence-077,gather_wood.pcapng,0,main,-2,236,no,0x00cf,no,no,no,no,no
occurrence-077,gather_wood.pcapng,0,main,-1,237,no,0x0130,no,no,no,no,no
occurrence-077,gather_wood.pcapng,0,main,1,239,no,0x0001,no,no,no,no,no
occurrence-077,gather_wood.pcapng,0,main,2,240,no,0x0139,no,no,no,no,no
occurrence-077,gather_wood.pcapng,0,main,3,241,no,0x00cb,no,yes,no,no,no
occurrence-077,gather_wood.pcapng,0,main,4,242,no,0x0001,no,no,no,no,no
occurrence-077,gather_wood.pcapng,0,main,5,243,no,0x00cf,no,no,no,no,no
occurrence-078,gather_wood.pcapng,0,main,-5,282,no,0x00cf,no,no,no,no,no
occurrence-078,gather_wood.pcapng,0,main,-4,283,no,0x0001,no,no,no,no,no
occurrence-078,gather_wood.pcapng,0,main,-3,284,no,0x0139,no,no,no,no,no
occurrence-078,gather_wood.pcapng,0,main,-2,285,no,0x0168,no,no,no,no,no
occurrence-078,gather_wood.pcapng,0,main,-1,286,no,0x0130,no,no,no,no,no
occurrence-078,gather_wood.pcapng,0,main,1,288,yes,0x0137,no,no,no,no,no
occurrence-078,gather_wood.pcapng,0,main,2,289,no,0x0001,no,no,no,no,no
occurrence-078,gather_wood.pcapng,0,main,3,290,no,0x0167,no,no,no,no,no
occurrence-078,gather_wood.pcapng,0,main,4,291,no,0x0130,no,no,no,no,no
occurrence-078,gather_wood.pcapng,0,main,5,292,no,0x00cf,no,no,no,no,no
occurrence-079,gather_wood.pcapng,0,main,-5,322,no,0x00cf,no,no,no,no,no
occurrence-079,gather_wood.pcapng,0,main,-4,323,no,0x00cf,no,no,no,no,no
occurrence-079,gather_wood.pcapng,0,main,-3,324,no,0x00cf,no,no,no,no,no
occurrence-079,gather_wood.pcapng,0,main,-2,325,no,0x00cf,no,no,no,no,no
occurrence-079,gather_wood.pcapng,0,main,-1,326,no,0x00cf,no,no,no,no,no
occurrence-079,gather_wood.pcapng,0,main,1,328,no,0x0001,no,no,no,no,no
occurrence-079,gather_wood.pcapng,0,main,2,329,no,0x0001,no,no,no,no,no
occurrence-079,gather_wood.pcapng,0,main,3,330,no,0x00cf,no,no,no,no,no
occurrence-079,gather_wood.pcapng,0,main,4,331,no,0x00cf,no,no,no,no,no
occurrence-079,gather_wood.pcapng,0,main,5,332,no,0x00cf,no,no,no,no,no
occurrence-080,gather_wood.pcapng,0,main,-5,351,no,0x00cf,no,no,no,no,no
occurrence-080,gather_wood.pcapng,0,main,-4,352,no,0x00cf,no,no,no,no,no
occurrence-080,gather_wood.pcapng,0,main,-3,353,no,0x0001,no,no,no,no,no
occurrence-080,gather_wood.pcapng,0,main,-2,354,no,0x0166,no,no,no,no,no
occurrence-080,gather_wood.pcapng,0,main,-1,355,no,0x0130,no,no,no,no,no
occurrence-080,gather_wood.pcapng,0,main,1,357,no,0x0001,no,no,no,no,no
occurrence-080,gather_wood.pcapng,0,main,2,358,no,0x0130,no,no,no,no,no
occurrence-080,gather_wood.pcapng,0,main,3,359,no,0x00cf,no,no,no,no,no
occurrence-080,gather_wood.pcapng,0,main,4,360,no,0x00cf,no,no,no,no,no
occurrence-080,gather_wood.pcapng,0,main,5,361,no,0x00cf,no,no,no,no,no
occurrence-081,gather_wood.pcapng,0,main,-5,389,no,0x00cf,no,no,no,no,no
occurrence-081,gather_wood.pcapng,0,main,-4,390,no,0x00cf,no,no,no,no,no
occurrence-081,gather_wood.pcapng,0,main,-3,391,no,0x00cf,no,no,no,no,no
occurrence-081,gather_wood.pcapng,0,main,-2,392,no,0x00cf,no,no,no,no,no
occurrence-081,gather_wood.pcapng,0,main,-1,393,no,0x00cf,no,no,no,no,no
occurrence-081,gather_wood.pcapng,0,main,1,395,no,0x0001,no,no,no,no,no
occurrence-081,gather_wood.pcapng,0,main,2,396,no,0x0001,no,no,no,no,no
occurrence-081,gather_wood.pcapng,0,main,3,397,no,0x00cf,no,no,no,no,no
occurrence-081,gather_wood.pcapng,0,main,4,398,no,0x00cf,no,no,no,no,no
occurrence-081,gather_wood.pcapng,0,main,5,399,no,0x00cf,no,no,no,no,no
occurrence-082,gather_wood.pcapng,0,main,-5,419,no,0x00cf,no,no,no,no,no
occurrence-082,gather_wood.pcapng,0,main,-4,420,no,0x00cf,no,no,no,no,no
occurrence-082,gather_wood.pcapng,0,main,-3,421,no,0x0139,no,no,no,no,no
occurrence-082,gather_wood.pcapng,0,main,-2,422,no,0x00cf,no,no,no,no,no
occurrence-082,gather_wood.pcapng,0,main,-1,423,no,0x0001,no,no,no,no,no
occurrence-082,gather_wood.pcapng,0,main,1,425,no,0x0001,no,no,no,no,no
occurrence-082,gather_wood.pcapng,0,main,2,426,no,0x00cf,no,no,no,no,no
occurrence-082,gather_wood.pcapng,0,main,3,427,no,0x00cf,no,no,no,no,no
occurrence-082,gather_wood.pcapng,0,main,4,428,no,0x00cf,no,no,no,no,no
occurrence-082,gather_wood.pcapng,0,main,5,429,no,0x00cf,no,no,no,no,no
occurrence-083,gather_wood.pcapng,0,main,-5,463,yes,0x00cf,no,no,no,no,no
occurrence-083,gather_wood.pcapng,0,main,-4,464,yes,0x00cf,no,no,no,no,no
occurrence-083,gather_wood.pcapng,0,main,-3,465,yes,0x00cf,no,no,no,no,no
occurrence-083,gather_wood.pcapng,0,main,-2,466,yes,0x00cf,no,no,no,no,no
occurrence-083,gather_wood.pcapng,0,main,-1,467,yes,0x00cf,no,no,no,no,no
occurrence-083,gather_wood.pcapng,0,main,1,469,no,0x0001,no,no,no,no,no
occurrence-083,gather_wood.pcapng,0,main,2,470,no,0x00cf,no,no,no,no,no
occurrence-083,gather_wood.pcapng,0,main,3,471,no,0x00cf,no,no,no,no,no
occurrence-083,gather_wood.pcapng,0,main,4,472,no,0x0001,no,no,no,no,no
occurrence-083,gather_wood.pcapng,0,main,5,473,no,0x0001,no,no,no,no,no
occurrence-084,gather_wood.pcapng,0,main,-5,496,no,0x00cf,no,no,no,no,no
occurrence-084,gather_wood.pcapng,0,main,-4,497,no,0x00cf,no,no,no,no,no
occurrence-084,gather_wood.pcapng,0,main,-3,498,no,0x0001,no,no,no,no,no
occurrence-084,gather_wood.pcapng,0,main,-2,499,no,0x00cf,no,no,no,no,no
occurrence-084,gather_wood.pcapng,0,main,-1,500,no,0x0001,no,no,no,no,no
occurrence-084,gather_wood.pcapng,0,main,1,502,no,0x00cf,no,no,no,no,no
occurrence-084,gather_wood.pcapng,0,main,2,503,no,0x0001,no,no,no,no,no
occurrence-084,gather_wood.pcapng,0,main,3,504,no,0x00cf,no,no,no,no,no
occurrence-084,gather_wood.pcapng,0,main,4,505,no,0x00cf,no,no,no,no,no
occurrence-084,gather_wood.pcapng,0,main,5,506,no,0x00cf,no,no,no,no,no
occurrence-085,gather_wood.pcapng,0,main,-5,528,no,0x00cf,no,no,no,no,no
occurrence-085,gather_wood.pcapng,0,main,-4,529,no,0x00cf,no,no,no,no,no
occurrence-085,gather_wood.pcapng,0,main,-3,530,no,0x0130,no,no,no,no,no
occurrence-085,gather_wood.pcapng,0,main,-2,531,no,0x0001,no,no,no,no,no
occurrence-085,gather_wood.pcapng,0,main,-1,532,yes,0x0001,no,no,no,no,no
occurrence-085,gather_wood.pcapng,0,main,1,534,no,0x00cf,no,no,no,no,no
occurrence-085,gather_wood.pcapng,0,main,2,535,no,0x00cf,no,no,no,no,no
occurrence-085,gather_wood.pcapng,0,main,3,536,no,0x00cf,no,no,no,no,no
occurrence-085,gather_wood.pcapng,0,main,4,537,no,0x00cf,no,no,no,no,no
occurrence-085,gather_wood.pcapng,0,main,5,538,no,0x00cf,no,no,no,no,no
occurrence-086,gather_wood.pcapng,0,main,-5,590,no,0x00cf,no,no,no,no,no
occurrence-086,gather_wood.pcapng,0,main,-4,591,no,0x017a,no,no,yes,no,no
occurrence-086,gather_wood.pcapng,0,main,-3,592,no,0x0168,no,no,no,no,no
occurrence-086,gather_wood.pcapng,0,main,-2,593,no,0x0001,no,no,no,no,no
occurrence-086,gather_wood.pcapng,0,main,-1,594,no,0x0130,no,no,no,no,no
occurrence-086,gather_wood.pcapng,0,main,1,596,no,0x0139,no,no,no,no,no
occurrence-086,gather_wood.pcapng,0,main,2,597,no,0x0168,no,no,no,no,no
occurrence-086,gather_wood.pcapng,0,main,3,598,no,0x0130,no,no,no,no,no
occurrence-086,gather_wood.pcapng,0,main,4,599,no,0x0137,no,no,no,no,no
occurrence-086,gather_wood.pcapng,0,main,5,600,no,0x0001,no,no,no,no,no
occurrence-087,gather_wood.pcapng,0,main,-5,642,no,0x00cf,no,no,no,no,no
occurrence-087,gather_wood.pcapng,0,main,-4,643,no,0x00cf,no,no,no,no,no
occurrence-087,gather_wood.pcapng,0,main,-3,644,no,0x00cf,no,no,no,no,no
occurrence-087,gather_wood.pcapng,0,main,-2,645,no,0x0001,no,no,no,no,no
occurrence-087,gather_wood.pcapng,0,main,-1,646,no,0x00cf,no,no,no,no,no
occurrence-087,gather_wood.pcapng,0,main,1,648,no,0x00cf,no,no,no,no,no
occurrence-087,gather_wood.pcapng,0,main,2,649,no,0x00cf,no,no,no,no,no
occurrence-087,gather_wood.pcapng,0,main,3,650,no,0x0001,no,no,no,no,no
occurrence-087,gather_wood.pcapng,0,main,4,651,no,0x0166,no,no,no,no,no
occurrence-087,gather_wood.pcapng,0,main,5,652,no,0x0130,no,no,no,no,no
occurrence-088,gather_wood.pcapng,0,main,-5,893,no,0x00cf,no,no,no,no,no
occurrence-088,gather_wood.pcapng,0,main,-4,894,no,0x00cf,no,no,no,no,no
occurrence-088,gather_wood.pcapng,0,main,-3,895,no,0x00cf,no,no,no,no,no
occurrence-088,gather_wood.pcapng,0,main,-2,896,no,0x00cf,no,no,no,no,no
occurrence-088,gather_wood.pcapng,0,main,-1,897,no,0x0001,no,no,no,no,no
occurrence-089,gridania_map.pcapng,0,main,-5,8,no,0x00cf,no,no,no,no,no
occurrence-089,gridania_map.pcapng,0,main,-4,9,no,0x00cf,no,no,no,no,no
occurrence-089,gridania_map.pcapng,0,main,-3,10,no,0x00cf,no,no,no,no,no
occurrence-089,gridania_map.pcapng,0,main,-2,11,no,0x0001,no,no,no,no,no
occurrence-089,gridania_map.pcapng,0,main,-1,12,no,0x0001,no,no,no,no,no
occurrence-089,gridania_map.pcapng,0,main,1,14,no,0x00cf,no,no,no,no,no
occurrence-089,gridania_map.pcapng,0,main,2,15,no,0x00cf,no,no,no,no,no
occurrence-089,gridania_map.pcapng,0,main,3,16,no,0x00cf,no,no,no,no,no
occurrence-089,gridania_map.pcapng,0,main,4,17,no,0x00cf,no,no,no,no,no
occurrence-089,gridania_map.pcapng,0,main,5,18,no,0x00cf,no,no,no,no,no
occurrence-090,gridania_map.pcapng,0,main,-5,44,no,0x00cf,no,no,no,no,no
occurrence-090,gridania_map.pcapng,0,main,-4,45,no,0x00cf,no,no,no,no,no
occurrence-090,gridania_map.pcapng,0,main,-3,46,no,0x00cf,no,no,no,no,no
occurrence-090,gridania_map.pcapng,0,main,-2,47,no,0x00cf,no,no,no,no,no
occurrence-090,gridania_map.pcapng,0,main,-1,48,no,0x0001,no,no,no,no,no
occurrence-090,gridania_map.pcapng,0,main,1,50,no,0x0001,no,no,no,no,no
occurrence-090,gridania_map.pcapng,0,main,2,51,no,0x00cf,no,no,no,no,no
occurrence-090,gridania_map.pcapng,0,main,3,52,no,0x00cf,no,no,no,no,no
occurrence-090,gridania_map.pcapng,0,main,4,53,no,0x00cf,no,no,no,no,no
occurrence-090,gridania_map.pcapng,0,main,5,54,no,0x00cf,no,no,no,no,no
occurrence-091,gridania_to_coerthas.pcapng,0,main,-5,69,yes,0x00cf,no,no,no,no,no
occurrence-091,gridania_to_coerthas.pcapng,0,main,-4,70,yes,0x00cf,no,no,no,no,no
occurrence-091,gridania_to_coerthas.pcapng,0,main,-3,71,yes,0x00cf,no,no,no,no,no
occurrence-091,gridania_to_coerthas.pcapng,0,main,-2,72,yes,0x00cf,no,no,no,no,no
occurrence-091,gridania_to_coerthas.pcapng,0,main,-1,73,yes,0x00cf,no,no,no,no,no
occurrence-091,gridania_to_coerthas.pcapng,0,main,1,75,no,0x0001,no,no,no,no,no
occurrence-091,gridania_to_coerthas.pcapng,0,main,2,76,no,0x00cb,no,yes,no,no,no
occurrence-091,gridania_to_coerthas.pcapng,0,main,3,77,no,0x00cb,no,yes,no,no,no
occurrence-091,gridania_to_coerthas.pcapng,0,main,4,78,no,0x00cb,no,yes,no,no,no
occurrence-091,gridania_to_coerthas.pcapng,0,main,5,79,no,0x00cb,no,yes,no,no,no
occurrence-092,gridania_to_coerthas.pcapng,0,main,-5,208,no,0x00cb,no,yes,no,no,no
occurrence-092,gridania_to_coerthas.pcapng,0,main,-4,209,no,0x00cb,no,yes,no,no,no
occurrence-092,gridania_to_coerthas.pcapng,0,main,-3,210,no,0x00cb,no,yes,no,no,no
occurrence-092,gridania_to_coerthas.pcapng,0,main,-2,211,no,0x00cb,no,yes,no,no,no
occurrence-092,gridania_to_coerthas.pcapng,0,main,-1,212,no,0x00cb,no,yes,no,no,no
occurrence-092,gridania_to_coerthas.pcapng,0,main,1,214,no,0x0001,no,no,no,no,no
occurrence-092,gridania_to_coerthas.pcapng,0,main,2,215,no,0x00cb,no,yes,no,no,no
occurrence-092,gridania_to_coerthas.pcapng,0,main,3,216,no,0x00cb,no,yes,no,no,no
occurrence-092,gridania_to_coerthas.pcapng,0,main,4,217,no,0x00cb,no,yes,no,no,no
occurrence-092,gridania_to_coerthas.pcapng,0,main,5,218,no,0x0001,no,no,no,no,no
occurrence-093,gridania_to_coerthas.pcapng,0,main,-5,233,no,0x00cf,no,no,no,no,no
occurrence-093,gridania_to_coerthas.pcapng,0,main,-4,234,no,0x00cf,no,no,no,no,no
occurrence-093,gridania_to_coerthas.pcapng,0,main,-3,235,no,0x00cf,no,no,no,no,no
occurrence-093,gridania_to_coerthas.pcapng,0,main,-2,236,no,0x0001,no,no,no,no,no
occurrence-093,gridania_to_coerthas.pcapng,0,main,-1,237,no,0x0001,no,no,no,no,no
occurrence-093,gridania_to_coerthas.pcapng,0,main,1,239,no,0x00cf,no,no,no,no,no
occurrence-093,gridania_to_coerthas.pcapng,0,main,2,240,no,0x00cf,no,no,no,no,no
occurrence-093,gridania_to_coerthas.pcapng,0,main,3,241,no,0x00cf,no,no,no,no,no
occurrence-093,gridania_to_coerthas.pcapng,0,main,4,242,no,0x00cf,no,no,no,no,no
occurrence-093,gridania_to_coerthas.pcapng,0,main,5,243,no,0x00cf,no,no,no,no,no
occurrence-094,gridania_to_coerthas.pcapng,0,main,-5,256,no,0x00cf,no,no,no,no,no
occurrence-094,gridania_to_coerthas.pcapng,0,main,-4,257,no,0x00cf,no,no,no,no,no
occurrence-094,gridania_to_coerthas.pcapng,0,main,-3,258,no,0x00cf,no,no,no,no,no
occurrence-094,gridania_to_coerthas.pcapng,0,main,-2,259,no,0x00cf,no,no,no,no,no
occurrence-094,gridania_to_coerthas.pcapng,0,main,-1,260,no,0x0001,no,no,no,no,no
occurrence-094,gridania_to_coerthas.pcapng,0,main,1,262,no,0x0001,no,no,no,no,no
occurrence-094,gridania_to_coerthas.pcapng,0,main,2,263,no,0x00cf,no,no,no,no,no
occurrence-094,gridania_to_coerthas.pcapng,0,main,3,264,no,0x00cf,no,no,no,no,no
occurrence-094,gridania_to_coerthas.pcapng,0,main,4,265,no,0x00cf,no,no,no,no,no
occurrence-094,gridania_to_coerthas.pcapng,0,main,5,266,no,0x00cf,no,no,no,no,no
occurrence-095,gridania_to_coerthas.pcapng,0,main,-5,272,no,0x00cf,no,no,no,no,no
occurrence-095,gridania_to_coerthas.pcapng,0,main,-4,273,no,0x00cf,no,no,no,no,no
occurrence-095,gridania_to_coerthas.pcapng,0,main,-3,274,no,0x00cf,no,no,no,no,no
occurrence-095,gridania_to_coerthas.pcapng,0,main,-2,275,no,0x00cf,no,no,no,no,no
occurrence-095,gridania_to_coerthas.pcapng,0,main,-1,276,no,0x0001,no,no,no,no,no
occurrence-095,gridania_to_coerthas.pcapng,0,main,1,278,no,0x0001,no,no,no,no,no
occurrence-095,gridania_to_coerthas.pcapng,0,main,2,279,no,0x00cf,no,no,no,no,no
occurrence-095,gridania_to_coerthas.pcapng,0,main,3,280,no,0x00cf,no,no,no,no,no
occurrence-095,gridania_to_coerthas.pcapng,0,main,4,281,no,0x00cf,no,no,no,no,no
occurrence-095,gridania_to_coerthas.pcapng,0,main,5,282,no,0x00cf,no,no,no,no,no
occurrence-096,gridania_to_coerthas.pcapng,0,main,-5,295,no,0x00cf,no,no,no,no,no
occurrence-096,gridania_to_coerthas.pcapng,0,main,-4,296,no,0x00cf,no,no,no,no,no
occurrence-096,gridania_to_coerthas.pcapng,0,main,-3,297,no,0x00cf,no,no,no,no,no
occurrence-096,gridania_to_coerthas.pcapng,0,main,-2,298,no,0x00cf,no,no,no,no,no
occurrence-096,gridania_to_coerthas.pcapng,0,main,-1,299,no,0x0001,no,no,no,no,no
occurrence-096,gridania_to_coerthas.pcapng,0,main,1,301,no,0x00cb,no,yes,no,no,no
occurrence-096,gridania_to_coerthas.pcapng,0,main,2,302,no,0x0001,no,no,no,no,no
occurrence-096,gridania_to_coerthas.pcapng,0,main,3,303,no,0x00cf,no,no,no,no,no
occurrence-096,gridania_to_coerthas.pcapng,0,main,4,304,no,0x00cf,no,no,no,no,no
occurrence-096,gridania_to_coerthas.pcapng,0,main,5,305,no,0x00cf,no,no,no,no,no
occurrence-097,gridania_to_coerthas.pcapng,0,main,-5,312,no,0x00cf,no,no,no,no,no
occurrence-097,gridania_to_coerthas.pcapng,0,main,-4,313,no,0x00cf,no,no,no,no,no
occurrence-097,gridania_to_coerthas.pcapng,0,main,-3,314,no,0x0001,no,no,no,no,no
occurrence-097,gridania_to_coerthas.pcapng,0,main,-2,315,no,0x00cb,no,yes,no,no,no
occurrence-097,gridania_to_coerthas.pcapng,0,main,-1,316,no,0x0001,no,no,no,no,no
occurrence-097,gridania_to_coerthas.pcapng,0,main,1,318,no,0x00cf,no,no,no,no,no
occurrence-097,gridania_to_coerthas.pcapng,0,main,2,319,no,0x00cf,no,no,no,no,no
occurrence-097,gridania_to_coerthas.pcapng,0,main,3,320,no,0x0001,no,no,no,no,no
occurrence-097,gridania_to_coerthas.pcapng,0,main,4,321,no,0x00cb,no,yes,no,no,no
occurrence-097,gridania_to_coerthas.pcapng,0,main,5,322,no,0x0001,no,no,no,no,no
occurrence-098,gridania_to_coerthas.pcapng,0,main,-5,328,no,0x0001,no,no,no,no,no
occurrence-098,gridania_to_coerthas.pcapng,0,main,-4,329,no,0x0001,no,no,no,no,no
occurrence-098,gridania_to_coerthas.pcapng,0,main,-3,330,no,0x018b,no,no,yes,yes,no
occurrence-098,gridania_to_coerthas.pcapng,0,main,-2,331,no,0x0001,no,no,no,no,no
occurrence-098,gridania_to_coerthas.pcapng,0,main,-1,332,no,0x0001,no,no,no,no,no
occurrence-098,gridania_to_coerthas.pcapng,0,main,1,334,no,0x0001,no,no,no,no,no
occurrence-098,gridania_to_coerthas.pcapng,0,main,2,335,no,0x0001,no,no,no,no,no
occurrence-098,gridania_to_coerthas.pcapng,0,main,3,336,no,0x0001,no,no,no,no,no
occurrence-098,gridania_to_coerthas.pcapng,0,main,4,337,no,0x0001,no,no,no,no,no
occurrence-098,gridania_to_coerthas.pcapng,0,main,5,338,no,0x0001,no,no,no,no,no
occurrence-099,gridania_to_coerthas.pcapng,0,main,-5,339,no,0x0001,no,no,no,no,no
occurrence-099,gridania_to_coerthas.pcapng,0,main,-4,340,no,0x0001,no,no,no,no,no
occurrence-099,gridania_to_coerthas.pcapng,0,main,-3,341,no,0x0001,no,no,no,no,no
occurrence-099,gridania_to_coerthas.pcapng,0,main,-2,342,no,0x0001,no,no,no,no,no
occurrence-099,gridania_to_coerthas.pcapng,0,main,-1,343,no,0x0001,no,no,no,no,no
occurrence-099,gridania_to_coerthas.pcapng,0,main,1,345,no,0x018b,no,no,yes,yes,no
occurrence-099,gridania_to_coerthas.pcapng,0,main,2,346,no,0x0001,no,no,no,no,no
occurrence-099,gridania_to_coerthas.pcapng,0,main,3,347,no,0x0001,no,no,no,no,no
occurrence-099,gridania_to_coerthas.pcapng,0,main,4,348,no,0x0001,no,no,no,no,no
occurrence-099,gridania_to_coerthas.pcapng,0,main,5,349,no,0x0001,no,no,no,no,no
occurrence-100,gridania_to_coerthas.pcapng,0,main,-5,347,no,0x0001,no,no,no,no,no
occurrence-100,gridania_to_coerthas.pcapng,0,main,-4,348,no,0x0001,no,no,no,no,no
occurrence-100,gridania_to_coerthas.pcapng,0,main,-3,349,no,0x0001,no,no,no,no,no
occurrence-100,gridania_to_coerthas.pcapng,0,main,-2,350,no,0x0001,no,no,no,no,no
occurrence-100,gridania_to_coerthas.pcapng,0,main,-1,351,no,0x0001,no,no,no,no,no
occurrence-100,gridania_to_coerthas.pcapng,0,main,1,353,no,0x0001,no,no,no,no,no
occurrence-100,gridania_to_coerthas.pcapng,0,main,2,354,no,0x018b,no,no,yes,yes,no
occurrence-100,gridania_to_coerthas.pcapng,0,main,3,355,no,0x0001,no,no,no,no,no
occurrence-100,gridania_to_coerthas.pcapng,0,main,4,356,no,0x0001,no,no,no,no,no
occurrence-100,gridania_to_coerthas.pcapng,0,main,5,357,no,0x0001,no,no,no,no,no
occurrence-101,gridania_to_coerthas.pcapng,0,main,-5,372,no,0x00cc,no,yes,no,no,no
occurrence-101,gridania_to_coerthas.pcapng,0,main,-4,373,no,0x0137,no,no,no,no,no
occurrence-101,gridania_to_coerthas.pcapng,0,main,-3,374,no,0x0136,no,no,no,no,no
occurrence-101,gridania_to_coerthas.pcapng,0,main,-2,375,no,0x0136,no,no,no,no,no
occurrence-101,gridania_to_coerthas.pcapng,0,main,-1,376,no,0x0001,no,no,no,no,no
occurrence-101,gridania_to_coerthas.pcapng,0,main,1,378,no,0x00cf,no,no,no,no,no
occurrence-101,gridania_to_coerthas.pcapng,0,main,2,379,no,0x0001,no,no,no,no,no
occurrence-101,gridania_to_coerthas.pcapng,0,main,3,380,no,0x0001,no,no,no,no,no
occurrence-101,gridania_to_coerthas.pcapng,0,main,4,381,no,0x018b,no,no,yes,yes,no
occurrence-101,gridania_to_coerthas.pcapng,0,main,5,382,no,0x0001,no,no,no,no,no
occurrence-102,gridania_to_coerthas.pcapng,0,main,-5,382,no,0x0001,no,no,no,no,no
occurrence-102,gridania_to_coerthas.pcapng,0,main,-4,383,no,0x00cf,no,no,no,no,no
occurrence-102,gridania_to_coerthas.pcapng,0,main,-3,384,no,0x0001,no,no,no,no,no
occurrence-102,gridania_to_coerthas.pcapng,0,main,-2,385,no,0x00cf,no,no,no,no,no
occurrence-102,gridania_to_coerthas.pcapng,0,main,-1,386,no,0x0001,no,no,no,no,no
occurrence-102,gridania_to_coerthas.pcapng,0,main,1,388,no,0x0001,no,no,no,no,no
occurrence-102,gridania_to_coerthas.pcapng,0,main,2,389,no,0x0001,no,no,no,no,no
occurrence-102,gridania_to_coerthas.pcapng,0,main,3,390,no,0x0001,no,no,no,no,no
occurrence-102,gridania_to_coerthas.pcapng,0,main,4,391,no,0x0001,no,no,no,no,no
occurrence-102,gridania_to_coerthas.pcapng,0,main,5,392,no,0x00cf,no,no,no,no,no
occurrence-103,gridania_to_coerthas.pcapng,0,main,-5,396,no,0x0001,no,no,no,no,no
occurrence-103,gridania_to_coerthas.pcapng,0,main,-4,397,no,0x0001,no,no,no,no,no
occurrence-103,gridania_to_coerthas.pcapng,0,main,-3,398,no,0x00cf,no,no,no,no,no
occurrence-103,gridania_to_coerthas.pcapng,0,main,-2,399,no,0x0001,no,no,no,no,no
occurrence-103,gridania_to_coerthas.pcapng,0,main,-1,400,no,0x0001,no,no,no,no,no
occurrence-103,gridania_to_coerthas.pcapng,0,main,1,402,no,0x0001,no,no,no,no,no
occurrence-103,gridania_to_coerthas.pcapng,0,main,2,403,no,0x0001,no,no,no,no,no
occurrence-103,gridania_to_coerthas.pcapng,0,main,3,404,no,0x00cf,no,no,no,no,no
occurrence-103,gridania_to_coerthas.pcapng,0,main,4,405,no,0x0001,no,no,no,no,no
occurrence-103,gridania_to_coerthas.pcapng,0,main,5,406,no,0x018b,no,no,yes,yes,no
occurrence-104,gridania_to_coerthas.pcapng,0,main,-5,412,no,0x0001,no,no,no,no,no
occurrence-104,gridania_to_coerthas.pcapng,0,main,-4,413,no,0x018b,no,no,yes,yes,no
occurrence-104,gridania_to_coerthas.pcapng,0,main,-3,414,no,0x0001,no,no,no,no,no
occurrence-104,gridania_to_coerthas.pcapng,0,main,-2,415,no,0x0001,no,no,no,no,no
occurrence-104,gridania_to_coerthas.pcapng,0,main,-1,416,no,0x00cf,no,no,no,no,no
occurrence-104,gridania_to_coerthas.pcapng,0,main,1,418,no,0x0001,no,no,no,no,no
occurrence-104,gridania_to_coerthas.pcapng,0,main,2,419,no,0x0001,no,no,no,no,no
occurrence-104,gridania_to_coerthas.pcapng,0,main,3,420,no,0x0001,no,no,no,no,no
occurrence-104,gridania_to_coerthas.pcapng,0,main,4,421,no,0x0001,no,no,no,no,no
occurrence-104,gridania_to_coerthas.pcapng,0,main,5,422,no,0x017b,no,no,no,no,no
occurrence-105,gridania_to_coerthas.pcapng,0,main,-5,595,no,0x017a,no,no,yes,no,no
occurrence-105,gridania_to_coerthas.pcapng,0,main,-4,596,no,0x0001,no,no,no,no,no
occurrence-105,gridania_to_coerthas.pcapng,0,main,-3,597,no,0x018b,no,no,yes,yes,no
occurrence-105,gridania_to_coerthas.pcapng,0,main,-2,598,no,0x00cf,no,no,no,no,no
occurrence-105,gridania_to_coerthas.pcapng,0,main,-1,599,no,0x0001,no,no,no,no,no
occurrence-105,gridania_to_coerthas.pcapng,0,main,1,601,no,0x0001,no,no,no,no,no
occurrence-105,gridania_to_coerthas.pcapng,0,main,2,602,no,0x00cf,no,no,no,no,no
occurrence-105,gridania_to_coerthas.pcapng,0,main,3,603,no,0x0001,no,no,no,no,no
occurrence-105,gridania_to_coerthas.pcapng,0,main,4,604,no,0x0001,no,no,no,no,no
occurrence-105,gridania_to_coerthas.pcapng,0,main,5,605,no,0x0001,no,no,no,no,no
occurrence-106,gridania_to_coerthas.pcapng,0,main,-5,613,no,0x00d0,no,no,no,no,no
occurrence-106,gridania_to_coerthas.pcapng,0,main,-4,614,no,0x00d0,no,no,no,no,no
occurrence-106,gridania_to_coerthas.pcapng,0,main,-3,615,no,0x0157,no,no,no,no,no
occurrence-106,gridania_to_coerthas.pcapng,0,main,-2,616,no,0x0139,no,no,no,no,no
occurrence-106,gridania_to_coerthas.pcapng,0,main,-1,617,no,0x0131,no,no,no,no,no
occurrence-106,gridania_to_coerthas.pcapng,0,main,1,619,no,0x0001,no,no,no,no,no
occurrence-106,gridania_to_coerthas.pcapng,0,main,2,620,no,0x00cf,no,no,no,no,no
occurrence-106,gridania_to_coerthas.pcapng,0,main,3,621,no,0x0001,no,no,no,no,no
occurrence-106,gridania_to_coerthas.pcapng,0,main,4,622,no,0x0001,no,no,no,no,no
occurrence-106,gridania_to_coerthas.pcapng,0,main,5,623,no,0x00cf,no,no,no,no,no
occurrence-107,gridania_to_coerthas.pcapng,0,main,-5,623,no,0x00cf,no,no,no,no,no
occurrence-107,gridania_to_coerthas.pcapng,0,main,-4,624,no,0x0001,no,no,no,no,no
occurrence-107,gridania_to_coerthas.pcapng,0,main,-3,625,no,0x0001,no,no,no,no,no
occurrence-107,gridania_to_coerthas.pcapng,0,main,-2,626,no,0x00cf,no,no,no,no,no
occurrence-107,gridania_to_coerthas.pcapng,0,main,-1,627,no,0x018b,no,no,yes,yes,no
occurrence-107,gridania_to_coerthas.pcapng,0,main,1,629,no,0x0001,no,no,no,no,no
occurrence-107,gridania_to_coerthas.pcapng,0,main,2,630,no,0x00cb,no,yes,no,no,no
occurrence-107,gridania_to_coerthas.pcapng,0,main,3,631,no,0x0001,no,no,no,no,no
occurrence-107,gridania_to_coerthas.pcapng,0,main,4,632,no,0x0001,no,no,no,no,no
occurrence-107,gridania_to_coerthas.pcapng,0,main,5,633,no,0x0001,no,no,no,no,no
occurrence-108,gridania_to_coerthas.pcapng,0,main,-5,630,no,0x00cb,no,yes,no,no,no
occurrence-108,gridania_to_coerthas.pcapng,0,main,-4,631,no,0x0001,no,no,no,no,no
occurrence-108,gridania_to_coerthas.pcapng,0,main,-3,632,no,0x0001,no,no,no,no,no
occurrence-108,gridania_to_coerthas.pcapng,0,main,-2,633,no,0x0001,no,no,no,no,no
occurrence-108,gridania_to_coerthas.pcapng,0,main,-1,634,no,0x0001,no,no,no,no,no
occurrence-108,gridania_to_coerthas.pcapng,0,main,1,636,no,0x0001,no,no,no,no,no
occurrence-108,gridania_to_coerthas.pcapng,0,main,2,637,no,0x018b,no,no,yes,yes,no
occurrence-108,gridania_to_coerthas.pcapng,0,main,3,638,no,0x0001,no,no,no,no,no
occurrence-108,gridania_to_coerthas.pcapng,0,main,4,639,no,0x0001,no,no,no,no,no
occurrence-108,gridania_to_coerthas.pcapng,0,main,5,640,no,0x0001,no,no,no,no,no
occurrence-109,gridania_to_coerthas.pcapng,0,main,-5,654,no,0x017b,no,no,no,no,no
occurrence-109,gridania_to_coerthas.pcapng,0,main,-4,655,no,0x00cc,no,yes,no,no,no
occurrence-109,gridania_to_coerthas.pcapng,0,main,-3,656,no,0x0137,no,no,no,no,no
occurrence-109,gridania_to_coerthas.pcapng,0,main,-2,657,no,0x00cf,no,no,no,no,no
occurrence-109,gridania_to_coerthas.pcapng,0,main,-1,658,no,0x0136,no,no,no,no,no
occurrence-109,gridania_to_coerthas.pcapng,0,main,1,660,no,0x0001,no,no,no,no,no
occurrence-109,gridania_to_coerthas.pcapng,0,main,2,661,no,0x0001,no,no,no,no,no
occurrence-109,gridania_to_coerthas.pcapng,0,main,3,662,no,0x018b,no,no,yes,yes,no
occurrence-109,gridania_to_coerthas.pcapng,0,main,4,663,no,0x00cf,no,no,no,no,no
occurrence-109,gridania_to_coerthas.pcapng,0,main,5,664,no,0x0001,no,no,no,no,no
occurrence-110,gridania_to_coerthas.pcapng,0,main,-5,663,no,0x00cf,no,no,no,no,no
occurrence-110,gridania_to_coerthas.pcapng,0,main,-4,664,no,0x0001,no,no,no,no,no
occurrence-110,gridania_to_coerthas.pcapng,0,main,-3,665,no,0x0001,no,no,no,no,no
occurrence-110,gridania_to_coerthas.pcapng,0,main,-2,666,no,0x00cf,no,no,no,no,no
occurrence-110,gridania_to_coerthas.pcapng,0,main,-1,667,no,0x0001,no,no,no,no,no
occurrence-110,gridania_to_coerthas.pcapng,0,main,1,669,no,0x0001,no,no,no,no,no
occurrence-110,gridania_to_coerthas.pcapng,0,main,2,670,no,0x00cf,no,no,no,no,no
occurrence-110,gridania_to_coerthas.pcapng,0,main,3,671,no,0x00ca,no,yes,no,no,no
occurrence-110,gridania_to_coerthas.pcapng,0,main,4,672,no,0x016b,no,no,no,no,no
occurrence-110,gridania_to_coerthas.pcapng,0,main,5,673,no,0x00d0,no,no,no,no,no
occurrence-111,gridania_to_coerthas.pcapng,0,main,-5,714,no,0x0137,no,no,no,no,no
occurrence-111,gridania_to_coerthas.pcapng,0,main,-4,715,no,0x00cf,no,no,no,no,no
occurrence-111,gridania_to_coerthas.pcapng,0,main,-3,716,no,0x00cf,no,no,no,no,no
occurrence-111,gridania_to_coerthas.pcapng,0,main,-2,717,no,0x00cf,no,no,no,no,no
occurrence-111,gridania_to_coerthas.pcapng,0,main,-1,718,no,0x017a,no,no,yes,no,no
occurrence-111,gridania_to_coerthas.pcapng,0,main,1,720,no,0x0001,no,no,no,no,no
occurrence-111,gridania_to_coerthas.pcapng,0,main,2,721,no,0x00ca,no,yes,no,no,no
occurrence-111,gridania_to_coerthas.pcapng,0,main,3,722,no,0x012e,no,no,no,no,no
occurrence-111,gridania_to_coerthas.pcapng,0,main,4,723,no,0x016b,no,no,no,no,no
occurrence-111,gridania_to_coerthas.pcapng,0,main,5,724,no,0x016b,no,no,no,no,no
occurrence-112,gridania_to_coerthas.pcapng,0,main,-5,794,no,0x00cf,no,no,no,no,no
occurrence-112,gridania_to_coerthas.pcapng,0,main,-4,795,no,0x00cf,no,no,no,no,no
occurrence-112,gridania_to_coerthas.pcapng,0,main,-3,796,no,0x00cf,no,no,no,no,no
occurrence-112,gridania_to_coerthas.pcapng,0,main,-2,797,no,0x00cf,no,no,no,no,no
occurrence-112,gridania_to_coerthas.pcapng,0,main,-1,798,no,0x0001,no,no,no,no,no
occurrence-112,gridania_to_coerthas.pcapng,0,main,1,800,no,0x0001,no,no,no,no,no
occurrence-112,gridania_to_coerthas.pcapng,0,main,2,801,no,0x00cf,no,no,no,no,no
occurrence-112,gridania_to_coerthas.pcapng,0,main,3,802,no,0x00cf,no,no,no,no,no
occurrence-112,gridania_to_coerthas.pcapng,0,main,4,803,no,0x00cf,no,no,no,no,no
occurrence-112,gridania_to_coerthas.pcapng,0,main,5,804,no,0x00cf,no,no,no,no,no
occurrence-113,gridania_to_coerthas.pcapng,0,main,-5,898,no,0x00cf,no,no,no,no,no
occurrence-113,gridania_to_coerthas.pcapng,0,main,-4,899,no,0x00cf,no,no,no,no,no
occurrence-113,gridania_to_coerthas.pcapng,0,main,-3,900,no,0x00cf,no,no,no,no,no
occurrence-113,gridania_to_coerthas.pcapng,0,main,-2,901,no,0x00cf,no,no,no,no,no
occurrence-113,gridania_to_coerthas.pcapng,0,main,-1,902,no,0x00cf,no,no,no,no,no
occurrence-113,gridania_to_coerthas.pcapng,0,main,1,904,no,0x0001,no,no,no,no,no
occurrence-113,gridania_to_coerthas.pcapng,0,main,2,905,no,0x0001,no,no,no,no,no
occurrence-113,gridania_to_coerthas.pcapng,0,main,3,906,no,0x00ca,no,yes,no,no,no
occurrence-113,gridania_to_coerthas.pcapng,0,main,4,907,no,0x016b,no,no,no,no,no
occurrence-113,gridania_to_coerthas.pcapng,0,main,5,908,no,0x00d0,no,no,no,no,no
occurrence-114,gridania_to_coerthas.pcapng,0,main,-5,1004,no,0x00cf,no,no,no,no,no
occurrence-114,gridania_to_coerthas.pcapng,0,main,-4,1005,no,0x00cf,no,no,no,no,no
occurrence-114,gridania_to_coerthas.pcapng,0,main,-3,1006,no,0x0001,no,no,no,no,no
occurrence-114,gridania_to_coerthas.pcapng,0,main,-2,1007,no,0x017a,no,no,yes,no,no
occurrence-114,gridania_to_coerthas.pcapng,0,main,-1,1008,no,0x00cb,no,yes,no,no,no
occurrence-114,gridania_to_coerthas.pcapng,0,main,1,1010,no,0x0001,no,no,no,no,no
occurrence-114,gridania_to_coerthas.pcapng,0,main,2,1011,no,0x018b,no,no,yes,yes,no
occurrence-114,gridania_to_coerthas.pcapng,0,main,3,1012,no,0x00ca,no,yes,no,no,no
occurrence-114,gridania_to_coerthas.pcapng,0,main,4,1013,no,0x016b,no,no,no,no,no
occurrence-114,gridania_to_coerthas.pcapng,0,main,5,1014,no,0x00d0,no,no,no,no,no
occurrence-115,gridania_to_coerthas.pcapng,0,main,-5,1104,no,0x0179,no,no,no,no,no
occurrence-115,gridania_to_coerthas.pcapng,0,main,-4,1105,no,0x0145,no,no,no,no,no
occurrence-115,gridania_to_coerthas.pcapng,0,main,-3,1106,no,0x017b,no,no,no,no,no
occurrence-115,gridania_to_coerthas.pcapng,0,main,-2,1107,no,0x00cc,no,yes,no,no,no
occurrence-115,gridania_to_coerthas.pcapng,0,main,-1,1108,no,0x0137,no,no,no,no,no
occurrence-115,gridania_to_coerthas.pcapng,0,main,1,1110,no,0x017a,no,no,yes,no,no
occurrence-115,gridania_to_coerthas.pcapng,0,main,2,1111,no,0x0001,no,no,no,no,no
occurrence-115,gridania_to_coerthas.pcapng,0,main,3,1112,no,0x018b,no,no,yes,yes,no
occurrence-115,gridania_to_coerthas.pcapng,0,main,4,1113,no,0x00cf,no,no,no,no,no
occurrence-115,gridania_to_coerthas.pcapng,0,main,5,1114,no,0x00cf,no,no,no,no,no
occurrence-116,gridania_to_coerthas.pcapng,0,main,-5,1171,no,0x00cf,no,no,no,no,no
occurrence-116,gridania_to_coerthas.pcapng,0,main,-4,1172,no,0x00cf,no,no,no,no,no
occurrence-116,gridania_to_coerthas.pcapng,0,main,-3,1173,no,0x00cf,no,no,no,no,no
occurrence-116,gridania_to_coerthas.pcapng,0,main,-2,1174,no,0x0001,no,no,no,no,no
occurrence-116,gridania_to_coerthas.pcapng,0,main,-1,1175,no,0x0001,no,no,no,no,no
occurrence-116,gridania_to_coerthas.pcapng,0,main,1,1177,no,0x00cb,no,yes,no,no,no
occurrence-116,gridania_to_coerthas.pcapng,0,main,2,1178,no,0x00cb,no,yes,no,no,no
occurrence-116,gridania_to_coerthas.pcapng,0,main,3,1179,no,0x0001,no,no,no,no,no
occurrence-116,gridania_to_coerthas.pcapng,0,main,4,1180,no,0x00cf,no,no,no,no,no
occurrence-116,gridania_to_coerthas.pcapng,0,main,5,1181,no,0x00cf,no,no,no,no,no
occurrence-117,gridania_to_coerthas.pcapng,0,main,-5,1210,yes,0x00cf,no,no,no,no,no
occurrence-117,gridania_to_coerthas.pcapng,0,main,-4,1211,yes,0x00cf,no,no,no,no,no
occurrence-117,gridania_to_coerthas.pcapng,0,main,-3,1212,yes,0x00cf,no,no,no,no,no
occurrence-117,gridania_to_coerthas.pcapng,0,main,-2,1213,yes,0x00cf,no,no,no,no,no
occurrence-117,gridania_to_coerthas.pcapng,0,main,-1,1214,yes,0x00cf,no,no,no,no,no
occurrence-117,gridania_to_coerthas.pcapng,0,main,1,1216,no,0x0001,no,no,no,no,no
occurrence-117,gridania_to_coerthas.pcapng,0,main,2,1217,no,0x00cb,no,yes,no,no,no
occurrence-117,gridania_to_coerthas.pcapng,0,main,3,1218,no,0x00ca,no,yes,no,no,no
occurrence-117,gridania_to_coerthas.pcapng,0,main,4,1219,no,0x012e,no,no,no,no,no
occurrence-117,gridania_to_coerthas.pcapng,0,main,5,1220,no,0x016b,no,no,no,no,no
occurrence-118,gridania_to_coerthas.pcapng,0,main,-5,1313,no,0x00cf,no,no,no,no,no
occurrence-118,gridania_to_coerthas.pcapng,0,main,-4,1314,no,0x00cf,no,no,no,no,no
occurrence-118,gridania_to_coerthas.pcapng,0,main,-3,1315,no,0x00cf,no,no,no,no,no
occurrence-118,gridania_to_coerthas.pcapng,0,main,-2,1316,no,0x0001,no,no,no,no,no
occurrence-118,gridania_to_coerthas.pcapng,0,main,-1,1317,no,0x00cb,no,yes,no,no,no
occurrence-118,gridania_to_coerthas.pcapng,0,main,1,1319,no,0x0001,no,no,no,no,no
occurrence-118,gridania_to_coerthas.pcapng,0,main,2,1320,no,0x00ca,no,yes,no,no,no
occurrence-118,gridania_to_coerthas.pcapng,0,main,3,1321,no,0x016b,no,no,no,no,no
occurrence-118,gridania_to_coerthas.pcapng,0,main,4,1322,no,0x00d0,no,no,no,no,no
occurrence-118,gridania_to_coerthas.pcapng,0,main,5,1323,no,0x00ce,no,no,no,no,no
occurrence-119,gridania_to_coerthas.pcapng,0,main,-5,1459,no,0x017b,no,no,no,no,no
occurrence-119,gridania_to_coerthas.pcapng,0,main,-4,1460,no,0x00cc,no,yes,no,no,no
occurrence-119,gridania_to_coerthas.pcapng,0,main,-3,1461,no,0x0137,no,no,no,no,no
occurrence-119,gridania_to_coerthas.pcapng,0,main,-2,1462,no,0x0001,no,no,no,no,no
occurrence-119,gridania_to_coerthas.pcapng,0,main,-1,1463,no,0x017a,no,no,yes,no,no
occurrence-119,gridania_to_coerthas.pcapng,0,main,1,1465,no,0x00cf,no,no,no,no,no
occurrence-119,gridania_to_coerthas.pcapng,0,main,2,1466,no,0x00cf,no,no,no,no,no
occurrence-119,gridania_to_coerthas.pcapng,0,main,3,1467,no,0x00cf,no,no,no,no,no
occurrence-119,gridania_to_coerthas.pcapng,0,main,4,1468,no,0x00cf,no,no,no,no,no
occurrence-119,gridania_to_coerthas.pcapng,0,main,5,1469,no,0x00cf,no,no,no,no,no
occurrence-120,gridania_to_coerthas.pcapng,0,main,-5,1499,no,0x00cf,no,no,no,no,no
occurrence-120,gridania_to_coerthas.pcapng,0,main,-4,1500,no,0x00cf,no,no,no,no,no
occurrence-120,gridania_to_coerthas.pcapng,0,main,-3,1501,no,0x00cf,no,no,no,no,no
occurrence-120,gridania_to_coerthas.pcapng,0,main,-2,1502,no,0x00cf,no,no,no,no,no
occurrence-120,gridania_to_coerthas.pcapng,0,main,-1,1503,no,0x0001,no,no,no,no,no
occurrence-120,gridania_to_coerthas.pcapng,0,main,1,1505,no,0x018b,no,no,yes,yes,no
occurrence-120,gridania_to_coerthas.pcapng,0,main,2,1506,no,0x00cf,no,no,no,no,no
occurrence-120,gridania_to_coerthas.pcapng,0,main,3,1507,no,0x0001,no,no,no,no,no
occurrence-120,gridania_to_coerthas.pcapng,0,main,4,1508,no,0x00cf,no,no,no,no,no
occurrence-120,gridania_to_coerthas.pcapng,0,main,5,1509,no,0x00cf,no,no,no,no,no
occurrence-121,gridania_to_coerthas.pcapng,0,main,-5,1528,no,0x00cf,no,no,no,no,no
occurrence-121,gridania_to_coerthas.pcapng,0,main,-4,1529,no,0x00cf,no,no,no,no,no
occurrence-121,gridania_to_coerthas.pcapng,0,main,-3,1530,no,0x00cf,no,no,no,no,no
occurrence-121,gridania_to_coerthas.pcapng,0,main,-2,1531,no,0x0001,no,no,no,no,no
occurrence-121,gridania_to_coerthas.pcapng,0,main,-1,1532,no,0x0001,no,no,no,no,no
occurrence-121,gridania_to_coerthas.pcapng,0,main,1,1534,no,0x00cf,no,no,no,no,no
occurrence-121,gridania_to_coerthas.pcapng,0,main,2,1535,no,0x00cf,no,no,no,no,no
occurrence-121,gridania_to_coerthas.pcapng,0,main,3,1536,no,0x00cf,no,no,no,no,no
occurrence-121,gridania_to_coerthas.pcapng,0,main,4,1537,no,0x00cf,no,no,no,no,no
occurrence-121,gridania_to_coerthas.pcapng,0,main,5,1538,no,0x00cf,no,no,no,no,no
occurrence-122,gridania_to_coerthas.pcapng,0,main,-5,1580,no,0x00cf,no,no,no,no,no
occurrence-122,gridania_to_coerthas.pcapng,0,main,-4,1581,no,0x00cf,no,no,no,no,no
occurrence-122,gridania_to_coerthas.pcapng,0,main,-3,1582,no,0x00cf,no,no,no,no,no
occurrence-122,gridania_to_coerthas.pcapng,0,main,-2,1583,no,0x00cf,no,no,no,no,no
occurrence-122,gridania_to_coerthas.pcapng,0,main,-1,1584,no,0x0001,no,no,no,no,no
occurrence-122,gridania_to_coerthas.pcapng,0,main,1,1586,no,0x017a,no,no,yes,no,no
occurrence-122,gridania_to_coerthas.pcapng,0,main,2,1587,no,0x00cb,no,yes,no,no,no
occurrence-122,gridania_to_coerthas.pcapng,0,main,3,1588,no,0x0001,no,no,no,no,no
occurrence-122,gridania_to_coerthas.pcapng,0,main,4,1589,no,0x00cf,no,no,no,no,no
occurrence-122,gridania_to_coerthas.pcapng,0,main,5,1590,no,0x00cf,no,no,no,no,no
occurrence-123,gridania_to_coerthas.pcapng,0,main,-5,1680,no,0x0137,no,no,no,no,no
occurrence-123,gridania_to_coerthas.pcapng,0,main,-4,1681,no,0x0136,no,no,no,no,no
occurrence-123,gridania_to_coerthas.pcapng,0,main,-3,1682,no,0x0136,no,no,no,no,no
occurrence-123,gridania_to_coerthas.pcapng,0,main,-2,1683,no,0x0136,no,no,no,no,no
occurrence-123,gridania_to_coerthas.pcapng,0,main,-1,1684,no,0x0001,no,no,no,no,no
occurrence-123,gridania_to_coerthas.pcapng,0,main,1,1686,no,0x00cf,no,no,no,no,no
occurrence-123,gridania_to_coerthas.pcapng,0,main,2,1687,no,0x00cf,no,no,no,no,no
occurrence-123,gridania_to_coerthas.pcapng,0,main,3,1688,no,0x00cf,no,no,no,no,no
occurrence-123,gridania_to_coerthas.pcapng,0,main,4,1689,no,0x00cf,no,no,no,no,no
occurrence-123,gridania_to_coerthas.pcapng,0,main,5,1690,no,0x00cf,no,no,no,no,no
occurrence-124,gridania_to_coerthas.pcapng,0,main,-5,1702,no,0x00cf,no,no,no,no,no
occurrence-124,gridania_to_coerthas.pcapng,0,main,-4,1703,no,0x00cf,no,no,no,no,no
occurrence-124,gridania_to_coerthas.pcapng,0,main,-3,1704,no,0x00cf,no,no,no,no,no
occurrence-124,gridania_to_coerthas.pcapng,0,main,-2,1705,no,0x00cf,no,no,no,no,no
occurrence-124,gridania_to_coerthas.pcapng,0,main,-1,1706,no,0x0001,no,no,no,no,no
occurrence-124,gridania_to_coerthas.pcapng,0,main,1,1708,no,0x0001,no,no,no,no,no
occurrence-124,gridania_to_coerthas.pcapng,0,main,2,1709,no,0x00cf,no,no,no,no,no
occurrence-124,gridania_to_coerthas.pcapng,0,main,3,1710,no,0x00cf,no,no,no,no,no
occurrence-124,gridania_to_coerthas.pcapng,0,main,4,1711,no,0x00cf,no,no,no,no,no
occurrence-124,gridania_to_coerthas.pcapng,0,main,5,1712,no,0x00cf,no,no,no,no,no
occurrence-125,gridania_to_coerthas.pcapng,0,main,-5,1758,no,0x017b,no,no,no,no,no
occurrence-125,gridania_to_coerthas.pcapng,0,main,-4,1759,no,0x00cc,no,yes,no,no,no
occurrence-125,gridania_to_coerthas.pcapng,0,main,-3,1760,no,0x0137,no,no,no,no,no
occurrence-125,gridania_to_coerthas.pcapng,0,main,-2,1761,no,0x0001,no,no,no,no,no
occurrence-125,gridania_to_coerthas.pcapng,0,main,-1,1762,no,0x017a,no,no,yes,no,no
occurrence-125,gridania_to_coerthas.pcapng,0,main,1,1764,no,0x00ca,no,yes,no,no,no
occurrence-125,gridania_to_coerthas.pcapng,0,main,2,1765,no,0x016b,no,no,no,no,no
occurrence-125,gridania_to_coerthas.pcapng,0,main,3,1766,no,0x00d0,no,no,no,no,no
occurrence-125,gridania_to_coerthas.pcapng,0,main,4,1767,no,0x00ce,no,no,no,no,no
occurrence-125,gridania_to_coerthas.pcapng,0,main,5,1768,no,0x00cf,no,no,no,no,no
occurrence-126,gridania_to_coerthas.pcapng,0,main,-5,1870,no,0x00cf,no,no,no,no,no
occurrence-126,gridania_to_coerthas.pcapng,0,main,-4,1871,no,0x00cf,no,no,no,no,no
occurrence-126,gridania_to_coerthas.pcapng,0,main,-3,1872,no,0x00cf,no,no,no,no,no
occurrence-126,gridania_to_coerthas.pcapng,0,main,-2,1873,no,0x00cf,no,no,no,no,no
occurrence-126,gridania_to_coerthas.pcapng,0,main,-1,1874,no,0x018b,no,no,yes,yes,no
occurrence-126,gridania_to_coerthas.pcapng,0,main,1,1876,no,0x0001,no,no,no,no,no
occurrence-126,gridania_to_coerthas.pcapng,0,main,2,1877,no,0x00cb,no,yes,no,no,no
occurrence-126,gridania_to_coerthas.pcapng,0,main,3,1878,no,0x0001,no,no,no,no,no
occurrence-126,gridania_to_coerthas.pcapng,0,main,4,1879,no,0x00cf,no,no,no,no,no
occurrence-126,gridania_to_coerthas.pcapng,0,main,5,1880,no,0x00cf,no,no,no,no,no
occurrence-127,gridania_to_coerthas.pcapng,0,main,-5,1915,no,0x00cf,no,no,no,no,no
occurrence-127,gridania_to_coerthas.pcapng,0,main,-4,1916,no,0x00cf,no,no,no,no,no
occurrence-127,gridania_to_coerthas.pcapng,0,main,-3,1917,no,0x00cf,no,no,no,no,no
occurrence-127,gridania_to_coerthas.pcapng,0,main,-2,1918,no,0x017a,no,no,yes,no,no
occurrence-127,gridania_to_coerthas.pcapng,0,main,-1,1919,no,0x0001,no,no,no,no,no
occurrence-127,gridania_to_coerthas.pcapng,0,main,1,1921,no,0x0001,no,no,no,no,no
occurrence-127,gridania_to_coerthas.pcapng,0,main,2,1922,no,0x00cf,no,no,no,no,no
occurrence-127,gridania_to_coerthas.pcapng,0,main,3,1923,no,0x00cf,no,no,no,no,no
occurrence-127,gridania_to_coerthas.pcapng,0,main,4,1924,no,0x00cf,no,no,no,no,no
occurrence-127,gridania_to_coerthas.pcapng,0,main,5,1925,no,0x00cf,no,no,no,no,no
occurrence-128,gridania_to_coerthas.pcapng,0,main,-5,1946,no,0x00cf,no,no,no,no,no
occurrence-128,gridania_to_coerthas.pcapng,0,main,-4,1947,no,0x00cf,no,no,no,no,no
occurrence-128,gridania_to_coerthas.pcapng,0,main,-3,1948,no,0x00cf,no,no,no,no,no
occurrence-128,gridania_to_coerthas.pcapng,0,main,-2,1949,no,0x00cf,no,no,no,no,no
occurrence-128,gridania_to_coerthas.pcapng,0,main,-1,1950,no,0x00cf,no,no,no,no,no
occurrence-128,gridania_to_coerthas.pcapng,0,main,1,1952,no,0x0001,no,no,no,no,no
occurrence-128,gridania_to_coerthas.pcapng,0,main,2,1953,no,0x00cb,no,yes,no,no,no
occurrence-128,gridania_to_coerthas.pcapng,0,main,3,1954,no,0x00ca,no,yes,no,no,no
occurrence-128,gridania_to_coerthas.pcapng,0,main,4,1955,no,0x016b,no,no,no,no,no
occurrence-128,gridania_to_coerthas.pcapng,0,main,5,1956,no,0x00d0,no,no,no,no,no
occurrence-129,gridania_to_coerthas.pcapng,0,main,-5,2179,yes,0x0179,no,no,no,no,no
occurrence-129,gridania_to_coerthas.pcapng,0,main,-4,2180,yes,0x0145,no,no,no,no,no
occurrence-129,gridania_to_coerthas.pcapng,0,main,-3,2181,yes,0x017b,no,no,no,no,no
occurrence-129,gridania_to_coerthas.pcapng,0,main,-2,2182,yes,0x00cc,no,yes,no,no,no
occurrence-129,gridania_to_coerthas.pcapng,0,main,-1,2183,yes,0x0137,no,no,no,no,no
occurrence-129,gridania_to_coerthas.pcapng,0,main,1,2185,no,0x0001,no,no,no,no,no
occurrence-129,gridania_to_coerthas.pcapng,0,main,2,2186,no,0x017a,no,no,yes,no,no
occurrence-129,gridania_to_coerthas.pcapng,0,main,3,2187,no,0x017a,no,no,yes,no,no
occurrence-129,gridania_to_coerthas.pcapng,0,main,4,2188,no,0x017a,no,no,yes,no,no
occurrence-129,gridania_to_coerthas.pcapng,0,main,5,2189,no,0x017a,no,no,yes,no,no
occurrence-130,gridania_to_coerthas.pcapng,0,main,-5,2231,no,0x00cf,no,no,no,no,no
occurrence-130,gridania_to_coerthas.pcapng,0,main,-4,2232,no,0x00cb,no,yes,no,no,no
occurrence-130,gridania_to_coerthas.pcapng,0,main,-3,2233,no,0x0001,no,no,no,no,no
occurrence-130,gridania_to_coerthas.pcapng,0,main,-2,2234,no,0x0001,no,no,no,no,no
occurrence-130,gridania_to_coerthas.pcapng,0,main,-1,2235,no,0x00cb,no,yes,no,no,no
occurrence-130,gridania_to_coerthas.pcapng,0,main,1,2237,no,0x00cf,no,no,no,no,no
occurrence-130,gridania_to_coerthas.pcapng,0,main,2,2238,no,0x00cf,no,no,no,no,no
occurrence-130,gridania_to_coerthas.pcapng,0,main,3,2239,no,0x00cf,no,no,no,no,no
occurrence-130,gridania_to_coerthas.pcapng,0,main,4,2240,no,0x00cf,no,no,no,no,no
occurrence-130,gridania_to_coerthas.pcapng,0,main,5,2241,no,0x00cf,no,no,no,no,no
occurrence-131,gridania_to_coerthas.pcapng,0,main,-5,2289,no,0x00cf,no,no,no,no,no
occurrence-131,gridania_to_coerthas.pcapng,0,main,-4,2290,no,0x00cf,no,no,no,no,no
occurrence-131,gridania_to_coerthas.pcapng,0,main,-3,2291,no,0x00cf,no,no,no,no,no
occurrence-131,gridania_to_coerthas.pcapng,0,main,-2,2292,no,0x00cf,no,no,no,no,no
occurrence-131,gridania_to_coerthas.pcapng,0,main,-1,2293,no,0x00cf,no,no,no,no,no
occurrence-131,gridania_to_coerthas.pcapng,0,main,1,2295,no,0x0001,no,no,no,no,no
occurrence-131,gridania_to_coerthas.pcapng,0,main,2,2296,no,0x00cf,no,no,no,no,no
occurrence-131,gridania_to_coerthas.pcapng,0,main,3,2297,no,0x00cf,no,no,no,no,no
occurrence-131,gridania_to_coerthas.pcapng,0,main,4,2298,no,0x00cf,no,no,no,no,no
occurrence-131,gridania_to_coerthas.pcapng,0,main,5,2299,no,0x00cf,no,no,no,no,no
occurrence-132,gridania_to_coerthas.pcapng,0,main,-5,2317,no,0x00cf,no,no,no,no,no
occurrence-132,gridania_to_coerthas.pcapng,0,main,-4,2318,no,0x00cf,no,no,no,no,no
occurrence-132,gridania_to_coerthas.pcapng,0,main,-3,2319,no,0x00cf,no,no,no,no,no
occurrence-132,gridania_to_coerthas.pcapng,0,main,-2,2320,no,0x0001,no,no,no,no,no
occurrence-132,gridania_to_coerthas.pcapng,0,main,-1,2321,no,0x018b,no,no,yes,yes,no
occurrence-132,gridania_to_coerthas.pcapng,0,main,1,2323,no,0x00cf,no,no,no,no,no
occurrence-132,gridania_to_coerthas.pcapng,0,main,2,2324,no,0x00cf,no,no,no,no,no
occurrence-132,gridania_to_coerthas.pcapng,0,main,3,2325,no,0x00cf,no,no,no,no,no
occurrence-132,gridania_to_coerthas.pcapng,0,main,4,2326,no,0x00cf,no,no,no,no,no
occurrence-132,gridania_to_coerthas.pcapng,0,main,5,2327,no,0x00cf,no,no,no,no,no
occurrence-133,gridania_to_coerthas.pcapng,0,main,-5,2375,no,0x0179,no,no,no,no,no
occurrence-133,gridania_to_coerthas.pcapng,0,main,-4,2376,no,0x0145,no,no,no,no,no
occurrence-133,gridania_to_coerthas.pcapng,0,main,-3,2377,no,0x017b,no,no,no,no,no
occurrence-133,gridania_to_coerthas.pcapng,0,main,-2,2378,no,0x00cc,no,yes,no,no,no
occurrence-133,gridania_to_coerthas.pcapng,0,main,-1,2379,no,0x0137,no,no,no,no,no
occurrence-133,gridania_to_coerthas.pcapng,0,main,1,2381,no,0x0001,no,no,no,no,no
occurrence-133,gridania_to_coerthas.pcapng,0,main,2,2382,no,0x018b,no,no,yes,yes,no
occurrence-133,gridania_to_coerthas.pcapng,0,main,3,2383,no,0x017a,no,no,yes,no,no
occurrence-133,gridania_to_coerthas.pcapng,0,main,4,2384,no,0x00cb,no,yes,no,no,no
occurrence-133,gridania_to_coerthas.pcapng,0,main,5,2385,no,0x00ca,no,yes,no,no,no
occurrence-134,gridania_to_coerthas.pcapng,0,main,-5,2508,no,0x0137,no,no,no,no,no
occurrence-134,gridania_to_coerthas.pcapng,0,main,-4,2509,no,0x0001,no,no,no,no,no
occurrence-134,gridania_to_coerthas.pcapng,0,main,-3,2510,no,0x017a,no,no,yes,no,no
occurrence-134,gridania_to_coerthas.pcapng,0,main,-2,2511,no,0x017a,no,no,yes,no,no
occurrence-134,gridania_to_coerthas.pcapng,0,main,-1,2512,no,0x017a,no,no,yes,no,no
occurrence-134,gridania_to_coerthas.pcapng,0,main,1,2514,no,0x00ca,no,yes,no,no,no
occurrence-134,gridania_to_coerthas.pcapng,0,main,2,2515,no,0x016b,no,no,no,no,no
occurrence-134,gridania_to_coerthas.pcapng,0,main,3,2516,no,0x00d0,no,no,no,no,no
occurrence-134,gridania_to_coerthas.pcapng,0,main,4,2517,no,0x00ce,no,no,no,no,no
occurrence-134,gridania_to_coerthas.pcapng,0,main,5,2518,no,0x00cf,no,no,no,no,no
occurrence-135,gridania_to_coerthas.pcapng,0,main,-5,2680,no,0x00cf,no,no,no,no,no
occurrence-135,gridania_to_coerthas.pcapng,0,main,-4,2681,no,0x00cf,no,no,no,no,no
occurrence-135,gridania_to_coerthas.pcapng,0,main,-3,2682,no,0x00cf,no,no,no,no,no
occurrence-135,gridania_to_coerthas.pcapng,0,main,-2,2683,no,0x00cf,no,no,no,no,no
occurrence-135,gridania_to_coerthas.pcapng,0,main,-1,2684,no,0x00cf,no,no,no,no,no
occurrence-135,gridania_to_coerthas.pcapng,0,main,1,2686,no,0x0001,no,no,no,no,no
occurrence-135,gridania_to_coerthas.pcapng,0,main,2,2687,no,0x00cf,no,no,no,no,no
occurrence-135,gridania_to_coerthas.pcapng,0,main,3,2688,no,0x0001,no,no,no,no,no
occurrence-135,gridania_to_coerthas.pcapng,0,main,4,2689,no,0x00cf,no,no,no,no,no
occurrence-135,gridania_to_coerthas.pcapng,0,main,5,2690,no,0x00cf,no,no,no,no,no
occurrence-136,gridania_to_coerthas.pcapng,0,main,-5,2708,no,0x00cf,no,no,no,no,no
occurrence-136,gridania_to_coerthas.pcapng,0,main,-4,2709,no,0x00cf,no,no,no,no,no
occurrence-136,gridania_to_coerthas.pcapng,0,main,-3,2710,no,0x00cf,no,no,no,no,no
occurrence-136,gridania_to_coerthas.pcapng,0,main,-2,2711,no,0x00cf,no,no,no,no,no
occurrence-136,gridania_to_coerthas.pcapng,0,main,-1,2712,no,0x0001,no,no,no,no,no
occurrence-136,gridania_to_coerthas.pcapng,0,main,1,2714,no,0x0001,no,no,no,no,no
occurrence-136,gridania_to_coerthas.pcapng,0,main,2,2715,no,0x00cf,no,no,no,no,no
occurrence-136,gridania_to_coerthas.pcapng,0,main,3,2716,no,0x00cf,no,no,no,no,no
occurrence-136,gridania_to_coerthas.pcapng,0,main,4,2717,no,0x00cf,no,no,no,no,no
occurrence-136,gridania_to_coerthas.pcapng,0,main,5,2718,no,0x00cf,no,no,no,no,no
occurrence-137,gridania_to_coerthas.pcapng,0,main,-5,2749,no,0x00cf,no,no,no,no,no
occurrence-137,gridania_to_coerthas.pcapng,0,main,-4,2750,no,0x00cf,no,no,no,no,no
occurrence-137,gridania_to_coerthas.pcapng,0,main,-3,2751,no,0x00cf,no,no,no,no,no
occurrence-137,gridania_to_coerthas.pcapng,0,main,-2,2752,no,0x00cf,no,no,no,no,no
occurrence-137,gridania_to_coerthas.pcapng,0,main,-1,2753,no,0x0001,no,no,no,no,no
occurrence-137,gridania_to_coerthas.pcapng,0,main,1,2755,no,0x00cb,no,yes,no,no,no
occurrence-137,gridania_to_coerthas.pcapng,0,main,2,2756,no,0x0001,no,no,no,no,no
occurrence-137,gridania_to_coerthas.pcapng,0,main,3,2757,no,0x00cb,no,yes,no,no,no
occurrence-137,gridania_to_coerthas.pcapng,0,main,4,2758,no,0x00cb,no,yes,no,no,no
occurrence-137,gridania_to_coerthas.pcapng,0,main,5,2759,no,0x00cb,no,yes,no,no,no
occurrence-138,gridania_to_coerthas.pcapng,0,main,-5,2779,no,0x018b,no,no,yes,yes,no
occurrence-138,gridania_to_coerthas.pcapng,0,main,-4,2780,no,0x00cb,no,yes,no,no,no
occurrence-138,gridania_to_coerthas.pcapng,0,main,-3,2781,no,0x00cb,no,yes,no,no,no
occurrence-138,gridania_to_coerthas.pcapng,0,main,-2,2782,no,0x00cb,no,yes,no,no,no
occurrence-138,gridania_to_coerthas.pcapng,0,main,-1,2783,no,0x00cb,no,yes,no,no,no
occurrence-138,gridania_to_coerthas.pcapng,0,main,1,2785,no,0x0001,no,no,no,no,no
occurrence-138,gridania_to_coerthas.pcapng,0,main,2,2786,no,0x00cb,no,yes,no,no,no
occurrence-138,gridania_to_coerthas.pcapng,0,main,3,2787,no,0x00cb,no,yes,no,no,no
occurrence-138,gridania_to_coerthas.pcapng,0,main,4,2788,no,0x00cf,no,no,no,no,no
occurrence-138,gridania_to_coerthas.pcapng,0,main,5,2789,no,0x0001,no,no,no,no,no
occurrence-139,gridania_to_coerthas.pcapng,0,main,-5,2789,no,0x0001,no,no,no,no,no
occurrence-139,gridania_to_coerthas.pcapng,0,main,-4,2790,no,0x0001,no,no,no,no,no
occurrence-139,gridania_to_coerthas.pcapng,0,main,-3,2791,no,0x00cb,no,yes,no,no,no
occurrence-139,gridania_to_coerthas.pcapng,0,main,-2,2792,no,0x0001,no,no,no,no,no
occurrence-139,gridania_to_coerthas.pcapng,0,main,-1,2793,no,0x0001,no,no,no,no,no
occurrence-139,gridania_to_coerthas.pcapng,0,main,1,2795,no,0x00ca,no,yes,no,no,no
occurrence-139,gridania_to_coerthas.pcapng,0,main,2,2796,no,0x016b,no,no,no,no,no
occurrence-139,gridania_to_coerthas.pcapng,0,main,3,2797,no,0x016f,no,no,no,no,no
occurrence-139,gridania_to_coerthas.pcapng,0,main,4,2798,no,0x00d0,no,no,no,no,no
occurrence-139,gridania_to_coerthas.pcapng,0,main,5,2799,no,0x00ce,no,no,no,no,no
occurrence-140,gridania_to_coerthas.pcapng,0,main,-5,2832,no,0x0136,no,no,no,no,no
occurrence-140,gridania_to_coerthas.pcapng,0,main,-4,2833,no,0x00cf,no,no,no,no,no
occurrence-140,gridania_to_coerthas.pcapng,0,main,-3,2834,no,0x00cf,no,no,no,no,no
occurrence-140,gridania_to_coerthas.pcapng,0,main,-2,2835,no,0x0001,no,no,no,no,no
occurrence-140,gridania_to_coerthas.pcapng,0,main,-1,2836,no,0x0001,no,no,no,no,no
occurrence-140,gridania_to_coerthas.pcapng,0,main,1,2838,no,0x0001,no,no,no,no,no
occurrence-140,gridania_to_coerthas.pcapng,0,main,2,2839,no,0x00cf,no,no,no,no,no
occurrence-140,gridania_to_coerthas.pcapng,0,main,3,2840,no,0x00cf,no,no,no,no,no
occurrence-140,gridania_to_coerthas.pcapng,0,main,4,2841,no,0x018b,no,no,yes,yes,no
occurrence-140,gridania_to_coerthas.pcapng,0,main,5,2842,no,0x00ca,no,yes,no,no,no
occurrence-141,gridania_to_coerthas.pcapng,0,main,-5,2883,no,0x00cf,no,no,no,no,no
occurrence-141,gridania_to_coerthas.pcapng,0,main,-4,2884,no,0x0001,no,no,no,no,no
occurrence-141,gridania_to_coerthas.pcapng,0,main,-3,2885,no,0x017a,no,no,yes,no,no
occurrence-141,gridania_to_coerthas.pcapng,0,main,-2,2886,no,0x0001,no,no,no,no,no
occurrence-141,gridania_to_coerthas.pcapng,0,main,-1,2887,no,0x0001,no,no,no,no,no
occurrence-141,gridania_to_coerthas.pcapng,0,main,1,2889,no,0x00cf,no,no,no,no,no
occurrence-141,gridania_to_coerthas.pcapng,0,main,2,2890,no,0x00cf,no,no,no,no,no
occurrence-141,gridania_to_coerthas.pcapng,0,main,3,2891,no,0x00cf,no,no,no,no,no
occurrence-141,gridania_to_coerthas.pcapng,0,main,4,2892,no,0x00cf,no,no,no,no,no
occurrence-141,gridania_to_coerthas.pcapng,0,main,5,2893,no,0x00cf,no,no,no,no,no
occurrence-142,gridania_to_coerthas.pcapng,0,main,-5,3001,no,0x017b,no,no,no,no,no
occurrence-142,gridania_to_coerthas.pcapng,0,main,-4,3002,no,0x00cc,no,yes,no,no,no
occurrence-142,gridania_to_coerthas.pcapng,0,main,-3,3003,no,0x0137,no,no,no,no,no
occurrence-142,gridania_to_coerthas.pcapng,0,main,-2,3004,no,0x0001,no,no,no,no,no
occurrence-142,gridania_to_coerthas.pcapng,0,main,-1,3005,no,0x00cf,no,no,no,no,no
occurrence-142,gridania_to_coerthas.pcapng,0,main,1,3007,no,0x017a,no,no,yes,no,no
occurrence-142,gridania_to_coerthas.pcapng,0,main,2,3008,no,0x0001,no,no,no,no,no
occurrence-142,gridania_to_coerthas.pcapng,0,main,3,3009,no,0x00cf,no,no,no,no,no
occurrence-142,gridania_to_coerthas.pcapng,0,main,4,3010,no,0x00cf,no,no,no,no,no
occurrence-142,gridania_to_coerthas.pcapng,0,main,5,3011,no,0x00cf,no,no,no,no,no
occurrence-143,gridania_to_coerthas.pcapng,0,main,-5,3050,no,0x018b,no,no,yes,yes,no
occurrence-143,gridania_to_coerthas.pcapng,0,main,-4,3051,no,0x0001,no,no,no,no,no
occurrence-143,gridania_to_coerthas.pcapng,0,main,-3,3052,no,0x00cb,no,yes,no,no,no
occurrence-143,gridania_to_coerthas.pcapng,0,main,-2,3053,no,0x00cb,no,yes,no,no,no
occurrence-143,gridania_to_coerthas.pcapng,0,main,-1,3054,no,0x0001,no,no,no,no,no
occurrence-143,gridania_to_coerthas.pcapng,0,main,1,3056,no,0x00cf,no,no,no,no,no
occurrence-143,gridania_to_coerthas.pcapng,0,main,2,3057,no,0x00cf,no,no,no,no,no
occurrence-143,gridania_to_coerthas.pcapng,0,main,3,3058,no,0x00cf,no,no,no,no,no
occurrence-143,gridania_to_coerthas.pcapng,0,main,4,3059,no,0x00cf,no,no,no,no,no
occurrence-143,gridania_to_coerthas.pcapng,0,main,5,3060,no,0x00cf,no,no,no,no,no
occurrence-144,gridania_to_coerthas.pcapng,0,main,-5,3078,no,0x00cf,no,no,no,no,no
occurrence-144,gridania_to_coerthas.pcapng,0,main,-4,3079,no,0x00cf,no,no,no,no,no
occurrence-144,gridania_to_coerthas.pcapng,0,main,-3,3080,no,0x00cf,no,no,no,no,no
occurrence-144,gridania_to_coerthas.pcapng,0,main,-2,3081,no,0x018b,no,no,yes,yes,no
occurrence-144,gridania_to_coerthas.pcapng,0,main,-1,3082,no,0x0001,no,no,no,no,no
occurrence-144,gridania_to_coerthas.pcapng,0,main,1,3084,no,0x0001,no,no,no,no,no
occurrence-144,gridania_to_coerthas.pcapng,0,main,2,3085,no,0x00cf,no,no,no,no,no
occurrence-144,gridania_to_coerthas.pcapng,0,main,3,3086,no,0x00cf,no,no,no,no,no
occurrence-144,gridania_to_coerthas.pcapng,0,main,4,3087,no,0x00cf,no,no,no,no,no
occurrence-144,gridania_to_coerthas.pcapng,0,main,5,3088,no,0x00cf,no,no,no,no,no
occurrence-145,gridania_to_coerthas.pcapng,0,main,-5,3132,no,0x00cf,no,no,no,no,no
occurrence-145,gridania_to_coerthas.pcapng,0,main,-4,3133,no,0x017a,no,no,yes,no,no
occurrence-145,gridania_to_coerthas.pcapng,0,main,-3,3134,no,0x017a,no,no,yes,no,no
occurrence-145,gridania_to_coerthas.pcapng,0,main,-2,3135,no,0x0001,no,no,no,no,no
occurrence-145,gridania_to_coerthas.pcapng,0,main,-1,3136,no,0x0001,no,no,no,no,no
occurrence-145,gridania_to_coerthas.pcapng,0,main,1,3138,no,0x00cb,no,yes,no,no,no
occurrence-145,gridania_to_coerthas.pcapng,0,main,2,3139,no,0x018b,no,no,yes,yes,no
occurrence-145,gridania_to_coerthas.pcapng,0,main,3,3140,no,0x00cf,no,no,no,no,no
occurrence-145,gridania_to_coerthas.pcapng,0,main,4,3141,no,0x00cf,no,no,no,no,no
occurrence-145,gridania_to_coerthas.pcapng,0,main,5,3142,no,0x00cf,no,no,no,no,no
occurrence-146,gridania_to_coerthas.pcapng,0,main,-5,3152,no,0x0001,no,no,no,no,no
occurrence-146,gridania_to_coerthas.pcapng,0,main,-4,3153,no,0x00cf,no,no,no,no,no
occurrence-146,gridania_to_coerthas.pcapng,0,main,-3,3154,no,0x00cf,no,no,no,no,no
occurrence-146,gridania_to_coerthas.pcapng,0,main,-2,3155,no,0x00cf,no,no,no,no,no
occurrence-146,gridania_to_coerthas.pcapng,0,main,-1,3156,no,0x0001,no,no,no,no,no
occurrence-146,gridania_to_coerthas.pcapng,0,main,1,3158,no,0x00cb,no,yes,no,no,no
occurrence-146,gridania_to_coerthas.pcapng,0,main,2,3159,no,0x0001,no,no,no,no,no
occurrence-146,gridania_to_coerthas.pcapng,0,main,3,3160,no,0x018b,no,no,yes,yes,no
occurrence-146,gridania_to_coerthas.pcapng,0,main,4,3161,no,0x00cf,no,no,no,no,no
occurrence-146,gridania_to_coerthas.pcapng,0,main,5,3162,no,0x00cf,no,no,no,no,no
occurrence-147,gridania_to_coerthas.pcapng,0,main,-5,3164,no,0x0001,no,no,no,no,no
occurrence-147,gridania_to_coerthas.pcapng,0,main,-4,3165,no,0x00cf,no,no,no,no,no
occurrence-147,gridania_to_coerthas.pcapng,0,main,-3,3166,no,0x00cf,no,no,no,no,no
occurrence-147,gridania_to_coerthas.pcapng,0,main,-2,3167,no,0x0001,no,no,no,no,no
occurrence-147,gridania_to_coerthas.pcapng,0,main,-1,3168,no,0x0001,no,no,no,no,no
occurrence-147,gridania_to_coerthas.pcapng,0,main,1,3170,no,0x00cf,no,no,no,no,no
occurrence-147,gridania_to_coerthas.pcapng,0,main,2,3171,no,0x00cf,no,no,no,no,no
occurrence-147,gridania_to_coerthas.pcapng,0,main,3,3172,no,0x0001,no,no,no,no,no
occurrence-147,gridania_to_coerthas.pcapng,0,main,4,3173,no,0x00ca,no,yes,no,no,no
occurrence-147,gridania_to_coerthas.pcapng,0,main,5,3174,no,0x016b,no,no,no,no,no
occurrence-148,gridania_to_coerthas.pcapng,0,main,-5,3219,no,0x00cf,no,no,no,no,no
occurrence-148,gridania_to_coerthas.pcapng,0,main,-4,3220,no,0x00cf,no,no,no,no,no
occurrence-148,gridania_to_coerthas.pcapng,0,main,-3,3221,no,0x00cf,no,no,no,no,no
occurrence-148,gridania_to_coerthas.pcapng,0,main,-2,3222,no,0x00cf,no,no,no,no,no
occurrence-148,gridania_to_coerthas.pcapng,0,main,-1,3223,no,0x0001,no,no,no,no,no
occurrence-148,gridania_to_coerthas.pcapng,0,main,1,3225,no,0x0001,no,no,no,no,no
occurrence-148,gridania_to_coerthas.pcapng,0,main,2,3226,no,0x00cf,no,no,no,no,no
occurrence-148,gridania_to_coerthas.pcapng,0,main,3,3227,no,0x00cf,no,no,no,no,no
occurrence-148,gridania_to_coerthas.pcapng,0,main,4,3228,no,0x00cf,no,no,no,no,no
occurrence-148,gridania_to_coerthas.pcapng,0,main,5,3229,no,0x00cf,no,no,no,no,no
occurrence-149,gridania_to_coerthas.pcapng,0,main,-5,3235,no,0x00cf,no,no,no,no,no
occurrence-149,gridania_to_coerthas.pcapng,0,main,-4,3236,no,0x00cf,no,no,no,no,no
occurrence-149,gridania_to_coerthas.pcapng,0,main,-3,3237,no,0x00cf,no,no,no,no,no
occurrence-149,gridania_to_coerthas.pcapng,0,main,-2,3238,no,0x00cf,no,no,no,no,no
occurrence-149,gridania_to_coerthas.pcapng,0,main,-1,3239,no,0x0001,no,no,no,no,no
occurrence-149,gridania_to_coerthas.pcapng,0,main,1,3241,no,0x00cf,no,no,no,no,no
occurrence-149,gridania_to_coerthas.pcapng,0,main,2,3242,no,0x00cf,no,no,no,no,no
occurrence-149,gridania_to_coerthas.pcapng,0,main,3,3243,no,0x00cf,no,no,no,no,no
occurrence-149,gridania_to_coerthas.pcapng,0,main,4,3244,no,0x00cf,no,no,no,no,no
occurrence-149,gridania_to_coerthas.pcapng,0,main,5,3245,no,0x0001,no,no,no,no,no
occurrence-150,gridania_to_coerthas.pcapng,0,main,-5,3252,no,0x0001,no,no,no,no,no
occurrence-150,gridania_to_coerthas.pcapng,0,main,-4,3253,no,0x018b,no,no,yes,yes,no
occurrence-150,gridania_to_coerthas.pcapng,0,main,-3,3254,no,0x0001,no,no,no,no,no
occurrence-150,gridania_to_coerthas.pcapng,0,main,-2,3255,no,0x00cf,no,no,no,no,no
occurrence-150,gridania_to_coerthas.pcapng,0,main,-1,3256,no,0x00cf,no,no,no,no,no
occurrence-150,gridania_to_coerthas.pcapng,0,main,1,3258,no,0x0001,no,no,no,no,no
occurrence-150,gridania_to_coerthas.pcapng,0,main,2,3259,no,0x0001,no,no,no,no,no
occurrence-150,gridania_to_coerthas.pcapng,0,main,3,3260,no,0x00cf,no,no,no,no,no
occurrence-150,gridania_to_coerthas.pcapng,0,main,4,3261,no,0x00cf,no,no,no,no,no
occurrence-150,gridania_to_coerthas.pcapng,0,main,5,3262,no,0x0001,no,no,no,no,no
occurrence-151,gridania_to_coerthas.pcapng,0,main,-5,3262,no,0x0001,no,no,no,no,no
occurrence-151,gridania_to_coerthas.pcapng,0,main,-4,3263,no,0x0001,no,no,no,no,no
occurrence-151,gridania_to_coerthas.pcapng,0,main,-3,3264,no,0x00cf,no,no,no,no,no
occurrence-151,gridania_to_coerthas.pcapng,0,main,-2,3265,no,0x00cf,no,no,no,no,no
occurrence-151,gridania_to_coerthas.pcapng,0,main,-1,3266,no,0x0001,no,no,no,no,no
occurrence-151,gridania_to_coerthas.pcapng,0,main,1,3268,no,0x018b,no,no,yes,yes,no
occurrence-151,gridania_to_coerthas.pcapng,0,main,2,3269,no,0x00cb,no,yes,no,no,no
occurrence-151,gridania_to_coerthas.pcapng,0,main,3,3270,no,0x0001,no,no,no,no,no
occurrence-151,gridania_to_coerthas.pcapng,0,main,4,3271,no,0x00cf,no,no,no,no,no
occurrence-151,gridania_to_coerthas.pcapng,0,main,5,3272,no,0x00cb,no,yes,no,no,no
occurrence-152,gridania_to_coerthas.pcapng,0,main,-5,3272,no,0x00cb,no,yes,no,no,no
occurrence-152,gridania_to_coerthas.pcapng,0,main,-4,3273,no,0x0001,no,no,no,no,no
occurrence-152,gridania_to_coerthas.pcapng,0,main,-3,3274,no,0x0001,no,no,no,no,no
occurrence-152,gridania_to_coerthas.pcapng,0,main,-2,3275,no,0x0001,no,no,no,no,no
occurrence-152,gridania_to_coerthas.pcapng,0,main,-1,3276,no,0x0001,no,no,no,no,no
occurrence-152,gridania_to_coerthas.pcapng,0,main,1,3278,no,0x0001,no,no,no,no,no
occurrence-152,gridania_to_coerthas.pcapng,0,main,2,3279,no,0x018b,no,no,yes,yes,no
occurrence-152,gridania_to_coerthas.pcapng,0,main,3,3280,no,0x0001,no,no,no,no,no
occurrence-152,gridania_to_coerthas.pcapng,0,main,4,3281,no,0x0001,no,no,no,no,no
occurrence-152,gridania_to_coerthas.pcapng,0,main,5,3282,no,0x0001,no,no,no,no,no
occurrence-153,gridania_to_coerthas.pcapng,0,main,-5,3279,no,0x018b,no,no,yes,yes,no
occurrence-153,gridania_to_coerthas.pcapng,0,main,-4,3280,no,0x0001,no,no,no,no,no
occurrence-153,gridania_to_coerthas.pcapng,0,main,-3,3281,no,0x0001,no,no,no,no,no
occurrence-153,gridania_to_coerthas.pcapng,0,main,-2,3282,no,0x0001,no,no,no,no,no
occurrence-153,gridania_to_coerthas.pcapng,0,main,-1,3283,no,0x0001,no,no,no,no,no
occurrence-153,gridania_to_coerthas.pcapng,0,main,1,3285,no,0x0001,no,no,no,no,no
occurrence-153,gridania_to_coerthas.pcapng,0,main,2,3286,no,0x0001,no,no,no,no,no
occurrence-153,gridania_to_coerthas.pcapng,0,main,3,3287,no,0x0001,no,no,no,no,no
occurrence-153,gridania_to_coerthas.pcapng,0,main,4,3288,no,0x018b,no,no,yes,yes,no
occurrence-153,gridania_to_coerthas.pcapng,0,main,5,3289,no,0x0001,no,no,no,no,no
occurrence-154,gridania_to_coerthas.pcapng,0,main,-5,3291,no,0x0001,no,no,no,no,no
occurrence-154,gridania_to_coerthas.pcapng,0,main,-4,3292,no,0x0001,no,no,no,no,no
occurrence-154,gridania_to_coerthas.pcapng,0,main,-3,3293,no,0x0001,no,no,no,no,no
occurrence-154,gridania_to_coerthas.pcapng,0,main,-2,3294,no,0x0001,no,no,no,no,no
occurrence-154,gridania_to_coerthas.pcapng,0,main,-1,3295,no,0x018b,no,no,yes,yes,no
occurrence-154,gridania_to_coerthas.pcapng,0,main,1,3297,no,0x0001,no,no,no,no,no
occurrence-154,gridania_to_coerthas.pcapng,0,main,2,3298,no,0x0001,no,no,no,no,no
occurrence-154,gridania_to_coerthas.pcapng,0,main,3,3299,no,0x0001,no,no,no,no,no
occurrence-154,gridania_to_coerthas.pcapng,0,main,4,3300,no,0x0001,no,no,no,no,no
occurrence-154,gridania_to_coerthas.pcapng,0,main,5,3301,no,0x017b,no,no,no,no,no
occurrence-155,gridania_to_coerthas.pcapng,0,main,-5,3457,no,0x018b,no,no,yes,yes,no
occurrence-155,gridania_to_coerthas.pcapng,0,main,-4,3458,no,0x017a,no,no,yes,no,no
occurrence-155,gridania_to_coerthas.pcapng,0,main,-3,3459,no,0x0001,no,no,no,no,no
occurrence-155,gridania_to_coerthas.pcapng,0,main,-2,3460,no,0x0001,no,no,no,no,no
occurrence-155,gridania_to_coerthas.pcapng,0,main,-1,3461,no,0x0001,no,no,no,no,no
occurrence-155,gridania_to_coerthas.pcapng,0,main,1,3463,no,0x0001,no,no,no,no,no
occurrence-155,gridania_to_coerthas.pcapng,0,main,2,3464,no,0x0001,no,no,no,no,no
occurrence-155,gridania_to_coerthas.pcapng,0,main,3,3465,no,0x0001,no,no,no,no,no
occurrence-155,gridania_to_coerthas.pcapng,0,main,4,3466,no,0x018b,no,no,yes,yes,no
occurrence-155,gridania_to_coerthas.pcapng,0,main,5,3467,no,0x0001,no,no,no,no,no
occurrence-156,gridania_to_coerthas.pcapng,0,main,-5,3464,no,0x0001,no,no,no,no,no
occurrence-156,gridania_to_coerthas.pcapng,0,main,-4,3465,no,0x0001,no,no,no,no,no
occurrence-156,gridania_to_coerthas.pcapng,0,main,-3,3466,no,0x018b,no,no,yes,yes,no
occurrence-156,gridania_to_coerthas.pcapng,0,main,-2,3467,no,0x0001,no,no,no,no,no
occurrence-156,gridania_to_coerthas.pcapng,0,main,-1,3468,no,0x0001,no,no,no,no,no
occurrence-156,gridania_to_coerthas.pcapng,0,main,1,3470,no,0x0001,no,no,no,no,no
occurrence-156,gridania_to_coerthas.pcapng,0,main,2,3471,no,0x0001,no,no,no,no,no
occurrence-156,gridania_to_coerthas.pcapng,0,main,3,3472,no,0x0001,no,no,no,no,no
occurrence-156,gridania_to_coerthas.pcapng,0,main,4,3473,no,0x0001,no,no,no,no,no
occurrence-156,gridania_to_coerthas.pcapng,0,main,5,3474,no,0x018b,no,no,yes,yes,no
occurrence-157,gridania_to_coerthas.pcapng,0,main,-5,3471,no,0x0001,no,no,no,no,no
occurrence-157,gridania_to_coerthas.pcapng,0,main,-4,3472,no,0x0001,no,no,no,no,no
occurrence-157,gridania_to_coerthas.pcapng,0,main,-3,3473,no,0x0001,no,no,no,no,no
occurrence-157,gridania_to_coerthas.pcapng,0,main,-2,3474,no,0x018b,no,no,yes,yes,no
occurrence-157,gridania_to_coerthas.pcapng,0,main,-1,3475,no,0x0001,no,no,no,no,no
occurrence-157,gridania_to_coerthas.pcapng,0,main,1,3477,no,0x0001,no,no,no,no,no
occurrence-157,gridania_to_coerthas.pcapng,0,main,2,3478,no,0x0001,no,no,no,no,no
occurrence-157,gridania_to_coerthas.pcapng,0,main,3,3479,no,0x0001,no,no,no,no,no
occurrence-157,gridania_to_coerthas.pcapng,0,main,4,3480,no,0x0001,no,no,no,no,no
occurrence-157,gridania_to_coerthas.pcapng,0,main,5,3481,no,0x0001,no,no,no,no,no
occurrence-158,gridania_to_coerthas.pcapng,0,main,-5,3477,no,0x0001,no,no,no,no,no
occurrence-158,gridania_to_coerthas.pcapng,0,main,-4,3478,no,0x0001,no,no,no,no,no
occurrence-158,gridania_to_coerthas.pcapng,0,main,-3,3479,no,0x0001,no,no,no,no,no
occurrence-158,gridania_to_coerthas.pcapng,0,main,-2,3480,no,0x0001,no,no,no,no,no
occurrence-158,gridania_to_coerthas.pcapng,0,main,-1,3481,no,0x0001,no,no,no,no,no
occurrence-158,gridania_to_coerthas.pcapng,0,main,1,3483,no,0x018b,no,no,yes,yes,no
occurrence-158,gridania_to_coerthas.pcapng,0,main,2,3484,no,0x00ca,no,yes,no,no,no
occurrence-158,gridania_to_coerthas.pcapng,0,main,3,3485,no,0x016b,no,no,no,no,no
occurrence-158,gridania_to_coerthas.pcapng,0,main,4,3486,no,0x00d0,no,no,no,no,no
occurrence-158,gridania_to_coerthas.pcapng,0,main,5,3487,no,0x00ce,no,no,no,no,no
occurrence-159,gridania_to_coerthas.pcapng,0,main,-5,3523,no,0x0179,no,no,no,no,no
occurrence-159,gridania_to_coerthas.pcapng,0,main,-4,3524,no,0x0145,no,no,no,no,no
occurrence-159,gridania_to_coerthas.pcapng,0,main,-3,3525,no,0x017b,no,no,no,no,no
occurrence-159,gridania_to_coerthas.pcapng,0,main,-2,3526,no,0x00cc,no,yes,no,no,no
occurrence-159,gridania_to_coerthas.pcapng,0,main,-1,3527,no,0x0137,no,no,no,no,no
occurrence-159,gridania_to_coerthas.pcapng,0,main,1,3529,no,0x00cf,no,no,no,no,no
occurrence-159,gridania_to_coerthas.pcapng,0,main,2,3530,no,0x00cf,no,no,no,no,no
occurrence-159,gridania_to_coerthas.pcapng,0,main,3,3531,no,0x017a,no,no,yes,no,no
occurrence-159,gridania_to_coerthas.pcapng,0,main,4,3532,no,0x0001,no,no,no,no,no
occurrence-159,gridania_to_coerthas.pcapng,0,main,5,3533,no,0x00ca,no,yes,no,no,no
occurrence-160,gridania_to_coerthas.pcapng,0,main,-5,3716,no,0x00cc,no,yes,no,no,no
occurrence-160,gridania_to_coerthas.pcapng,0,main,-4,3717,no,0x0137,no,no,no,no,no
occurrence-160,gridania_to_coerthas.pcapng,0,main,-3,3718,no,0x0136,no,no,no,no,no
occurrence-160,gridania_to_coerthas.pcapng,0,main,-2,3719,no,0x0136,no,no,no,no,no
occurrence-160,gridania_to_coerthas.pcapng,0,main,-1,3720,no,0x0136,no,no,no,no,no
occurrence-160,gridania_to_coerthas.pcapng,0,main,1,3722,no,0x0001,no,no,no,no,no
occurrence-160,gridania_to_coerthas.pcapng,0,main,2,3723,no,0x017a,no,no,yes,no,no
occurrence-160,gridania_to_coerthas.pcapng,0,main,3,3724,no,0x017a,no,no,yes,no,no
occurrence-160,gridania_to_coerthas.pcapng,0,main,4,3725,no,0x00ca,no,yes,no,no,no
occurrence-160,gridania_to_coerthas.pcapng,0,main,5,3726,no,0x016b,no,no,no,no,no
occurrence-161,gridania_to_coerthas.pcapng,0,main,-5,3821,no,0x00cf,no,no,no,no,no
occurrence-161,gridania_to_coerthas.pcapng,0,main,-4,3822,no,0x00cf,no,no,no,no,no
occurrence-161,gridania_to_coerthas.pcapng,0,main,-3,3823,no,0x00cf,no,no,no,no,no
occurrence-161,gridania_to_coerthas.pcapng,0,main,-2,3824,no,0x00cf,no,no,no,no,no
occurrence-161,gridania_to_coerthas.pcapng,0,main,-1,3825,no,0x0001,no,no,no,no,no
occurrence-161,gridania_to_coerthas.pcapng,0,main,1,3827,no,0x00cf,no,no,no,no,no
occurrence-161,gridania_to_coerthas.pcapng,0,main,2,3828,no,0x00cf,no,no,no,no,no
occurrence-161,gridania_to_coerthas.pcapng,0,main,3,3829,no,0x00cf,no,no,no,no,no
occurrence-161,gridania_to_coerthas.pcapng,0,main,4,3830,no,0x00cf,no,no,no,no,no
occurrence-161,gridania_to_coerthas.pcapng,0,main,5,3831,no,0x00cf,no,no,no,no,no
occurrence-162,gridania_to_coerthas.pcapng,0,main,-5,3920,no,0x0179,no,no,no,no,no
occurrence-162,gridania_to_coerthas.pcapng,0,main,-4,3921,no,0x0145,no,no,no,no,no
occurrence-162,gridania_to_coerthas.pcapng,0,main,-3,3922,no,0x017b,no,no,no,no,no
occurrence-162,gridania_to_coerthas.pcapng,0,main,-2,3923,no,0x00cc,no,yes,no,no,no
occurrence-162,gridania_to_coerthas.pcapng,0,main,-1,3924,no,0x0137,no,no,no,no,no
occurrence-162,gridania_to_coerthas.pcapng,0,main,1,3926,no,0x0001,no,no,no,no,no
occurrence-162,gridania_to_coerthas.pcapng,0,main,2,3927,no,0x00cf,no,no,no,no,no
occurrence-162,gridania_to_coerthas.pcapng,0,main,3,3928,no,0x017a,no,no,yes,no,no
occurrence-162,gridania_to_coerthas.pcapng,0,main,4,3929,no,0x00ca,no,yes,no,no,no
occurrence-162,gridania_to_coerthas.pcapng,0,main,5,3930,no,0x016b,no,no,no,no,no
occurrence-163,gridania_to_coerthas.pcapng,0,main,-5,4031,no,0x017b,no,no,no,no,no
occurrence-163,gridania_to_coerthas.pcapng,0,main,-4,4032,no,0x00cc,no,yes,no,no,no
occurrence-163,gridania_to_coerthas.pcapng,0,main,-3,4033,no,0x0137,no,no,no,no,no
occurrence-163,gridania_to_coerthas.pcapng,0,main,-2,4034,no,0x0001,no,no,no,no,no
occurrence-163,gridania_to_coerthas.pcapng,0,main,-1,4035,no,0x017a,no,no,yes,no,no
occurrence-163,gridania_to_coerthas.pcapng,0,main,1,4037,no,0x0001,no,no,no,no,no
occurrence-163,gridania_to_coerthas.pcapng,0,main,2,4038,no,0x00cb,no,yes,no,no,no
occurrence-163,gridania_to_coerthas.pcapng,0,main,3,4039,no,0x00cf,no,no,no,no,no
occurrence-163,gridania_to_coerthas.pcapng,0,main,4,4040,no,0x00cf,no,no,no,no,no
occurrence-163,gridania_to_coerthas.pcapng,0,main,5,4041,no,0x00cf,no,no,no,no,no
occurrence-164,gridania_to_coerthas.pcapng,0,main,-5,4216,no,0x00cf,no,no,no,no,no
occurrence-164,gridania_to_coerthas.pcapng,0,main,-4,4217,no,0x00cf,no,no,no,no,no
occurrence-164,gridania_to_coerthas.pcapng,0,main,-3,4218,no,0x00cf,no,no,no,no,no
occurrence-164,gridania_to_coerthas.pcapng,0,main,-2,4219,no,0x00cf,no,no,no,no,no
occurrence-164,gridania_to_coerthas.pcapng,0,main,-1,4220,no,0x018b,no,no,yes,yes,no
occurrence-164,gridania_to_coerthas.pcapng,0,main,1,4222,no,0x0001,no,no,no,no,no
occurrence-164,gridania_to_coerthas.pcapng,0,main,2,4223,no,0x00cb,no,yes,no,no,no
occurrence-164,gridania_to_coerthas.pcapng,0,main,3,4224,no,0x00cb,no,yes,no,no,no
occurrence-164,gridania_to_coerthas.pcapng,0,main,4,4225,no,0x00cb,no,yes,no,no,no
occurrence-164,gridania_to_coerthas.pcapng,0,main,5,4226,no,0x00cb,no,yes,no,no,no
occurrence-165,gridania_to_coerthas.pcapng,0,main,-5,4329,no,0x00cc,no,yes,no,no,no
occurrence-165,gridania_to_coerthas.pcapng,0,main,-4,4330,no,0x0137,no,no,no,no,no
occurrence-165,gridania_to_coerthas.pcapng,0,main,-3,4331,no,0x0001,no,no,no,no,no
occurrence-165,gridania_to_coerthas.pcapng,0,main,-2,4332,no,0x017a,no,no,yes,no,no
occurrence-165,gridania_to_coerthas.pcapng,0,main,-1,4333,no,0x017a,no,no,yes,no,no
occurrence-165,gridania_to_coerthas.pcapng,0,main,1,4335,no,0x0001,no,no,no,no,no
occurrence-165,gridania_to_coerthas.pcapng,0,main,2,4336,no,0x00cf,no,no,no,no,no
occurrence-165,gridania_to_coerthas.pcapng,0,main,3,4337,no,0x00cf,no,no,no,no,no
occurrence-165,gridania_to_coerthas.pcapng,0,main,4,4338,no,0x00cf,no,no,no,no,no
occurrence-165,gridania_to_coerthas.pcapng,0,main,5,4339,no,0x00cf,no,no,no,no,no
occurrence-166,gridania_to_coerthas.pcapng,0,main,-5,4542,no,0x00cf,no,no,no,no,no
occurrence-166,gridania_to_coerthas.pcapng,0,main,-4,4543,no,0x00cf,no,no,no,no,no
occurrence-166,gridania_to_coerthas.pcapng,0,main,-3,4544,no,0x00cf,no,no,no,no,no
occurrence-166,gridania_to_coerthas.pcapng,0,main,-2,4545,no,0x00cf,no,no,no,no,no
occurrence-166,gridania_to_coerthas.pcapng,0,main,-1,4546,no,0x0001,no,no,no,no,no
occurrence-166,gridania_to_coerthas.pcapng,0,main,1,4548,no,0x00cb,no,yes,no,no,no
occurrence-166,gridania_to_coerthas.pcapng,0,main,2,4549,no,0x00ca,no,yes,no,no,no
occurrence-166,gridania_to_coerthas.pcapng,0,main,3,4550,no,0x016b,no,no,no,no,no
occurrence-166,gridania_to_coerthas.pcapng,0,main,4,4551,no,0x00d0,no,no,no,no,no
occurrence-166,gridania_to_coerthas.pcapng,0,main,5,4552,no,0x00ce,no,no,no,no,no
occurrence-167,gridania_to_coerthas.pcapng,0,main,-5,4690,no,0x00cf,no,no,no,no,no
occurrence-167,gridania_to_coerthas.pcapng,0,main,-4,4691,no,0x00cf,no,no,no,no,no
occurrence-167,gridania_to_coerthas.pcapng,0,main,-3,4692,no,0x0001,no,no,no,no,no
occurrence-167,gridania_to_coerthas.pcapng,0,main,-2,4693,no,0x017a,no,no,yes,no,no
occurrence-167,gridania_to_coerthas.pcapng,0,main,-1,4694,no,0x0001,no,no,no,no,no
occurrence-167,gridania_to_coerthas.pcapng,0,main,1,4696,no,0x00cf,no,no,no,no,no
occurrence-167,gridania_to_coerthas.pcapng,0,main,2,4697,no,0x00cb,no,yes,no,no,no
occurrence-167,gridania_to_coerthas.pcapng,0,main,3,4698,no,0x00cb,no,yes,no,no,no
occurrence-167,gridania_to_coerthas.pcapng,0,main,4,4699,no,0x00cb,no,yes,no,no,no
occurrence-167,gridania_to_coerthas.pcapng,0,main,5,4700,no,0x00cb,no,yes,no,no,no
occurrence-168,gridania_to_coerthas.pcapng,0,main,-5,4894,no,0x00cf,no,no,no,no,no
occurrence-168,gridania_to_coerthas.pcapng,0,main,-4,4895,no,0x00cf,no,no,no,no,no
occurrence-168,gridania_to_coerthas.pcapng,0,main,-3,4896,no,0x00cf,no,no,no,no,no
occurrence-168,gridania_to_coerthas.pcapng,0,main,-2,4897,no,0x00cf,no,no,no,no,no
occurrence-168,gridania_to_coerthas.pcapng,0,main,-1,4898,no,0x0001,no,no,no,no,no
occurrence-168,gridania_to_coerthas.pcapng,0,main,1,4900,no,0x00cb,no,yes,no,no,no
occurrence-168,gridania_to_coerthas.pcapng,0,main,2,4901,no,0x00cb,no,yes,no,no,no
occurrence-168,gridania_to_coerthas.pcapng,0,main,3,4902,no,0x00ca,no,yes,no,no,no
occurrence-168,gridania_to_coerthas.pcapng,0,main,4,4903,no,0x012e,no,no,no,no,no
occurrence-168,gridania_to_coerthas.pcapng,0,main,5,4904,no,0x016b,no,no,no,no,no
occurrence-169,gridania_to_coerthas.pcapng,0,main,-5,4969,no,0x0137,no,no,no,no,no
occurrence-169,gridania_to_coerthas.pcapng,0,main,-4,4970,no,0x0136,no,no,no,no,no
occurrence-169,gridania_to_coerthas.pcapng,0,main,-3,4971,no,0x0136,no,no,no,no,no
occurrence-169,gridania_to_coerthas.pcapng,0,main,-2,4972,no,0x0136,no,no,no,no,no
occurrence-169,gridania_to_coerthas.pcapng,0,main,-1,4973,no,0x0001,no,no,no,no,no
occurrence-169,gridania_to_coerthas.pcapng,0,main,1,4975,no,0x00ca,no,yes,no,no,no
occurrence-169,gridania_to_coerthas.pcapng,0,main,2,4976,no,0x016b,no,no,no,no,no
occurrence-169,gridania_to_coerthas.pcapng,0,main,3,4977,no,0x00d0,no,no,no,no,no
occurrence-169,gridania_to_coerthas.pcapng,0,main,4,4978,no,0x00ce,no,no,no,no,no
occurrence-169,gridania_to_coerthas.pcapng,0,main,5,4979,no,0x00cf,no,no,no,no,no
occurrence-170,gridania_to_coerthas.pcapng,0,main,-5,5217,no,0x0001,no,no,no,no,no
occurrence-170,gridania_to_coerthas.pcapng,0,main,-4,5218,no,0x00cb,no,yes,no,no,no
occurrence-170,gridania_to_coerthas.pcapng,0,main,-3,5219,no,0x00cb,no,yes,no,no,no
occurrence-170,gridania_to_coerthas.pcapng,0,main,-2,5220,no,0x00cb,no,yes,no,no,no
occurrence-170,gridania_to_coerthas.pcapng,0,main,-1,5221,no,0x00cb,no,yes,no,no,no
occurrence-170,gridania_to_coerthas.pcapng,0,main,1,5223,no,0x00ca,no,yes,no,no,no
occurrence-170,gridania_to_coerthas.pcapng,0,main,2,5224,no,0x016b,no,no,no,no,no
occurrence-170,gridania_to_coerthas.pcapng,0,main,3,5225,no,0x00d0,no,no,no,no,no
occurrence-170,gridania_to_coerthas.pcapng,0,main,4,5226,no,0x00ce,no,no,no,no,no
occurrence-170,gridania_to_coerthas.pcapng,0,main,5,5227,no,0x00cf,no,no,no,no,no
occurrence-171,gridania_to_coerthas.pcapng,0,main,-5,5468,no,0x0137,no,no,no,no,no
occurrence-171,gridania_to_coerthas.pcapng,0,main,-4,5469,no,0x00cf,no,no,no,no,no
occurrence-171,gridania_to_coerthas.pcapng,0,main,-3,5470,no,0x0001,no,no,no,no,no
occurrence-171,gridania_to_coerthas.pcapng,0,main,-2,5471,no,0x017a,no,no,yes,no,no
occurrence-171,gridania_to_coerthas.pcapng,0,main,-1,5472,no,0x017a,no,no,yes,no,no
occurrence-171,gridania_to_coerthas.pcapng,0,main,1,5474,no,0x018b,no,no,yes,yes,no
occurrence-171,gridania_to_coerthas.pcapng,0,main,2,5475,no,0x017a,no,no,yes,no,no
occurrence-171,gridania_to_coerthas.pcapng,0,main,3,5476,no,0x00ca,no,yes,no,no,no
occurrence-171,gridania_to_coerthas.pcapng,0,main,4,5477,no,0x016b,no,no,no,no,no
occurrence-171,gridania_to_coerthas.pcapng,0,main,5,5478,no,0x00d0,no,no,no,no,no
occurrence-172,gridania_to_coerthas.pcapng,0,main,-5,5594,no,0x0137,no,no,no,no,no
occurrence-172,gridania_to_coerthas.pcapng,0,main,-4,5595,no,0x0001,no,no,no,no,no
occurrence-172,gridania_to_coerthas.pcapng,0,main,-3,5596,no,0x017a,no,no,yes,no,no
occurrence-172,gridania_to_coerthas.pcapng,0,main,-2,5597,no,0x00cb,no,yes,no,no,no
occurrence-172,gridania_to_coerthas.pcapng,0,main,-1,5598,no,0x0001,no,no,no,no,no
occurrence-172,gridania_to_coerthas.pcapng,0,main,1,5600,no,0x00cf,no,no,no,no,no
occurrence-172,gridania_to_coerthas.pcapng,0,main,2,5601,no,0x00cf,no,no,no,no,no
occurrence-172,gridania_to_coerthas.pcapng,0,main,3,5602,no,0x00cf,no,no,no,no,no
occurrence-172,gridania_to_coerthas.pcapng,0,main,4,5603,no,0x00cf,no,no,no,no,no
occurrence-172,gridania_to_coerthas.pcapng,0,main,5,5604,no,0x00cf,no,no,no,no,no
occurrence-173,gridania_to_coerthas.pcapng,0,main,-5,5657,no,0x00cf,no,no,no,no,no
occurrence-173,gridania_to_coerthas.pcapng,0,main,-4,5658,no,0x00cf,no,no,no,no,no
occurrence-173,gridania_to_coerthas.pcapng,0,main,-3,5659,no,0x00cf,no,no,no,no,no
occurrence-173,gridania_to_coerthas.pcapng,0,main,-2,5660,no,0x00cf,no,no,no,no,no
occurrence-173,gridania_to_coerthas.pcapng,0,main,-1,5661,no,0x0001,no,no,no,no,no
occurrence-173,gridania_to_coerthas.pcapng,0,main,1,5663,no,0x00cb,no,yes,no,no,no
occurrence-173,gridania_to_coerthas.pcapng,0,main,2,5664,no,0x00cb,no,yes,no,no,no
occurrence-173,gridania_to_coerthas.pcapng,0,main,3,5665,no,0x00cb,no,yes,no,no,no
occurrence-173,gridania_to_coerthas.pcapng,0,main,4,5666,no,0x00cf,no,no,no,no,no
occurrence-173,gridania_to_coerthas.pcapng,0,main,5,5667,no,0x00ca,no,yes,no,no,no
occurrence-174,gridania_to_coerthas.pcapng,0,main,-5,5828,no,0x0145,no,no,no,no,no
occurrence-174,gridania_to_coerthas.pcapng,0,main,-4,5829,no,0x017b,no,no,no,no,no
occurrence-174,gridania_to_coerthas.pcapng,0,main,-3,5830,no,0x00cc,no,yes,no,no,no
occurrence-174,gridania_to_coerthas.pcapng,0,main,-2,5831,no,0x0137,no,no,no,no,no
occurrence-174,gridania_to_coerthas.pcapng,0,main,-1,5832,no,0x0001,no,no,no,no,no
occurrence-174,gridania_to_coerthas.pcapng,0,main,1,5834,no,0x00cf,no,no,no,no,no
occurrence-174,gridania_to_coerthas.pcapng,0,main,2,5835,no,0x00cf,no,no,no,no,no
occurrence-174,gridania_to_coerthas.pcapng,0,main,3,5836,no,0x00cf,no,no,no,no,no
occurrence-174,gridania_to_coerthas.pcapng,0,main,4,5837,no,0x00cf,no,no,no,no,no
occurrence-174,gridania_to_coerthas.pcapng,0,main,5,5838,no,0x00cf,no,no,no,no,no
occurrence-175,gridania_to_coerthas.pcapng,0,main,-5,5938,no,0x017a,no,no,yes,no,no
occurrence-175,gridania_to_coerthas.pcapng,0,main,-4,5939,no,0x017a,no,no,yes,no,no
occurrence-175,gridania_to_coerthas.pcapng,0,main,-3,5940,no,0x0001,no,no,no,no,no
occurrence-175,gridania_to_coerthas.pcapng,0,main,-2,5941,no,0x017a,no,no,yes,no,no
occurrence-175,gridania_to_coerthas.pcapng,0,main,-1,5942,no,0x00cb,no,yes,no,no,no
occurrence-175,gridania_to_coerthas.pcapng,0,main,1,5944,no,0x00ca,no,yes,no,no,no
occurrence-175,gridania_to_coerthas.pcapng,0,main,2,5945,no,0x016b,no,no,no,no,no
occurrence-175,gridania_to_coerthas.pcapng,0,main,3,5946,no,0x00d0,no,no,no,no,no
occurrence-175,gridania_to_coerthas.pcapng,0,main,4,5947,no,0x00ce,no,no,no,no,no
occurrence-175,gridania_to_coerthas.pcapng,0,main,5,5948,no,0x00cf,no,no,no,no,no
occurrence-176,gridania_to_coerthas.pcapng,0,main,-5,6045,no,0x00cf,no,no,no,no,no
occurrence-176,gridania_to_coerthas.pcapng,0,main,-4,6046,no,0x018b,no,no,yes,yes,no
occurrence-176,gridania_to_coerthas.pcapng,0,main,-3,6047,no,0x00cb,no,yes,no,no,no
occurrence-176,gridania_to_coerthas.pcapng,0,main,-2,6048,no,0x00cb,no,yes,no,no,no
occurrence-176,gridania_to_coerthas.pcapng,0,main,-1,6049,no,0x0001,no,no,no,no,no
occurrence-176,gridania_to_coerthas.pcapng,0,main,1,6051,no,0x00cf,no,no,no,no,no
occurrence-176,gridania_to_coerthas.pcapng,0,main,2,6052,no,0x00cf,no,no,no,no,no
occurrence-176,gridania_to_coerthas.pcapng,0,main,3,6053,no,0x00cf,no,no,no,no,no
occurrence-176,gridania_to_coerthas.pcapng,0,main,4,6054,no,0x00cf,no,no,no,no,no
occurrence-176,gridania_to_coerthas.pcapng,0,main,5,6055,no,0x00cf,no,no,no,no,no
occurrence-177,gridania_to_coerthas.pcapng,0,main,-5,6094,no,0x0179,no,no,no,no,no
occurrence-177,gridania_to_coerthas.pcapng,0,main,-4,6095,no,0x0145,no,no,no,no,no
occurrence-177,gridania_to_coerthas.pcapng,0,main,-3,6096,no,0x017b,no,no,no,no,no
occurrence-177,gridania_to_coerthas.pcapng,0,main,-2,6097,no,0x00cc,no,yes,no,no,no
occurrence-177,gridania_to_coerthas.pcapng,0,main,-1,6098,no,0x0137,no,no,no,no,no
occurrence-177,gridania_to_coerthas.pcapng,0,main,1,6100,no,0x018b,no,no,yes,yes,no
occurrence-177,gridania_to_coerthas.pcapng,0,main,2,6101,no,0x017a,no,no,yes,no,no
occurrence-177,gridania_to_coerthas.pcapng,0,main,3,6102,no,0x0001,no,no,no,no,no
occurrence-177,gridania_to_coerthas.pcapng,0,main,4,6103,no,0x00cb,no,yes,no,no,no
occurrence-177,gridania_to_coerthas.pcapng,0,main,5,6104,no,0x00ca,no,yes,no,no,no
occurrence-178,gridania_to_coerthas.pcapng,0,main,-5,6382,no,0x017b,no,no,no,no,no
occurrence-178,gridania_to_coerthas.pcapng,0,main,-4,6383,no,0x00cc,no,yes,no,no,no
occurrence-178,gridania_to_coerthas.pcapng,0,main,-3,6384,no,0x0137,no,no,no,no,no
occurrence-178,gridania_to_coerthas.pcapng,0,main,-2,6385,no,0x0136,no,no,no,no,no
occurrence-178,gridania_to_coerthas.pcapng,0,main,-1,6386,no,0x0001,no,no,no,no,no
occurrence-178,gridania_to_coerthas.pcapng,0,main,1,6388,no,0x00ca,no,yes,no,no,no
occurrence-178,gridania_to_coerthas.pcapng,0,main,2,6389,no,0x016b,no,no,no,no,no
occurrence-178,gridania_to_coerthas.pcapng,0,main,3,6390,no,0x00d0,no,no,no,no,no
occurrence-178,gridania_to_coerthas.pcapng,0,main,4,6391,no,0x00ce,no,no,no,no,no
occurrence-178,gridania_to_coerthas.pcapng,0,main,5,6392,no,0x00cf,no,no,no,no,no
occurrence-179,gridania_to_coerthas.pcapng,0,main,-5,6463,no,0x00cf,no,no,no,no,no
occurrence-179,gridania_to_coerthas.pcapng,0,main,-4,6464,no,0x00cf,no,no,no,no,no
occurrence-179,gridania_to_coerthas.pcapng,0,main,-3,6465,no,0x00cf,no,no,no,no,no
occurrence-179,gridania_to_coerthas.pcapng,0,main,-2,6466,no,0x00cf,no,no,no,no,no
occurrence-179,gridania_to_coerthas.pcapng,0,main,-1,6467,no,0x00cf,no,no,no,no,no
occurrence-179,gridania_to_coerthas.pcapng,0,main,1,6469,no,0x0001,no,no,no,no,no
occurrence-179,gridania_to_coerthas.pcapng,0,main,2,6470,no,0x0001,no,no,no,no,no
occurrence-179,gridania_to_coerthas.pcapng,0,main,3,6471,no,0x00cf,no,no,no,no,no
occurrence-179,gridania_to_coerthas.pcapng,0,main,4,6472,no,0x00cf,no,no,no,no,no
occurrence-179,gridania_to_coerthas.pcapng,0,main,5,6473,no,0x00cf,no,no,no,no,no
occurrence-180,gridania_to_coerthas.pcapng,0,main,-5,6536,no,0x00cf,no,no,no,no,no
occurrence-180,gridania_to_coerthas.pcapng,0,main,-4,6537,no,0x00cf,no,no,no,no,no
occurrence-180,gridania_to_coerthas.pcapng,0,main,-3,6538,no,0x00cf,no,no,no,no,no
occurrence-180,gridania_to_coerthas.pcapng,0,main,-2,6539,no,0x0001,no,no,no,no,no
occurrence-180,gridania_to_coerthas.pcapng,0,main,-1,6540,no,0x00cf,no,no,no,no,no
occurrence-180,gridania_to_coerthas.pcapng,0,main,1,6542,no,0x0001,no,no,no,no,no
occurrence-180,gridania_to_coerthas.pcapng,0,main,2,6543,no,0x0193,no,no,no,no,yes
occurrence-180,gridania_to_coerthas.pcapng,0,main,3,6544,no,0x00e2,no,no,no,no,no
occurrence-180,gridania_to_coerthas.pcapng,0,main,4,6545,no,0x00cb,no,yes,no,no,no
occurrence-180,gridania_to_coerthas.pcapng,0,main,5,6546,no,0x00cb,no,yes,no,no,no
occurrence-181,gridania_to_coerthas.pcapng,0,main,-5,6578,no,0x00cf,no,no,no,no,no
occurrence-181,gridania_to_coerthas.pcapng,0,main,-4,6579,no,0x00cf,no,no,no,no,no
occurrence-181,gridania_to_coerthas.pcapng,0,main,-3,6580,no,0x00cf,no,no,no,no,no
occurrence-181,gridania_to_coerthas.pcapng,0,main,-2,6581,no,0x00cf,no,no,no,no,no
occurrence-181,gridania_to_coerthas.pcapng,0,main,-1,6582,no,0x00cf,no,no,no,no,no
occurrence-181,gridania_to_coerthas.pcapng,0,main,1,6584,no,0x0001,no,no,no,no,no
occurrence-181,gridania_to_coerthas.pcapng,0,main,2,6585,no,0x0001,no,no,no,no,no
occurrence-181,gridania_to_coerthas.pcapng,0,main,3,6586,no,0x00cb,no,yes,no,no,no
occurrence-181,gridania_to_coerthas.pcapng,0,main,4,6587,no,0x0001,no,no,no,no,no
occurrence-181,gridania_to_coerthas.pcapng,0,main,5,6588,no,0x0001,no,no,no,no,no
occurrence-182,gridania_to_coerthas.pcapng,0,main,-5,6804,no,0x017a,no,no,yes,no,no
occurrence-182,gridania_to_coerthas.pcapng,0,main,-4,6805,no,0x017a,no,no,yes,no,no
occurrence-182,gridania_to_coerthas.pcapng,0,main,-3,6806,no,0x0001,no,no,no,no,no
occurrence-182,gridania_to_coerthas.pcapng,0,main,-2,6807,no,0x017a,no,no,yes,no,no
occurrence-182,gridania_to_coerthas.pcapng,0,main,-1,6808,no,0x017a,no,no,yes,no,no
occurrence-182,gridania_to_coerthas.pcapng,0,main,1,6810,no,0x0001,no,no,no,no,no
occurrence-182,gridania_to_coerthas.pcapng,0,main,2,6811,no,0x00cf,no,no,no,no,no
occurrence-182,gridania_to_coerthas.pcapng,0,main,3,6812,no,0x00cf,no,no,no,no,no
occurrence-182,gridania_to_coerthas.pcapng,0,main,4,6813,no,0x00cf,no,no,no,no,no
occurrence-182,gridania_to_coerthas.pcapng,0,main,5,6814,no,0x0001,no,no,no,no,no
occurrence-183,gridania_to_coerthas.pcapng,0,main,-5,6816,no,0x00cf,no,no,no,no,no
occurrence-183,gridania_to_coerthas.pcapng,0,main,-4,6817,no,0x00cf,no,no,no,no,no
occurrence-183,gridania_to_coerthas.pcapng,0,main,-3,6818,no,0x00cf,no,no,no,no,no
occurrence-183,gridania_to_coerthas.pcapng,0,main,-2,6819,no,0x0001,no,no,no,no,no
occurrence-183,gridania_to_coerthas.pcapng,0,main,-1,6820,no,0x0001,no,no,no,no,no
occurrence-183,gridania_to_coerthas.pcapng,0,main,1,6822,no,0x00cf,no,no,no,no,no
occurrence-183,gridania_to_coerthas.pcapng,0,main,2,6823,no,0x00cf,no,no,no,no,no
occurrence-183,gridania_to_coerthas.pcapng,0,main,3,6824,no,0x00cf,no,no,no,no,no
occurrence-183,gridania_to_coerthas.pcapng,0,main,4,6825,no,0x0001,no,no,no,no,no
occurrence-183,gridania_to_coerthas.pcapng,0,main,5,6826,no,0x0001,no,no,no,no,no
occurrence-184,gridania_to_coerthas.pcapng,0,main,-5,6832,no,0x00cf,no,no,no,no,no
occurrence-184,gridania_to_coerthas.pcapng,0,main,-4,6833,no,0x00cf,no,no,no,no,no
occurrence-184,gridania_to_coerthas.pcapng,0,main,-3,6834,no,0x00cf,no,no,no,no,no
occurrence-184,gridania_to_coerthas.pcapng,0,main,-2,6835,no,0x018b,no,no,yes,yes,no
occurrence-184,gridania_to_coerthas.pcapng,0,main,-1,6836,no,0x0001,no,no,no,no,no
occurrence-184,gridania_to_coerthas.pcapng,0,main,1,6838,no,0x0001,no,no,no,no,no
occurrence-184,gridania_to_coerthas.pcapng,0,main,2,6839,no,0x000c,no,no,no,no,no
occurrence-184,gridania_to_coerthas.pcapng,0,main,3,6840,no,0x0134,no,no,no,no,no
occurrence-184,gridania_to_coerthas.pcapng,0,main,4,6841,no,0x013c,no,no,no,no,no
occurrence-184,gridania_to_coerthas.pcapng,0,main,5,6842,no,0x00d0,no,no,no,no,no
occurrence-185,harvest.pcapng,0,main,-5,35,no,0x00cf,no,no,no,no,no
occurrence-185,harvest.pcapng,0,main,-4,36,no,0x00cf,no,no,no,no,no
occurrence-185,harvest.pcapng,0,main,-3,37,no,0x00cf,no,no,no,no,no
occurrence-185,harvest.pcapng,0,main,-2,38,no,0x00cf,no,no,no,no,no
occurrence-185,harvest.pcapng,0,main,-1,39,no,0x0130,no,no,no,no,no
occurrence-185,harvest.pcapng,0,main,1,41,no,0x0001,no,no,no,no,no
occurrence-185,harvest.pcapng,0,main,2,42,no,0x0001,no,no,no,no,no
occurrence-185,harvest.pcapng,0,main,3,43,no,0x0169,no,no,no,no,no
occurrence-185,harvest.pcapng,0,main,4,44,no,0x0139,no,no,no,no,no
occurrence-185,harvest.pcapng,0,main,5,45,no,0x00cf,no,no,no,no,no
occurrence-186,harvest.pcapng,0,main,-5,63,no,0x00cf,no,no,no,no,no
occurrence-186,harvest.pcapng,0,main,-4,64,no,0x00cf,no,no,no,no,no
occurrence-186,harvest.pcapng,0,main,-3,65,no,0x00cf,no,no,no,no,no
occurrence-186,harvest.pcapng,0,main,-2,66,no,0x00cf,no,no,no,no,no
occurrence-186,harvest.pcapng,0,main,-1,67,no,0x0001,no,no,no,no,no
occurrence-186,harvest.pcapng,0,main,1,69,no,0x0001,no,no,no,no,no
occurrence-186,harvest.pcapng,0,main,2,70,no,0x00cf,no,no,no,no,no
occurrence-186,harvest.pcapng,0,main,3,71,no,0x00cf,no,no,no,no,no
occurrence-186,harvest.pcapng,0,main,4,72,no,0x00cf,no,no,no,no,no
occurrence-186,harvest.pcapng,0,main,5,73,no,0x00cf,no,no,no,no,no
occurrence-187,harvest.pcapng,0,main,-5,328,no,0x00cf,no,no,no,no,no
occurrence-187,harvest.pcapng,0,main,-4,329,no,0x00cf,no,no,no,no,no
occurrence-187,harvest.pcapng,0,main,-3,330,no,0x00cf,no,no,no,no,no
occurrence-187,harvest.pcapng,0,main,-2,331,no,0x00cf,no,no,no,no,no
occurrence-187,harvest.pcapng,0,main,-1,332,no,0x00cf,no,no,no,no,no
occurrence-187,harvest.pcapng,0,main,1,334,no,0x0001,no,no,no,no,no
occurrence-187,harvest.pcapng,0,main,2,335,no,0x0137,no,no,no,no,no
occurrence-187,harvest.pcapng,0,main,3,336,no,0x0001,no,no,no,no,no
occurrence-187,harvest.pcapng,0,main,4,337,no,0x00cf,no,no,no,no,no
occurrence-187,harvest.pcapng,0,main,5,338,no,0x00cf,no,no,no,no,no
occurrence-188,harvest.pcapng,0,main,-5,355,no,0x00cf,no,no,no,no,no
occurrence-188,harvest.pcapng,0,main,-4,356,no,0x00cf,no,no,no,no,no
occurrence-188,harvest.pcapng,0,main,-3,357,no,0x00cf,no,no,no,no,no
occurrence-188,harvest.pcapng,0,main,-2,358,no,0x00cf,no,no,no,no,no
occurrence-188,harvest.pcapng,0,main,-1,359,no,0x0001,no,no,no,no,no
occurrence-188,harvest.pcapng,0,main,1,361,no,0x0001,no,no,no,no,no
occurrence-188,harvest.pcapng,0,main,2,362,no,0x00cf,no,no,no,no,no
occurrence-188,harvest.pcapng,0,main,3,363,no,0x00cf,no,no,no,no,no
occurrence-188,harvest.pcapng,0,main,4,364,no,0x00cf,no,no,no,no,no
occurrence-188,harvest.pcapng,0,main,5,365,no,0x00cf,no,no,no,no,no
occurrence-189,harvest.pcapng,0,main,-5,399,no,0x00cf,no,no,no,no,no
occurrence-189,harvest.pcapng,0,main,-4,400,no,0x00cf,no,no,no,no,no
occurrence-189,harvest.pcapng,0,main,-3,401,no,0x00cf,no,no,no,no,no
occurrence-189,harvest.pcapng,0,main,-2,402,no,0x00cf,no,no,no,no,no
occurrence-189,harvest.pcapng,0,main,-1,403,no,0x00cf,no,no,no,no,no
occurrence-189,harvest.pcapng,0,main,1,405,no,0x0001,no,no,no,no,no
occurrence-189,harvest.pcapng,0,main,2,406,no,0x00cf,no,no,no,no,no
occurrence-189,harvest.pcapng,0,main,3,407,no,0x0001,no,no,no,no,no
occurrence-189,harvest.pcapng,0,main,4,408,no,0x00cf,no,no,no,no,no
occurrence-189,harvest.pcapng,0,main,5,409,no,0x00cf,no,no,no,no,no
occurrence-190,harvest.pcapng,0,main,-5,643,no,0x00cf,no,no,no,no,no
occurrence-190,harvest.pcapng,0,main,-4,644,no,0x00cf,no,no,no,no,no
occurrence-190,harvest.pcapng,0,main,-3,645,no,0x00cf,no,no,no,no,no
occurrence-190,harvest.pcapng,0,main,-2,646,no,0x00cf,no,no,no,no,no
occurrence-190,harvest.pcapng,0,main,-1,647,no,0x0001,no,no,no,no,no
occurrence-190,harvest.pcapng,0,main,1,649,no,0x0001,no,no,no,no,no
occurrence-190,harvest.pcapng,0,main,2,650,no,0x00cf,no,no,no,no,no
occurrence-190,harvest.pcapng,0,main,3,651,no,0x00cf,no,no,no,no,no
occurrence-190,harvest.pcapng,0,main,4,652,no,0x00cf,no,no,no,no,no
occurrence-190,harvest.pcapng,0,main,5,653,no,0x00cf,no,no,no,no,no
occurrence-191,idle_in_party.pcapng,0,main,-5,8,no,0x00cf,no,no,no,no,no
occurrence-191,idle_in_party.pcapng,0,main,-4,9,no,0x00cf,no,no,no,no,no
occurrence-191,idle_in_party.pcapng,0,main,-3,10,no,0x00cf,no,no,no,no,no
occurrence-191,idle_in_party.pcapng,0,main,-2,11,no,0x00cf,no,no,no,no,no
occurrence-191,idle_in_party.pcapng,0,main,-1,12,no,0x0001,no,no,no,no,no
occurrence-191,idle_in_party.pcapng,0,main,1,14,no,0x0001,no,no,no,no,no
occurrence-191,idle_in_party.pcapng,0,main,2,15,no,0x00cf,no,no,no,no,no
occurrence-191,idle_in_party.pcapng,0,main,3,16,no,0x00cf,no,no,no,no,no
occurrence-191,idle_in_party.pcapng,0,main,4,17,no,0x00cf,no,no,no,no,no
occurrence-191,idle_in_party.pcapng,0,main,5,18,no,0x00cf,no,no,no,no,no
occurrence-192,idle_in_party.pcapng,0,main,-5,44,no,0x00cf,no,no,no,no,no
occurrence-192,idle_in_party.pcapng,0,main,-4,45,no,0x00cf,no,no,no,no,no
occurrence-192,idle_in_party.pcapng,0,main,-3,46,no,0x00cf,no,no,no,no,no
occurrence-192,idle_in_party.pcapng,0,main,-2,47,no,0x00cf,no,no,no,no,no
occurrence-192,idle_in_party.pcapng,0,main,-1,48,no,0x00cf,no,no,no,no,no
occurrence-192,idle_in_party.pcapng,0,main,1,50,no,0x0001,no,no,no,no,no
occurrence-192,idle_in_party.pcapng,0,main,2,51,no,0x0001,no,no,no,no,no
occurrence-192,idle_in_party.pcapng,0,main,3,52,no,0x0001,no,no,no,no,no
occurrence-192,idle_in_party.pcapng,0,main,4,53,no,0x00cf,no,no,no,no,no
occurrence-192,idle_in_party.pcapng,0,main,5,54,no,0x00cf,no,no,no,no,no
occurrence-193,idling.pcapng,0,main,1,1,no,0x0001,no,no,no,no,no
occurrence-193,idling.pcapng,0,main,2,2,no,0x00cf,no,no,no,no,no
occurrence-193,idling.pcapng,0,main,3,3,no,0x00cf,no,no,no,no,no
occurrence-193,idling.pcapng,0,main,4,4,no,0x00cf,no,no,no,no,no
occurrence-193,idling.pcapng,0,main,5,5,no,0x0001,no,no,no,no,no
occurrence-194,idling.pcapng,0,main,-5,7,no,0x00cf,no,no,no,no,no
occurrence-194,idling.pcapng,0,main,-4,8,no,0x00cf,no,no,no,no,no
occurrence-194,idling.pcapng,0,main,-3,9,no,0x00cf,no,no,no,no,no
occurrence-194,idling.pcapng,0,main,-2,10,no,0x0001,no,no,no,no,no
occurrence-194,idling.pcapng,0,main,-1,11,no,0x0001,no,no,no,no,no
occurrence-194,idling.pcapng,0,main,1,13,no,0x00cf,no,no,no,no,no
occurrence-194,idling.pcapng,0,main,2,14,no,0x00cf,no,no,no,no,no
occurrence-194,idling.pcapng,0,main,3,15,no,0x00cf,no,no,no,no,no
occurrence-194,idling.pcapng,0,main,4,16,no,0x0001,no,no,no,no,no
occurrence-194,idling.pcapng,0,main,5,17,no,0x0001,no,no,no,no,no
occurrence-195,idling.pcapng,0,main,-5,22,no,0x0001,no,no,no,no,no
occurrence-195,idling.pcapng,0,main,-4,23,no,0x00cf,no,no,no,no,no
occurrence-195,idling.pcapng,0,main,-3,24,no,0x00cf,no,no,no,no,no
occurrence-195,idling.pcapng,0,main,-2,25,no,0x00cf,no,no,no,no,no
occurrence-195,idling.pcapng,0,main,-1,26,no,0x0001,no,no,no,no,no
occurrence-195,idling.pcapng,0,main,1,28,no,0x0001,no,no,no,no,no
occurrence-195,idling.pcapng,0,main,2,29,no,0x0001,no,no,no,no,no
occurrence-195,idling.pcapng,0,main,3,30,no,0x00cf,no,no,no,no,no
occurrence-195,idling.pcapng,0,main,4,31,no,0x00cf,no,no,no,no,no
occurrence-195,idling.pcapng,0,main,5,32,no,0x00cf,no,no,no,no,no
occurrence-196,idling.pcapng,0,main,-5,34,no,0x00cf,no,no,no,no,no
occurrence-196,idling.pcapng,0,main,-4,35,no,0x00cf,no,no,no,no,no
occurrence-196,idling.pcapng,0,main,-3,36,no,0x00cf,no,no,no,no,no
occurrence-196,idling.pcapng,0,main,-2,37,no,0x0001,no,no,no,no,no
occurrence-196,idling.pcapng,0,main,-1,38,no,0x0001,no,no,no,no,no
occurrence-196,idling.pcapng,0,main,1,40,no,0x0001,no,no,no,no,no
occurrence-196,idling.pcapng,0,main,2,41,no,0x00cf,no,no,no,no,no
occurrence-196,idling.pcapng,0,main,3,42,no,0x00cf,no,no,no,no,no
occurrence-196,idling.pcapng,0,main,4,43,no,0x00cf,no,no,no,no,no
occurrence-196,idling.pcapng,0,main,5,44,no,0x0001,no,no,no,no,no
occurrence-197,idling.pcapng,0,main,-5,49,no,0x0001,no,no,no,no,no
occurrence-197,idling.pcapng,0,main,-4,50,no,0x0001,no,no,no,no,no
occurrence-197,idling.pcapng,0,main,-3,51,no,0x00cf,no,no,no,no,no
occurrence-197,idling.pcapng,0,main,-2,52,no,0x00cf,no,no,no,no,no
occurrence-197,idling.pcapng,0,main,-1,53,no,0x00cf,no,no,no,no,no
occurrence-197,idling.pcapng,0,main,1,55,no,0x0001,no,no,no,no,no
occurrence-197,idling.pcapng,0,main,2,56,no,0x00cf,no,no,no,no,no
occurrence-197,idling.pcapng,0,main,3,57,no,0x00cf,no,no,no,no,no
occurrence-197,idling.pcapng,0,main,4,58,no,0x00cf,no,no,no,no,no
occurrence-197,idling.pcapng,0,main,5,59,no,0x00cf,no,no,no,no,no
occurrence-198,idling.pcapng,0,main,-5,63,no,0x00cf,no,no,no,no,no
occurrence-198,idling.pcapng,0,main,-4,64,no,0x00cf,no,no,no,no,no
occurrence-198,idling.pcapng,0,main,-3,65,no,0x00cf,no,no,no,no,no
occurrence-198,idling.pcapng,0,main,-2,66,no,0x00cf,no,no,no,no,no
occurrence-198,idling.pcapng,0,main,-1,67,no,0x0001,no,no,no,no,no
occurrence-198,idling.pcapng,0,main,1,69,no,0x0001,no,no,no,no,no
occurrence-198,idling.pcapng,0,main,2,70,no,0x00cf,no,no,no,no,no
occurrence-198,idling.pcapng,0,main,3,71,no,0x00cf,no,no,no,no,no
occurrence-198,idling.pcapng,0,main,4,72,no,0x00cf,no,no,no,no,no
occurrence-198,idling.pcapng,0,main,5,73,no,0x0001,no,no,no,no,no
occurrence-199,invite_join_party.pcapng,0,main,-5,30,no,0x00cf,no,no,no,no,no
occurrence-199,invite_join_party.pcapng,0,main,-4,31,no,0x00cf,no,no,no,no,no
occurrence-199,invite_join_party.pcapng,0,main,-3,32,no,0x00cf,no,no,no,no,no
occurrence-199,invite_join_party.pcapng,0,main,-2,33,no,0x00cf,no,no,no,no,no
occurrence-199,invite_join_party.pcapng,0,main,-1,34,no,0x0001,no,no,no,no,no
occurrence-199,invite_join_party.pcapng,0,main,1,36,no,0x01cf,no,no,no,no,no
occurrence-199,invite_join_party.pcapng,0,main,2,37,no,0x0001,no,no,no,no,no
occurrence-199,invite_join_party.pcapng,0,main,3,38,no,0x00cf,no,no,no,no,no
occurrence-199,invite_join_party.pcapng,0,main,4,39,no,0x00cf,no,no,no,no,no
occurrence-199,invite_join_party.pcapng,0,main,5,40,no,0x00cf,no,no,no,no,no
occurrence-200,invite_join_party.pcapng,0,main,-5,66,no,0x0001,no,no,no,no,no
occurrence-200,invite_join_party.pcapng,0,main,-4,67,no,0x017c,no,no,yes,no,no
occurrence-200,invite_join_party.pcapng,0,main,-3,68,no,0x017d,no,no,yes,no,no
occurrence-200,invite_join_party.pcapng,0,main,-2,69,no,0x017f,no,no,yes,no,no
occurrence-200,invite_join_party.pcapng,0,main,-1,70,no,0x017e,no,no,yes,no,no
occurrence-200,invite_join_party.pcapng,0,main,1,72,no,0x0187,no,no,yes,no,no
occurrence-200,invite_join_party.pcapng,0,main,2,73,no,0x017a,no,no,yes,no,no
occurrence-200,invite_join_party.pcapng,0,main,3,74,no,0x0169,no,no,no,no,no
occurrence-200,invite_join_party.pcapng,0,main,4,75,no,0x00cf,no,no,no,no,no
occurrence-200,invite_join_party.pcapng,0,main,5,76,no,0x00cf,no,no,no,no,no
occurrence-201,invite_join_party.pcapng,0,main,-5,107,no,0x00cf,no,no,no,no,no
occurrence-201,invite_join_party.pcapng,0,main,-4,108,no,0x00cf,no,no,no,no,no
occurrence-201,invite_join_party.pcapng,0,main,-3,109,no,0x00cf,no,no,no,no,no
occurrence-201,invite_join_party.pcapng,0,main,-2,110,no,0x00cf,no,no,no,no,no
occurrence-201,invite_join_party.pcapng,0,main,-1,111,no,0x00cf,no,no,no,no,no
occurrence-201,invite_join_party.pcapng,0,main,1,113,no,0x0001,no,no,no,no,no
occurrence-201,invite_join_party.pcapng,0,main,2,114,no,0x00cf,no,no,no,no,no
occurrence-201,invite_join_party.pcapng,0,main,3,115,no,0x00cf,no,no,no,no,no
occurrence-201,invite_join_party.pcapng,0,main,4,116,no,0x00cf,no,no,no,no,no
occurrence-201,invite_join_party.pcapng,0,main,5,117,no,0x00cf,no,no,no,no,no
occurrence-202,invite_join_party.pcapng,0,main,-5,133,no,0x00cf,no,no,no,no,no
occurrence-202,invite_join_party.pcapng,0,main,-4,134,no,0x00cf,no,no,no,no,no
occurrence-202,invite_join_party.pcapng,0,main,-3,135,no,0x00cf,no,no,no,no,no
occurrence-202,invite_join_party.pcapng,0,main,-2,136,no,0x00cf,no,no,no,no,no
occurrence-202,invite_join_party.pcapng,0,main,-1,137,no,0x0001,no,no,no,no,no
occurrence-202,invite_join_party.pcapng,0,main,1,139,no,0x00cf,no,no,no,no,no
occurrence-202,invite_join_party.pcapng,0,main,2,140,no,0x00cf,no,no,no,no,no
occurrence-202,invite_join_party.pcapng,0,main,3,141,no,0x00cf,no,no,no,no,no
occurrence-202,invite_join_party.pcapng,0,main,4,142,no,0x00cf,no,no,no,no,no
occurrence-202,invite_join_party.pcapng,0,main,5,143,no,0x00cf,no,no,no,no,no
occurrence-203,invite_join_party.pcapng,0,main,-5,169,yes,0x00cf,no,no,no,no,no
occurrence-203,invite_join_party.pcapng,0,main,-4,170,yes,0x00cf,no,no,no,no,no
occurrence-203,invite_join_party.pcapng,0,main,-3,171,yes,0x00cf,no,no,no,no,no
occurrence-203,invite_join_party.pcapng,0,main,-2,172,yes,0x00cf,no,no,no,no,no
occurrence-203,invite_join_party.pcapng,0,main,-1,173,yes,0x00cf,no,no,no,no,no
occurrence-203,invite_join_party.pcapng,0,main,1,175,no,0x0001,no,no,no,no,no
occurrence-203,invite_join_party.pcapng,0,main,2,176,no,0x0001,no,no,no,no,no
occurrence-203,invite_join_party.pcapng,0,main,3,177,no,0x00cf,no,no,no,no,no
occurrence-203,invite_join_party.pcapng,0,main,4,178,no,0x00cf,no,no,no,no,no
occurrence-203,invite_join_party.pcapng,0,main,5,179,no,0x00cf,no,no,no,no,no
occurrence-204,invite_join_party.pcapng,0,main,-5,195,no,0x00cf,no,no,no,no,no
occurrence-204,invite_join_party.pcapng,0,main,-4,196,no,0x00cf,no,no,no,no,no
occurrence-204,invite_join_party.pcapng,0,main,-3,197,no,0x00cf,no,no,no,no,no
occurrence-204,invite_join_party.pcapng,0,main,-2,198,no,0x00cf,no,no,no,no,no
occurrence-204,invite_join_party.pcapng,0,main,-1,199,no,0x0001,no,no,no,no,no
occurrence-204,invite_join_party.pcapng,0,main,1,201,no,0x0001,no,no,no,no,no
occurrence-204,invite_join_party.pcapng,0,main,2,202,no,0x00cf,no,no,no,no,no
occurrence-204,invite_join_party.pcapng,0,main,3,203,no,0x00cf,no,no,no,no,no
occurrence-204,invite_join_party.pcapng,0,main,4,204,no,0x00cf,no,no,no,no,no
occurrence-204,invite_join_party.pcapng,0,main,5,205,no,0x00cf,no,no,no,no,no
occurrence-205,invite_join_party.pcapng,0,main,-5,221,no,0x00cf,no,no,no,no,no
occurrence-205,invite_join_party.pcapng,0,main,-4,222,no,0x00cf,no,no,no,no,no
occurrence-205,invite_join_party.pcapng,0,main,-3,223,no,0x00cf,no,no,no,no,no
occurrence-205,invite_join_party.pcapng,0,main,-2,224,no,0x0001,no,no,no,no,no
occurrence-205,invite_join_party.pcapng,0,main,-1,225,no,0x0001,no,no,no,no,no
occurrence-205,invite_join_party.pcapng,0,main,1,227,no,0x00cf,no,no,no,no,no
occurrence-205,invite_join_party.pcapng,0,main,2,228,no,0x00cf,no,no,no,no,no
occurrence-205,invite_join_party.pcapng,0,main,3,229,no,0x00cf,no,no,no,no,no
occurrence-205,invite_join_party.pcapng,0,main,4,230,no,0x00cf,no,no,no,no,no
occurrence-205,invite_join_party.pcapng,0,main,5,231,no,0x00cf,no,no,no,no,no
occurrence-206,invite_join_party.pcapng,0,main,-5,257,no,0x00cf,no,no,no,no,no
occurrence-206,invite_join_party.pcapng,0,main,-4,258,no,0x00cf,no,no,no,no,no
occurrence-206,invite_join_party.pcapng,0,main,-3,259,no,0x00cf,no,no,no,no,no
occurrence-206,invite_join_party.pcapng,0,main,-2,260,no,0x00cf,no,no,no,no,no
occurrence-206,invite_join_party.pcapng,0,main,-1,261,no,0x0001,no,no,no,no,no
occurrence-206,invite_join_party.pcapng,0,main,1,263,no,0x0001,no,no,no,no,no
occurrence-206,invite_join_party.pcapng,0,main,2,264,no,0x00cf,no,no,no,no,no
occurrence-206,invite_join_party.pcapng,0,main,3,265,no,0x00cf,no,no,no,no,no
occurrence-206,invite_join_party.pcapng,0,main,4,266,no,0x00cf,no,no,no,no,no
occurrence-206,invite_join_party.pcapng,0,main,5,267,no,0x00cf,no,no,no,no,no
occurrence-207,invite_join_party.pcapng,0,main,-5,283,no,0x00cf,no,no,no,no,no
occurrence-207,invite_join_party.pcapng,0,main,-4,284,no,0x00cf,no,no,no,no,no
occurrence-207,invite_join_party.pcapng,0,main,-3,285,no,0x00cf,no,no,no,no,no
occurrence-207,invite_join_party.pcapng,0,main,-2,286,no,0x0001,no,no,no,no,no
occurrence-207,invite_join_party.pcapng,0,main,-1,287,no,0x0001,no,no,no,no,no
occurrence-207,invite_join_party.pcapng,0,main,1,289,no,0x00cf,no,no,no,no,no
occurrence-207,invite_join_party.pcapng,0,main,2,290,no,0x00cf,no,no,no,no,no
occurrence-207,invite_join_party.pcapng,0,main,3,291,no,0x00cf,no,no,no,no,no
occurrence-207,invite_join_party.pcapng,0,main,4,292,no,0x00cf,no,no,no,no,no
occurrence-207,invite_join_party.pcapng,0,main,5,293,no,0x00cf,no,no,no,no,no
occurrence-208,invite_join_party.pcapng,0,main,-5,327,no,0x00cf,no,no,no,no,no
occurrence-208,invite_join_party.pcapng,0,main,-4,328,no,0x00cf,no,no,no,no,no
occurrence-208,invite_join_party.pcapng,0,main,-3,329,no,0x00cf,no,no,no,no,no
occurrence-208,invite_join_party.pcapng,0,main,-2,330,no,0x00cf,no,no,no,no,no
occurrence-208,invite_join_party.pcapng,0,main,-1,331,no,0x0001,no,no,no,no,no
occurrence-208,invite_join_party.pcapng,0,main,1,333,no,0x0001,no,no,no,no,no
occurrence-208,invite_join_party.pcapng,0,main,2,334,no,0x00cf,no,no,no,no,no
occurrence-208,invite_join_party.pcapng,0,main,3,335,no,0x00cf,no,no,no,no,no
occurrence-208,invite_join_party.pcapng,0,main,4,336,no,0x00cf,no,no,no,no,no
occurrence-208,invite_join_party.pcapng,0,main,5,337,no,0x00cf,no,no,no,no,no
occurrence-209,local_leve_complete.pcapng,0,main,-5,22,no,0x00cf,no,no,no,no,no
occurrence-209,local_leve_complete.pcapng,0,main,-4,23,no,0x00cf,no,no,no,no,no
occurrence-209,local_leve_complete.pcapng,0,main,-3,24,no,0x00cf,no,no,no,no,no
occurrence-209,local_leve_complete.pcapng,0,main,-2,25,no,0x00cf,no,no,no,no,no
occurrence-209,local_leve_complete.pcapng,0,main,-1,26,no,0x00cf,no,no,no,no,no
occurrence-209,local_leve_complete.pcapng,0,main,1,28,no,0x0001,no,no,no,no,no
occurrence-209,local_leve_complete.pcapng,0,main,2,29,no,0x0130,no,no,no,no,no
occurrence-209,local_leve_complete.pcapng,0,main,3,30,no,0x00cf,no,no,no,no,no
occurrence-209,local_leve_complete.pcapng,0,main,4,31,no,0x00cf,no,no,no,no,no
occurrence-209,local_leve_complete.pcapng,0,main,5,32,no,0x00cf,no,no,no,no,no
occurrence-210,local_leve_complete.pcapng,0,main,-5,51,no,0x00cf,no,no,no,no,no
occurrence-210,local_leve_complete.pcapng,0,main,-4,52,no,0x00cf,no,no,no,no,no
occurrence-210,local_leve_complete.pcapng,0,main,-3,53,no,0x00cf,no,no,no,no,no
occurrence-210,local_leve_complete.pcapng,0,main,-2,54,no,0x00cf,no,no,no,no,no
occurrence-210,local_leve_complete.pcapng,0,main,-1,55,no,0x0001,no,no,no,no,no
occurrence-210,local_leve_complete.pcapng,0,main,1,57,no,0x0001,no,no,no,no,no
occurrence-210,local_leve_complete.pcapng,0,main,2,58,no,0x00cf,no,no,no,no,no
occurrence-210,local_leve_complete.pcapng,0,main,3,59,no,0x00cf,no,no,no,no,no
occurrence-210,local_leve_complete.pcapng,0,main,4,60,no,0x00cf,no,no,no,no,no
occurrence-210,local_leve_complete.pcapng,0,main,5,61,no,0x00cf,no,no,no,no,no
occurrence-211,local_leve_complete.pcapng,0,main,-5,97,no,0x00cf,no,no,no,no,no
occurrence-211,local_leve_complete.pcapng,0,main,-4,98,no,0x00d2,no,no,no,no,no
occurrence-211,local_leve_complete.pcapng,0,main,-3,99,no,0x00d3,no,no,no,no,no
occurrence-211,local_leve_complete.pcapng,0,main,-2,100,no,0x0001,no,no,no,no,no
occurrence-211,local_leve_complete.pcapng,0,main,-1,101,no,0x00cf,no,no,no,no,no
occurrence-211,local_leve_complete.pcapng,0,main,1,103,no,0x0001,no,no,no,no,no
occurrence-211,local_leve_complete.pcapng,0,main,2,104,no,0x018b,no,no,yes,yes,no
occurrence-211,local_leve_complete.pcapng,0,main,3,105,no,0x00cf,no,no,no,no,no
occurrence-211,local_leve_complete.pcapng,0,main,4,106,no,0x00cf,no,no,no,no,no
occurrence-211,local_leve_complete.pcapng,0,main,5,107,no,0x00cf,no,no,no,no,no
occurrence-212,local_leve_complete.pcapng,0,main,-5,130,no,0x00cf,no,no,no,no,no
occurrence-212,local_leve_complete.pcapng,0,main,-4,131,no,0x00cf,no,no,no,no,no
occurrence-212,local_leve_complete.pcapng,0,main,-3,132,no,0x00cf,no,no,no,no,no
occurrence-212,local_leve_complete.pcapng,0,main,-2,133,no,0x0001,no,no,no,no,no
occurrence-212,local_leve_complete.pcapng,0,main,-1,134,no,0x0001,no,no,no,no,no
occurrence-212,local_leve_complete.pcapng,0,main,1,136,no,0x00cf,no,no,no,no,no
occurrence-212,local_leve_complete.pcapng,0,main,2,137,no,0x00cf,no,no,no,no,no
occurrence-212,local_leve_complete.pcapng,0,main,3,138,no,0x00cf,no,no,no,no,no
occurrence-212,local_leve_complete.pcapng,0,main,4,139,no,0x00cf,no,no,no,no,no
occurrence-212,local_leve_complete.pcapng,0,main,5,140,no,0x00cf,no,no,no,no,no
occurrence-213,local_leve_complete.pcapng,0,main,-5,189,no,0x00cf,no,no,no,no,no
occurrence-213,local_leve_complete.pcapng,0,main,-4,190,no,0x00cf,no,no,no,no,no
occurrence-213,local_leve_complete.pcapng,0,main,-3,191,no,0x00cf,no,no,no,no,no
occurrence-213,local_leve_complete.pcapng,0,main,-2,192,no,0x00cf,no,no,no,no,no
occurrence-213,local_leve_complete.pcapng,0,main,-1,193,no,0x0001,no,no,no,no,no
occurrence-213,local_leve_complete.pcapng,0,main,1,195,no,0x0130,no,no,no,no,no
occurrence-213,local_leve_complete.pcapng,0,main,2,196,no,0x0001,no,no,no,no,no
occurrence-213,local_leve_complete.pcapng,0,main,3,197,no,0x00cf,no,no,no,no,no
occurrence-213,local_leve_complete.pcapng,0,main,4,198,no,0x00cf,no,no,no,no,no
occurrence-213,local_leve_complete.pcapng,0,main,5,199,no,0x00cf,no,no,no,no,no
occurrence-214,local_leve_complete.pcapng,0,main,-5,218,no,0x00cf,no,no,no,no,no
occurrence-214,local_leve_complete.pcapng,0,main,-4,219,no,0x0001,no,no,no,no,no
occurrence-214,local_leve_complete.pcapng,0,main,-3,220,no,0x0130,no,no,no,no,no
occurrence-214,local_leve_complete.pcapng,0,main,-2,221,no,0x0001,no,no,no,no,no
occurrence-214,local_leve_complete.pcapng,0,main,-1,222,no,0x0130,no,no,no,no,no
occurrence-214,local_leve_complete.pcapng,0,main,1,224,no,0x00cf,no,no,no,no,no
occurrence-214,local_leve_complete.pcapng,0,main,2,225,no,0x00cf,no,no,no,no,no
occurrence-214,local_leve_complete.pcapng,0,main,3,226,no,0x00cf,no,no,no,no,no
occurrence-214,local_leve_complete.pcapng,0,main,4,227,no,0x00cf,no,no,no,no,no
occurrence-214,local_leve_complete.pcapng,0,main,5,228,no,0x00cf,no,no,no,no,no
occurrence-215,local_leve_complete.pcapng,0,main,-5,259,no,0x00cf,no,no,no,no,no
occurrence-215,local_leve_complete.pcapng,0,main,-4,260,no,0x0001,no,no,no,no,no
occurrence-215,local_leve_complete.pcapng,0,main,-3,261,no,0x000c,no,no,no,no,no
occurrence-215,local_leve_complete.pcapng,0,main,-2,262,no,0x0134,no,no,no,no,no
occurrence-215,local_leve_complete.pcapng,0,main,-1,263,no,0x013c,no,no,no,no,no
occurrence-215,local_leve_complete.pcapng,0,main,1,265,no,0x0001,no,no,no,no,no
occurrence-215,local_leve_complete.pcapng,0,main,2,266,no,0x00cf,no,no,no,no,no
occurrence-215,local_leve_complete.pcapng,0,main,3,267,no,0x00cf,no,no,no,no,no
occurrence-215,local_leve_complete.pcapng,0,main,4,268,no,0x00cf,no,no,no,no,no
occurrence-215,local_leve_complete.pcapng,0,main,5,269,no,0x00cf,no,no,no,no,no
occurrence-216,local_leve_complete.pcapng,0,main,-5,287,no,0x00cf,no,no,no,no,no
occurrence-216,local_leve_complete.pcapng,0,main,-4,288,no,0x00cf,no,no,no,no,no
occurrence-216,local_leve_complete.pcapng,0,main,-3,289,no,0x0001,no,no,no,no,no
occurrence-216,local_leve_complete.pcapng,0,main,-2,290,no,0x0130,no,no,no,no,no
occurrence-216,local_leve_complete.pcapng,0,main,-1,291,no,0x0001,no,no,no,no,no
occurrence-216,local_leve_complete.pcapng,0,main,1,293,no,0x00cf,no,no,no,no,no
occurrence-216,local_leve_complete.pcapng,0,main,2,294,no,0x00cf,no,no,no,no,no
occurrence-216,local_leve_complete.pcapng,0,main,3,295,no,0x00cf,no,no,no,no,no
occurrence-216,local_leve_complete.pcapng,0,main,4,296,no,0x00cf,no,no,no,no,no
occurrence-216,local_leve_complete.pcapng,0,main,5,297,no,0x00cf,no,no,no,no,no
occurrence-217,local_leve_complete.pcapng,0,main,-5,332,no,0x00cf,no,no,no,no,no
occurrence-217,local_leve_complete.pcapng,0,main,-4,333,no,0x00cf,no,no,no,no,no
occurrence-217,local_leve_complete.pcapng,0,main,-3,334,no,0x00cf,no,no,no,no,no
occurrence-217,local_leve_complete.pcapng,0,main,-2,335,no,0x00cf,no,no,no,no,no
occurrence-217,local_leve_complete.pcapng,0,main,-1,336,no,0x00cf,no,no,no,no,no
occurrence-217,local_leve_complete.pcapng,0,main,1,338,no,0x0001,no,no,no,no,no
occurrence-217,local_leve_complete.pcapng,0,main,2,339,no,0x00cf,no,no,no,no,no
occurrence-217,local_leve_complete.pcapng,0,main,3,340,no,0x00cf,no,no,no,no,no
occurrence-217,local_leve_complete.pcapng,0,main,4,341,no,0x00cf,no,no,no,no,no
occurrence-217,local_leve_complete.pcapng,0,main,5,342,no,0x00cf,no,no,no,no,no
occurrence-218,local_leve_complete.pcapng,0,main,-5,361,no,0x00cf,no,no,no,no,no
occurrence-218,local_leve_complete.pcapng,0,main,-4,362,no,0x00cf,no,no,no,no,no
occurrence-218,local_leve_complete.pcapng,0,main,-3,363,no,0x00cf,no,no,no,no,no
occurrence-218,local_leve_complete.pcapng,0,main,-2,364,no,0x00cf,no,no,no,no,no
occurrence-218,local_leve_complete.pcapng,0,main,-1,365,no,0x0001,no,no,no,no,no
occurrence-218,local_leve_complete.pcapng,0,main,1,367,no,0x0168,no,no,no,no,no
occurrence-218,local_leve_complete.pcapng,0,main,2,368,no,0x0167,no,no,no,no,no
occurrence-218,local_leve_complete.pcapng,0,main,3,369,no,0x0167,no,no,no,no,no
occurrence-218,local_leve_complete.pcapng,0,main,4,370,no,0x0167,no,no,no,no,no
occurrence-218,local_leve_complete.pcapng,0,main,5,371,no,0x0166,no,no,no,no,no
occurrence-219,local_leve_complete.pcapng,0,main,-5,408,no,0x00cf,no,no,no,no,no
occurrence-219,local_leve_complete.pcapng,0,main,-4,409,no,0x00cf,no,no,no,no,no
occurrence-219,local_leve_complete.pcapng,0,main,-3,410,no,0x00cf,no,no,no,no,no
occurrence-219,local_leve_complete.pcapng,0,main,-2,411,no,0x00cf,no,no,no,no,no
occurrence-219,local_leve_complete.pcapng,0,main,-1,412,no,0x00cf,no,no,no,no,no
occurrence-219,local_leve_complete.pcapng,0,main,1,414,no,0x0001,no,no,no,no,no
occurrence-219,local_leve_complete.pcapng,0,main,2,415,no,0x0001,no,no,no,no,no
occurrence-219,local_leve_complete.pcapng,0,main,3,416,no,0x0168,no,no,no,no,no
occurrence-219,local_leve_complete.pcapng,0,main,4,417,no,0x0167,no,no,no,no,no
occurrence-219,local_leve_complete.pcapng,0,main,5,418,no,0x0167,no,no,no,no,no
occurrence-220,local_leve_complete.pcapng,0,main,-5,441,no,0x00cf,no,no,no,no,no
occurrence-220,local_leve_complete.pcapng,0,main,-4,442,no,0x00cf,no,no,no,no,no
occurrence-220,local_leve_complete.pcapng,0,main,-3,443,no,0x00cf,no,no,no,no,no
occurrence-220,local_leve_complete.pcapng,0,main,-2,444,no,0x00cf,no,no,no,no,no
occurrence-220,local_leve_complete.pcapng,0,main,-1,445,no,0x0001,no,no,no,no,no
occurrence-220,local_leve_complete.pcapng,0,main,1,447,no,0x0001,no,no,no,no,no
occurrence-220,local_leve_complete.pcapng,0,main,2,448,no,0x00cf,no,no,no,no,no
occurrence-220,local_leve_complete.pcapng,0,main,3,449,no,0x00cf,no,no,no,no,no
occurrence-220,local_leve_complete.pcapng,0,main,4,450,no,0x00cf,no,no,no,no,no
occurrence-220,local_leve_complete.pcapng,0,main,5,451,no,0x00cf,no,no,no,no,no
occurrence-221,local_leve_complete.pcapng,0,main,-5,487,no,0x00cf,no,no,no,no,no
occurrence-221,local_leve_complete.pcapng,0,main,-4,488,no,0x00cf,no,no,no,no,no
occurrence-221,local_leve_complete.pcapng,0,main,-3,489,no,0x00cf,no,no,no,no,no
occurrence-221,local_leve_complete.pcapng,0,main,-2,490,no,0x00cf,no,no,no,no,no
occurrence-221,local_leve_complete.pcapng,0,main,-1,491,no,0x00cf,no,no,no,no,no
occurrence-221,local_leve_complete.pcapng,0,main,1,493,no,0x0001,no,no,no,no,no
occurrence-221,local_leve_complete.pcapng,0,main,2,494,no,0x0001,no,no,no,no,no
occurrence-221,local_leve_complete.pcapng,0,main,3,495,no,0x00cf,no,no,no,no,no
occurrence-221,local_leve_complete.pcapng,0,main,4,496,no,0x00cf,no,no,no,no,no
occurrence-221,local_leve_complete.pcapng,0,main,5,497,no,0x00cf,no,no,no,no,no
occurrence-222,local_leve_complete.pcapng,0,main,-5,521,no,0x0167,no,no,no,no,no
occurrence-222,local_leve_complete.pcapng,0,main,-4,522,no,0x0166,no,no,no,no,no
occurrence-222,local_leve_complete.pcapng,0,main,-3,523,no,0x0130,no,no,no,no,no
occurrence-222,local_leve_complete.pcapng,0,main,-2,524,no,0x0001,no,no,no,no,no
occurrence-222,local_leve_complete.pcapng,0,main,-1,525,no,0x0130,no,no,no,no,no
occurrence-222,local_leve_complete.pcapng,0,main,1,527,no,0x0001,no,no,no,no,no
occurrence-222,local_leve_complete.pcapng,0,main,2,528,no,0x00cf,no,no,no,no,no
occurrence-222,local_leve_complete.pcapng,0,main,3,529,no,0x00cf,no,no,no,no,no
occurrence-222,local_leve_complete.pcapng,0,main,4,530,no,0x00cf,no,no,no,no,no
occurrence-222,local_leve_complete.pcapng,0,main,5,531,no,0x00cf,no,no,no,no,no
occurrence-223,local_leve_complete.pcapng,0,main,-5,559,no,0x00cf,no,no,no,no,no
occurrence-223,local_leve_complete.pcapng,0,main,-4,560,no,0x00cf,no,no,no,no,no
occurrence-223,local_leve_complete.pcapng,0,main,-3,561,no,0x00cf,no,no,no,no,no
occurrence-223,local_leve_complete.pcapng,0,main,-2,562,no,0x00cf,no,no,no,no,no
occurrence-223,local_leve_complete.pcapng,0,main,-1,563,no,0x00cf,no,no,no,no,no
occurrence-223,local_leve_complete.pcapng,0,main,1,565,no,0x0001,no,no,no,no,no
occurrence-223,local_leve_complete.pcapng,0,main,2,566,no,0x0001,no,no,no,no,no
occurrence-223,local_leve_complete.pcapng,0,main,3,567,no,0x0168,no,no,no,no,no
occurrence-223,local_leve_complete.pcapng,0,main,4,568,no,0x0167,no,no,no,no,no
occurrence-223,local_leve_complete.pcapng,0,main,5,569,no,0x0130,no,no,no,no,no
occurrence-224,local_leve_complete.pcapng,0,main,-5,815,no,0x000c,no,no,no,no,no
occurrence-224,local_leve_complete.pcapng,0,main,-4,816,no,0x0134,no,no,no,no,no
occurrence-224,local_leve_complete.pcapng,0,main,-3,817,no,0x013c,no,no,no,no,no
occurrence-224,local_leve_complete.pcapng,0,main,-2,818,no,0x0130,no,no,no,no,no
occurrence-224,local_leve_complete.pcapng,0,main,-1,819,no,0x0137,no,no,no,no,no
occurrence-224,local_leve_complete.pcapng,0,main,1,821,no,0x0001,no,no,no,no,no
occurrence-224,local_leve_complete.pcapng,0,main,2,822,no,0x00cf,no,no,no,no,no
occurrence-224,local_leve_complete.pcapng,0,main,3,823,no,0x00cf,no,no,no,no,no
occurrence-224,local_leve_complete.pcapng,0,main,4,824,no,0x00cf,no,no,no,no,no
occurrence-224,local_leve_complete.pcapng,0,main,5,825,no,0x00cf,no,no,no,no,no
occurrence-225,local_leve_complete.pcapng,0,main,-5,846,no,0x0130,no,no,no,no,no
occurrence-225,local_leve_complete.pcapng,0,main,-4,847,no,0x000c,no,no,no,no,no
occurrence-225,local_leve_complete.pcapng,0,main,-3,848,no,0x0134,no,no,no,no,no
occurrence-225,local_leve_complete.pcapng,0,main,-2,849,no,0x013c,no,no,no,no,no
occurrence-225,local_leve_complete.pcapng,0,main,-1,850,no,0x0001,no,no,no,no,no
occurrence-225,local_leve_complete.pcapng,0,main,1,852,no,0x00cf,no,no,no,no,no
occurrence-225,local_leve_complete.pcapng,0,main,2,853,no,0x00cf,no,no,no,no,no
occurrence-225,local_leve_complete.pcapng,0,main,3,854,no,0x00cf,no,no,no,no,no
occurrence-225,local_leve_complete.pcapng,0,main,4,855,no,0x00cf,no,no,no,no,no
occurrence-225,local_leve_complete.pcapng,0,main,5,856,no,0x00cf,no,no,no,no,no
occurrence-226,local_leve_complete.pcapng,0,main,-5,884,no,0x00cf,no,no,no,no,no
occurrence-226,local_leve_complete.pcapng,0,main,-4,885,no,0x00cf,no,no,no,no,no
occurrence-226,local_leve_complete.pcapng,0,main,-3,886,no,0x00cf,no,no,no,no,no
occurrence-226,local_leve_complete.pcapng,0,main,-2,887,no,0x00cf,no,no,no,no,no
occurrence-226,local_leve_complete.pcapng,0,main,-1,888,no,0x00cf,no,no,no,no,no
occurrence-226,local_leve_complete.pcapng,0,main,1,890,no,0x0001,no,no,no,no,no
occurrence-226,local_leve_complete.pcapng,0,main,2,891,no,0x0144,no,no,no,no,no
occurrence-226,local_leve_complete.pcapng,0,main,3,892,no,0x0139,no,no,no,no,no
occurrence-226,local_leve_complete.pcapng,0,main,4,893,no,0x0001,no,no,no,no,no
occurrence-226,local_leve_complete.pcapng,0,main,5,894,no,0x00cf,no,no,no,no,no
occurrence-227,local_leve_complete.pcapng,0,main,-5,921,no,0x00cf,no,no,no,no,no
occurrence-227,local_leve_complete.pcapng,0,main,-4,922,no,0x00cf,no,no,no,no,no
occurrence-227,local_leve_complete.pcapng,0,main,-3,923,no,0x0001,no,no,no,no,no
occurrence-227,local_leve_complete.pcapng,0,main,-2,924,no,0x0144,no,no,no,no,no
occurrence-227,local_leve_complete.pcapng,0,main,-1,925,no,0x0139,no,no,no,no,no
occurrence-227,local_leve_complete.pcapng,0,main,1,927,no,0x0001,no,no,no,no,no
occurrence-227,local_leve_complete.pcapng,0,main,2,928,no,0x00cf,no,no,no,no,no
occurrence-227,local_leve_complete.pcapng,0,main,3,929,no,0x00cf,no,no,no,no,no
occurrence-227,local_leve_complete.pcapng,0,main,4,930,no,0x00cf,no,no,no,no,no
occurrence-227,local_leve_complete.pcapng,0,main,5,931,no,0x00cf,no,no,no,no,no
occurrence-228,local_leve_complete.pcapng,0,main,-5,965,no,0x00cf,no,no,no,no,no
occurrence-228,local_leve_complete.pcapng,0,main,-4,966,no,0x00cf,no,no,no,no,no
occurrence-228,local_leve_complete.pcapng,0,main,-3,967,no,0x00cf,no,no,no,no,no
occurrence-228,local_leve_complete.pcapng,0,main,-2,968,no,0x00cf,no,no,no,no,no
occurrence-228,local_leve_complete.pcapng,0,main,-1,969,no,0x00cf,no,no,no,no,no
occurrence-228,local_leve_complete.pcapng,0,main,1,971,no,0x0001,no,no,no,no,no
occurrence-228,local_leve_complete.pcapng,0,main,2,972,no,0x0144,no,no,no,no,no
occurrence-228,local_leve_complete.pcapng,0,main,3,973,no,0x0139,no,no,no,no,no
occurrence-228,local_leve_complete.pcapng,0,main,4,974,no,0x0001,no,no,no,no,no
occurrence-228,local_leve_complete.pcapng,0,main,5,975,no,0x00cf,no,no,no,no,no
occurrence-229,local_leve_complete.pcapng,0,main,-5,998,no,0x00cf,no,no,no,no,no
occurrence-229,local_leve_complete.pcapng,0,main,-4,999,no,0x00cf,no,no,no,no,no
occurrence-229,local_leve_complete.pcapng,0,main,-3,1000,no,0x00cf,no,no,no,no,no
occurrence-229,local_leve_complete.pcapng,0,main,-2,1001,no,0x00cf,no,no,no,no,no
occurrence-229,local_leve_complete.pcapng,0,main,-1,1002,no,0x0001,no,no,no,no,no
occurrence-229,local_leve_complete.pcapng,0,main,1,1004,no,0x0001,no,no,no,no,no
occurrence-229,local_leve_complete.pcapng,0,main,2,1005,no,0x00cf,no,no,no,no,no
occurrence-229,local_leve_complete.pcapng,0,main,3,1006,no,0x00cf,no,no,no,no,no
occurrence-229,local_leve_complete.pcapng,0,main,4,1007,no,0x00cf,no,no,no,no,no
occurrence-229,local_leve_complete.pcapng,0,main,5,1008,no,0x00cf,no,no,no,no,no
occurrence-230,local_leve_complete.pcapng,0,main,-5,1043,no,0x00cf,no,no,no,no,no
occurrence-230,local_leve_complete.pcapng,0,main,-4,1044,no,0x00cf,no,no,no,no,no
occurrence-230,local_leve_complete.pcapng,0,main,-3,1045,no,0x00cf,no,no,no,no,no
occurrence-230,local_leve_complete.pcapng,0,main,-2,1046,no,0x00cf,no,no,no,no,no
occurrence-230,local_leve_complete.pcapng,0,main,-1,1047,no,0x0001,no,no,no,no,no
occurrence-230,local_leve_complete.pcapng,0,main,1,1049,no,0x0001,no,no,no,no,no
occurrence-230,local_leve_complete.pcapng,0,main,2,1050,no,0x00cf,no,no,no,no,no
occurrence-230,local_leve_complete.pcapng,0,main,3,1051,no,0x00cf,no,no,no,no,no
occurrence-230,local_leve_complete.pcapng,0,main,4,1052,no,0x00cf,no,no,no,no,no
occurrence-230,local_leve_complete.pcapng,0,main,5,1053,no,0x00cf,no,no,no,no,no
occurrence-231,local_leve_complete.pcapng,0,main,-5,1069,no,0x00cf,no,no,no,no,no
occurrence-231,local_leve_complete.pcapng,0,main,-4,1070,no,0x00cf,no,no,no,no,no
occurrence-231,local_leve_complete.pcapng,0,main,-3,1071,no,0x00cf,no,no,no,no,no
occurrence-231,local_leve_complete.pcapng,0,main,-2,1072,no,0x0001,no,no,no,no,no
occurrence-231,local_leve_complete.pcapng,0,main,-1,1073,no,0x0001,no,no,no,no,no
occurrence-231,local_leve_complete.pcapng,0,main,1,1075,no,0x00cf,no,no,no,no,no
occurrence-231,local_leve_complete.pcapng,0,main,2,1076,no,0x00cf,no,no,no,no,no
occurrence-231,local_leve_complete.pcapng,0,main,3,1077,no,0x00cf,no,no,no,no,no
occurrence-231,local_leve_complete.pcapng,0,main,4,1078,no,0x00cf,no,no,no,no,no
occurrence-231,local_leve_complete.pcapng,0,main,5,1079,no,0x00cf,no,no,no,no,no
occurrence-232,local_leve_complete.pcapng,0,main,-5,1104,no,0x00cf,no,no,no,no,no
occurrence-232,local_leve_complete.pcapng,0,main,-4,1105,no,0x00cf,no,no,no,no,no
occurrence-232,local_leve_complete.pcapng,0,main,-3,1106,no,0x00cf,no,no,no,no,no
occurrence-232,local_leve_complete.pcapng,0,main,-2,1107,no,0x00cf,no,no,no,no,no
occurrence-232,local_leve_complete.pcapng,0,main,-1,1108,no,0x00cf,no,no,no,no,no
occurrence-232,local_leve_complete.pcapng,0,main,1,1110,no,0x0001,no,no,no,no,no
occurrence-232,local_leve_complete.pcapng,0,main,2,1111,no,0x0001,no,no,no,no,no
occurrence-232,local_leve_complete.pcapng,0,main,3,1112,no,0x00cf,no,no,no,no,no
occurrence-232,local_leve_complete.pcapng,0,main,4,1113,no,0x00cf,no,no,no,no,no
occurrence-232,local_leve_complete.pcapng,0,main,5,1114,no,0x00cf,no,no,no,no,no
occurrence-233,local_leve_complete.pcapng,0,main,-5,1156,no,0x0167,no,no,no,no,no
occurrence-233,local_leve_complete.pcapng,0,main,-4,1157,no,0x0166,no,no,no,no,no
occurrence-233,local_leve_complete.pcapng,0,main,-3,1158,no,0x0130,no,no,no,no,no
occurrence-233,local_leve_complete.pcapng,0,main,-2,1159,no,0x017a,no,no,yes,no,no
occurrence-233,local_leve_complete.pcapng,0,main,-1,1160,no,0x0001,no,no,no,no,no
occurrence-233,local_leve_complete.pcapng,0,main,1,1162,no,0x0130,no,no,no,no,no
occurrence-233,local_leve_complete.pcapng,0,main,2,1163,no,0x00cf,no,no,no,no,no
occurrence-233,local_leve_complete.pcapng,0,main,3,1164,no,0x00cf,no,no,no,no,no
occurrence-233,local_leve_complete.pcapng,0,main,4,1165,no,0x00cf,no,no,no,no,no
occurrence-233,local_leve_complete.pcapng,0,main,5,1166,no,0x00cf,no,no,no,no,no
occurrence-234,local_leve_complete.pcapng,0,main,-5,1203,no,0x00cf,no,no,no,no,no
occurrence-234,local_leve_complete.pcapng,0,main,-4,1204,no,0x00cf,no,no,no,no,no
occurrence-234,local_leve_complete.pcapng,0,main,-3,1205,no,0x00cf,no,no,no,no,no
occurrence-234,local_leve_complete.pcapng,0,main,-2,1206,no,0x00cf,no,no,no,no,no
occurrence-234,local_leve_complete.pcapng,0,main,-1,1207,no,0x00cf,no,no,no,no,no
occurrence-234,local_leve_complete.pcapng,0,main,1,1209,no,0x0001,no,no,no,no,no
occurrence-234,local_leve_complete.pcapng,0,main,2,1210,no,0x00cf,no,no,no,no,no
occurrence-234,local_leve_complete.pcapng,0,main,3,1211,no,0x00cf,no,no,no,no,no
occurrence-234,local_leve_complete.pcapng,0,main,4,1212,no,0x00cf,no,no,no,no,no
occurrence-234,local_leve_complete.pcapng,0,main,5,1213,no,0x00cf,no,no,no,no,no
occurrence-235,local_leve_complete.pcapng,0,main,-5,1237,no,0x0167,no,no,no,no,no
occurrence-235,local_leve_complete.pcapng,0,main,-4,1238,no,0x0167,no,no,no,no,no
occurrence-235,local_leve_complete.pcapng,0,main,-3,1239,no,0x0166,no,no,no,no,no
occurrence-235,local_leve_complete.pcapng,0,main,-2,1240,no,0x0130,no,no,no,no,no
occurrence-235,local_leve_complete.pcapng,0,main,-1,1241,no,0x0001,no,no,no,no,no
occurrence-235,local_leve_complete.pcapng,0,main,1,1243,no,0x0130,no,no,no,no,no
occurrence-235,local_leve_complete.pcapng,0,main,2,1244,no,0x00cf,no,no,no,no,no
occurrence-235,local_leve_complete.pcapng,0,main,3,1245,no,0x0001,no,no,no,no,no
occurrence-235,local_leve_complete.pcapng,0,main,4,1246,no,0x00cf,no,no,no,no,no
occurrence-235,local_leve_complete.pcapng,0,main,5,1247,no,0x00cf,no,no,no,no,no
occurrence-236,local_leve_complete.pcapng,0,main,-5,1284,no,0x00cf,no,no,no,no,no
occurrence-236,local_leve_complete.pcapng,0,main,-4,1285,no,0x00cf,no,no,no,no,no
occurrence-236,local_leve_complete.pcapng,0,main,-3,1286,no,0x00cf,no,no,no,no,no
occurrence-236,local_leve_complete.pcapng,0,main,-2,1287,no,0x00cf,no,no,no,no,no
occurrence-236,local_leve_complete.pcapng,0,main,-1,1288,no,0x00cf,no,no,no,no,no
occurrence-236,local_leve_complete.pcapng,0,main,1,1290,no,0x0001,no,no,no,no,no
occurrence-236,local_leve_complete.pcapng,0,main,2,1291,no,0x0001,no,no,no,no,no
occurrence-236,local_leve_complete.pcapng,0,main,3,1292,no,0x00cf,no,no,no,no,no
occurrence-236,local_leve_complete.pcapng,0,main,4,1293,no,0x00cf,no,no,no,no,no
occurrence-236,local_leve_complete.pcapng,0,main,5,1294,no,0x00cf,no,no,no,no,no
occurrence-237,local_leve_complete.pcapng,0,main,-5,1312,no,0x00cf,no,no,no,no,no
occurrence-237,local_leve_complete.pcapng,0,main,-4,1313,no,0x00cf,no,no,no,no,no
occurrence-237,local_leve_complete.pcapng,0,main,-3,1314,no,0x00cf,no,no,no,no,no
occurrence-237,local_leve_complete.pcapng,0,main,-2,1315,no,0x00cf,no,no,no,no,no
occurrence-237,local_leve_complete.pcapng,0,main,-1,1316,no,0x0001,no,no,no,no,no
occurrence-237,local_leve_complete.pcapng,0,main,1,1318,no,0x0168,no,no,no,no,no
occurrence-237,local_leve_complete.pcapng,0,main,2,1319,no,0x0167,no,no,no,no,no
occurrence-237,local_leve_complete.pcapng,0,main,3,1320,no,0x0167,no,no,no,no,no
occurrence-237,local_leve_complete.pcapng,0,main,4,1321,no,0x0167,no,no,no,no,no
occurrence-237,local_leve_complete.pcapng,0,main,5,1322,no,0x0130,no,no,no,no,no
occurrence-238,local_leve_complete.pcapng,0,main,-5,1580,yes,0x00cf,no,no,no,no,no
occurrence-238,local_leve_complete.pcapng,0,main,-4,1581,yes,0x00cf,no,no,no,no,no
occurrence-238,local_leve_complete.pcapng,0,main,-3,1582,yes,0x00cf,no,no,no,no,no
occurrence-238,local_leve_complete.pcapng,0,main,-2,1583,yes,0x00cf,no,no,no,no,no
occurrence-238,local_leve_complete.pcapng,0,main,-1,1584,yes,0x00cf,no,no,no,no,no
occurrence-238,local_leve_complete.pcapng,0,main,1,1586,no,0x0001,no,no,no,no,no
occurrence-238,local_leve_complete.pcapng,0,main,2,1587,no,0x0001,no,no,no,no,no
occurrence-238,local_leve_complete.pcapng,0,main,3,1588,no,0x00cf,no,no,no,no,no
occurrence-238,local_leve_complete.pcapng,0,main,4,1589,no,0x00cf,no,no,no,no,no
occurrence-238,local_leve_complete.pcapng,0,main,5,1590,no,0x00cf,no,no,no,no,no
occurrence-239,local_leve_complete.pcapng,0,main,-5,1612,no,0x00cf,no,no,no,no,no
occurrence-239,local_leve_complete.pcapng,0,main,-4,1613,no,0x00cf,no,no,no,no,no
occurrence-239,local_leve_complete.pcapng,0,main,-3,1614,no,0x00cf,no,no,no,no,no
occurrence-239,local_leve_complete.pcapng,0,main,-2,1615,no,0x00cf,no,no,no,no,no
occurrence-239,local_leve_complete.pcapng,0,main,-1,1616,no,0x0001,no,no,no,no,no
occurrence-239,local_leve_complete.pcapng,0,main,1,1618,no,0x0001,no,no,no,no,no
occurrence-239,local_leve_complete.pcapng,0,main,2,1619,no,0x0130,no,no,no,no,no
occurrence-239,local_leve_complete.pcapng,0,main,3,1620,no,0x00cf,no,no,no,no,no
occurrence-239,local_leve_complete.pcapng,0,main,4,1621,no,0x00cf,no,no,no,no,no
occurrence-239,local_leve_complete.pcapng,0,main,5,1622,no,0x00cf,no,no,no,no,no
occurrence-240,local_leve_complete.pcapng,0,main,-5,1642,no,0x00cf,no,no,no,no,no
occurrence-240,local_leve_complete.pcapng,0,main,-4,1643,no,0x0001,no,no,no,no,no
occurrence-240,local_leve_complete.pcapng,0,main,-3,1644,no,0x0001,no,no,no,no,no
occurrence-240,local_leve_complete.pcapng,0,main,-2,1645,no,0x0144,no,no,no,no,no
occurrence-240,local_leve_complete.pcapng,0,main,-1,1646,no,0x0139,no,no,no,no,no
occurrence-240,local_leve_complete.pcapng,0,main,1,1648,no,0x00cf,no,no,no,no,no
occurrence-240,local_leve_complete.pcapng,0,main,2,1649,no,0x00cf,no,no,no,no,no
occurrence-240,local_leve_complete.pcapng,0,main,3,1650,no,0x00cf,no,no,no,no,no
occurrence-240,local_leve_complete.pcapng,0,main,4,1651,no,0x00cf,no,no,no,no,no
occurrence-240,local_leve_complete.pcapng,0,main,5,1652,no,0x00cf,no,no,no,no,no
occurrence-241,local_leve_complete.pcapng,0,main,-5,1686,no,0x00cf,no,no,no,no,no
occurrence-241,local_leve_complete.pcapng,0,main,-4,1687,no,0x00cf,no,no,no,no,no
occurrence-241,local_leve_complete.pcapng,0,main,-3,1688,no,0x00cf,no,no,no,no,no
occurrence-241,local_leve_complete.pcapng,0,main,-2,1689,no,0x0001,no,no,no,no,no
occurrence-241,local_leve_complete.pcapng,0,main,-1,1690,no,0x00cf,no,no,no,no,no
occurrence-241,local_leve_complete.pcapng,0,main,1,1692,no,0x0001,no,no,no,no,no
occurrence-241,local_leve_complete.pcapng,0,main,2,1693,no,0x00cf,no,no,no,no,no
occurrence-241,local_leve_complete.pcapng,0,main,3,1694,no,0x00cf,no,no,no,no,no
occurrence-241,local_leve_complete.pcapng,0,main,4,1695,no,0x00cf,no,no,no,no,no
occurrence-241,local_leve_complete.pcapng,0,main,5,1696,no,0x00cf,no,no,no,no,no
occurrence-242,local_leve_complete.pcapng,0,main,-5,1722,no,0x0167,no,no,no,no,no
occurrence-242,local_leve_complete.pcapng,0,main,-4,1723,no,0x0166,no,no,no,no,no
occurrence-242,local_leve_complete.pcapng,0,main,-3,1724,no,0x0130,no,no,no,no,no
occurrence-242,local_leve_complete.pcapng,0,main,-2,1725,no,0x0130,no,no,no,no,no
occurrence-242,local_leve_complete.pcapng,0,main,-1,1726,no,0x0001,no,no,no,no,no
occurrence-242,local_leve_complete.pcapng,0,main,1,1728,no,0x0144,no,no,no,no,no
occurrence-242,local_leve_complete.pcapng,0,main,2,1729,no,0x0139,no,no,no,no,no
occurrence-242,local_leve_complete.pcapng,0,main,3,1730,no,0x00cf,no,no,no,no,no
occurrence-242,local_leve_complete.pcapng,0,main,4,1731,no,0x00cf,no,no,no,no,no
occurrence-242,local_leve_complete.pcapng,0,main,5,1732,no,0x00cf,no,no,no,no,no
occurrence-243,local_leve_complete.pcapng,0,main,-5,1766,no,0x00cf,no,no,no,no,no
occurrence-243,local_leve_complete.pcapng,0,main,-4,1767,no,0x00cf,no,no,no,no,no
occurrence-243,local_leve_complete.pcapng,0,main,-3,1768,no,0x00cf,no,no,no,no,no
occurrence-243,local_leve_complete.pcapng,0,main,-2,1769,no,0x00cf,no,no,no,no,no
occurrence-243,local_leve_complete.pcapng,0,main,-1,1770,no,0x00cf,no,no,no,no,no
occurrence-243,local_leve_complete.pcapng,0,main,1,1772,no,0x0001,no,no,no,no,no
occurrence-243,local_leve_complete.pcapng,0,main,2,1773,no,0x00cf,no,no,no,no,no
occurrence-243,local_leve_complete.pcapng,0,main,3,1774,no,0x00cf,no,no,no,no,no
occurrence-243,local_leve_complete.pcapng,0,main,4,1775,no,0x00cf,no,no,no,no,no
occurrence-243,local_leve_complete.pcapng,0,main,5,1776,no,0x00cf,no,no,no,no,no
occurrence-244,local_leve_complete.pcapng,0,main,-5,1801,no,0x0167,no,no,no,no,no
occurrence-244,local_leve_complete.pcapng,0,main,-4,1802,no,0x0167,no,no,no,no,no
occurrence-244,local_leve_complete.pcapng,0,main,-3,1803,no,0x0166,no,no,no,no,no
occurrence-244,local_leve_complete.pcapng,0,main,-2,1804,no,0x0130,no,no,no,no,no
occurrence-244,local_leve_complete.pcapng,0,main,-1,1805,yes,0x0130,no,no,no,no,no
occurrence-244,local_leve_complete.pcapng,0,main,1,1807,no,0x0001,no,no,no,no,no
occurrence-244,local_leve_complete.pcapng,0,main,2,1808,no,0x00cf,no,no,no,no,no
occurrence-244,local_leve_complete.pcapng,0,main,3,1809,no,0x00cf,no,no,no,no,no
occurrence-244,local_leve_complete.pcapng,0,main,4,1810,no,0x00cf,no,no,no,no,no
occurrence-244,local_leve_complete.pcapng,0,main,5,1811,no,0x00cf,no,no,no,no,no
occurrence-245,local_leve_complete.pcapng,0,main,-5,1839,no,0x00cf,no,no,no,no,no
occurrence-245,local_leve_complete.pcapng,0,main,-4,1840,no,0x00cf,no,no,no,no,no
occurrence-245,local_leve_complete.pcapng,0,main,-3,1841,no,0x00cf,no,no,no,no,no
occurrence-245,local_leve_complete.pcapng,0,main,-2,1842,no,0x00cf,no,no,no,no,no
occurrence-245,local_leve_complete.pcapng,0,main,-1,1843,no,0x00cf,no,no,no,no,no
occurrence-245,local_leve_complete.pcapng,0,main,1,1845,no,0x0001,no,no,no,no,no
occurrence-245,local_leve_complete.pcapng,0,main,2,1846,no,0x00cf,no,no,no,no,no
occurrence-245,local_leve_complete.pcapng,0,main,3,1847,no,0x0001,no,no,no,no,no
occurrence-245,local_leve_complete.pcapng,0,main,4,1848,no,0x00cf,no,no,no,no,no
occurrence-245,local_leve_complete.pcapng,0,main,5,1849,no,0x00cf,no,no,no,no,no
occurrence-246,local_leve_complete.pcapng,0,main,-5,2084,no,0x0133,no,no,no,no,no
occurrence-246,local_leve_complete.pcapng,0,main,-4,2085,no,0x0167,no,no,no,no,no
occurrence-246,local_leve_complete.pcapng,0,main,-3,2086,no,0x0130,no,no,no,no,no
occurrence-246,local_leve_complete.pcapng,0,main,-2,2087,no,0x0001,no,no,no,no,no
occurrence-246,local_leve_complete.pcapng,0,main,-1,2088,no,0x0137,no,no,no,no,no
occurrence-246,local_leve_complete.pcapng,0,main,1,2090,no,0x000c,no,no,no,no,no
occurrence-246,local_leve_complete.pcapng,0,main,2,2091,no,0x0134,no,no,no,no,no
occurrence-246,local_leve_complete.pcapng,0,main,3,2092,no,0x013c,no,no,no,no,no
occurrence-246,local_leve_complete.pcapng,0,main,4,2093,no,0x0130,no,no,no,no,no
occurrence-246,local_leve_complete.pcapng,0,main,5,2094,no,0x0001,no,no,no,no,no
occurrence-247,local_leve_complete.pcapng,0,main,-5,2126,no,0x00cf,no,no,no,no,no
occurrence-247,local_leve_complete.pcapng,0,main,-4,2127,no,0x00cf,no,no,no,no,no
occurrence-247,local_leve_complete.pcapng,0,main,-3,2128,no,0x00cf,no,no,no,no,no
occurrence-247,local_leve_complete.pcapng,0,main,-2,2129,no,0x00cf,no,no,no,no,no
occurrence-247,local_leve_complete.pcapng,0,main,-1,2130,no,0x00cf,no,no,no,no,no
occurrence-247,local_leve_complete.pcapng,0,main,1,2132,no,0x0001,no,no,no,no,no
occurrence-247,local_leve_complete.pcapng,0,main,2,2133,no,0x00cf,no,no,no,no,no
occurrence-247,local_leve_complete.pcapng,0,main,3,2134,no,0x0001,no,no,no,no,no
occurrence-247,local_leve_complete.pcapng,0,main,4,2135,no,0x00cf,no,no,no,no,no
occurrence-247,local_leve_complete.pcapng,0,main,5,2136,no,0x00cf,no,no,no,no,no
occurrence-248,local_leve_complete.pcapng,0,main,-5,2156,no,0x00cf,no,no,no,no,no
occurrence-248,local_leve_complete.pcapng,0,main,-4,2157,no,0x00cf,no,no,no,no,no
occurrence-248,local_leve_complete.pcapng,0,main,-3,2158,no,0x00cf,no,no,no,no,no
occurrence-248,local_leve_complete.pcapng,0,main,-2,2159,no,0x00cf,no,no,no,no,no
occurrence-248,local_leve_complete.pcapng,0,main,-1,2160,no,0x0001,no,no,no,no,no
occurrence-248,local_leve_complete.pcapng,0,main,1,2162,no,0x0001,no,no,no,no,no
occurrence-248,local_leve_complete.pcapng,0,main,2,2163,no,0x00d3,no,no,no,no,no
occurrence-248,local_leve_complete.pcapng,0,main,3,2164,no,0x00cf,no,no,no,no,no
occurrence-248,local_leve_complete.pcapng,0,main,4,2165,no,0x00cf,no,no,no,no,no
occurrence-248,local_leve_complete.pcapng,0,main,5,2166,no,0x00cf,no,no,no,no,no
occurrence-249,local_leve_complete.pcapng,0,main,-5,2197,yes,0x00cf,no,no,no,no,no
occurrence-249,local_leve_complete.pcapng,0,main,-4,2198,yes,0x00cf,no,no,no,no,no
occurrence-249,local_leve_complete.pcapng,0,main,-3,2199,yes,0x00cf,no,no,no,no,no
occurrence-249,local_leve_complete.pcapng,0,main,-2,2200,yes,0x00cf,no,no,no,no,no
occurrence-249,local_leve_complete.pcapng,0,main,-1,2201,yes,0x00cf,no,no,no,no,no
occurrence-249,local_leve_complete.pcapng,0,main,1,2203,no,0x0001,no,no,no,no,no
occurrence-249,local_leve_complete.pcapng,0,main,2,2204,no,0x0001,no,no,no,no,no
occurrence-249,local_leve_complete.pcapng,0,main,3,2205,no,0x016d,no,no,no,no,no
occurrence-249,local_leve_complete.pcapng,0,main,4,2206,no,0x0146,no,no,no,no,no
occurrence-249,local_leve_complete.pcapng,0,main,5,2207,no,0x0148,no,no,no,no,no
occurrence-250,local_leve_complete.pcapng,0,main,-5,2255,no,0x00cf,no,no,no,no,no
occurrence-250,local_leve_complete.pcapng,0,main,-4,2256,no,0x00cf,no,no,no,no,no
occurrence-250,local_leve_complete.pcapng,0,main,-3,2257,no,0x00cf,no,no,no,no,no
occurrence-250,local_leve_complete.pcapng,0,main,-2,2258,no,0x00cf,no,no,no,no,no
occurrence-250,local_leve_complete.pcapng,0,main,-1,2259,no,0x0001,no,no,no,no,no
occurrence-250,local_leve_complete.pcapng,0,main,1,2261,no,0x0001,no,no,no,no,no
occurrence-250,local_leve_complete.pcapng,0,main,2,2262,no,0x00cf,no,no,no,no,no
occurrence-250,local_leve_complete.pcapng,0,main,3,2263,no,0x00cf,no,no,no,no,no
occurrence-250,local_leve_complete.pcapng,0,main,4,2264,no,0x00cf,no,no,no,no,no
occurrence-250,local_leve_complete.pcapng,0,main,5,2265,no,0x00cf,no,no,no,no,no
occurrence-251,local_leve_complete.pcapng,0,main,-5,2281,no,0x00cf,no,no,no,no,no
occurrence-251,local_leve_complete.pcapng,0,main,-4,2282,no,0x00cf,no,no,no,no,no
occurrence-251,local_leve_complete.pcapng,0,main,-3,2283,no,0x00cf,no,no,no,no,no
occurrence-251,local_leve_complete.pcapng,0,main,-2,2284,no,0x0001,no,no,no,no,no
occurrence-251,local_leve_complete.pcapng,0,main,-1,2285,no,0x0001,no,no,no,no,no
occurrence-252,mount_unmount_chocobo.pcapng,0,main,-5,6,no,0x00d0,no,no,no,no,no
occurrence-252,mount_unmount_chocobo.pcapng,0,main,-4,7,no,0x00d0,no,no,no,no,no
occurrence-252,mount_unmount_chocobo.pcapng,0,main,-3,8,no,0x0157,no,no,no,no,no
occurrence-252,mount_unmount_chocobo.pcapng,0,main,-2,9,no,0x0139,no,no,no,no,no
occurrence-252,mount_unmount_chocobo.pcapng,0,main,-1,10,no,0x0131,no,no,no,no,no
occurrence-252,mount_unmount_chocobo.pcapng,0,main,1,12,no,0x0001,no,no,no,no,no
occurrence-252,mount_unmount_chocobo.pcapng,0,main,2,13,no,0x0001,no,no,no,no,no
occurrence-252,mount_unmount_chocobo.pcapng,0,main,3,14,no,0x0001,no,no,no,no,no
occurrence-252,mount_unmount_chocobo.pcapng,0,main,4,15,no,0x0001,no,no,no,no,no
occurrence-252,mount_unmount_chocobo.pcapng,0,main,5,16,no,0x018b,no,no,yes,yes,no
occurrence-253,mount_unmount_chocobo.pcapng,0,main,-5,13,no,0x0001,no,no,no,no,no
occurrence-253,mount_unmount_chocobo.pcapng,0,main,-4,14,no,0x0001,no,no,no,no,no
occurrence-253,mount_unmount_chocobo.pcapng,0,main,-3,15,no,0x0001,no,no,no,no,no
occurrence-253,mount_unmount_chocobo.pcapng,0,main,-2,16,no,0x018b,no,no,yes,yes,no
occurrence-253,mount_unmount_chocobo.pcapng,0,main,-1,17,no,0x0001,no,no,no,no,no
occurrence-253,mount_unmount_chocobo.pcapng,0,main,1,19,no,0x0001,no,no,no,no,no
occurrence-253,mount_unmount_chocobo.pcapng,0,main,2,20,no,0x0001,no,no,no,no,no
occurrence-253,mount_unmount_chocobo.pcapng,0,main,3,21,no,0x000c,no,no,no,no,no
occurrence-253,mount_unmount_chocobo.pcapng,0,main,4,22,no,0x0134,no,no,no,no,no
occurrence-253,mount_unmount_chocobo.pcapng,0,main,5,23,no,0x013c,no,no,no,no,no
occurrence-254,move_around_gridania.pcapng,0,main,1,1,no,0x0001,no,no,no,no,no
occurrence-254,move_around_gridania.pcapng,0,main,2,2,no,0x00cf,no,no,no,no,no
occurrence-254,move_around_gridania.pcapng,0,main,3,3,no,0x00cf,no,no,no,no,no
occurrence-254,move_around_gridania.pcapng,0,main,4,4,no,0x00cf,no,no,no,no,no
occurrence-254,move_around_gridania.pcapng,0,main,5,5,no,0x00cf,no,no,no,no,no
occurrence-255,move_around_gridania.pcapng,0,main,-5,14,no,0x00cf,no,no,no,no,no
occurrence-255,move_around_gridania.pcapng,0,main,-4,15,no,0x00cf,no,no,no,no,no
occurrence-255,move_around_gridania.pcapng,0,main,-3,16,no,0x0001,no,no,no,no,no
occurrence-255,move_around_gridania.pcapng,0,main,-2,17,no,0x018b,no,no,yes,yes,no
occurrence-255,move_around_gridania.pcapng,0,main,-1,18,no,0x0001,no,no,no,no,no
occurrence-255,move_around_gridania.pcapng,0,main,1,20,no,0x00cf,no,no,no,no,no
occurrence-255,move_around_gridania.pcapng,0,main,2,21,no,0x00cf,no,no,no,no,no
occurrence-255,move_around_gridania.pcapng,0,main,3,22,no,0x00cf,no,no,no,no,no
occurrence-255,move_around_gridania.pcapng,0,main,4,23,no,0x00cf,no,no,no,no,no
occurrence-255,move_around_gridania.pcapng,0,main,5,24,no,0x00cf,no,no,no,no,no
occurrence-256,move_around_gridania.pcapng,0,main,-5,38,no,0x00cf,no,no,no,no,no
occurrence-256,move_around_gridania.pcapng,0,main,-4,39,no,0x00cf,no,no,no,no,no
occurrence-256,move_around_gridania.pcapng,0,main,-3,40,no,0x00cf,no,no,no,no,no
occurrence-256,move_around_gridania.pcapng,0,main,-2,41,no,0x00cf,no,no,no,no,no
occurrence-256,move_around_gridania.pcapng,0,main,-1,42,no,0x0001,no,no,no,no,no
occurrence-256,move_around_gridania.pcapng,0,main,1,44,no,0x018b,no,no,yes,yes,no
occurrence-256,move_around_gridania.pcapng,0,main,2,45,no,0x0001,no,no,no,no,no
occurrence-256,move_around_gridania.pcapng,0,main,3,46,no,0x0001,no,no,no,no,no
occurrence-256,move_around_gridania.pcapng,0,main,4,47,no,0x00cf,no,no,no,no,no
occurrence-256,move_around_gridania.pcapng,0,main,5,48,no,0x00cf,no,no,no,no,no
occurrence-257,move_around_gridania.pcapng,0,main,-5,91,no,0x00cf,no,no,no,no,no
occurrence-257,move_around_gridania.pcapng,0,main,-4,92,no,0x00cf,no,no,no,no,no
occurrence-257,move_around_gridania.pcapng,0,main,-3,93,no,0x00cf,no,no,no,no,no
occurrence-257,move_around_gridania.pcapng,0,main,-2,94,no,0x00cf,no,no,no,no,no
occurrence-257,move_around_gridania.pcapng,0,main,-1,95,no,0x0001,no,no,no,no,no
occurrence-257,move_around_gridania.pcapng,0,main,1,97,no,0x00cf,no,no,no,no,no
occurrence-257,move_around_gridania.pcapng,0,main,2,98,no,0x00cf,no,no,no,no,no
occurrence-257,move_around_gridania.pcapng,0,main,3,99,no,0x00cf,no,no,no,no,no
occurrence-257,move_around_gridania.pcapng,0,main,4,100,no,0x00cf,no,no,no,no,no
occurrence-257,move_around_gridania.pcapng,0,main,5,101,no,0x00cf,no,no,no,no,no
occurrence-258,move_around_gridania.pcapng,0,main,-5,140,no,0x00cf,no,no,no,no,no
occurrence-258,move_around_gridania.pcapng,0,main,-4,141,no,0x00cf,no,no,no,no,no
occurrence-258,move_around_gridania.pcapng,0,main,-3,142,no,0x00cf,no,no,no,no,no
occurrence-258,move_around_gridania.pcapng,0,main,-2,143,no,0x00cf,no,no,no,no,no
occurrence-258,move_around_gridania.pcapng,0,main,-1,144,no,0x00cf,no,no,no,no,no
occurrence-258,move_around_gridania.pcapng,0,main,1,146,no,0x0001,no,no,no,no,no
occurrence-258,move_around_gridania.pcapng,0,main,2,147,no,0x00cb,no,yes,no,no,no
occurrence-258,move_around_gridania.pcapng,0,main,3,148,no,0x00ca,no,yes,no,no,no
occurrence-258,move_around_gridania.pcapng,0,main,4,149,no,0x012e,no,no,no,no,no
occurrence-258,move_around_gridania.pcapng,0,main,5,150,no,0x016b,no,no,no,no,no
occurrence-259,move_around_gridania.pcapng,0,main,-5,314,no,0x00cf,no,no,no,no,no
occurrence-259,move_around_gridania.pcapng,0,main,-4,315,no,0x00cf,no,no,no,no,no
occurrence-259,move_around_gridania.pcapng,0,main,-3,316,no,0x00cf,no,no,no,no,no
occurrence-259,move_around_gridania.pcapng,0,main,-2,317,no,0x00cb,no,yes,no,no,no
occurrence-259,move_around_gridania.pcapng,0,main,-1,318,no,0x0001,no,no,no,no,no
occurrence-259,move_around_gridania.pcapng,0,main,1,320,no,0x00cb,no,yes,no,no,no
occurrence-259,move_around_gridania.pcapng,0,main,2,321,no,0x00ca,no,yes,no,no,no
occurrence-259,move_around_gridania.pcapng,0,main,3,322,no,0x016b,no,no,no,no,no
occurrence-259,move_around_gridania.pcapng,0,main,4,323,no,0x016f,no,no,no,no,no
occurrence-259,move_around_gridania.pcapng,0,main,5,324,no,0x00d0,no,no,no,no,no
occurrence-260,move_around_gridania.pcapng,0,main,-5,433,yes,0x00cf,no,no,no,no,no
occurrence-260,move_around_gridania.pcapng,0,main,-4,434,yes,0x00cf,no,no,no,no,no
occurrence-260,move_around_gridania.pcapng,0,main,-3,435,yes,0x00cf,no,no,no,no,no
occurrence-260,move_around_gridania.pcapng,0,main,-2,436,yes,0x00cf,no,no,no,no,no
occurrence-260,move_around_gridania.pcapng,0,main,-1,437,yes,0x00cf,no,no,no,no,no
occurrence-260,move_around_gridania.pcapng,0,main,1,439,no,0x0001,no,no,no,no,no
occurrence-260,move_around_gridania.pcapng,0,main,2,440,no,0x0001,no,no,no,no,no
occurrence-260,move_around_gridania.pcapng,0,main,3,441,no,0x00cb,no,yes,no,no,no
occurrence-260,move_around_gridania.pcapng,0,main,4,442,no,0x00cb,no,yes,no,no,no
occurrence-260,move_around_gridania.pcapng,0,main,5,443,no,0x00cb,no,yes,no,no,no
occurrence-261,move_around_gridania.pcapng,0,main,-5,497,no,0x0145,no,no,no,no,no
occurrence-261,move_around_gridania.pcapng,0,main,-4,498,no,0x017b,no,no,no,no,no
occurrence-261,move_around_gridania.pcapng,0,main,-3,499,no,0x00cc,no,yes,no,no,no
occurrence-261,move_around_gridania.pcapng,0,main,-2,500,no,0x0137,no,no,no,no,no
occurrence-261,move_around_gridania.pcapng,0,main,-1,501,no,0x0136,no,no,no,no,no
occurrence-261,move_around_gridania.pcapng,0,main,1,503,no,0x0001,no,no,no,no,no
occurrence-261,move_around_gridania.pcapng,0,main,2,504,no,0x00cb,no,yes,no,no,no
occurrence-261,move_around_gridania.pcapng,0,main,3,505,no,0x00cb,no,yes,no,no,no
occurrence-261,move_around_gridania.pcapng,0,main,4,506,no,0x00ca,no,yes,no,no,no
occurrence-261,move_around_gridania.pcapng,0,main,5,507,no,0x012e,no,no,no,no,no
occurrence-262,move_around_gridania.pcapng,0,main,-5,599,no,0x0136,no,no,no,no,no
occurrence-262,move_around_gridania.pcapng,0,main,-4,600,no,0x0136,no,no,no,no,no
occurrence-262,move_around_gridania.pcapng,0,main,-3,601,no,0x0136,no,no,no,no,no
occurrence-262,move_around_gridania.pcapng,0,main,-2,602,no,0x0001,no,no,no,no,no
occurrence-262,move_around_gridania.pcapng,0,main,-1,603,no,0x0001,no,no,no,no,no
occurrence-262,move_around_gridania.pcapng,0,main,1,605,no,0x018b,no,no,yes,yes,no
occurrence-262,move_around_gridania.pcapng,0,main,2,606,no,0x00cf,no,no,no,no,no
occurrence-262,move_around_gridania.pcapng,0,main,3,607,no,0x00cf,no,no,no,no,no
occurrence-262,move_around_gridania.pcapng,0,main,4,608,no,0x00cf,no,no,no,no,no
occurrence-262,move_around_gridania.pcapng,0,main,5,609,no,0x00cf,no,no,no,no,no
occurrence-263,move_around_gridania.pcapng,0,main,-5,646,no,0x00cf,no,no,no,no,no
occurrence-263,move_around_gridania.pcapng,0,main,-4,647,no,0x00cf,no,no,no,no,no
occurrence-263,move_around_gridania.pcapng,0,main,-3,648,no,0x00cf,no,no,no,no,no
occurrence-263,move_around_gridania.pcapng,0,main,-2,649,no,0x00cf,no,no,no,no,no
occurrence-263,move_around_gridania.pcapng,0,main,-1,650,no,0x0001,no,no,no,no,no
occurrence-263,move_around_gridania.pcapng,0,main,1,652,no,0x00cb,no,yes,no,no,no
occurrence-263,move_around_gridania.pcapng,0,main,2,653,no,0x0001,no,no,no,no,no
occurrence-263,move_around_gridania.pcapng,0,main,3,654,no,0x00cb,no,yes,no,no,no
occurrence-263,move_around_gridania.pcapng,0,main,4,655,no,0x00cb,no,yes,no,no,no
occurrence-263,move_around_gridania.pcapng,0,main,5,656,no,0x00cb,no,yes,no,no,no
occurrence-264,move_around_gridania.pcapng,0,main,-5,713,no,0x00cf,no,no,no,no,no
occurrence-264,move_around_gridania.pcapng,0,main,-4,714,no,0x00cf,no,no,no,no,no
occurrence-264,move_around_gridania.pcapng,0,main,-3,715,no,0x00cf,no,no,no,no,no
occurrence-264,move_around_gridania.pcapng,0,main,-2,716,no,0x0001,no,no,no,no,no
occurrence-264,move_around_gridania.pcapng,0,main,-1,717,no,0x0001,no,no,no,no,no
occurrence-264,move_around_gridania.pcapng,0,main,1,719,no,0x00cf,no,no,no,no,no
occurrence-264,move_around_gridania.pcapng,0,main,2,720,no,0x00cf,no,no,no,no,no
occurrence-264,move_around_gridania.pcapng,0,main,3,721,no,0x00cf,no,no,no,no,no
occurrence-264,move_around_gridania.pcapng,0,main,4,722,no,0x00cf,no,no,no,no,no
occurrence-264,move_around_gridania.pcapng,0,main,5,723,no,0x0001,no,no,no,no,no
occurrence-265,move_around_gridania.pcapng,0,main,-5,732,no,0x0001,no,no,no,no,no
occurrence-265,move_around_gridania.pcapng,0,main,-4,733,no,0x00cf,no,no,no,no,no
occurrence-265,move_around_gridania.pcapng,0,main,-3,734,no,0x00cf,no,no,no,no,no
occurrence-265,move_around_gridania.pcapng,0,main,-2,735,no,0x00cf,no,no,no,no,no
occurrence-265,move_around_gridania.pcapng,0,main,-1,736,no,0x00cf,no,no,no,no,no
occurrence-265,move_around_gridania.pcapng,0,main,1,738,no,0x0001,no,no,no,no,no
occurrence-265,move_around_gridania.pcapng,0,main,2,739,no,0x0001,no,no,no,no,no
occurrence-265,move_around_gridania.pcapng,0,main,3,740,no,0x00cf,no,no,no,no,no
occurrence-265,move_around_gridania.pcapng,0,main,4,741,no,0x00cf,no,no,no,no,no
occurrence-265,move_around_gridania.pcapng,0,main,5,742,no,0x00cf,no,no,no,no,no
occurrence-266,move_around_gridania.pcapng,0,main,-5,747,no,0x00cf,no,no,no,no,no
occurrence-266,move_around_gridania.pcapng,0,main,-4,748,no,0x00cf,no,no,no,no,no
occurrence-266,move_around_gridania.pcapng,0,main,-3,749,no,0x00cf,no,no,no,no,no
occurrence-266,move_around_gridania.pcapng,0,main,-2,750,no,0x00cf,no,no,no,no,no
occurrence-266,move_around_gridania.pcapng,0,main,-1,751,no,0x0001,no,no,no,no,no
occurrence-266,move_around_gridania.pcapng,0,main,1,753,no,0x0001,no,no,no,no,no
occurrence-266,move_around_gridania.pcapng,0,main,2,754,no,0x00cf,no,no,no,no,no
occurrence-266,move_around_gridania.pcapng,0,main,3,755,no,0x00cf,no,no,no,no,no
occurrence-266,move_around_gridania.pcapng,0,main,4,756,no,0x00cf,no,no,no,no,no
occurrence-266,move_around_gridania.pcapng,0,main,5,757,no,0x00cf,no,no,no,no,no
occurrence-267,move_around_gridania.pcapng,0,main,-5,766,no,0x0001,no,no,no,no,no
occurrence-267,move_around_gridania.pcapng,0,main,-4,767,no,0x00cf,no,no,no,no,no
occurrence-267,move_around_gridania.pcapng,0,main,-3,768,no,0x00cf,no,no,no,no,no
occurrence-267,move_around_gridania.pcapng,0,main,-2,769,no,0x00cf,no,no,no,no,no
occurrence-267,move_around_gridania.pcapng,0,main,-1,770,no,0x00cf,no,no,no,no,no
occurrence-267,move_around_gridania.pcapng,0,main,1,772,no,0x0001,no,no,no,no,no
occurrence-267,move_around_gridania.pcapng,0,main,2,773,no,0x018b,no,no,yes,yes,no
occurrence-267,move_around_gridania.pcapng,0,main,3,774,no,0x0001,no,no,no,no,no
occurrence-267,move_around_gridania.pcapng,0,main,4,775,no,0x00cf,no,no,no,no,no
occurrence-267,move_around_gridania.pcapng,0,main,5,776,no,0x00cf,no,no,no,no,no
occurrence-268,move_around_gridania.pcapng,0,main,-5,782,no,0x00cf,no,no,no,no,no
occurrence-268,move_around_gridania.pcapng,0,main,-4,783,no,0x00cf,no,no,no,no,no
occurrence-268,move_around_gridania.pcapng,0,main,-3,784,no,0x00cf,no,no,no,no,no
occurrence-268,move_around_gridania.pcapng,0,main,-2,785,no,0x00cf,no,no,no,no,no
occurrence-268,move_around_gridania.pcapng,0,main,-1,786,no,0x0001,no,no,no,no,no
occurrence-268,move_around_gridania.pcapng,0,main,1,788,no,0x0001,no,no,no,no,no
occurrence-268,move_around_gridania.pcapng,0,main,2,789,no,0x00cf,no,no,no,no,no
occurrence-268,move_around_gridania.pcapng,0,main,3,790,no,0x00cf,no,no,no,no,no
occurrence-268,move_around_gridania.pcapng,0,main,4,791,no,0x00cf,no,no,no,no,no
occurrence-268,move_around_gridania.pcapng,0,main,5,792,no,0x00cf,no,no,no,no,no
occurrence-269,move_around_gridania.pcapng,0,main,-5,800,no,0x0001,no,no,no,no,no
occurrence-269,move_around_gridania.pcapng,0,main,-4,801,no,0x00cf,no,no,no,no,no
occurrence-269,move_around_gridania.pcapng,0,main,-3,802,no,0x00cf,no,no,no,no,no
occurrence-269,move_around_gridania.pcapng,0,main,-2,803,no,0x00cf,no,no,no,no,no
occurrence-269,move_around_gridania.pcapng,0,main,-1,804,no,0x00cf,no,no,no,no,no
occurrence-269,move_around_gridania.pcapng,0,main,1,806,no,0x0001,no,no,no,no,no
occurrence-269,move_around_gridania.pcapng,0,main,2,807,no,0x018b,no,no,yes,yes,no
occurrence-269,move_around_gridania.pcapng,0,main,3,808,no,0x0001,no,no,no,no,no
occurrence-269,move_around_gridania.pcapng,0,main,4,809,no,0x00cf,no,no,no,no,no
occurrence-269,move_around_gridania.pcapng,0,main,5,810,no,0x00cf,no,no,no,no,no
occurrence-270,move_around_gridania.pcapng,0,main,-5,848,no,0x0145,no,no,no,no,no
occurrence-270,move_around_gridania.pcapng,0,main,-4,849,no,0x017b,no,no,no,no,no
occurrence-270,move_around_gridania.pcapng,0,main,-3,850,no,0x00cc,no,yes,no,no,no
occurrence-270,move_around_gridania.pcapng,0,main,-2,851,no,0x0137,no,no,no,no,no
occurrence-270,move_around_gridania.pcapng,0,main,-1,852,no,0x0136,no,no,no,no,no
occurrence-270,move_around_gridania.pcapng,0,main,1,854,no,0x0001,no,no,no,no,no
occurrence-270,move_around_gridania.pcapng,0,main,2,855,no,0x00cf,no,no,no,no,no
occurrence-270,move_around_gridania.pcapng,0,main,3,856,no,0x00cf,no,no,no,no,no
occurrence-270,move_around_gridania.pcapng,0,main,4,857,no,0x00cf,no,no,no,no,no
occurrence-270,move_around_gridania.pcapng,0,main,5,858,no,0x00cf,no,no,no,no,no
occurrence-271,move_around_gridania.pcapng,0,main,-5,874,no,0x00cf,no,no,no,no,no
occurrence-271,move_around_gridania.pcapng,0,main,-4,875,no,0x00cf,no,no,no,no,no
occurrence-271,move_around_gridania.pcapng,0,main,-3,876,no,0x00cf,no,no,no,no,no
occurrence-271,move_around_gridania.pcapng,0,main,-2,877,no,0x00cf,no,no,no,no,no
occurrence-271,move_around_gridania.pcapng,0,main,-1,878,no,0x0001,no,no,no,no,no
occurrence-271,move_around_gridania.pcapng,0,main,1,880,no,0x0001,no,no,no,no,no
occurrence-271,move_around_gridania.pcapng,0,main,2,881,no,0x00ca,no,yes,no,no,no
occurrence-271,move_around_gridania.pcapng,0,main,3,882,no,0x016b,no,no,no,no,no
occurrence-271,move_around_gridania.pcapng,0,main,4,883,no,0x016f,no,no,no,no,no
occurrence-271,move_around_gridania.pcapng,0,main,5,884,no,0x00d0,no,no,no,no,no
occurrence-272,move_around_gridania.pcapng,0,main,-5,947,no,0x00cf,no,no,no,no,no
occurrence-272,move_around_gridania.pcapng,0,main,-4,948,no,0x00cf,no,no,no,no,no
occurrence-272,move_around_gridania.pcapng,0,main,-3,949,no,0x00cf,no,no,no,no,no
occurrence-272,move_around_gridania.pcapng,0,main,-2,950,no,0x0001,no,no,no,no,no
occurrence-272,move_around_gridania.pcapng,0,main,-1,951,no,0x0001,no,no,no,no,no
occurrence-272,move_around_gridania.pcapng,0,main,1,953,no,0x00cb,no,yes,no,no,no
occurrence-272,move_around_gridania.pcapng,0,main,2,954,no,0x00ca,no,yes,no,no,no
occurrence-272,move_around_gridania.pcapng,0,main,3,955,no,0x012e,no,no,no,no,no
occurrence-272,move_around_gridania.pcapng,0,main,4,956,no,0x016b,no,no,no,no,no
occurrence-272,move_around_gridania.pcapng,0,main,5,957,no,0x00d0,no,no,no,no,no
occurrence-273,move_around_gridania.pcapng,0,main,-5,989,no,0x00cf,no,no,no,no,no
occurrence-273,move_around_gridania.pcapng,0,main,-4,990,no,0x0001,no,no,no,no,no
occurrence-273,move_around_gridania.pcapng,0,main,-3,991,no,0x018b,no,no,yes,yes,no
occurrence-273,move_around_gridania.pcapng,0,main,-2,992,no,0x0001,no,no,no,no,no
occurrence-273,move_around_gridania.pcapng,0,main,-1,993,no,0x0001,no,no,no,no,no
occurrence-273,move_around_gridania.pcapng,0,main,1,995,no,0x00cf,no,no,no,no,no
occurrence-273,move_around_gridania.pcapng,0,main,2,996,no,0x00cf,no,no,no,no,no
occurrence-273,move_around_gridania.pcapng,0,main,3,997,no,0x00cf,no,no,no,no,no
occurrence-273,move_around_gridania.pcapng,0,main,4,998,no,0x00cf,no,no,no,no,no
occurrence-273,move_around_gridania.pcapng,0,main,5,999,no,0x00cf,no,no,no,no,no
occurrence-274,move_around_gridania.pcapng,0,main,-5,1022,no,0x00cf,no,no,no,no,no
occurrence-274,move_around_gridania.pcapng,0,main,-4,1023,no,0x00cf,no,no,no,no,no
occurrence-274,move_around_gridania.pcapng,0,main,-3,1024,no,0x00cf,no,no,no,no,no
occurrence-274,move_around_gridania.pcapng,0,main,-2,1025,no,0x018b,no,no,yes,yes,no
occurrence-274,move_around_gridania.pcapng,0,main,-1,1026,no,0x0001,no,no,no,no,no
occurrence-274,move_around_gridania.pcapng,0,main,1,1028,no,0x0001,no,no,no,no,no
occurrence-274,move_around_gridania.pcapng,0,main,2,1029,no,0x00cf,no,no,no,no,no
occurrence-274,move_around_gridania.pcapng,0,main,3,1030,no,0x00cf,no,no,no,no,no
occurrence-274,move_around_gridania.pcapng,0,main,4,1031,no,0x00cf,no,no,no,no,no
occurrence-274,move_around_gridania.pcapng,0,main,5,1032,no,0x00cf,no,no,no,no,no
occurrence-275,move_around_gridania.pcapng,0,main,-5,1038,no,0x00cf,no,no,no,no,no
occurrence-275,move_around_gridania.pcapng,0,main,-4,1039,no,0x00cf,no,no,no,no,no
occurrence-275,move_around_gridania.pcapng,0,main,-3,1040,no,0x00cf,no,no,no,no,no
occurrence-275,move_around_gridania.pcapng,0,main,-2,1041,no,0x0001,no,no,no,no,no
occurrence-275,move_around_gridania.pcapng,0,main,-1,1042,no,0x0001,no,no,no,no,no
occurrence-275,move_around_gridania.pcapng,0,main,1,1044,no,0x00cb,no,yes,no,no,no
occurrence-275,move_around_gridania.pcapng,0,main,2,1045,no,0x00cf,no,no,no,no,no
occurrence-275,move_around_gridania.pcapng,0,main,3,1046,no,0x00cf,no,no,no,no,no
occurrence-275,move_around_gridania.pcapng,0,main,4,1047,no,0x00cf,no,no,no,no,no
occurrence-275,move_around_gridania.pcapng,0,main,5,1048,no,0x00cf,no,no,no,no,no
occurrence-276,move_out_of_room.pcapng,0,main,-5,843,no,0x00cf,no,no,no,no,no
occurrence-276,move_out_of_room.pcapng,0,main,-4,844,no,0x00cf,no,no,no,no,no
occurrence-276,move_out_of_room.pcapng,0,main,-3,845,no,0x00cf,no,no,no,no,no
occurrence-276,move_out_of_room.pcapng,0,main,-2,846,no,0x0001,no,no,no,no,no
occurrence-276,move_out_of_room.pcapng,0,main,-1,847,no,0x017a,no,no,yes,no,no
occurrence-276,move_out_of_room.pcapng,0,main,1,849,no,0x0001,no,no,no,no,no
occurrence-276,move_out_of_room.pcapng,0,main,2,850,no,0x00d0,no,no,no,no,no
occurrence-276,move_out_of_room.pcapng,0,main,3,851,no,0x00d0,no,no,no,no,no
occurrence-276,move_out_of_room.pcapng,0,main,4,852,no,0x00d0,no,no,no,no,no
occurrence-276,move_out_of_room.pcapng,0,main,5,853,no,0x00cf,no,no,no,no,no
occurrence-277,move_out_of_room.pcapng,0,main,-5,872,no,0x00cf,no,no,no,no,no
occurrence-277,move_out_of_room.pcapng,0,main,-4,873,no,0x00cf,no,no,no,no,no
occurrence-277,move_out_of_room.pcapng,0,main,-3,874,no,0x00cf,no,no,no,no,no
occurrence-277,move_out_of_room.pcapng,0,main,-2,875,no,0x0001,no,no,no,no,no
occurrence-277,move_out_of_room.pcapng,0,main,-1,876,no,0x0001,no,no,no,no,no
occurrence-277,move_out_of_room.pcapng,0,main,1,878,no,0x00cf,no,no,no,no,no
occurrence-277,move_out_of_room.pcapng,0,main,2,879,no,0x00cf,no,no,no,no,no
occurrence-277,move_out_of_room.pcapng,0,main,3,880,no,0x00cf,no,no,no,no,no
occurrence-277,move_out_of_room.pcapng,0,main,4,881,no,0x00cf,no,no,no,no,no
occurrence-277,move_out_of_room.pcapng,0,main,5,882,no,0x00cf,no,no,no,no,no
occurrence-278,move_out_of_room.pcapng,0,main,-5,908,no,0x00cf,no,no,no,no,no
occurrence-278,move_out_of_room.pcapng,0,main,-4,909,no,0x00cf,no,no,no,no,no
occurrence-278,move_out_of_room.pcapng,0,main,-3,910,no,0x00cf,no,no,no,no,no
occurrence-278,move_out_of_room.pcapng,0,main,-2,911,no,0x00cf,no,no,no,no,no
occurrence-278,move_out_of_room.pcapng,0,main,-1,912,no,0x00cf,no,no,no,no,no
occurrence-278,move_out_of_room.pcapng,0,main,1,914,no,0x0001,no,no,no,no,no
occurrence-278,move_out_of_room.pcapng,0,main,2,915,no,0x0001,no,no,no,no,no
occurrence-278,move_out_of_room.pcapng,0,main,3,916,no,0x00cf,no,no,no,no,no
occurrence-278,move_out_of_room.pcapng,0,main,4,917,no,0x00cf,no,no,no,no,no
occurrence-278,move_out_of_room.pcapng,0,main,5,918,no,0x00cf,no,no,no,no,no
occurrence-279,move_out_of_room.pcapng,0,main,-5,934,no,0x00cf,no,no,no,no,no
occurrence-279,move_out_of_room.pcapng,0,main,-4,935,no,0x00cf,no,no,no,no,no
occurrence-279,move_out_of_room.pcapng,0,main,-3,936,no,0x00cf,no,no,no,no,no
occurrence-279,move_out_of_room.pcapng,0,main,-2,937,no,0x00cf,no,no,no,no,no
occurrence-279,move_out_of_room.pcapng,0,main,-1,938,no,0x0001,no,no,no,no,no
occurrence-279,move_out_of_room.pcapng,0,main,1,940,no,0x0001,no,no,no,no,no
occurrence-279,move_out_of_room.pcapng,0,main,2,941,no,0x00cf,no,no,no,no,no
occurrence-279,move_out_of_room.pcapng,0,main,3,942,no,0x00cf,no,no,no,no,no
occurrence-279,move_out_of_room.pcapng,0,main,4,943,no,0x00cf,no,no,no,no,no
occurrence-279,move_out_of_room.pcapng,0,main,5,944,no,0x00cf,no,no,no,no,no
occurrence-280,move_out_of_room.pcapng,0,main,-5,1006,no,0x017b,no,no,no,no,no
occurrence-280,move_out_of_room.pcapng,0,main,-4,1007,no,0x00cc,no,yes,no,no,no
occurrence-280,move_out_of_room.pcapng,0,main,-3,1008,no,0x0137,no,no,no,no,no
occurrence-280,move_out_of_room.pcapng,0,main,-2,1009,no,0x0136,no,no,no,no,no
occurrence-280,move_out_of_room.pcapng,0,main,-1,1010,no,0x0136,no,no,no,no,no
occurrence-280,move_out_of_room.pcapng,0,main,1,1012,no,0x0001,no,no,no,no,no
occurrence-280,move_out_of_room.pcapng,0,main,2,1013,no,0x00cb,no,yes,no,no,no
occurrence-280,move_out_of_room.pcapng,0,main,3,1014,no,0x00ca,no,yes,no,no,no
occurrence-280,move_out_of_room.pcapng,0,main,4,1015,no,0x012e,no,no,no,no,no
occurrence-280,move_out_of_room.pcapng,0,main,5,1016,no,0x016b,no,no,no,no,no
occurrence-281,move_out_of_room.pcapng,0,main,-5,1102,no,0x017b,no,no,no,no,no
occurrence-281,move_out_of_room.pcapng,0,main,-4,1103,no,0x00cc,no,yes,no,no,no
occurrence-281,move_out_of_room.pcapng,0,main,-3,1104,no,0x0137,no,no,no,no,no
occurrence-281,move_out_of_room.pcapng,0,main,-2,1105,no,0x0136,no,no,no,no,no
occurrence-281,move_out_of_room.pcapng,0,main,-1,1106,no,0x0001,no,no,no,no,no
occurrence-281,move_out_of_room.pcapng,0,main,1,1108,no,0x0001,no,no,no,no,no
occurrence-281,move_out_of_room.pcapng,0,main,2,1109,no,0x00cf,no,no,no,no,no
occurrence-281,move_out_of_room.pcapng,0,main,3,1110,no,0x00cf,no,no,no,no,no
occurrence-281,move_out_of_room.pcapng,0,main,4,1111,no,0x00cf,no,no,no,no,no
occurrence-281,move_out_of_room.pcapng,0,main,5,1112,no,0x00cf,no,no,no,no,no
occurrence-282,moving_around_gridania.pcapng,0,main,-1,0,no,0x0001,no,no,no,no,no
occurrence-282,moving_around_gridania.pcapng,0,main,1,2,no,0x00cf,no,no,no,no,no
occurrence-282,moving_around_gridania.pcapng,0,main,2,3,no,0x00cf,no,no,no,no,no
occurrence-282,moving_around_gridania.pcapng,0,main,3,4,no,0x00cf,no,no,no,no,no
occurrence-282,moving_around_gridania.pcapng,0,main,4,5,no,0x00cf,no,no,no,no,no
occurrence-282,moving_around_gridania.pcapng,0,main,5,6,no,0x00cf,no,no,no,no,no
occurrence-283,moving_around_gridania.pcapng,0,main,-5,103,no,0x016d,no,no,no,no,no
occurrence-283,moving_around_gridania.pcapng,0,main,-4,104,no,0x016e,no,no,no,no,no
occurrence-283,moving_around_gridania.pcapng,0,main,-3,105,no,0x00cc,no,yes,no,no,no
occurrence-283,moving_around_gridania.pcapng,0,main,-2,106,no,0x0137,no,no,no,no,no
occurrence-283,moving_around_gridania.pcapng,0,main,-1,107,no,0x0136,no,no,no,no,no
occurrence-283,moving_around_gridania.pcapng,0,main,1,109,no,0x0001,no,no,no,no,no
occurrence-283,moving_around_gridania.pcapng,0,main,2,110,no,0x00cb,no,yes,no,no,no
occurrence-283,moving_around_gridania.pcapng,0,main,3,111,no,0x00ca,no,yes,no,no,no
occurrence-283,moving_around_gridania.pcapng,0,main,4,112,no,0x012e,no,no,no,no,no
occurrence-283,moving_around_gridania.pcapng,0,main,5,113,no,0x016b,no,no,no,no,no
occurrence-284,moving_around_gridania.pcapng,0,main,-5,197,no,0x017b,no,no,no,no,no
occurrence-284,moving_around_gridania.pcapng,0,main,-4,198,no,0x00cc,no,yes,no,no,no
occurrence-284,moving_around_gridania.pcapng,0,main,-3,199,no,0x0137,no,no,no,no,no
occurrence-284,moving_around_gridania.pcapng,0,main,-2,200,no,0x0136,no,no,no,no,no
occurrence-284,moving_around_gridania.pcapng,0,main,-1,201,no,0x0001,no,no,no,no,no
occurrence-284,moving_around_gridania.pcapng,0,main,1,203,no,0x018b,no,no,yes,yes,no
occurrence-284,moving_around_gridania.pcapng,0,main,2,204,no,0x00cf,no,no,no,no,no
occurrence-284,moving_around_gridania.pcapng,0,main,3,205,no,0x00cf,no,no,no,no,no
occurrence-284,moving_around_gridania.pcapng,0,main,4,206,no,0x00cf,no,no,no,no,no
occurrence-284,moving_around_gridania.pcapng,0,main,5,207,no,0x00cf,no,no,no,no,no
occurrence-285,moving_around_gridania.pcapng,0,main,-5,268,no,0x00cf,no,no,no,no,no
occurrence-285,moving_around_gridania.pcapng,0,main,-4,269,no,0x00cf,no,no,no,no,no
occurrence-285,moving_around_gridania.pcapng,0,main,-3,270,no,0x00cf,no,no,no,no,no
occurrence-285,moving_around_gridania.pcapng,0,main,-2,271,no,0x00cf,no,no,no,no,no
occurrence-285,moving_around_gridania.pcapng,0,main,-1,272,no,0x0001,no,no,no,no,no
occurrence-285,moving_around_gridania.pcapng,0,main,1,274,no,0x00cb,no,yes,no,no,no
occurrence-285,moving_around_gridania.pcapng,0,main,2,275,no,0x00ca,no,yes,no,no,no
occurrence-285,moving_around_gridania.pcapng,0,main,3,276,no,0x012e,no,no,no,no,no
occurrence-285,moving_around_gridania.pcapng,0,main,4,277,no,0x016b,no,no,no,no,no
occurrence-285,moving_around_gridania.pcapng,0,main,5,278,no,0x00d0,no,no,no,no,no
occurrence-286,moving_around_gridania.pcapng,0,main,-5,363,no,0x017b,no,no,no,no,no
occurrence-286,moving_around_gridania.pcapng,0,main,-4,364,no,0x00cc,no,yes,no,no,no
occurrence-286,moving_around_gridania.pcapng,0,main,-3,365,no,0x0137,no,no,no,no,no
occurrence-286,moving_around_gridania.pcapng,0,main,-2,366,no,0x0136,no,no,no,no,no
occurrence-286,moving_around_gridania.pcapng,0,main,-1,367,no,0x0001,no,no,no,no,no
occurrence-286,moving_around_gridania.pcapng,0,main,1,369,no,0x00cb,no,yes,no,no,no
occurrence-286,moving_around_gridania.pcapng,0,main,2,370,no,0x00ca,no,yes,no,no,no
occurrence-286,moving_around_gridania.pcapng,0,main,3,371,no,0x012e,no,no,no,no,no
occurrence-286,moving_around_gridania.pcapng,0,main,4,372,no,0x016b,no,no,no,no,no
occurrence-286,moving_around_gridania.pcapng,0,main,5,373,no,0x00d0,no,no,no,no,no
occurrence-287,moving_around_gridania.pcapng,0,main,-5,453,no,0x00cf,no,no,no,no,no
occurrence-287,moving_around_gridania.pcapng,0,main,-4,454,no,0x00cf,no,no,no,no,no
occurrence-287,moving_around_gridania.pcapng,0,main,-3,455,no,0x00cf,no,no,no,no,no
occurrence-287,moving_around_gridania.pcapng,0,main,-2,456,no,0x00cf,no,no,no,no,no
occurrence-287,moving_around_gridania.pcapng,0,main,-1,457,no,0x00cf,no,no,no,no,no
occurrence-287,moving_around_gridania.pcapng,0,main,1,459,no,0x00cb,no,yes,no,no,no
occurrence-287,moving_around_gridania.pcapng,0,main,2,460,no,0x00cb,no,yes,no,no,no
occurrence-287,moving_around_gridania.pcapng,0,main,3,461,no,0x00ca,no,yes,no,no,no
occurrence-287,moving_around_gridania.pcapng,0,main,4,462,no,0x012e,no,no,no,no,no
occurrence-287,moving_around_gridania.pcapng,0,main,5,463,no,0x016b,no,no,no,no,no
occurrence-288,moving_around_gridania.pcapng,0,main,-5,549,no,0x017b,no,no,no,no,no
occurrence-288,moving_around_gridania.pcapng,0,main,-4,550,no,0x00cc,no,yes,no,no,no
occurrence-288,moving_around_gridania.pcapng,0,main,-3,551,no,0x0137,no,no,no,no,no
occurrence-288,moving_around_gridania.pcapng,0,main,-2,552,no,0x0136,no,no,no,no,no
occurrence-288,moving_around_gridania.pcapng,0,main,-1,553,no,0x0001,no,no,no,no,no
occurrence-288,moving_around_gridania.pcapng,0,main,1,555,no,0x00cb,no,yes,no,no,no
occurrence-288,moving_around_gridania.pcapng,0,main,2,556,no,0x00ca,no,yes,no,no,no
occurrence-288,moving_around_gridania.pcapng,0,main,3,557,no,0x012e,no,no,no,no,no
occurrence-288,moving_around_gridania.pcapng,0,main,4,558,no,0x016b,no,no,no,no,no
occurrence-288,moving_around_gridania.pcapng,0,main,5,559,no,0x00d0,no,no,no,no,no
occurrence-289,moving_around_gridania.pcapng,0,main,-5,652,no,0x00cf,no,no,no,no,no
occurrence-289,moving_around_gridania.pcapng,0,main,-4,653,no,0x00cf,no,no,no,no,no
occurrence-289,moving_around_gridania.pcapng,0,main,-3,654,no,0x00cf,no,no,no,no,no
occurrence-289,moving_around_gridania.pcapng,0,main,-2,655,no,0x00cf,no,no,no,no,no
occurrence-289,moving_around_gridania.pcapng,0,main,-1,656,no,0x0136,no,no,no,no,no
occurrence-289,moving_around_gridania.pcapng,0,main,1,658,no,0x0001,no,no,no,no,no
occurrence-289,moving_around_gridania.pcapng,0,main,2,659,no,0x00cb,no,yes,no,no,no
occurrence-289,moving_around_gridania.pcapng,0,main,3,660,no,0x0001,no,no,no,no,no
occurrence-289,moving_around_gridania.pcapng,0,main,4,661,no,0x00cf,no,no,no,no,no
occurrence-289,moving_around_gridania.pcapng,0,main,5,662,no,0x00cf,no,no,no,no,no
occurrence-290,moving_around_gridania.pcapng,0,main,-5,752,no,0x0137,no,no,no,no,no
occurrence-290,moving_around_gridania.pcapng,0,main,-4,753,no,0x0136,no,no,no,no,no
occurrence-290,moving_around_gridania.pcapng,0,main,-3,754,no,0x0136,no,no,no,no,no
occurrence-290,moving_around_gridania.pcapng,0,main,-2,755,no,0x0001,no,no,no,no,no
occurrence-290,moving_around_gridania.pcapng,0,main,-1,756,no,0x018b,no,no,yes,yes,no
occurrence-290,moving_around_gridania.pcapng,0,main,1,758,no,0x0001,no,no,no,no,no
occurrence-290,moving_around_gridania.pcapng,0,main,2,759,no,0x00cf,no,no,no,no,no
occurrence-290,moving_around_gridania.pcapng,0,main,3,760,no,0x00cf,no,no,no,no,no
occurrence-290,moving_around_gridania.pcapng,0,main,4,761,no,0x00cf,no,no,no,no,no
occurrence-290,moving_around_gridania.pcapng,0,main,5,762,no,0x00cf,no,no,no,no,no
occurrence-291,moving_around_gridania.pcapng,0,main,-5,839,no,0x00cf,no,no,no,no,no
occurrence-291,moving_around_gridania.pcapng,0,main,-4,840,no,0x00cf,no,no,no,no,no
occurrence-291,moving_around_gridania.pcapng,0,main,-3,841,no,0x00cf,no,no,no,no,no
occurrence-291,moving_around_gridania.pcapng,0,main,-2,842,no,0x00cf,no,no,no,no,no
occurrence-291,moving_around_gridania.pcapng,0,main,-1,843,no,0x00cf,no,no,no,no,no
occurrence-291,moving_around_gridania.pcapng,0,main,1,845,no,0x0001,no,no,no,no,no
occurrence-291,moving_around_gridania.pcapng,0,main,2,846,no,0x018b,no,no,yes,yes,no
occurrence-291,moving_around_gridania.pcapng,0,main,3,847,no,0x0001,no,no,no,no,no
occurrence-291,moving_around_gridania.pcapng,0,main,4,848,no,0x00cf,no,no,no,no,no
occurrence-291,moving_around_gridania.pcapng,0,main,5,849,no,0x00cf,no,no,no,no,no
occurrence-292,moving_around_gridania.pcapng,0,main,-5,884,no,0x00cf,no,no,no,no,no
occurrence-292,moving_around_gridania.pcapng,0,main,-4,885,no,0x00cf,no,no,no,no,no
occurrence-292,moving_around_gridania.pcapng,0,main,-3,886,no,0x00cf,no,no,no,no,no
occurrence-292,moving_around_gridania.pcapng,0,main,-2,887,no,0x0001,no,no,no,no,no
occurrence-292,moving_around_gridania.pcapng,0,main,-1,888,no,0x0001,no,no,no,no,no
occurrence-292,moving_around_gridania.pcapng,0,main,1,890,no,0x00cb,no,yes,no,no,no
occurrence-292,moving_around_gridania.pcapng,0,main,2,891,no,0x00ca,no,yes,no,no,no
occurrence-292,moving_around_gridania.pcapng,0,main,3,892,no,0x012e,no,no,no,no,no
occurrence-292,moving_around_gridania.pcapng,0,main,4,893,no,0x016b,no,no,no,no,no
occurrence-292,moving_around_gridania.pcapng,0,main,5,894,no,0x00d0,no,no,no,no,no
occurrence-293,moving_around_gridania.pcapng,0,main,-5,1389,yes,0x0136,no,no,no,no,no
occurrence-293,moving_around_gridania.pcapng,0,main,-4,1390,yes,0x0137,no,no,no,no,no
occurrence-293,moving_around_gridania.pcapng,0,main,-3,1391,yes,0x0137,no,no,no,no,no
occurrence-293,moving_around_gridania.pcapng,0,main,-2,1392,yes,0x0001,no,no,no,no,no
occurrence-293,moving_around_gridania.pcapng,0,main,-1,1393,yes,0x018b,no,no,yes,yes,no
occurrence-293,moving_around_gridania.pcapng,0,main,1,1395,no,0x0001,no,no,no,no,no
occurrence-293,moving_around_gridania.pcapng,0,main,2,1396,no,0x017a,no,no,yes,no,no
occurrence-293,moving_around_gridania.pcapng,0,main,3,1397,no,0x00ca,no,yes,no,no,no
occurrence-293,moving_around_gridania.pcapng,0,main,4,1398,no,0x012e,no,no,no,no,no
occurrence-293,moving_around_gridania.pcapng,0,main,5,1399,no,0x016b,no,no,no,no,no
occurrence-294,moving_around_gridania.pcapng,0,main,-5,1467,no,0x00cb,no,yes,no,no,no
occurrence-294,moving_around_gridania.pcapng,0,main,-4,1468,no,0x0001,no,no,no,no,no
occurrence-294,moving_around_gridania.pcapng,0,main,-3,1469,no,0x00cb,no,yes,no,no,no
occurrence-294,moving_around_gridania.pcapng,0,main,-2,1470,no,0x0001,no,no,no,no,no
occurrence-294,moving_around_gridania.pcapng,0,main,-1,1471,no,0x018b,no,no,yes,yes,no
occurrence-294,moving_around_gridania.pcapng,0,main,1,1473,no,0x00cf,no,no,no,no,no
occurrence-294,moving_around_gridania.pcapng,0,main,2,1474,no,0x00cf,no,no,no,no,no
occurrence-294,moving_around_gridania.pcapng,0,main,3,1475,no,0x00cf,no,no,no,no,no
occurrence-294,moving_around_gridania.pcapng,0,main,4,1476,no,0x00cf,no,no,no,no,no
occurrence-294,moving_around_gridania.pcapng,0,main,5,1477,no,0x00cf,no,no,no,no,no
occurrence-295,moving_around_gridania.pcapng,0,main,-5,1514,no,0x00cf,no,no,no,no,no
occurrence-295,moving_around_gridania.pcapng,0,main,-4,1515,no,0x0001,no,no,no,no,no
occurrence-295,moving_around_gridania.pcapng,0,main,-3,1516,no,0x00cb,no,yes,no,no,no
occurrence-295,moving_around_gridania.pcapng,0,main,-2,1517,no,0x00cb,no,yes,no,no,no
occurrence-295,moving_around_gridania.pcapng,0,main,-1,1518,no,0x00cb,no,yes,no,no,no
occurrence-295,moving_around_gridania.pcapng,0,main,1,1520,no,0x0001,no,no,no,no,no
occurrence-295,moving_around_gridania.pcapng,0,main,2,1521,no,0x00cb,no,yes,no,no,no
occurrence-295,moving_around_gridania.pcapng,0,main,3,1522,no,0x018b,no,no,yes,yes,no
occurrence-295,moving_around_gridania.pcapng,0,main,4,1523,no,0x00cf,no,no,no,no,no
occurrence-295,moving_around_gridania.pcapng,0,main,5,1524,no,0x00cf,no,no,no,no,no
occurrence-296,moving_around_gridania.pcapng,0,main,-5,1556,no,0x0145,no,no,no,no,no
occurrence-296,moving_around_gridania.pcapng,0,main,-4,1557,no,0x017b,no,no,no,no,no
occurrence-296,moving_around_gridania.pcapng,0,main,-3,1558,no,0x00cc,no,yes,no,no,no
occurrence-296,moving_around_gridania.pcapng,0,main,-2,1559,no,0x0137,no,no,no,no,no
occurrence-296,moving_around_gridania.pcapng,0,main,-1,1560,no,0x0136,no,no,no,no,no
occurrence-296,moving_around_gridania.pcapng,0,main,1,1562,no,0x00cf,no,no,no,no,no
occurrence-296,moving_around_gridania.pcapng,0,main,2,1563,no,0x0001,no,no,no,no,no
occurrence-296,moving_around_gridania.pcapng,0,main,3,1564,no,0x0001,no,no,no,no,no
occurrence-296,moving_around_gridania.pcapng,0,main,4,1565,no,0x018b,no,no,yes,yes,no
occurrence-296,moving_around_gridania.pcapng,0,main,5,1566,no,0x00ca,no,yes,no,no,no
occurrence-297,moving_around_gridania.pcapng,0,main,-5,1618,no,0x00cf,no,no,no,no,no
occurrence-297,moving_around_gridania.pcapng,0,main,-4,1619,no,0x00cf,no,no,no,no,no
occurrence-297,moving_around_gridania.pcapng,0,main,-3,1620,no,0x00cf,no,no,no,no,no
occurrence-297,moving_around_gridania.pcapng,0,main,-2,1621,no,0x0136,no,no,no,no,no
occurrence-297,moving_around_gridania.pcapng,0,main,-1,1622,no,0x0001,no,no,no,no,no
occurrence-297,moving_around_gridania.pcapng,0,main,1,1624,no,0x00ca,no,yes,no,no,no
occurrence-297,moving_around_gridania.pcapng,0,main,2,1625,no,0x012e,no,no,no,no,no
occurrence-297,moving_around_gridania.pcapng,0,main,3,1626,no,0x016b,no,no,no,no,no
occurrence-297,moving_around_gridania.pcapng,0,main,4,1627,no,0x00d0,no,no,no,no,no
occurrence-297,moving_around_gridania.pcapng,0,main,5,1628,no,0x00ce,no,no,no,no,no
occurrence-298,moving_around_gridania.pcapng,0,main,-5,1723,no,0x0137,no,no,no,no,no
occurrence-298,moving_around_gridania.pcapng,0,main,-4,1724,no,0x0136,no,no,no,no,no
occurrence-298,moving_around_gridania.pcapng,0,main,-3,1725,no,0x0136,no,no,no,no,no
occurrence-298,moving_around_gridania.pcapng,0,main,-2,1726,no,0x0136,no,no,no,no,no
occurrence-298,moving_around_gridania.pcapng,0,main,-1,1727,no,0x0001,no,no,no,no,no
occurrence-298,moving_around_gridania.pcapng,0,main,1,1729,no,0x0001,no,no,no,no,no
occurrence-298,moving_around_gridania.pcapng,0,main,2,1730,no,0x00cf,no,no,no,no,no
occurrence-298,moving_around_gridania.pcapng,0,main,3,1731,no,0x00cf,no,no,no,no,no
occurrence-298,moving_around_gridania.pcapng,0,main,4,1732,no,0x00cf,no,no,no,no,no
occurrence-298,moving_around_gridania.pcapng,0,main,5,1733,no,0x00cf,no,no,no,no,no
occurrence-299,moving_around_gridania.pcapng,0,main,-5,1793,no,0x00cf,no,no,no,no,no
occurrence-299,moving_around_gridania.pcapng,0,main,-4,1794,no,0x00cf,no,no,no,no,no
occurrence-299,moving_around_gridania.pcapng,0,main,-3,1795,no,0x00cf,no,no,no,no,no
occurrence-299,moving_around_gridania.pcapng,0,main,-2,1796,no,0x00cf,no,no,no,no,no
occurrence-299,moving_around_gridania.pcapng,0,main,-1,1797,no,0x0001,no,no,no,no,no
occurrence-299,moving_around_gridania.pcapng,0,main,1,1799,no,0x0001,no,no,no,no,no
occurrence-299,moving_around_gridania.pcapng,0,main,2,1800,no,0x00ca,no,yes,no,no,no
occurrence-299,moving_around_gridania.pcapng,0,main,3,1801,no,0x012e,no,no,no,no,no
occurrence-299,moving_around_gridania.pcapng,0,main,4,1802,no,0x016b,no,no,no,no,no
occurrence-299,moving_around_gridania.pcapng,0,main,5,1803,no,0x00d0,no,no,no,no,no
occurrence-300,moving_around_gridania.pcapng,0,main,-5,1902,no,0x0136,no,no,no,no,no
occurrence-300,moving_around_gridania.pcapng,0,main,-4,1903,no,0x0136,no,no,no,no,no
occurrence-300,moving_around_gridania.pcapng,0,main,-3,1904,no,0x0136,no,no,no,no,no
occurrence-300,moving_around_gridania.pcapng,0,main,-2,1905,no,0x0001,no,no,no,no,no
occurrence-300,moving_around_gridania.pcapng,0,main,-1,1906,no,0x018b,no,no,yes,yes,no
occurrence-300,moving_around_gridania.pcapng,0,main,1,1908,no,0x0001,no,no,no,no,no
occurrence-300,moving_around_gridania.pcapng,0,main,2,1909,no,0x018b,no,no,yes,yes,no
occurrence-300,moving_around_gridania.pcapng,0,main,3,1910,no,0x00cf,no,no,no,no,no
occurrence-300,moving_around_gridania.pcapng,0,main,4,1911,no,0x00cf,no,no,no,no,no
occurrence-300,moving_around_gridania.pcapng,0,main,5,1912,no,0x00cf,no,no,no,no,no
occurrence-301,moving_around_gridania.pcapng,0,main,-5,1988,no,0x00cf,no,no,no,no,no
occurrence-301,moving_around_gridania.pcapng,0,main,-4,1989,no,0x00cf,no,no,no,no,no
occurrence-301,moving_around_gridania.pcapng,0,main,-3,1990,no,0x00cf,no,no,no,no,no
occurrence-301,moving_around_gridania.pcapng,0,main,-2,1991,no,0x00cf,no,no,no,no,no
occurrence-301,moving_around_gridania.pcapng,0,main,-1,1992,no,0x00cf,no,no,no,no,no
occurrence-301,moving_around_gridania.pcapng,0,main,1,1994,no,0x0001,no,no,no,no,no
occurrence-301,moving_around_gridania.pcapng,0,main,2,1995,no,0x018b,no,no,yes,yes,no
occurrence-301,moving_around_gridania.pcapng,0,main,3,1996,no,0x0001,no,no,no,no,no
occurrence-301,moving_around_gridania.pcapng,0,main,4,1997,no,0x00cf,no,no,no,no,no
occurrence-301,moving_around_gridania.pcapng,0,main,5,1998,no,0x00cf,no,no,no,no,no
occurrence-302,moving_around_gridania.pcapng,0,main,-5,2015,no,0x00cf,no,no,no,no,no
occurrence-302,moving_around_gridania.pcapng,0,main,-4,2016,no,0x00cf,no,no,no,no,no
occurrence-302,moving_around_gridania.pcapng,0,main,-3,2017,no,0x00cf,no,no,no,no,no
occurrence-302,moving_around_gridania.pcapng,0,main,-2,2018,no,0x00cf,no,no,no,no,no
occurrence-302,moving_around_gridania.pcapng,0,main,-1,2019,no,0x0001,no,no,no,no,no
occurrence-302,moving_around_gridania.pcapng,0,main,1,2021,no,0x0001,no,no,no,no,no
occurrence-302,moving_around_gridania.pcapng,0,main,2,2022,no,0x00cf,no,no,no,no,no
occurrence-302,moving_around_gridania.pcapng,0,main,3,2023,no,0x00cf,no,no,no,no,no
occurrence-302,moving_around_gridania.pcapng,0,main,4,2024,no,0x00cf,no,no,no,no,no
occurrence-302,moving_around_gridania.pcapng,0,main,5,2025,no,0x00cf,no,no,no,no,no
occurrence-303,moving_around_gridania.pcapng,0,main,-5,2053,no,0x00cf,no,no,no,no,no
occurrence-303,moving_around_gridania.pcapng,0,main,-4,2054,no,0x00cf,no,no,no,no,no
occurrence-303,moving_around_gridania.pcapng,0,main,-3,2055,no,0x00cf,no,no,no,no,no
occurrence-303,moving_around_gridania.pcapng,0,main,-2,2056,no,0x00cf,no,no,no,no,no
occurrence-303,moving_around_gridania.pcapng,0,main,-1,2057,no,0x00cf,no,no,no,no,no
occurrence-303,moving_around_gridania.pcapng,0,main,1,2059,yes,0x0001,no,no,no,no,no
occurrence-303,moving_around_gridania.pcapng,0,main,2,2060,no,0x0001,no,no,no,no,no
occurrence-303,moving_around_gridania.pcapng,0,main,3,2061,no,0x00cf,no,no,no,no,no
occurrence-303,moving_around_gridania.pcapng,0,main,4,2062,no,0x00cf,no,no,no,no,no
occurrence-303,moving_around_gridania.pcapng,0,main,5,2063,no,0x00cf,no,no,no,no,no
occurrence-304,moving_around_gridania.pcapng,0,main,-5,2083,no,0x00cf,no,no,no,no,no
occurrence-304,moving_around_gridania.pcapng,0,main,-4,2084,no,0x0001,no,no,no,no,no
occurrence-304,moving_around_gridania.pcapng,0,main,-3,2085,no,0x00cb,no,yes,no,no,no
occurrence-304,moving_around_gridania.pcapng,0,main,-2,2086,no,0x018b,no,no,yes,yes,no
occurrence-304,moving_around_gridania.pcapng,0,main,-1,2087,no,0x0001,no,no,no,no,no
occurrence-304,moving_around_gridania.pcapng,0,main,1,2089,no,0x00cb,no,yes,no,no,no
occurrence-304,moving_around_gridania.pcapng,0,main,2,2090,no,0x00ca,no,yes,no,no,no
occurrence-304,moving_around_gridania.pcapng,0,main,3,2091,no,0x012e,no,no,no,no,no
occurrence-304,moving_around_gridania.pcapng,0,main,4,2092,no,0x016b,no,no,no,no,no
occurrence-304,moving_around_gridania.pcapng,0,main,5,2093,no,0x00d0,no,no,no,no,no
occurrence-305,moving_around_gridania.pcapng,0,main,-5,2253,yes,0x00cf,no,no,no,no,no
occurrence-305,moving_around_gridania.pcapng,0,main,-4,2254,yes,0x00cf,no,no,no,no,no
occurrence-305,moving_around_gridania.pcapng,0,main,-3,2255,yes,0x00cf,no,no,no,no,no
occurrence-305,moving_around_gridania.pcapng,0,main,-2,2256,yes,0x00cf,no,no,no,no,no
occurrence-305,moving_around_gridania.pcapng,0,main,-1,2257,yes,0x00cf,no,no,no,no,no
occurrence-305,moving_around_gridania.pcapng,0,main,1,2259,no,0x00cb,no,yes,no,no,no
occurrence-305,moving_around_gridania.pcapng,0,main,2,2260,no,0x00cb,no,yes,no,no,no
occurrence-305,moving_around_gridania.pcapng,0,main,3,2261,no,0x00ca,no,yes,no,no,no
occurrence-305,moving_around_gridania.pcapng,0,main,4,2262,no,0x016b,no,no,no,no,no
occurrence-305,moving_around_gridania.pcapng,0,main,5,2263,no,0x00d0,no,no,no,no,no
occurrence-306,moving_around_gridania.pcapng,0,main,-5,2367,no,0x0145,no,no,no,no,no
occurrence-306,moving_around_gridania.pcapng,0,main,-4,2368,no,0x017b,no,no,no,no,no
occurrence-306,moving_around_gridania.pcapng,0,main,-3,2369,no,0x00cc,no,yes,no,no,no
occurrence-306,moving_around_gridania.pcapng,0,main,-2,2370,no,0x0137,no,no,no,no,no
occurrence-306,moving_around_gridania.pcapng,0,main,-1,2371,no,0x0136,no,no,no,no,no
occurrence-306,moving_around_gridania.pcapng,0,main,1,2373,no,0x0001,no,no,no,no,no
occurrence-306,moving_around_gridania.pcapng,0,main,2,2374,no,0x00ca,no,yes,no,no,no
occurrence-306,moving_around_gridania.pcapng,0,main,3,2375,no,0x012e,no,no,no,no,no
occurrence-306,moving_around_gridania.pcapng,0,main,4,2376,no,0x016b,no,no,no,no,no
occurrence-306,moving_around_gridania.pcapng,0,main,5,2377,no,0x00d0,no,no,no,no,no
occurrence-307,moving_around_gridania.pcapng,0,main,-5,2636,no,0x0145,no,no,no,no,no
occurrence-307,moving_around_gridania.pcapng,0,main,-4,2637,no,0x017b,no,no,no,no,no
occurrence-307,moving_around_gridania.pcapng,0,main,-3,2638,no,0x00cc,no,yes,no,no,no
occurrence-307,moving_around_gridania.pcapng,0,main,-2,2639,no,0x0137,no,no,no,no,no
occurrence-307,moving_around_gridania.pcapng,0,main,-1,2640,no,0x0136,no,no,no,no,no
occurrence-307,moving_around_gridania.pcapng,0,main,1,2642,no,0x0001,no,no,no,no,no
occurrence-307,moving_around_gridania.pcapng,0,main,2,2643,no,0x00cf,no,no,no,no,no
occurrence-307,moving_around_gridania.pcapng,0,main,3,2644,no,0x00cf,no,no,no,no,no
occurrence-307,moving_around_gridania.pcapng,0,main,4,2645,no,0x00cf,no,no,no,no,no
occurrence-307,moving_around_gridania.pcapng,0,main,5,2646,no,0x00cf,no,no,no,no,no
occurrence-308,moving_around_gridania.pcapng,0,main,-5,2675,no,0x00cf,no,no,no,no,no
occurrence-308,moving_around_gridania.pcapng,0,main,-4,2676,no,0x00cf,no,no,no,no,no
occurrence-308,moving_around_gridania.pcapng,0,main,-3,2677,no,0x00cf,no,no,no,no,no
occurrence-308,moving_around_gridania.pcapng,0,main,-2,2678,no,0x00cf,no,no,no,no,no
occurrence-308,moving_around_gridania.pcapng,0,main,-1,2679,no,0x00cf,no,no,no,no,no
occurrence-308,moving_around_gridania.pcapng,0,main,1,2681,no,0x0001,no,no,no,no,no
occurrence-308,moving_around_gridania.pcapng,0,main,2,2682,no,0x0001,no,no,no,no,no
occurrence-308,moving_around_gridania.pcapng,0,main,3,2683,no,0x00cf,no,no,no,no,no
occurrence-308,moving_around_gridania.pcapng,0,main,4,2684,no,0x00cf,no,no,no,no,no
occurrence-308,moving_around_gridania.pcapng,0,main,5,2685,no,0x00cf,no,no,no,no,no
occurrence-309,moving_around_gridania.pcapng,0,main,-5,2720,no,0x00cc,no,yes,no,no,no
occurrence-309,moving_around_gridania.pcapng,0,main,-4,2721,no,0x0137,no,no,no,no,no
occurrence-309,moving_around_gridania.pcapng,0,main,-3,2722,no,0x0136,no,no,no,no,no
occurrence-309,moving_around_gridania.pcapng,0,main,-2,2723,no,0x0001,no,no,no,no,no
occurrence-309,moving_around_gridania.pcapng,0,main,-1,2724,no,0x00cb,no,yes,no,no,no
occurrence-309,moving_around_gridania.pcapng,0,main,1,2726,no,0x00cf,no,no,no,no,no
occurrence-309,moving_around_gridania.pcapng,0,main,2,2727,no,0x00cf,no,no,no,no,no
occurrence-309,moving_around_gridania.pcapng,0,main,3,2728,no,0x00cf,no,no,no,no,no
occurrence-309,moving_around_gridania.pcapng,0,main,4,2729,no,0x00cf,no,no,no,no,no
occurrence-309,moving_around_gridania.pcapng,0,main,5,2730,no,0x00cf,no,no,no,no,no
occurrence-310,moving_around_gridania.pcapng,0,main,-5,2775,no,0x00cf,no,no,no,no,no
occurrence-310,moving_around_gridania.pcapng,0,main,-4,2776,no,0x00cf,no,no,no,no,no
occurrence-310,moving_around_gridania.pcapng,0,main,-3,2777,no,0x00cf,no,no,no,no,no
occurrence-310,moving_around_gridania.pcapng,0,main,-2,2778,no,0x00cf,no,no,no,no,no
occurrence-310,moving_around_gridania.pcapng,0,main,-1,2779,no,0x0001,no,no,no,no,no
occurrence-310,moving_around_gridania.pcapng,0,main,1,2781,no,0x0001,no,no,no,no,no
occurrence-310,moving_around_gridania.pcapng,0,main,2,2782,no,0x00cf,no,no,no,no,no
occurrence-310,moving_around_gridania.pcapng,0,main,3,2783,no,0x00cf,no,no,no,no,no
occurrence-310,moving_around_gridania.pcapng,0,main,4,2784,no,0x00cf,no,no,no,no,no
occurrence-310,moving_around_gridania.pcapng,0,main,5,2785,no,0x00cf,no,no,no,no,no
occurrence-311,moving_around_gridania.pcapng,0,main,-5,2802,no,0x00cf,no,no,no,no,no
occurrence-311,moving_around_gridania.pcapng,0,main,-4,2803,no,0x00cf,no,no,no,no,no
occurrence-311,moving_around_gridania.pcapng,0,main,-3,2804,no,0x00cf,no,no,no,no,no
occurrence-311,moving_around_gridania.pcapng,0,main,-2,2805,no,0x0001,no,no,no,no,no
occurrence-311,moving_around_gridania.pcapng,0,main,-1,2806,no,0x0001,no,no,no,no,no
occurrence-311,moving_around_gridania.pcapng,0,main,1,2808,no,0x00cf,no,no,no,no,no
occurrence-311,moving_around_gridania.pcapng,0,main,2,2809,no,0x00cf,no,no,no,no,no
occurrence-311,moving_around_gridania.pcapng,0,main,3,2810,no,0x00cf,no,no,no,no,no
occurrence-311,moving_around_gridania.pcapng,0,main,4,2811,no,0x00cf,no,no,no,no,no
occurrence-311,moving_around_gridania.pcapng,0,main,5,2812,no,0x00cf,no,no,no,no,no
occurrence-312,moving_around_gridania.pcapng,0,main,-5,2855,no,0x00cf,no,no,no,no,no
occurrence-312,moving_around_gridania.pcapng,0,main,-4,2856,no,0x00cf,no,no,no,no,no
occurrence-312,moving_around_gridania.pcapng,0,main,-3,2857,no,0x00cf,no,no,no,no,no
occurrence-312,moving_around_gridania.pcapng,0,main,-2,2858,no,0x00cf,no,no,no,no,no
occurrence-312,moving_around_gridania.pcapng,0,main,-1,2859,no,0x0001,no,no,no,no,no
occurrence-312,moving_around_gridania.pcapng,0,main,1,2861,no,0x00cb,no,yes,no,no,no
occurrence-312,moving_around_gridania.pcapng,0,main,2,2862,no,0x0001,no,no,no,no,no
occurrence-312,moving_around_gridania.pcapng,0,main,3,2863,no,0x018b,no,no,yes,yes,no
occurrence-312,moving_around_gridania.pcapng,0,main,4,2864,no,0x00cf,no,no,no,no,no
occurrence-312,moving_around_gridania.pcapng,0,main,5,2865,no,0x00cf,no,no,no,no,no
occurrence-313,moving_around_gridania.pcapng,0,main,-5,2899,no,0x00cf,no,no,no,no,no
occurrence-313,moving_around_gridania.pcapng,0,main,-4,2900,no,0x00cf,no,no,no,no,no
occurrence-313,moving_around_gridania.pcapng,0,main,-3,2901,no,0x00cf,no,no,no,no,no
occurrence-313,moving_around_gridania.pcapng,0,main,-2,2902,no,0x0001,no,no,no,no,no
occurrence-313,moving_around_gridania.pcapng,0,main,-1,2903,no,0x0001,no,no,no,no,no
occurrence-313,moving_around_gridania.pcapng,0,main,1,2905,no,0x00cf,no,no,no,no,no
occurrence-313,moving_around_gridania.pcapng,0,main,2,2906,no,0x00cf,no,no,no,no,no
occurrence-313,moving_around_gridania.pcapng,0,main,3,2907,no,0x00cf,no,no,no,no,no
occurrence-313,moving_around_gridania.pcapng,0,main,4,2908,no,0x00cf,no,no,no,no,no
occurrence-313,moving_around_gridania.pcapng,0,main,5,2909,no,0x00cf,no,no,no,no,no
occurrence-314,moving_around_gridania.pcapng,0,main,-5,2936,no,0x00cf,no,no,no,no,no
occurrence-314,moving_around_gridania.pcapng,0,main,-4,2937,no,0x00cf,no,no,no,no,no
occurrence-314,moving_around_gridania.pcapng,0,main,-3,2938,no,0x00cf,no,no,no,no,no
occurrence-314,moving_around_gridania.pcapng,0,main,-2,2939,no,0x00cf,no,no,no,no,no
occurrence-314,moving_around_gridania.pcapng,0,main,-1,2940,no,0x00cf,no,no,no,no,no
occurrence-314,moving_around_gridania.pcapng,0,main,1,2942,no,0x0001,no,no,no,no,no
occurrence-314,moving_around_gridania.pcapng,0,main,2,2943,no,0x0001,no,no,no,no,no
occurrence-314,moving_around_gridania.pcapng,0,main,3,2944,no,0x00cf,no,no,no,no,no
occurrence-314,moving_around_gridania.pcapng,0,main,4,2945,no,0x00cf,no,no,no,no,no
occurrence-314,moving_around_gridania.pcapng,0,main,5,2946,no,0x00cf,no,no,no,no,no
occurrence-315,moving_around_gridania.pcapng,0,main,-5,2963,no,0x00cf,no,no,no,no,no
occurrence-315,moving_around_gridania.pcapng,0,main,-4,2964,no,0x00cf,no,no,no,no,no
occurrence-315,moving_around_gridania.pcapng,0,main,-3,2965,no,0x00cf,no,no,no,no,no
occurrence-315,moving_around_gridania.pcapng,0,main,-2,2966,no,0x00cf,no,no,no,no,no
occurrence-315,moving_around_gridania.pcapng,0,main,-1,2967,no,0x0001,no,no,no,no,no
occurrence-315,moving_around_gridania.pcapng,0,main,1,2969,no,0x0001,no,no,no,no,no
occurrence-315,moving_around_gridania.pcapng,0,main,2,2970,no,0x00cf,no,no,no,no,no
occurrence-315,moving_around_gridania.pcapng,0,main,3,2971,no,0x00cf,no,no,no,no,no
occurrence-315,moving_around_gridania.pcapng,0,main,4,2972,no,0x00cf,no,no,no,no,no
occurrence-315,moving_around_gridania.pcapng,0,main,5,2973,no,0x00cf,no,no,no,no,no
occurrence-316,moving_around_gridania.pcapng,0,main,-5,3000,no,0x00cf,no,no,no,no,no
occurrence-316,moving_around_gridania.pcapng,0,main,-4,3001,no,0x00cf,no,no,no,no,no
occurrence-316,moving_around_gridania.pcapng,0,main,-3,3002,no,0x00cf,no,no,no,no,no
occurrence-316,moving_around_gridania.pcapng,0,main,-2,3003,no,0x00cf,no,no,no,no,no
occurrence-316,moving_around_gridania.pcapng,0,main,-1,3004,no,0x00cf,no,no,no,no,no
occurrence-316,moving_around_gridania.pcapng,0,main,1,3006,no,0x0001,no,no,no,no,no
occurrence-316,moving_around_gridania.pcapng,0,main,2,3007,no,0x0001,no,no,no,no,no
occurrence-316,moving_around_gridania.pcapng,0,main,3,3008,no,0x00cf,no,no,no,no,no
occurrence-316,moving_around_gridania.pcapng,0,main,4,3009,no,0x00cf,no,no,no,no,no
occurrence-316,moving_around_gridania.pcapng,0,main,5,3010,no,0x00cf,no,no,no,no,no
occurrence-317,moving_around_gridania.pcapng,0,main,-5,3043,no,0x0145,no,no,no,no,no
occurrence-317,moving_around_gridania.pcapng,0,main,-4,3044,no,0x017b,no,no,no,no,no
occurrence-317,moving_around_gridania.pcapng,0,main,-3,3045,no,0x00cc,no,yes,no,no,no
occurrence-317,moving_around_gridania.pcapng,0,main,-2,3046,no,0x0137,no,no,no,no,no
occurrence-317,moving_around_gridania.pcapng,0,main,-1,3047,no,0x0136,no,no,no,no,no
occurrence-317,moving_around_gridania.pcapng,0,main,1,3049,yes,0x018b,no,no,yes,yes,no
occurrence-317,moving_around_gridania.pcapng,0,main,2,3050,no,0x0001,no,no,no,no,no
occurrence-317,moving_around_gridania.pcapng,0,main,3,3051,no,0x00cb,no,yes,no,no,no
occurrence-317,moving_around_gridania.pcapng,0,main,4,3052,no,0x00ca,no,yes,no,no,no
occurrence-317,moving_around_gridania.pcapng,0,main,5,3053,no,0x012e,no,no,no,no,no
occurrence-318,moving_around_gridania.pcapng,0,main,-5,3155,no,0x00cf,no,no,no,no,no
occurrence-318,moving_around_gridania.pcapng,0,main,-4,3156,no,0x00cf,no,no,no,no,no
occurrence-318,moving_around_gridania.pcapng,0,main,-3,3157,no,0x00cf,no,no,no,no,no
occurrence-318,moving_around_gridania.pcapng,0,main,-2,3158,no,0x00cf,no,no,no,no,no
occurrence-318,moving_around_gridania.pcapng,0,main,-1,3159,no,0x00cf,no,no,no,no,no
occurrence-318,moving_around_gridania.pcapng,0,main,1,3161,no,0x0001,no,no,no,no,no
occurrence-318,moving_around_gridania.pcapng,0,main,2,3162,no,0x00cb,no,yes,no,no,no
occurrence-318,moving_around_gridania.pcapng,0,main,3,3163,no,0x00cb,no,yes,no,no,no
occurrence-318,moving_around_gridania.pcapng,0,main,4,3164,no,0x018b,no,no,yes,yes,no
occurrence-318,moving_around_gridania.pcapng,0,main,5,3165,no,0x0001,no,no,no,no,no
occurrence-319,moving_around_gridania.pcapng,0,main,-5,3187,no,0x00cf,no,no,no,no,no
occurrence-319,moving_around_gridania.pcapng,0,main,-4,3188,no,0x00cf,no,no,no,no,no
occurrence-319,moving_around_gridania.pcapng,0,main,-3,3189,no,0x00cf,no,no,no,no,no
occurrence-319,moving_around_gridania.pcapng,0,main,-2,3190,no,0x00cb,no,yes,no,no,no
occurrence-319,moving_around_gridania.pcapng,0,main,-1,3191,no,0x0001,no,no,no,no,no
occurrence-319,moving_around_gridania.pcapng,0,main,1,3193,no,0x0001,no,no,no,no,no
occurrence-319,moving_around_gridania.pcapng,0,main,2,3194,no,0x00cb,no,yes,no,no,no
occurrence-319,moving_around_gridania.pcapng,0,main,3,3195,no,0x00cb,no,yes,no,no,no
occurrence-319,moving_around_gridania.pcapng,0,main,4,3196,no,0x00cf,no,no,no,no,no
occurrence-319,moving_around_gridania.pcapng,0,main,5,3197,no,0x00cf,no,no,no,no,no
occurrence-320,moving_around_gridania.pcapng,0,main,-5,3270,no,0x00cf,no,no,no,no,no
occurrence-320,moving_around_gridania.pcapng,0,main,-4,3271,no,0x00cf,no,no,no,no,no
occurrence-320,moving_around_gridania.pcapng,0,main,-3,3272,no,0x00cf,no,no,no,no,no
occurrence-320,moving_around_gridania.pcapng,0,main,-2,3273,no,0x00cf,no,no,no,no,no
occurrence-320,moving_around_gridania.pcapng,0,main,-1,3274,no,0x00cf,no,no,no,no,no
occurrence-320,moving_around_gridania.pcapng,0,main,1,3276,no,0x0001,no,no,no,no,no
occurrence-320,moving_around_gridania.pcapng,0,main,2,3277,no,0x00cb,no,yes,no,no,no
occurrence-320,moving_around_gridania.pcapng,0,main,3,3278,no,0x00ca,no,yes,no,no,no
occurrence-320,moving_around_gridania.pcapng,0,main,4,3279,no,0x012e,no,no,no,no,no
occurrence-320,moving_around_gridania.pcapng,0,main,5,3280,no,0x016b,no,no,no,no,no
occurrence-321,moving_around_gridania.pcapng,0,main,-5,3305,no,0x00cf,no,no,no,no,no
occurrence-321,moving_around_gridania.pcapng,0,main,-4,3306,no,0x00cf,no,no,no,no,no
occurrence-321,moving_around_gridania.pcapng,0,main,-3,3307,no,0x00cf,no,no,no,no,no
occurrence-321,moving_around_gridania.pcapng,0,main,-2,3308,no,0x00cf,no,no,no,no,no
occurrence-321,moving_around_gridania.pcapng,0,main,-1,3309,no,0x0001,no,no,no,no,no
occurrence-321,moving_around_gridania.pcapng,0,main,1,3311,no,0x0001,no,no,no,no,no
occurrence-321,moving_around_gridania.pcapng,0,main,2,3312,no,0x00cf,no,no,no,no,no
occurrence-321,moving_around_gridania.pcapng,0,main,3,3313,no,0x00cf,no,no,no,no,no
occurrence-321,moving_around_gridania.pcapng,0,main,4,3314,no,0x00cf,no,no,no,no,no
occurrence-321,moving_around_gridania.pcapng,0,main,5,3315,no,0x00cf,no,no,no,no,no
occurrence-322,moving_around_gridania.pcapng,0,main,-5,3340,no,0x00cf,no,no,no,no,no
occurrence-322,moving_around_gridania.pcapng,0,main,-4,3341,no,0x0001,no,no,no,no,no
occurrence-322,moving_around_gridania.pcapng,0,main,-3,3342,no,0x018b,no,no,yes,yes,no
occurrence-322,moving_around_gridania.pcapng,0,main,-2,3343,no,0x0001,no,no,no,no,no
occurrence-322,moving_around_gridania.pcapng,0,main,-1,3344,no,0x00cb,no,yes,no,no,no
occurrence-322,moving_around_gridania.pcapng,0,main,1,3346,no,0x00cf,no,no,no,no,no
occurrence-322,moving_around_gridania.pcapng,0,main,2,3347,no,0x00cf,no,no,no,no,no
occurrence-322,moving_around_gridania.pcapng,0,main,3,3348,no,0x00cf,no,no,no,no,no
occurrence-322,moving_around_gridania.pcapng,0,main,4,3349,no,0x00cf,no,no,no,no,no
occurrence-322,moving_around_gridania.pcapng,0,main,5,3350,no,0x00cf,no,no,no,no,no
occurrence-323,moving_around_gridania.pcapng,0,main,-5,3363,no,0x00cf,no,no,no,no,no
occurrence-323,moving_around_gridania.pcapng,0,main,-4,3364,no,0x00cf,no,no,no,no,no
occurrence-323,moving_around_gridania.pcapng,0,main,-3,3365,no,0x0001,no,no,no,no,no
occurrence-323,moving_around_gridania.pcapng,0,main,-2,3366,no,0x018b,no,no,yes,yes,no
occurrence-323,moving_around_gridania.pcapng,0,main,-1,3367,no,0x00cb,no,yes,no,no,no
occurrence-323,moving_around_gridania.pcapng,0,main,1,3369,no,0x0001,no,no,no,no,no
occurrence-323,moving_around_gridania.pcapng,0,main,2,3370,no,0x00cb,no,yes,no,no,no
occurrence-323,moving_around_gridania.pcapng,0,main,3,3371,no,0x00ca,no,yes,no,no,no
occurrence-323,moving_around_gridania.pcapng,0,main,4,3372,no,0x016b,no,no,no,no,no
occurrence-323,moving_around_gridania.pcapng,0,main,5,3373,no,0x016f,no,no,no,no,no
occurrence-324,moving_around_gridania.pcapng,0,main,-5,3411,no,0x00cf,no,no,no,no,no
occurrence-324,moving_around_gridania.pcapng,0,main,-4,3412,no,0x00cf,no,no,no,no,no
occurrence-324,moving_around_gridania.pcapng,0,main,-3,3413,no,0x00cf,no,no,no,no,no
occurrence-324,moving_around_gridania.pcapng,0,main,-2,3414,no,0x0001,no,no,no,no,no
occurrence-324,moving_around_gridania.pcapng,0,main,-1,3415,no,0x0001,no,no,no,no,no
occurrence-324,moving_around_gridania.pcapng,0,main,1,3417,no,0x00cf,no,no,no,no,no
occurrence-324,moving_around_gridania.pcapng,0,main,2,3418,no,0x00cf,no,no,no,no,no
occurrence-324,moving_around_gridania.pcapng,0,main,3,3419,no,0x00cf,no,no,no,no,no
occurrence-324,moving_around_gridania.pcapng,0,main,4,3420,no,0x00cf,no,no,no,no,no
occurrence-324,moving_around_gridania.pcapng,0,main,5,3421,no,0x00cf,no,no,no,no,no
occurrence-325,moving_around_gridania.pcapng,0,main,-5,3433,no,0x00cf,no,no,no,no,no
occurrence-325,moving_around_gridania.pcapng,0,main,-4,3434,no,0x00cf,no,no,no,no,no
occurrence-325,moving_around_gridania.pcapng,0,main,-3,3435,no,0x00cf,no,no,no,no,no
occurrence-325,moving_around_gridania.pcapng,0,main,-2,3436,no,0x00cf,no,no,no,no,no
occurrence-325,moving_around_gridania.pcapng,0,main,-1,3437,no,0x0001,no,no,no,no,no
occurrence-325,moving_around_gridania.pcapng,0,main,1,3439,no,0x0001,no,no,no,no,no
occurrence-325,moving_around_gridania.pcapng,0,main,2,3440,no,0x0001,no,no,no,no,no
occurrence-325,moving_around_gridania.pcapng,0,main,3,3441,no,0x00cf,no,no,no,no,no
occurrence-325,moving_around_gridania.pcapng,0,main,4,3442,no,0x00cf,no,no,no,no,no
occurrence-325,moving_around_gridania.pcapng,0,main,5,3443,no,0x00cf,no,no,no,no,no
occurrence-326,moving_around_gridania.pcapng,0,main,-5,3511,no,0x0179,no,no,no,no,no
occurrence-326,moving_around_gridania.pcapng,0,main,-4,3512,no,0x0145,no,no,no,no,no
occurrence-326,moving_around_gridania.pcapng,0,main,-3,3513,no,0x017b,no,no,no,no,no
occurrence-326,moving_around_gridania.pcapng,0,main,-2,3514,no,0x00cc,no,yes,no,no,no
occurrence-326,moving_around_gridania.pcapng,0,main,-1,3515,no,0x0137,no,no,no,no,no
occurrence-326,moving_around_gridania.pcapng,0,main,1,3517,no,0x0001,no,no,no,no,no
occurrence-326,moving_around_gridania.pcapng,0,main,2,3518,no,0x00cf,no,no,no,no,no
occurrence-326,moving_around_gridania.pcapng,0,main,3,3519,no,0x00cf,no,no,no,no,no
occurrence-326,moving_around_gridania.pcapng,0,main,4,3520,no,0x00cf,no,no,no,no,no
occurrence-326,moving_around_gridania.pcapng,0,main,5,3521,no,0x00cf,no,no,no,no,no
occurrence-327,moving_around_gridania.pcapng,0,main,-5,3546,no,0x00cf,no,no,no,no,no
occurrence-327,moving_around_gridania.pcapng,0,main,-4,3547,no,0x00cf,no,no,no,no,no
occurrence-327,moving_around_gridania.pcapng,0,main,-3,3548,no,0x00cf,no,no,no,no,no
occurrence-327,moving_around_gridania.pcapng,0,main,-2,3549,no,0x00cf,no,no,no,no,no
occurrence-327,moving_around_gridania.pcapng,0,main,-1,3550,no,0x0001,no,no,no,no,no
occurrence-327,moving_around_gridania.pcapng,0,main,1,3552,no,0x0001,no,no,no,no,no
occurrence-327,moving_around_gridania.pcapng,0,main,2,3553,no,0x00cb,no,yes,no,no,no
occurrence-327,moving_around_gridania.pcapng,0,main,3,3554,no,0x00ca,no,yes,no,no,no
occurrence-327,moving_around_gridania.pcapng,0,main,4,3555,no,0x012e,no,no,no,no,no
occurrence-327,moving_around_gridania.pcapng,0,main,5,3556,no,0x016b,no,no,no,no,no
occurrence-328,moving_around_gridania.pcapng,0,main,-5,3586,no,0x018b,no,no,yes,yes,no
occurrence-328,moving_around_gridania.pcapng,0,main,-4,3587,no,0x0001,no,no,no,no,no
occurrence-328,moving_around_gridania.pcapng,0,main,-3,3588,no,0x00cb,no,yes,no,no,no
occurrence-328,moving_around_gridania.pcapng,0,main,-2,3589,no,0x00cb,no,yes,no,no,no
occurrence-328,moving_around_gridania.pcapng,0,main,-1,3590,no,0x0001,no,no,no,no,no
occurrence-328,moving_around_gridania.pcapng,0,main,1,3592,no,0x00cf,no,no,no,no,no
occurrence-328,moving_around_gridania.pcapng,0,main,2,3593,no,0x00cf,no,no,no,no,no
occurrence-328,moving_around_gridania.pcapng,0,main,3,3594,no,0x00cf,no,no,no,no,no
occurrence-328,moving_around_gridania.pcapng,0,main,4,3595,no,0x00cf,no,no,no,no,no
occurrence-328,moving_around_gridania.pcapng,0,main,5,3596,no,0x00cf,no,no,no,no,no
occurrence-329,moving_around_gridania.pcapng,0,main,-5,3670,no,0x00cc,no,yes,no,no,no
occurrence-329,moving_around_gridania.pcapng,0,main,-4,3671,no,0x0137,no,no,no,no,no
occurrence-329,moving_around_gridania.pcapng,0,main,-3,3672,no,0x0136,no,no,no,no,no
occurrence-329,moving_around_gridania.pcapng,0,main,-2,3673,no,0x0136,no,no,no,no,no
occurrence-329,moving_around_gridania.pcapng,0,main,-1,3674,no,0x0001,no,no,no,no,no
occurrence-329,moving_around_gridania.pcapng,0,main,1,3676,no,0x00ca,no,yes,no,no,no
occurrence-329,moving_around_gridania.pcapng,0,main,2,3677,no,0x012e,no,no,no,no,no
occurrence-329,moving_around_gridania.pcapng,0,main,3,3678,no,0x016b,no,no,no,no,no
occurrence-329,moving_around_gridania.pcapng,0,main,4,3679,no,0x00d0,no,no,no,no,no
occurrence-329,moving_around_gridania.pcapng,0,main,5,3680,no,0x00ce,no,no,no,no,no
occurrence-330,moving_around_gridania.pcapng,0,main,-5,3866,yes,0x0179,no,no,no,no,no
occurrence-330,moving_around_gridania.pcapng,0,main,-4,3867,yes,0x0145,no,no,no,no,no
occurrence-330,moving_around_gridania.pcapng,0,main,-3,3868,yes,0x017b,no,no,no,no,no
occurrence-330,moving_around_gridania.pcapng,0,main,-2,3869,yes,0x00cc,no,yes,no,no,no
occurrence-330,moving_around_gridania.pcapng,0,main,-1,3870,yes,0x0137,no,no,no,no,no
occurrence-330,moving_around_gridania.pcapng,0,main,1,3872,no,0x0136,no,no,no,no,no
occurrence-330,moving_around_gridania.pcapng,0,main,2,3873,no,0x0136,no,no,no,no,no
occurrence-330,moving_around_gridania.pcapng,0,main,3,3874,no,0x0001,no,no,no,no,no
occurrence-330,moving_around_gridania.pcapng,0,main,4,3875,no,0x00cf,no,no,no,no,no
occurrence-330,moving_around_gridania.pcapng,0,main,5,3876,no,0x00cf,no,no,no,no,no
occurrence-331,moving_around_gridania.pcapng,0,main,-5,4049,no,0x00cf,no,no,no,no,no
occurrence-331,moving_around_gridania.pcapng,0,main,-4,4050,no,0x00cf,no,no,no,no,no
occurrence-331,moving_around_gridania.pcapng,0,main,-3,4051,no,0x00cf,no,no,no,no,no
occurrence-331,moving_around_gridania.pcapng,0,main,-2,4052,no,0x00cf,no,no,no,no,no
occurrence-331,moving_around_gridania.pcapng,0,main,-1,4053,no,0x0001,no,no,no,no,no
occurrence-331,moving_around_gridania.pcapng,0,main,1,4055,no,0x00ca,no,yes,no,no,no
occurrence-331,moving_around_gridania.pcapng,0,main,2,4056,no,0x012e,no,no,no,no,no
occurrence-331,moving_around_gridania.pcapng,0,main,3,4057,no,0x016b,no,no,no,no,no
occurrence-331,moving_around_gridania.pcapng,0,main,4,4058,no,0x00d0,no,no,no,no,no
occurrence-331,moving_around_gridania.pcapng,0,main,5,4059,no,0x00ce,no,no,no,no,no
occurrence-332,moving_around_gridania.pcapng,0,main,-5,4126,no,0x017b,no,no,no,no,no
occurrence-332,moving_around_gridania.pcapng,0,main,-4,4127,no,0x00cc,no,yes,no,no,no
occurrence-332,moving_around_gridania.pcapng,0,main,-3,4128,no,0x0137,no,no,no,no,no
occurrence-332,moving_around_gridania.pcapng,0,main,-2,4129,no,0x0136,no,no,no,no,no
occurrence-332,moving_around_gridania.pcapng,0,main,-1,4130,no,0x0001,no,no,no,no,no
occurrence-332,moving_around_gridania.pcapng,0,main,1,4132,no,0x00cf,no,no,no,no,no
occurrence-332,moving_around_gridania.pcapng,0,main,2,4133,no,0x00cf,no,no,no,no,no
occurrence-332,moving_around_gridania.pcapng,0,main,3,4134,no,0x00cf,no,no,no,no,no
occurrence-332,moving_around_gridania.pcapng,0,main,4,4135,no,0x00cf,no,no,no,no,no
occurrence-332,moving_around_gridania.pcapng,0,main,5,4136,no,0x00cf,no,no,no,no,no
occurrence-333,moving_around_gridania.pcapng,0,main,-5,4164,no,0x00cf,no,no,no,no,no
occurrence-333,moving_around_gridania.pcapng,0,main,-4,4165,no,0x00cf,no,no,no,no,no
occurrence-333,moving_around_gridania.pcapng,0,main,-3,4166,no,0x00cf,no,no,no,no,no
occurrence-333,moving_around_gridania.pcapng,0,main,-2,4167,no,0x00cf,no,no,no,no,no
occurrence-333,moving_around_gridania.pcapng,0,main,-1,4168,no,0x0001,no,no,no,no,no
occurrence-333,moving_around_gridania.pcapng,0,main,1,4170,no,0x0001,no,no,no,no,no
occurrence-333,moving_around_gridania.pcapng,0,main,2,4171,no,0x00cb,no,yes,no,no,no
occurrence-333,moving_around_gridania.pcapng,0,main,3,4172,no,0x00cb,no,yes,no,no,no
occurrence-333,moving_around_gridania.pcapng,0,main,4,4173,no,0x00cf,no,no,no,no,no
occurrence-333,moving_around_gridania.pcapng,0,main,5,4174,no,0x00cf,no,no,no,no,no
occurrence-334,moving_around_gridania.pcapng,0,main,-5,4230,no,0x00cf,no,no,no,no,no
occurrence-334,moving_around_gridania.pcapng,0,main,-4,4231,no,0x00cf,no,no,no,no,no
occurrence-334,moving_around_gridania.pcapng,0,main,-3,4232,no,0x00cf,no,no,no,no,no
occurrence-334,moving_around_gridania.pcapng,0,main,-2,4233,no,0x00cf,no,no,no,no,no
occurrence-334,moving_around_gridania.pcapng,0,main,-1,4234,no,0x0001,no,no,no,no,no
occurrence-334,moving_around_gridania.pcapng,0,main,1,4236,no,0x00ca,no,yes,no,no,no
occurrence-334,moving_around_gridania.pcapng,0,main,2,4237,no,0x012e,no,no,no,no,no
occurrence-334,moving_around_gridania.pcapng,0,main,3,4238,no,0x016b,no,no,no,no,no
occurrence-334,moving_around_gridania.pcapng,0,main,4,4239,no,0x00d0,no,no,no,no,no
occurrence-334,moving_around_gridania.pcapng,0,main,5,4240,no,0x00ce,no,no,no,no,no
occurrence-335,moving_around_gridania.pcapng,0,main,-5,4482,no,0x00cf,no,no,no,no,no
occurrence-335,moving_around_gridania.pcapng,0,main,-4,4483,no,0x00cf,no,no,no,no,no
occurrence-335,moving_around_gridania.pcapng,0,main,-3,4484,no,0x00cf,no,no,no,no,no
occurrence-335,moving_around_gridania.pcapng,0,main,-2,4485,no,0x00cf,no,no,no,no,no
occurrence-335,moving_around_gridania.pcapng,0,main,-1,4486,no,0x00cf,no,no,no,no,no
occurrence-335,moving_around_gridania.pcapng,0,main,1,4488,no,0x0001,no,no,no,no,no
occurrence-335,moving_around_gridania.pcapng,0,main,2,4489,no,0x00cb,no,yes,no,no,no
occurrence-335,moving_around_gridania.pcapng,0,main,3,4490,no,0x0001,no,no,no,no,no
occurrence-335,moving_around_gridania.pcapng,0,main,4,4491,no,0x00cf,no,no,no,no,no
occurrence-335,moving_around_gridania.pcapng,0,main,5,4492,no,0x00cf,no,no,no,no,no
occurrence-336,moving_around_gridania.pcapng,0,main,-5,4534,no,0x017b,no,no,no,no,no
occurrence-336,moving_around_gridania.pcapng,0,main,-4,4535,no,0x00cc,no,yes,no,no,no
occurrence-336,moving_around_gridania.pcapng,0,main,-3,4536,no,0x0137,no,no,no,no,no
occurrence-336,moving_around_gridania.pcapng,0,main,-2,4537,no,0x0136,no,no,no,no,no
occurrence-336,moving_around_gridania.pcapng,0,main,-1,4538,no,0x0001,no,no,no,no,no
occurrence-336,moving_around_gridania.pcapng,0,main,1,4540,yes,0x018b,no,no,yes,yes,no
occurrence-336,moving_around_gridania.pcapng,0,main,2,4541,no,0x00cb,no,yes,no,no,no
occurrence-336,moving_around_gridania.pcapng,0,main,3,4542,no,0x00cb,no,yes,no,no,no
occurrence-336,moving_around_gridania.pcapng,0,main,4,4543,no,0x00cb,no,yes,no,no,no
occurrence-336,moving_around_gridania.pcapng,0,main,5,4544,no,0x00cb,no,yes,no,no,no
occurrence-337,moving_around_gridania.pcapng,0,main,-5,4578,no,0x00cf,no,no,no,no,no
occurrence-337,moving_around_gridania.pcapng,0,main,-4,4579,no,0x00cf,no,no,no,no,no
occurrence-337,moving_around_gridania.pcapng,0,main,-3,4580,no,0x00cf,no,no,no,no,no
occurrence-337,moving_around_gridania.pcapng,0,main,-2,4581,no,0x00cf,no,no,no,no,no
occurrence-337,moving_around_gridania.pcapng,0,main,-1,4582,no,0x00cf,no,no,no,no,no
occurrence-337,moving_around_gridania.pcapng,0,main,1,4584,no,0x0001,no,no,no,no,no
occurrence-337,moving_around_gridania.pcapng,0,main,2,4585,no,0x018b,no,no,yes,yes,no
occurrence-337,moving_around_gridania.pcapng,0,main,3,4586,no,0x0001,no,no,no,no,no
occurrence-337,moving_around_gridania.pcapng,0,main,4,4587,no,0x00cf,no,no,no,no,no
occurrence-337,moving_around_gridania.pcapng,0,main,5,4588,no,0x00cf,no,no,no,no,no
occurrence-338,moving_around_gridania.pcapng,0,main,-5,4608,no,0x00cf,no,no,no,no,no
occurrence-338,moving_around_gridania.pcapng,0,main,-4,4609,no,0x00cf,no,no,no,no,no
occurrence-338,moving_around_gridania.pcapng,0,main,-3,4610,no,0x00cf,no,no,no,no,no
occurrence-338,moving_around_gridania.pcapng,0,main,-2,4611,no,0x00cf,no,no,no,no,no
occurrence-338,moving_around_gridania.pcapng,0,main,-1,4612,no,0x0001,no,no,no,no,no
occurrence-338,moving_around_gridania.pcapng,0,main,1,4614,no,0x0001,no,no,no,no,no
occurrence-338,moving_around_gridania.pcapng,0,main,2,4615,no,0x00cf,no,no,no,no,no
occurrence-338,moving_around_gridania.pcapng,0,main,3,4616,no,0x00cf,no,no,no,no,no
occurrence-338,moving_around_gridania.pcapng,0,main,4,4617,no,0x00cf,no,no,no,no,no
occurrence-338,moving_around_gridania.pcapng,0,main,5,4618,no,0x00cf,no,no,no,no,no
occurrence-339,moving_around_gridania.pcapng,0,main,-5,4651,no,0x0137,no,no,no,no,no
occurrence-339,moving_around_gridania.pcapng,0,main,-4,4652,no,0x0136,no,no,no,no,no
occurrence-339,moving_around_gridania.pcapng,0,main,-3,4653,no,0x0001,no,no,no,no,no
occurrence-339,moving_around_gridania.pcapng,0,main,-2,4654,no,0x018b,no,no,yes,yes,no
occurrence-339,moving_around_gridania.pcapng,0,main,-1,4655,no,0x0001,no,no,no,no,no
occurrence-339,moving_around_gridania.pcapng,0,main,1,4657,no,0x00cf,no,no,no,no,no
occurrence-339,moving_around_gridania.pcapng,0,main,2,4658,no,0x00cf,no,no,no,no,no
occurrence-339,moving_around_gridania.pcapng,0,main,3,4659,no,0x00cf,no,no,no,no,no
occurrence-339,moving_around_gridania.pcapng,0,main,4,4660,no,0x00cf,no,no,no,no,no
occurrence-339,moving_around_gridania.pcapng,0,main,5,4661,no,0x00cf,no,no,no,no,no
occurrence-340,moving_around_gridania.pcapng,0,main,-5,4695,no,0x00cf,no,no,no,no,no
occurrence-340,moving_around_gridania.pcapng,0,main,-4,4696,no,0x0001,no,no,no,no,no
occurrence-340,moving_around_gridania.pcapng,0,main,-3,4697,no,0x018b,no,no,yes,yes,no
occurrence-340,moving_around_gridania.pcapng,0,main,-2,4698,no,0x00cb,no,yes,no,no,no
occurrence-340,moving_around_gridania.pcapng,0,main,-1,4699,no,0x00cb,no,yes,no,no,no
occurrence-340,moving_around_gridania.pcapng,0,main,1,4701,no,0x0001,no,no,no,no,no
occurrence-340,moving_around_gridania.pcapng,0,main,2,4702,no,0x00cb,no,yes,no,no,no
occurrence-340,moving_around_gridania.pcapng,0,main,3,4703,no,0x00cf,no,no,no,no,no
occurrence-340,moving_around_gridania.pcapng,0,main,4,4704,no,0x00cf,no,no,no,no,no
occurrence-340,moving_around_gridania.pcapng,0,main,5,4705,no,0x00cf,no,no,no,no,no
occurrence-341,moving_around_gridania.pcapng,0,main,-5,4739,no,0x00cf,no,no,no,no,no
occurrence-341,moving_around_gridania.pcapng,0,main,-4,4740,no,0x00cf,no,no,no,no,no
occurrence-341,moving_around_gridania.pcapng,0,main,-3,4741,no,0x00cf,no,no,no,no,no
occurrence-341,moving_around_gridania.pcapng,0,main,-2,4742,no,0x0001,no,no,no,no,no
occurrence-341,moving_around_gridania.pcapng,0,main,-1,4743,no,0x0001,no,no,no,no,no
occurrence-341,moving_around_gridania.pcapng,0,main,1,4745,no,0x00cf,no,no,no,no,no
occurrence-341,moving_around_gridania.pcapng,0,main,2,4746,no,0x00cf,no,no,no,no,no
occurrence-341,moving_around_gridania.pcapng,0,main,3,4747,no,0x00cf,no,no,no,no,no
occurrence-341,moving_around_gridania.pcapng,0,main,4,4748,no,0x00cf,no,no,no,no,no
occurrence-341,moving_around_gridania.pcapng,0,main,5,4749,no,0x00cf,no,no,no,no,no
occurrence-342,moving_around_gridania.pcapng,0,main,-5,4771,no,0x00cf,no,no,no,no,no
occurrence-342,moving_around_gridania.pcapng,0,main,-4,4772,no,0x00cf,no,no,no,no,no
occurrence-342,moving_around_gridania.pcapng,0,main,-3,4773,no,0x00cf,no,no,no,no,no
occurrence-342,moving_around_gridania.pcapng,0,main,-2,4774,no,0x0001,no,no,no,no,no
occurrence-342,moving_around_gridania.pcapng,0,main,-1,4775,no,0x00cb,no,yes,no,no,no
occurrence-342,moving_around_gridania.pcapng,0,main,1,4777,no,0x0001,no,no,no,no,no
occurrence-342,moving_around_gridania.pcapng,0,main,2,4778,no,0x00cb,no,yes,no,no,no
occurrence-342,moving_around_gridania.pcapng,0,main,3,4779,no,0x00cf,no,no,no,no,no
occurrence-342,moving_around_gridania.pcapng,0,main,4,4780,no,0x00cf,no,no,no,no,no
occurrence-342,moving_around_gridania.pcapng,0,main,5,4781,no,0x00cf,no,no,no,no,no
occurrence-343,moving_around_gridania.pcapng,0,main,-5,4785,no,0x0001,no,no,no,no,no
occurrence-343,moving_around_gridania.pcapng,0,main,-4,4786,no,0x00cb,no,yes,no,no,no
occurrence-343,moving_around_gridania.pcapng,0,main,-3,4787,no,0x0001,no,no,no,no,no
occurrence-343,moving_around_gridania.pcapng,0,main,-2,4788,no,0x00cf,no,no,no,no,no
occurrence-343,moving_around_gridania.pcapng,0,main,-1,4789,no,0x0001,no,no,no,no,no
occurrence-343,moving_around_gridania.pcapng,0,main,1,4791,no,0x0001,no,no,no,no,no
occurrence-343,moving_around_gridania.pcapng,0,main,2,4792,no,0x00cf,no,no,no,no,no
occurrence-343,moving_around_gridania.pcapng,0,main,3,4793,no,0x00cb,no,yes,no,no,no
occurrence-343,moving_around_gridania.pcapng,0,main,4,4794,no,0x00ca,no,yes,no,no,no
occurrence-343,moving_around_gridania.pcapng,0,main,5,4795,no,0x016b,no,no,no,no,no
occurrence-344,moving_around_gridania.pcapng,0,main,-5,4928,no,0x00cf,no,no,no,no,no
occurrence-344,moving_around_gridania.pcapng,0,main,-4,4929,no,0x00cf,no,no,no,no,no
occurrence-344,moving_around_gridania.pcapng,0,main,-3,4930,no,0x00cf,no,no,no,no,no
occurrence-344,moving_around_gridania.pcapng,0,main,-2,4931,no,0x00cf,no,no,no,no,no
occurrence-344,moving_around_gridania.pcapng,0,main,-1,4932,no,0x00cf,no,no,no,no,no
occurrence-344,moving_around_gridania.pcapng,0,main,1,4934,no,0x0001,no,no,no,no,no
occurrence-344,moving_around_gridania.pcapng,0,main,2,4935,no,0x0001,no,no,no,no,no
occurrence-344,moving_around_gridania.pcapng,0,main,3,4936,no,0x00cf,no,no,no,no,no
occurrence-344,moving_around_gridania.pcapng,0,main,4,4937,no,0x00cf,no,no,no,no,no
occurrence-344,moving_around_gridania.pcapng,0,main,5,4938,no,0x00cf,no,no,no,no,no
occurrence-345,moving_around_gridania.pcapng,0,main,-5,4951,no,0x00cf,no,no,no,no,no
occurrence-345,moving_around_gridania.pcapng,0,main,-4,4952,no,0x00cf,no,no,no,no,no
occurrence-345,moving_around_gridania.pcapng,0,main,-3,4953,no,0x00cf,no,no,no,no,no
occurrence-345,moving_around_gridania.pcapng,0,main,-2,4954,no,0x00cf,no,no,no,no,no
occurrence-345,moving_around_gridania.pcapng,0,main,-1,4955,no,0x0001,no,no,no,no,no
occurrence-345,moving_around_gridania.pcapng,0,main,1,4957,no,0x0001,no,no,no,no,no
occurrence-345,moving_around_gridania.pcapng,0,main,2,4958,no,0x00cb,no,yes,no,no,no
occurrence-345,moving_around_gridania.pcapng,0,main,3,4959,no,0x00cf,no,no,no,no,no
occurrence-345,moving_around_gridania.pcapng,0,main,4,4960,no,0x00cf,no,no,no,no,no
occurrence-345,moving_around_gridania.pcapng,0,main,5,4961,no,0x00cf,no,no,no,no,no
occurrence-346,moving_around_gridania.pcapng,0,main,-5,4995,no,0x0001,no,no,no,no,no
occurrence-346,moving_around_gridania.pcapng,0,main,-4,4996,no,0x018b,no,no,yes,yes,no
occurrence-346,moving_around_gridania.pcapng,0,main,-3,4997,no,0x00cf,no,no,no,no,no
occurrence-346,moving_around_gridania.pcapng,0,main,-2,4998,no,0x00cf,no,no,no,no,no
occurrence-346,moving_around_gridania.pcapng,0,main,-1,4999,no,0x00cf,no,no,no,no,no
occurrence-346,moving_around_gridania.pcapng,0,main,1,5001,no,0x0001,no,no,no,no,no
occurrence-346,moving_around_gridania.pcapng,0,main,2,5002,no,0x0001,no,no,no,no,no
occurrence-346,moving_around_gridania.pcapng,0,main,3,5003,no,0x00ca,no,yes,no,no,no
occurrence-346,moving_around_gridania.pcapng,0,main,4,5004,no,0x016b,no,no,no,no,no
occurrence-346,moving_around_gridania.pcapng,0,main,5,5005,no,0x00d0,no,no,no,no,no
occurrence-347,moving_around_gridania.pcapng,0,main,-5,5145,no,0x0137,no,no,no,no,no
occurrence-347,moving_around_gridania.pcapng,0,main,-4,5146,no,0x0136,no,no,no,no,no
occurrence-347,moving_around_gridania.pcapng,0,main,-3,5147,no,0x0136,no,no,no,no,no
occurrence-347,moving_around_gridania.pcapng,0,main,-2,5148,no,0x0136,no,no,no,no,no
occurrence-347,moving_around_gridania.pcapng,0,main,-1,5149,no,0x0001,no,no,no,no,no
occurrence-347,moving_around_gridania.pcapng,0,main,1,5151,no,0x0001,no,no,no,no,no
occurrence-347,moving_around_gridania.pcapng,0,main,2,5152,no,0x00ca,no,yes,no,no,no
occurrence-347,moving_around_gridania.pcapng,0,main,3,5153,no,0x012e,no,no,no,no,no
occurrence-347,moving_around_gridania.pcapng,0,main,4,5154,no,0x016b,no,no,no,no,no
occurrence-347,moving_around_gridania.pcapng,0,main,5,5155,no,0x00d0,no,no,no,no,no
occurrence-348,moving_around_gridania.pcapng,0,main,-5,5254,no,0x017b,no,no,no,no,no
occurrence-348,moving_around_gridania.pcapng,0,main,-4,5255,no,0x00cc,no,yes,no,no,no
occurrence-348,moving_around_gridania.pcapng,0,main,-3,5256,no,0x0137,no,no,no,no,no
occurrence-348,moving_around_gridania.pcapng,0,main,-2,5257,no,0x00e3,no,no,no,no,no
occurrence-348,moving_around_gridania.pcapng,0,main,-1,5258,no,0x0136,no,no,no,no,no
occurrence-348,moving_around_gridania.pcapng,0,main,1,5260,no,0x00cf,no,no,no,no,no
occurrence-348,moving_around_gridania.pcapng,0,main,2,5261,no,0x00cf,no,no,no,no,no
occurrence-348,moving_around_gridania.pcapng,0,main,3,5262,no,0x00cf,no,no,no,no,no
occurrence-348,moving_around_gridania.pcapng,0,main,4,5263,no,0x00cf,no,no,no,no,no
occurrence-348,moving_around_gridania.pcapng,0,main,5,5264,no,0x00cf,no,no,no,no,no
occurrence-349,moving_around_gridania.pcapng,0,main,-5,5291,no,0x00cf,no,no,no,no,no
occurrence-349,moving_around_gridania.pcapng,0,main,-4,5292,no,0x00cf,no,no,no,no,no
occurrence-349,moving_around_gridania.pcapng,0,main,-3,5293,no,0x00cf,no,no,no,no,no
occurrence-349,moving_around_gridania.pcapng,0,main,-2,5294,no,0x00cf,no,no,no,no,no
occurrence-349,moving_around_gridania.pcapng,0,main,-1,5295,no,0x0001,no,no,no,no,no
occurrence-349,moving_around_gridania.pcapng,0,main,1,5297,no,0x0001,no,no,no,no,no
occurrence-349,moving_around_gridania.pcapng,0,main,2,5298,no,0x0001,no,no,no,no,no
occurrence-349,moving_around_gridania.pcapng,0,main,3,5299,no,0x00cf,no,no,no,no,no
occurrence-349,moving_around_gridania.pcapng,0,main,4,5300,no,0x00cf,no,no,no,no,no
occurrence-349,moving_around_gridania.pcapng,0,main,5,5301,no,0x00cf,no,no,no,no,no
occurrence-350,moving_around_gridania.pcapng,0,main,-5,5318,no,0x00cf,no,no,no,no,no
occurrence-350,moving_around_gridania.pcapng,0,main,-4,5319,no,0x00cf,no,no,no,no,no
occurrence-350,moving_around_gridania.pcapng,0,main,-3,5320,no,0x00cf,no,no,no,no,no
occurrence-350,moving_around_gridania.pcapng,0,main,-2,5321,no,0x0001,no,no,no,no,no
occurrence-350,moving_around_gridania.pcapng,0,main,-1,5322,no,0x0001,no,no,no,no,no
occurrence-350,moving_around_gridania.pcapng,0,main,1,5324,no,0x0001,no,no,no,no,no
occurrence-350,moving_around_gridania.pcapng,0,main,2,5325,no,0x018b,no,no,yes,yes,no
occurrence-350,moving_around_gridania.pcapng,0,main,3,5326,no,0x00cf,no,no,no,no,no
occurrence-350,moving_around_gridania.pcapng,0,main,4,5327,no,0x00cf,no,no,no,no,no
occurrence-350,moving_around_gridania.pcapng,0,main,5,5328,no,0x00cf,no,no,no,no,no
occurrence-351,moving_around_gridania.pcapng,0,main,-5,5373,no,0x00cf,no,no,no,no,no
occurrence-351,moving_around_gridania.pcapng,0,main,-4,5374,no,0x00cf,no,no,no,no,no
occurrence-351,moving_around_gridania.pcapng,0,main,-3,5375,no,0x00cf,no,no,no,no,no
occurrence-351,moving_around_gridania.pcapng,0,main,-2,5376,no,0x00cf,no,no,no,no,no
occurrence-351,moving_around_gridania.pcapng,0,main,-1,5377,no,0x00cf,no,no,no,no,no
occurrence-351,moving_around_gridania.pcapng,0,main,1,5379,no,0x0001,no,no,no,no,no
occurrence-351,moving_around_gridania.pcapng,0,main,2,5380,no,0x00ca,no,yes,no,no,no
occurrence-351,moving_around_gridania.pcapng,0,main,3,5381,no,0x012e,no,no,no,no,no
occurrence-351,moving_around_gridania.pcapng,0,main,4,5382,no,0x016b,no,no,no,no,no
occurrence-351,moving_around_gridania.pcapng,0,main,5,5383,no,0x00d0,no,no,no,no,no
occurrence-352,moving_around_gridania.pcapng,0,main,-5,5417,no,0x00cf,no,no,no,no,no
occurrence-352,moving_around_gridania.pcapng,0,main,-4,5418,no,0x00cf,no,no,no,no,no
occurrence-352,moving_around_gridania.pcapng,0,main,-3,5419,no,0x00cf,no,no,no,no,no
occurrence-352,moving_around_gridania.pcapng,0,main,-2,5420,no,0x00cf,no,no,no,no,no
occurrence-352,moving_around_gridania.pcapng,0,main,-1,5421,no,0x0001,no,no,no,no,no
occurrence-352,moving_around_gridania.pcapng,0,main,1,5423,no,0x0001,no,no,no,no,no
occurrence-352,moving_around_gridania.pcapng,0,main,2,5424,no,0x00cf,no,no,no,no,no
occurrence-352,moving_around_gridania.pcapng,0,main,3,5425,no,0x00cf,no,no,no,no,no
occurrence-352,moving_around_gridania.pcapng,0,main,4,5426,no,0x00cf,no,no,no,no,no
occurrence-352,moving_around_gridania.pcapng,0,main,5,5427,no,0x00cf,no,no,no,no,no
occurrence-353,moving_around_gridania.pcapng,0,main,-5,5454,no,0x00cf,no,no,no,no,no
occurrence-353,moving_around_gridania.pcapng,0,main,-4,5455,no,0x00cf,no,no,no,no,no
occurrence-353,moving_around_gridania.pcapng,0,main,-3,5456,no,0x00cf,no,no,no,no,no
occurrence-353,moving_around_gridania.pcapng,0,main,-2,5457,no,0x00cf,no,no,no,no,no
occurrence-353,moving_around_gridania.pcapng,0,main,-1,5458,no,0x00cf,no,no,no,no,no
occurrence-353,moving_around_gridania.pcapng,0,main,1,5460,no,0x0001,no,no,no,no,no
occurrence-353,moving_around_gridania.pcapng,0,main,2,5461,no,0x0001,no,no,no,no,no
occurrence-353,moving_around_gridania.pcapng,0,main,3,5462,no,0x018b,no,no,yes,yes,no
occurrence-353,moving_around_gridania.pcapng,0,main,4,5463,no,0x00cf,no,no,no,no,no
occurrence-353,moving_around_gridania.pcapng,0,main,5,5464,no,0x00cf,no,no,no,no,no
occurrence-354,moving_around_gridania.pcapng,0,main,-5,5483,no,0x00cf,no,no,no,no,no
occurrence-354,moving_around_gridania.pcapng,0,main,-4,5484,no,0x00cf,no,no,no,no,no
occurrence-354,moving_around_gridania.pcapng,0,main,-3,5485,no,0x00cb,no,yes,no,no,no
occurrence-354,moving_around_gridania.pcapng,0,main,-2,5486,no,0x0001,no,no,no,no,no
occurrence-354,moving_around_gridania.pcapng,0,main,-1,5487,no,0x00cb,no,yes,no,no,no
occurrence-354,moving_around_gridania.pcapng,0,main,1,5489,no,0x0001,no,no,no,no,no
occurrence-354,moving_around_gridania.pcapng,0,main,2,5490,no,0x00cf,no,no,no,no,no
occurrence-354,moving_around_gridania.pcapng,0,main,3,5491,no,0x00cf,no,no,no,no,no
occurrence-354,moving_around_gridania.pcapng,0,main,4,5492,no,0x00cf,no,no,no,no,no
occurrence-354,moving_around_gridania.pcapng,0,main,5,5493,no,0x00cf,no,no,no,no,no
occurrence-355,moving_around_gridania.pcapng,0,main,-5,5524,no,0x00cf,no,no,no,no,no
occurrence-355,moving_around_gridania.pcapng,0,main,-4,5525,no,0x00cf,no,no,no,no,no
occurrence-355,moving_around_gridania.pcapng,0,main,-3,5526,no,0x00cf,no,no,no,no,no
occurrence-355,moving_around_gridania.pcapng,0,main,-2,5527,no,0x00cf,no,no,no,no,no
occurrence-355,moving_around_gridania.pcapng,0,main,-1,5528,no,0x00cf,no,no,no,no,no
occurrence-355,moving_around_gridania.pcapng,0,main,1,5530,no,0x0001,no,no,no,no,no
occurrence-355,moving_around_gridania.pcapng,0,main,2,5531,no,0x00cb,no,yes,no,no,no
occurrence-355,moving_around_gridania.pcapng,0,main,3,5532,no,0x018b,no,no,yes,yes,no
occurrence-355,moving_around_gridania.pcapng,0,main,4,5533,no,0x0001,no,no,no,no,no
occurrence-355,moving_around_gridania.pcapng,0,main,5,5534,no,0x00cb,no,yes,no,no,no
occurrence-356,moving_around_gridania.pcapng,0,main,-5,5577,no,0x0145,no,no,no,no,no
occurrence-356,moving_around_gridania.pcapng,0,main,-4,5578,no,0x017b,no,no,no,no,no
occurrence-356,moving_around_gridania.pcapng,0,main,-3,5579,no,0x00cc,no,yes,no,no,no
occurrence-356,moving_around_gridania.pcapng,0,main,-2,5580,no,0x0137,no,no,no,no,no
occurrence-356,moving_around_gridania.pcapng,0,main,-1,5581,no,0x0136,no,no,no,no,no
occurrence-356,moving_around_gridania.pcapng,0,main,1,5583,no,0x0001,no,no,no,no,no
occurrence-356,moving_around_gridania.pcapng,0,main,2,5584,no,0x0001,no,no,no,no,no
occurrence-356,moving_around_gridania.pcapng,0,main,3,5585,no,0x018b,no,no,yes,yes,no
occurrence-356,moving_around_gridania.pcapng,0,main,4,5586,no,0x00ca,no,yes,no,no,no
occurrence-356,moving_around_gridania.pcapng,0,main,5,5587,no,0x012e,no,no,no,no,no
occurrence-357,moving_around_gridania.pcapng,0,main,-5,5655,no,0x00cf,no,no,no,no,no
occurrence-357,moving_around_gridania.pcapng,0,main,-4,5656,no,0x00cf,no,no,no,no,no
occurrence-357,moving_around_gridania.pcapng,0,main,-3,5657,no,0x00cf,no,no,no,no,no
occurrence-357,moving_around_gridania.pcapng,0,main,-2,5658,no,0x00cf,no,no,no,no,no
occurrence-357,moving_around_gridania.pcapng,0,main,-1,5659,no,0x00cf,no,no,no,no,no
occurrence-357,moving_around_gridania.pcapng,0,main,1,5661,no,0x0001,no,no,no,no,no
occurrence-357,moving_around_gridania.pcapng,0,main,2,5662,no,0x00ca,no,yes,no,no,no
occurrence-357,moving_around_gridania.pcapng,0,main,3,5663,no,0x016b,no,no,no,no,no
occurrence-357,moving_around_gridania.pcapng,0,main,4,5664,no,0x016f,no,no,no,no,no
occurrence-357,moving_around_gridania.pcapng,0,main,5,5665,no,0x00d0,no,no,no,no,no
occurrence-358,moving_around_gridania.pcapng,0,main,-5,5695,no,0x00cf,no,no,no,no,no
occurrence-358,moving_around_gridania.pcapng,0,main,-4,5696,no,0x0001,no,no,no,no,no
occurrence-358,moving_around_gridania.pcapng,0,main,-3,5697,no,0x00cb,no,yes,no,no,no
occurrence-358,moving_around_gridania.pcapng,0,main,-2,5698,no,0x00cb,no,yes,no,no,no
occurrence-358,moving_around_gridania.pcapng,0,main,-1,5699,no,0x0001,no,no,no,no,no
occurrence-358,moving_around_gridania.pcapng,0,main,1,5701,no,0x00cb,no,yes,no,no,no
occurrence-358,moving_around_gridania.pcapng,0,main,2,5702,no,0x00cb,no,yes,no,no,no
occurrence-358,moving_around_gridania.pcapng,0,main,3,5703,no,0x00cb,no,yes,no,no,no
occurrence-358,moving_around_gridania.pcapng,0,main,4,5704,no,0x00cb,no,yes,no,no,no
occurrence-358,moving_around_gridania.pcapng,0,main,5,5705,no,0x018b,no,no,yes,yes,no
occurrence-359,moving_around_gridania.pcapng,0,main,-5,5727,no,0x00cc,no,yes,no,no,no
occurrence-359,moving_around_gridania.pcapng,0,main,-4,5728,no,0x0137,no,no,no,no,no
occurrence-359,moving_around_gridania.pcapng,0,main,-3,5729,no,0x0136,no,no,no,no,no
occurrence-359,moving_around_gridania.pcapng,0,main,-2,5730,no,0x0001,no,no,no,no,no
occurrence-359,moving_around_gridania.pcapng,0,main,-1,5731,yes,0x00cf,no,no,no,no,no
occurrence-359,moving_around_gridania.pcapng,0,main,1,5733,no,0x00cb,no,yes,no,no,no
occurrence-359,moving_around_gridania.pcapng,0,main,2,5734,no,0x0001,no,no,no,no,no
occurrence-359,moving_around_gridania.pcapng,0,main,3,5735,no,0x00ca,no,yes,no,no,no
occurrence-359,moving_around_gridania.pcapng,0,main,4,5736,no,0x016b,no,no,no,no,no
occurrence-359,moving_around_gridania.pcapng,0,main,5,5737,no,0x016f,no,no,no,no,no
occurrence-360,moving_around_gridania.pcapng,0,main,-5,5934,no,0x0136,no,no,no,no,no
occurrence-360,moving_around_gridania.pcapng,0,main,-4,5935,no,0x0136,no,no,no,no,no
occurrence-360,moving_around_gridania.pcapng,0,main,-3,5936,no,0x0136,no,no,no,no,no
occurrence-360,moving_around_gridania.pcapng,0,main,-2,5937,no,0x0136,no,no,no,no,no
occurrence-360,moving_around_gridania.pcapng,0,main,-1,5938,no,0x0001,no,no,no,no,no
occurrence-360,moving_around_gridania.pcapng,0,main,1,5940,no,0x0001,no,no,no,no,no
occurrence-360,moving_around_gridania.pcapng,0,main,2,5941,no,0x00cf,no,no,no,no,no
occurrence-360,moving_around_gridania.pcapng,0,main,3,5942,no,0x00cf,no,no,no,no,no
occurrence-360,moving_around_gridania.pcapng,0,main,4,5943,no,0x00cf,no,no,no,no,no
occurrence-360,moving_around_gridania.pcapng,0,main,5,5944,no,0x00cf,no,no,no,no,no
occurrence-361,moving_around_gridania.pcapng,0,main,-5,6087,no,0x00cc,no,yes,no,no,no
occurrence-361,moving_around_gridania.pcapng,0,main,-4,6088,no,0x0137,no,no,no,no,no
occurrence-361,moving_around_gridania.pcapng,0,main,-3,6089,no,0x0136,no,no,no,no,no
occurrence-361,moving_around_gridania.pcapng,0,main,-2,6090,no,0x0136,no,no,no,no,no
occurrence-361,moving_around_gridania.pcapng,0,main,-1,6091,no,0x0136,no,no,no,no,no
occurrence-361,moving_around_gridania.pcapng,0,main,1,6093,no,0x00cf,no,no,no,no,no
occurrence-361,moving_around_gridania.pcapng,0,main,2,6094,no,0x00cf,no,no,no,no,no
occurrence-361,moving_around_gridania.pcapng,0,main,3,6095,no,0x00cf,no,no,no,no,no
occurrence-361,moving_around_gridania.pcapng,0,main,4,6096,no,0x00cf,no,no,no,no,no
occurrence-361,moving_around_gridania.pcapng,0,main,5,6097,no,0x00cf,no,no,no,no,no
occurrence-362,moving_around_gridania.pcapng,0,main,-5,6160,no,0x00cf,no,no,no,no,no
occurrence-362,moving_around_gridania.pcapng,0,main,-4,6161,no,0x00cf,no,no,no,no,no
occurrence-362,moving_around_gridania.pcapng,0,main,-3,6162,no,0x00cf,no,no,no,no,no
occurrence-362,moving_around_gridania.pcapng,0,main,-2,6163,no,0x00cf,no,no,no,no,no
occurrence-362,moving_around_gridania.pcapng,0,main,-1,6164,no,0x0001,no,no,no,no,no
occurrence-362,moving_around_gridania.pcapng,0,main,1,6166,no,0x018b,no,no,yes,yes,no
occurrence-362,moving_around_gridania.pcapng,0,main,2,6167,no,0x0001,no,no,no,no,no
occurrence-362,moving_around_gridania.pcapng,0,main,3,6168,no,0x00cb,no,yes,no,no,no
occurrence-362,moving_around_gridania.pcapng,0,main,4,6169,no,0x00cb,no,yes,no,no,no
occurrence-362,moving_around_gridania.pcapng,0,main,5,6170,no,0x00cb,no,yes,no,no,no
occurrence-363,moving_around_gridania.pcapng,0,main,-5,6195,no,0x00cf,no,no,no,no,no
occurrence-363,moving_around_gridania.pcapng,0,main,-4,6196,no,0x00cf,no,no,no,no,no
occurrence-363,moving_around_gridania.pcapng,0,main,-3,6197,no,0x00cf,no,no,no,no,no
occurrence-363,moving_around_gridania.pcapng,0,main,-2,6198,no,0x00cf,no,no,no,no,no
occurrence-363,moving_around_gridania.pcapng,0,main,-1,6199,no,0x0001,no,no,no,no,no
occurrence-363,moving_around_gridania.pcapng,0,main,1,6201,no,0x018b,no,no,yes,yes,no
occurrence-363,moving_around_gridania.pcapng,0,main,2,6202,no,0x00cf,no,no,no,no,no
occurrence-363,moving_around_gridania.pcapng,0,main,3,6203,no,0x00cf,no,no,no,no,no
occurrence-363,moving_around_gridania.pcapng,0,main,4,6204,no,0x00cf,no,no,no,no,no
occurrence-363,moving_around_gridania.pcapng,0,main,5,6205,no,0x00cf,no,no,no,no,no
occurrence-364,moving_around_gridania.pcapng,0,main,-5,7025,yes,0x00cf,no,no,no,no,no
occurrence-364,moving_around_gridania.pcapng,0,main,-4,7026,yes,0x00cf,no,no,no,no,no
occurrence-364,moving_around_gridania.pcapng,0,main,-3,7027,yes,0x0001,no,no,no,no,no
occurrence-364,moving_around_gridania.pcapng,0,main,-2,7028,yes,0x00cb,no,yes,no,no,no
occurrence-364,moving_around_gridania.pcapng,0,main,-1,7029,yes,0x00cb,no,yes,no,no,no
occurrence-364,moving_around_gridania.pcapng,0,main,1,7031,no,0x0001,no,no,no,no,no
occurrence-364,moving_around_gridania.pcapng,0,main,2,7032,no,0x018b,no,no,yes,yes,no
occurrence-364,moving_around_gridania.pcapng,0,main,3,7033,no,0x00cb,no,yes,no,no,no
occurrence-364,moving_around_gridania.pcapng,0,main,4,7034,no,0x00ca,no,yes,no,no,no
occurrence-364,moving_around_gridania.pcapng,0,main,5,7035,no,0x016b,no,no,no,no,no
occurrence-365,moving_around_gridania.pcapng,0,main,-5,7106,no,0x017b,no,no,no,no,no
occurrence-365,moving_around_gridania.pcapng,0,main,-4,7107,no,0x00cc,no,yes,no,no,no
occurrence-365,moving_around_gridania.pcapng,0,main,-3,7108,no,0x0137,no,no,no,no,no
occurrence-365,moving_around_gridania.pcapng,0,main,-2,7109,no,0x0136,no,no,no,no,no
occurrence-365,moving_around_gridania.pcapng,0,main,-1,7110,no,0x0001,no,no,no,no,no
occurrence-365,moving_around_gridania.pcapng,0,main,1,7112,no,0x00cf,no,no,no,no,no
occurrence-365,moving_around_gridania.pcapng,0,main,2,7113,no,0x00cf,no,no,no,no,no
occurrence-365,moving_around_gridania.pcapng,0,main,3,7114,no,0x00cf,no,no,no,no,no
occurrence-365,moving_around_gridania.pcapng,0,main,4,7115,no,0x00cf,no,no,no,no,no
occurrence-365,moving_around_gridania.pcapng,0,main,5,7116,no,0x00cf,no,no,no,no,no
occurrence-366,moving_around_gridania.pcapng,0,main,-5,7161,no,0x0145,no,no,no,no,no
occurrence-366,moving_around_gridania.pcapng,0,main,-4,7162,no,0x017b,no,no,no,no,no
occurrence-366,moving_around_gridania.pcapng,0,main,-3,7163,no,0x00cc,no,yes,no,no,no
occurrence-366,moving_around_gridania.pcapng,0,main,-2,7164,no,0x0137,no,no,no,no,no
occurrence-366,moving_around_gridania.pcapng,0,main,-1,7165,no,0x0136,no,no,no,no,no
occurrence-366,moving_around_gridania.pcapng,0,main,1,7167,no,0x0001,no,no,no,no,no
occurrence-366,moving_around_gridania.pcapng,0,main,2,7168,no,0x0001,no,no,no,no,no
occurrence-366,moving_around_gridania.pcapng,0,main,3,7169,no,0x00cf,no,no,no,no,no
occurrence-366,moving_around_gridania.pcapng,0,main,4,7170,no,0x00cf,no,no,no,no,no
occurrence-366,moving_around_gridania.pcapng,0,main,5,7171,no,0x00cf,no,no,no,no,no
occurrence-367,party_battle_leve.pcapng,0,main,-5,14,no,0x0001,no,no,no,no,no
occurrence-367,party_battle_leve.pcapng,0,main,-4,15,no,0x00d2,no,no,no,no,no
occurrence-367,party_battle_leve.pcapng,0,main,-3,16,no,0x0130,no,no,no,no,no
occurrence-367,party_battle_leve.pcapng,0,main,-2,17,no,0x00cf,no,no,no,no,no
occurrence-367,party_battle_leve.pcapng,0,main,-1,18,no,0x00cb,no,yes,no,no,no
occurrence-367,party_battle_leve.pcapng,0,main,1,20,no,0x0001,no,no,no,no,no
occurrence-367,party_battle_leve.pcapng,0,main,2,21,no,0x00cf,no,no,no,no,no
occurrence-367,party_battle_leve.pcapng,0,main,3,22,no,0x00cf,no,no,no,no,no
occurrence-367,party_battle_leve.pcapng,0,main,4,23,no,0x00cf,no,no,no,no,no
occurrence-367,party_battle_leve.pcapng,0,main,5,24,no,0x00cf,no,no,no,no,no
occurrence-368,party_battle_leve.pcapng,0,main,-5,59,no,0x00cf,no,no,no,no,no
occurrence-368,party_battle_leve.pcapng,0,main,-4,60,no,0x00cf,no,no,no,no,no
occurrence-368,party_battle_leve.pcapng,0,main,-3,61,no,0x00cf,no,no,no,no,no
occurrence-368,party_battle_leve.pcapng,0,main,-2,62,no,0x00cf,no,no,no,no,no
occurrence-368,party_battle_leve.pcapng,0,main,-1,63,no,0x00cf,no,no,no,no,no
occurrence-368,party_battle_leve.pcapng,0,main,1,65,no,0x0130,no,no,no,no,no
occurrence-368,party_battle_leve.pcapng,0,main,2,66,no,0x0001,no,no,no,no,no
occurrence-368,party_battle_leve.pcapng,0,main,3,67,no,0x0001,no,no,no,no,no
occurrence-368,party_battle_leve.pcapng,0,main,4,68,no,0x00cf,no,no,no,no,no
occurrence-368,party_battle_leve.pcapng,0,main,5,69,no,0x00cf,no,no,no,no,no
occurrence-369,party_battle_leve.pcapng,0,main,-5,96,no,0x00d3,no,no,no,no,no
occurrence-369,party_battle_leve.pcapng,0,main,-4,97,no,0x0144,no,no,no,no,no
occurrence-369,party_battle_leve.pcapng,0,main,-3,98,no,0x0139,no,no,no,no,no
occurrence-369,party_battle_leve.pcapng,0,main,-2,99,no,0x0130,no,no,no,no,no
occurrence-369,party_battle_leve.pcapng,0,main,-1,100,no,0x0137,no,no,no,no,no
occurrence-369,party_battle_leve.pcapng,0,main,1,102,no,0x0001,no,no,no,no,no
occurrence-369,party_battle_leve.pcapng,0,main,2,103,no,0x00cf,no,no,no,no,no
occurrence-369,party_battle_leve.pcapng,0,main,3,104,no,0x00cf,no,no,no,no,no
occurrence-369,party_battle_leve.pcapng,0,main,4,105,no,0x00cf,no,no,no,no,no
occurrence-369,party_battle_leve.pcapng,0,main,5,106,no,0x00cf,no,no,no,no,no
occurrence-370,party_battle_leve.pcapng,0,main,-5,179,no,0x00cf,no,no,no,no,no
occurrence-370,party_battle_leve.pcapng,0,main,-4,180,no,0x00cf,no,no,no,no,no
occurrence-370,party_battle_leve.pcapng,0,main,-3,181,no,0x00cf,no,no,no,no,no
occurrence-370,party_battle_leve.pcapng,0,main,-2,182,no,0x00cf,no,no,no,no,no
occurrence-370,party_battle_leve.pcapng,0,main,-1,183,no,0x0001,no,no,no,no,no
occurrence-370,party_battle_leve.pcapng,0,main,1,185,no,0x0187,no,no,yes,no,no
occurrence-370,party_battle_leve.pcapng,0,main,2,186,no,0x0177,no,no,no,no,no
occurrence-370,party_battle_leve.pcapng,0,main,3,187,no,0x0137,no,no,no,no,no
occurrence-370,party_battle_leve.pcapng,0,main,4,188,no,0x00d0,no,no,no,no,no
occurrence-370,party_battle_leve.pcapng,0,main,5,189,no,0x00d0,no,no,no,no,no
occurrence-371,party_battle_leve.pcapng,0,main,-5,264,no,0x0001,no,no,no,no,no
occurrence-371,party_battle_leve.pcapng,0,main,-4,265,yes,0x017c,no,no,yes,no,no
occurrence-371,party_battle_leve.pcapng,0,main,-3,266,yes,0x017d,no,no,yes,no,no
occurrence-371,party_battle_leve.pcapng,0,main,-2,267,yes,0x0183,no,no,yes,no,no
occurrence-371,party_battle_leve.pcapng,0,main,-1,268,yes,0x017e,no,no,yes,no,no
occurrence-371,party_battle_leve.pcapng,0,main,1,270,yes,0x017c,no,no,yes,no,no
occurrence-371,party_battle_leve.pcapng,0,main,2,271,yes,0x017d,no,no,yes,no,no
occurrence-371,party_battle_leve.pcapng,0,main,3,272,yes,0x0183,no,no,yes,no,no
occurrence-371,party_battle_leve.pcapng,0,main,4,273,yes,0x017e,no,no,yes,no,no
occurrence-371,party_battle_leve.pcapng,0,main,5,274,no,0x00cf,no,no,no,no,no
occurrence-372,party_battle_leve.pcapng,0,main,-5,435,yes,0x00cf,no,no,no,no,no
occurrence-372,party_battle_leve.pcapng,0,main,-4,436,yes,0x00cf,no,no,no,no,no
occurrence-372,party_battle_leve.pcapng,0,main,-3,437,yes,0x00cf,no,no,no,no,no
occurrence-372,party_battle_leve.pcapng,0,main,-2,438,yes,0x00cf,no,no,no,no,no
occurrence-372,party_battle_leve.pcapng,0,main,-1,439,yes,0x00cf,no,no,no,no,no
occurrence-372,party_battle_leve.pcapng,0,main,1,441,no,0x0001,no,no,no,no,no
occurrence-372,party_battle_leve.pcapng,0,main,2,442,no,0x00cf,no,no,no,no,no
occurrence-372,party_battle_leve.pcapng,0,main,3,443,no,0x00cf,no,no,no,no,no
occurrence-372,party_battle_leve.pcapng,0,main,4,444,no,0x00cf,no,no,no,no,no
occurrence-372,party_battle_leve.pcapng,0,main,5,445,no,0x00cf,no,no,no,no,no
occurrence-373,party_battle_leve.pcapng,0,main,-5,511,no,0x018b,no,no,yes,yes,no
occurrence-373,party_battle_leve.pcapng,0,main,-4,512,no,0x00cf,no,no,no,no,no
occurrence-373,party_battle_leve.pcapng,0,main,-3,513,no,0x00cf,no,no,no,no,no
occurrence-373,party_battle_leve.pcapng,0,main,-2,514,no,0x00cf,no,no,no,no,no
occurrence-373,party_battle_leve.pcapng,0,main,-1,515,no,0x00cf,no,no,no,no,no
occurrence-373,party_battle_leve.pcapng,0,main,1,517,no,0x0001,no,no,no,no,no
occurrence-373,party_battle_leve.pcapng,0,main,2,518,no,0x00cf,no,no,no,no,no
occurrence-373,party_battle_leve.pcapng,0,main,3,519,no,0x00cf,no,no,no,no,no
occurrence-373,party_battle_leve.pcapng,0,main,4,520,no,0x00cf,no,no,no,no,no
occurrence-373,party_battle_leve.pcapng,0,main,5,521,no,0x00cf,no,no,no,no,no
occurrence-374,party_battle_leve.pcapng,0,main,-5,647,no,0x0136,no,no,no,no,no
occurrence-374,party_battle_leve.pcapng,0,main,-4,648,no,0x0136,no,no,no,no,no
occurrence-374,party_battle_leve.pcapng,0,main,-3,649,no,0x0136,no,no,no,no,no
occurrence-374,party_battle_leve.pcapng,0,main,-2,650,no,0x00cf,no,no,no,no,no
occurrence-374,party_battle_leve.pcapng,0,main,-1,651,no,0x00cf,no,no,no,no,no
occurrence-374,party_battle_leve.pcapng,0,main,1,653,no,0x00cf,no,no,no,no,no
occurrence-374,party_battle_leve.pcapng,0,main,2,654,no,0x00cf,no,no,no,no,no
occurrence-374,party_battle_leve.pcapng,0,main,3,655,no,0x00cf,no,no,no,no,no
occurrence-374,party_battle_leve.pcapng,0,main,4,656,no,0x0001,no,no,no,no,no
occurrence-374,party_battle_leve.pcapng,0,main,5,657,no,0x00cf,no,no,no,no,no
occurrence-375,party_battle_leve.pcapng,0,main,-5,761,no,0x00cf,no,no,no,no,no
occurrence-375,party_battle_leve.pcapng,0,main,-4,762,no,0x00cf,no,no,no,no,no
occurrence-375,party_battle_leve.pcapng,0,main,-3,763,no,0x00cf,no,no,no,no,no
occurrence-375,party_battle_leve.pcapng,0,main,-2,764,no,0x00cf,no,no,no,no,no
occurrence-375,party_battle_leve.pcapng,0,main,-1,765,no,0x0001,no,no,no,no,no
occurrence-375,party_battle_leve.pcapng,0,main,1,767,no,0x00cf,no,no,no,no,no
occurrence-375,party_battle_leve.pcapng,0,main,2,768,no,0x00cf,no,no,no,no,no
occurrence-375,party_battle_leve.pcapng,0,main,3,769,no,0x0137,no,no,no,no,no
occurrence-375,party_battle_leve.pcapng,0,main,4,770,no,0x00cf,no,no,no,no,no
occurrence-375,party_battle_leve.pcapng,0,main,5,771,no,0x00cf,no,no,no,no,no
occurrence-376,party_battle_leve.pcapng,0,main,-5,942,no,0x00cf,no,no,no,no,no
occurrence-376,party_battle_leve.pcapng,0,main,-4,943,no,0x00cf,no,no,no,no,no
occurrence-376,party_battle_leve.pcapng,0,main,-3,944,no,0x0001,no,no,no,no,no
occurrence-376,party_battle_leve.pcapng,0,main,-2,945,no,0x00cf,no,no,no,no,no
occurrence-376,party_battle_leve.pcapng,0,main,-1,946,no,0x00cf,no,no,no,no,no
occurrence-376,party_battle_leve.pcapng,0,main,1,948,no,0x018b,no,no,yes,yes,no
occurrence-376,party_battle_leve.pcapng,0,main,2,949,no,0x00cf,no,no,no,no,no
occurrence-376,party_battle_leve.pcapng,0,main,3,950,no,0x00cf,no,no,no,no,no
occurrence-376,party_battle_leve.pcapng,0,main,4,951,no,0x00cf,no,no,no,no,no
occurrence-376,party_battle_leve.pcapng,0,main,5,952,no,0x00cf,no,no,no,no,no
occurrence-377,party_battle_leve.pcapng,0,main,-5,1013,no,0x00cf,no,no,no,no,no
occurrence-377,party_battle_leve.pcapng,0,main,-4,1014,no,0x00cf,no,no,no,no,no
occurrence-377,party_battle_leve.pcapng,0,main,-3,1015,no,0x00cf,no,no,no,no,no
occurrence-377,party_battle_leve.pcapng,0,main,-2,1016,no,0x00cf,no,no,no,no,no
occurrence-377,party_battle_leve.pcapng,0,main,-1,1017,no,0x0001,no,no,no,no,no
occurrence-377,party_battle_leve.pcapng,0,main,1,1019,no,0x00ca,no,yes,no,no,no
occurrence-377,party_battle_leve.pcapng,0,main,2,1020,no,0x012e,no,no,no,no,no
occurrence-377,party_battle_leve.pcapng,0,main,3,1021,no,0x016b,no,no,no,no,no
occurrence-377,party_battle_leve.pcapng,0,main,4,1022,no,0x016b,no,no,no,no,no
occurrence-377,party_battle_leve.pcapng,0,main,5,1023,no,0x016f,no,no,no,no,no
occurrence-378,party_battle_leve.pcapng,0,main,-5,1101,no,0x00cf,no,no,no,no,no
occurrence-378,party_battle_leve.pcapng,0,main,-4,1102,no,0x00cf,no,no,no,no,no
occurrence-378,party_battle_leve.pcapng,0,main,-3,1103,no,0x0001,no,no,no,no,no
occurrence-378,party_battle_leve.pcapng,0,main,-2,1104,no,0x018b,no,no,yes,yes,no
occurrence-378,party_battle_leve.pcapng,0,main,-1,1105,no,0x0001,no,no,no,no,no
occurrence-378,party_battle_leve.pcapng,0,main,1,1107,no,0x00cf,no,no,no,no,no
occurrence-378,party_battle_leve.pcapng,0,main,2,1108,no,0x00cf,no,no,no,no,no
occurrence-378,party_battle_leve.pcapng,0,main,3,1109,no,0x00cf,no,no,no,no,no
occurrence-378,party_battle_leve.pcapng,0,main,4,1110,no,0x00cf,no,no,no,no,no
occurrence-378,party_battle_leve.pcapng,0,main,5,1111,no,0x00cf,no,no,no,no,no
occurrence-379,party_battle_leve.pcapng,0,main,-5,1187,no,0x00cf,no,no,no,no,no
occurrence-379,party_battle_leve.pcapng,0,main,-4,1188,no,0x0001,no,no,no,no,no
occurrence-379,party_battle_leve.pcapng,0,main,-3,1189,no,0x017a,no,no,yes,no,no
occurrence-379,party_battle_leve.pcapng,0,main,-2,1190,no,0x00cf,no,no,no,no,no
occurrence-379,party_battle_leve.pcapng,0,main,-1,1191,no,0x00cf,no,no,no,no,no
occurrence-379,party_battle_leve.pcapng,0,main,1,1193,no,0x00cf,no,no,no,no,no
occurrence-379,party_battle_leve.pcapng,0,main,2,1194,no,0x00cf,no,no,no,no,no
occurrence-379,party_battle_leve.pcapng,0,main,3,1195,no,0x00ca,no,yes,no,no,no
occurrence-379,party_battle_leve.pcapng,0,main,4,1196,no,0x016b,no,no,no,no,no
occurrence-379,party_battle_leve.pcapng,0,main,5,1197,no,0x00d0,no,no,no,no,no
occurrence-380,party_battle_leve.pcapng,0,main,-5,1322,no,0x00cf,no,no,no,no,no
occurrence-380,party_battle_leve.pcapng,0,main,-4,1323,no,0x00cf,no,no,no,no,no
occurrence-380,party_battle_leve.pcapng,0,main,-3,1324,no,0x0001,no,no,no,no,no
occurrence-380,party_battle_leve.pcapng,0,main,-2,1325,no,0x00cf,no,no,no,no,no
occurrence-380,party_battle_leve.pcapng,0,main,-1,1326,no,0x00cf,no,no,no,no,no
occurrence-380,party_battle_leve.pcapng,0,main,1,1328,no,0x00cf,no,no,no,no,no
occurrence-380,party_battle_leve.pcapng,0,main,2,1329,no,0x00cf,no,no,no,no,no
occurrence-380,party_battle_leve.pcapng,0,main,3,1330,no,0x00cb,no,yes,no,no,no
occurrence-380,party_battle_leve.pcapng,0,main,4,1331,no,0x00cb,no,yes,no,no,no
occurrence-380,party_battle_leve.pcapng,0,main,5,1332,no,0x00cf,no,no,no,no,no
occurrence-381,party_battle_leve.pcapng,0,main,-5,1479,no,0x0001,no,no,no,no,no
occurrence-381,party_battle_leve.pcapng,0,main,-4,1480,no,0x0195,no,no,no,no,no
occurrence-381,party_battle_leve.pcapng,0,main,-3,1481,no,0x00cf,no,no,no,no,no
occurrence-381,party_battle_leve.pcapng,0,main,-2,1482,yes,0x0139,no,no,no,no,no
occurrence-381,party_battle_leve.pcapng,0,main,-1,1483,yes,0x0137,no,no,no,no,no
occurrence-381,party_battle_leve.pcapng,0,main,1,1485,no,0x00cf,no,no,no,no,no
occurrence-381,party_battle_leve.pcapng,0,main,2,1486,no,0x00cf,no,no,no,no,no
occurrence-381,party_battle_leve.pcapng,0,main,3,1487,no,0x0137,no,no,no,no,no
occurrence-381,party_battle_leve.pcapng,0,main,4,1488,no,0x00cf,no,no,no,no,no
occurrence-381,party_battle_leve.pcapng,0,main,5,1489,no,0x0134,no,no,no,no,no
occurrence-382,party_battle_leve.pcapng,0,main,-5,1557,no,0x00cf,no,no,no,no,no
occurrence-382,party_battle_leve.pcapng,0,main,-4,1558,no,0x0139,no,no,no,no,no
occurrence-382,party_battle_leve.pcapng,0,main,-3,1559,no,0x0001,no,no,no,no,no
occurrence-382,party_battle_leve.pcapng,0,main,-2,1560,no,0x0137,no,no,no,no,no
occurrence-382,party_battle_leve.pcapng,0,main,-1,1561,no,0x0137,no,no,no,no,no
occurrence-382,party_battle_leve.pcapng,0,main,1,1563,no,0x0137,no,no,no,no,no
occurrence-382,party_battle_leve.pcapng,0,main,2,1564,no,0x00cf,no,no,no,no,no
occurrence-382,party_battle_leve.pcapng,0,main,3,1565,no,0x0001,no,no,no,no,no
occurrence-382,party_battle_leve.pcapng,0,main,4,1566,no,0x00cf,no,no,no,no,no
occurrence-382,party_battle_leve.pcapng,0,main,5,1567,no,0x00cf,no,no,no,no,no
occurrence-383,party_battle_leve.pcapng,0,main,-5,1618,no,0x00cf,no,no,no,no,no
occurrence-383,party_battle_leve.pcapng,0,main,-4,1619,no,0x00cf,no,no,no,no,no
occurrence-383,party_battle_leve.pcapng,0,main,-3,1620,no,0x00cf,no,no,no,no,no
occurrence-383,party_battle_leve.pcapng,0,main,-2,1621,no,0x00cf,no,no,no,no,no
occurrence-383,party_battle_leve.pcapng,0,main,-1,1622,no,0x00cf,no,no,no,no,no
occurrence-383,party_battle_leve.pcapng,0,main,1,1624,no,0x00d3,no,no,no,no,no
occurrence-383,party_battle_leve.pcapng,0,main,2,1625,no,0x00cf,no,no,no,no,no
occurrence-383,party_battle_leve.pcapng,0,main,3,1626,no,0x00d2,no,no,no,no,no
occurrence-383,party_battle_leve.pcapng,0,main,4,1627,no,0x0001,no,no,no,no,no
occurrence-383,party_battle_leve.pcapng,0,main,5,1628,no,0x0177,no,no,no,no,no
occurrence-384,party_battle_leve.pcapng,0,main,-5,1680,no,0x00d0,no,no,no,no,no
occurrence-384,party_battle_leve.pcapng,0,main,-4,1681,no,0x00d0,no,no,no,no,no
occurrence-384,party_battle_leve.pcapng,0,main,-3,1682,no,0x00d0,no,no,no,no,no
occurrence-384,party_battle_leve.pcapng,0,main,-2,1683,no,0x0139,no,no,no,no,no
occurrence-384,party_battle_leve.pcapng,0,main,-1,1684,no,0x0131,no,no,no,no,no
occurrence-384,party_battle_leve.pcapng,0,main,1,1686,no,0x00cf,no,no,no,no,no
occurrence-384,party_battle_leve.pcapng,0,main,2,1687,no,0x00cf,no,no,no,no,no
occurrence-384,party_battle_leve.pcapng,0,main,3,1688,no,0x0001,no,no,no,no,no
occurrence-384,party_battle_leve.pcapng,0,main,4,1689,no,0x0137,no,no,no,no,no
occurrence-384,party_battle_leve.pcapng,0,main,5,1690,no,0x0195,no,no,no,no,no
occurrence-385,party_battle_leve.pcapng,0,main,-5,1749,no,0x0137,no,no,no,no,no
occurrence-385,party_battle_leve.pcapng,0,main,-4,1750,no,0x0137,no,no,no,no,no
occurrence-385,party_battle_leve.pcapng,0,main,-3,1751,no,0x0139,no,no,no,no,no
occurrence-385,party_battle_leve.pcapng,0,main,-2,1752,no,0x0131,no,no,no,no,no
occurrence-385,party_battle_leve.pcapng,0,main,-1,1753,no,0x0137,no,no,no,no,no
occurrence-385,party_battle_leve.pcapng,0,main,1,1755,no,0x0139,no,no,no,no,no
occurrence-385,party_battle_leve.pcapng,0,main,2,1756,no,0x00cf,no,no,no,no,no
occurrence-385,party_battle_leve.pcapng,0,main,3,1757,no,0x00cf,no,no,no,no,no
occurrence-385,party_battle_leve.pcapng,0,main,4,1758,no,0x0137,no,no,no,no,no
occurrence-385,party_battle_leve.pcapng,0,main,5,1759,no,0x0001,no,no,no,no,no
occurrence-386,party_battle_leve.pcapng,0,main,-5,1817,no,0x0195,no,no,no,no,no
occurrence-386,party_battle_leve.pcapng,0,main,-4,1818,no,0x00cf,no,no,no,no,no
occurrence-386,party_battle_leve.pcapng,0,main,-3,1819,no,0x0139,no,no,no,no,no
occurrence-386,party_battle_leve.pcapng,0,main,-2,1820,no,0x0137,no,no,no,no,no
occurrence-386,party_battle_leve.pcapng,0,main,-1,1821,no,0x0137,no,no,no,no,no
occurrence-386,party_battle_leve.pcapng,0,main,1,1823,no,0x00cf,no,no,no,no,no
occurrence-386,party_battle_leve.pcapng,0,main,2,1824,no,0x00cf,no,no,no,no,no
occurrence-386,party_battle_leve.pcapng,0,main,3,1825,no,0x0137,no,no,no,no,no
occurrence-386,party_battle_leve.pcapng,0,main,4,1826,no,0x0001,no,no,no,no,no
occurrence-386,party_battle_leve.pcapng,0,main,5,1827,no,0x00cf,no,no,no,no,no
occurrence-387,party_battle_leve.pcapng,0,main,-5,1900,no,0x00cf,no,no,no,no,no
occurrence-387,party_battle_leve.pcapng,0,main,-4,1901,no,0x00cf,no,no,no,no,no
occurrence-387,party_battle_leve.pcapng,0,main,-3,1902,no,0x00cf,no,no,no,no,no
occurrence-387,party_battle_leve.pcapng,0,main,-2,1903,no,0x00cf,no,no,no,no,no
occurrence-387,party_battle_leve.pcapng,0,main,-1,1904,no,0x00cf,no,no,no,no,no
occurrence-387,party_battle_leve.pcapng,0,main,1,1906,no,0x0137,no,no,no,no,no
occurrence-387,party_battle_leve.pcapng,0,main,2,1907,no,0x0001,no,no,no,no,no
occurrence-387,party_battle_leve.pcapng,0,main,3,1908,no,0x018f,no,no,no,no,no
occurrence-387,party_battle_leve.pcapng,0,main,4,1909,no,0x0190,no,no,no,no,no
occurrence-387,party_battle_leve.pcapng,0,main,5,1910,no,0x0190,no,no,no,no,no
occurrence-388,party_battle_leve.pcapng,0,main,-5,2155,no,0x00cf,no,no,no,no,no
occurrence-388,party_battle_leve.pcapng,0,main,-4,2156,no,0x0137,no,no,no,no,no
occurrence-388,party_battle_leve.pcapng,0,main,-3,2157,no,0x0001,no,no,no,no,no
occurrence-388,party_battle_leve.pcapng,0,main,-2,2158,no,0x0139,no,no,no,no,no
occurrence-388,party_battle_leve.pcapng,0,main,-1,2159,no,0x0137,no,no,no,no,no
occurrence-388,party_battle_leve.pcapng,0,main,1,2161,no,0x0137,no,no,no,no,no
occurrence-388,party_battle_leve.pcapng,0,main,2,2162,no,0x0139,no,no,no,no,no
occurrence-388,party_battle_leve.pcapng,0,main,3,2163,no,0x0144,no,no,no,no,no
occurrence-388,party_battle_leve.pcapng,0,main,4,2164,no,0x0139,no,no,no,no,no
occurrence-388,party_battle_leve.pcapng,0,main,5,2165,no,0x0137,no,no,no,no,no
occurrence-389,party_battle_leve.pcapng,0,main,-5,2212,no,0x0139,no,no,no,no,no
occurrence-389,party_battle_leve.pcapng,0,main,-4,2213,no,0x00cf,no,no,no,no,no
occurrence-389,party_battle_leve.pcapng,0,main,-3,2214,no,0x00cf,no,no,no,no,no
occurrence-389,party_battle_leve.pcapng,0,main,-2,2215,no,0x0137,no,no,no,no,no
occurrence-389,party_battle_leve.pcapng,0,main,-1,2216,no,0x0137,no,no,no,no,no
occurrence-389,party_battle_leve.pcapng,0,main,1,2218,no,0x00cf,no,no,no,no,no
occurrence-389,party_battle_leve.pcapng,0,main,2,2219,no,0x00cf,no,no,no,no,no
occurrence-389,party_battle_leve.pcapng,0,main,3,2220,no,0x00cf,no,no,no,no,no
occurrence-389,party_battle_leve.pcapng,0,main,4,2221,no,0x00cf,no,no,no,no,no
occurrence-389,party_battle_leve.pcapng,0,main,5,2222,no,0x00cf,no,no,no,no,no
occurrence-390,party_battle_leve.pcapng,0,main,-5,2287,no,0x00cf,no,no,no,no,no
occurrence-390,party_battle_leve.pcapng,0,main,-4,2288,no,0x00cf,no,no,no,no,no
occurrence-390,party_battle_leve.pcapng,0,main,-3,2289,no,0x00cf,no,no,no,no,no
occurrence-390,party_battle_leve.pcapng,0,main,-2,2290,no,0x0137,no,no,no,no,no
occurrence-390,party_battle_leve.pcapng,0,main,-1,2291,no,0x0139,no,no,no,no,no
occurrence-390,party_battle_leve.pcapng,0,main,1,2293,no,0x0001,no,no,no,no,no
occurrence-390,party_battle_leve.pcapng,0,main,2,2294,no,0x0177,no,no,no,no,no
occurrence-390,party_battle_leve.pcapng,0,main,3,2295,no,0x013a,no,no,no,no,no
occurrence-390,party_battle_leve.pcapng,0,main,4,2296,no,0x0195,no,no,no,no,no
occurrence-390,party_battle_leve.pcapng,0,main,5,2297,no,0x0137,no,no,no,no,no
occurrence-391,party_battle_leve.pcapng,0,main,-5,2334,no,0x0001,no,no,no,no,no
occurrence-391,party_battle_leve.pcapng,0,main,-4,2335,no,0x0137,no,no,no,no,no
occurrence-391,party_battle_leve.pcapng,0,main,-3,2336,no,0x00cf,no,no,no,no,no
occurrence-391,party_battle_leve.pcapng,0,main,-2,2337,no,0x0139,no,no,no,no,no
occurrence-391,party_battle_leve.pcapng,0,main,-1,2338,no,0x0001,no,no,no,no,no
occurrence-391,party_battle_leve.pcapng,0,main,1,2340,no,0x00cf,no,no,no,no,no
occurrence-391,party_battle_leve.pcapng,0,main,2,2341,no,0x00cf,no,no,no,no,no
occurrence-391,party_battle_leve.pcapng,0,main,3,2342,no,0x00cf,no,no,no,no,no
occurrence-391,party_battle_leve.pcapng,0,main,4,2343,no,0x00cf,no,no,no,no,no
occurrence-391,party_battle_leve.pcapng,0,main,5,2344,no,0x00cf,no,no,no,no,no
occurrence-392,party_battle_leve.pcapng,0,main,-5,2624,no,0x0190,no,no,no,no,no
occurrence-392,party_battle_leve.pcapng,0,main,-4,2625,no,0x0190,no,no,no,no,no
occurrence-392,party_battle_leve.pcapng,0,main,-3,2626,no,0x0191,no,no,no,no,no
occurrence-392,party_battle_leve.pcapng,0,main,-2,2627,no,0x0137,no,no,no,no,no
occurrence-392,party_battle_leve.pcapng,0,main,-1,2628,no,0x0137,no,no,no,no,no
occurrence-392,party_battle_leve.pcapng,0,main,1,2630,no,0x0001,no,no,no,no,no
occurrence-392,party_battle_leve.pcapng,0,main,2,2631,no,0x0137,no,no,no,no,no
occurrence-392,party_battle_leve.pcapng,0,main,3,2632,no,0x0137,no,no,no,no,no
occurrence-392,party_battle_leve.pcapng,0,main,4,2633,no,0x0001,no,no,no,no,no
occurrence-392,party_battle_leve.pcapng,0,main,5,2634,no,0x00cf,no,no,no,no,no
occurrence-393,party_battle_leve.pcapng,0,main,-5,2672,no,0x00cf,no,no,no,no,no
occurrence-393,party_battle_leve.pcapng,0,main,-4,2673,no,0x00cf,no,no,no,no,no
occurrence-393,party_battle_leve.pcapng,0,main,-3,2674,no,0x00cf,no,no,no,no,no
occurrence-393,party_battle_leve.pcapng,0,main,-2,2675,no,0x00cf,no,no,no,no,no
occurrence-393,party_battle_leve.pcapng,0,main,-1,2676,no,0x00cf,no,no,no,no,no
occurrence-393,party_battle_leve.pcapng,0,main,1,2678,no,0x00d2,no,no,no,no,no
occurrence-393,party_battle_leve.pcapng,0,main,2,2679,no,0x0001,no,no,no,no,no
occurrence-393,party_battle_leve.pcapng,0,main,3,2680,no,0x0133,no,no,no,no,no
occurrence-393,party_battle_leve.pcapng,0,main,4,2681,no,0x0169,no,no,no,no,no
occurrence-393,party_battle_leve.pcapng,0,main,5,2682,no,0x00da,no,no,no,no,no
occurrence-394,party_battle_leve.pcapng,0,main,-5,2747,no,0x00cf,no,no,no,no,no
occurrence-394,party_battle_leve.pcapng,0,main,-4,2748,no,0x00cf,no,no,no,no,no
occurrence-394,party_battle_leve.pcapng,0,main,-3,2749,no,0x00cf,no,no,no,no,no
occurrence-394,party_battle_leve.pcapng,0,main,-2,2750,no,0x00cf,no,no,no,no,no
occurrence-394,party_battle_leve.pcapng,0,main,-1,2751,no,0x00cf,no,no,no,no,no
occurrence-394,party_battle_leve.pcapng,0,main,1,2753,no,0x00cf,no,no,no,no,no
occurrence-394,party_battle_leve.pcapng,0,main,2,2754,no,0x00cf,no,no,no,no,no
occurrence-394,party_battle_leve.pcapng,0,main,3,2755,no,0x0001,no,no,no,no,no
occurrence-394,party_battle_leve.pcapng,0,main,4,2756,no,0x00de,no,no,no,no,no
occurrence-394,party_battle_leve.pcapng,0,main,5,2757,no,0x00cb,no,yes,no,no,no
occurrence-395,party_battle_leve.pcapng,0,main,-5,2807,no,0x00cb,no,yes,no,no,no
occurrence-395,party_battle_leve.pcapng,0,main,-4,2808,no,0x00d3,no,no,no,no,no
occurrence-395,party_battle_leve.pcapng,0,main,-3,2809,no,0x0001,no,no,no,no,no
occurrence-395,party_battle_leve.pcapng,0,main,-2,2810,yes,0x0144,no,no,no,no,no
occurrence-395,party_battle_leve.pcapng,0,main,-1,2811,yes,0x0139,no,no,no,no,no
occurrence-395,party_battle_leve.pcapng,0,main,1,2813,no,0x0137,no,no,no,no,no
occurrence-395,party_battle_leve.pcapng,0,main,2,2814,no,0x0001,no,no,no,no,no
occurrence-395,party_battle_leve.pcapng,0,main,3,2815,no,0x0137,no,no,no,no,no
occurrence-395,party_battle_leve.pcapng,0,main,4,2816,no,0x0137,no,no,no,no,no
occurrence-395,party_battle_leve.pcapng,0,main,5,2817,no,0x0144,no,no,no,no,no
occurrence-396,party_battle_leve.pcapng,0,main,-5,2861,no,0x00cf,no,no,no,no,no
occurrence-396,party_battle_leve.pcapng,0,main,-4,2862,no,0x00cf,no,no,no,no,no
occurrence-396,party_battle_leve.pcapng,0,main,-3,2863,no,0x00cf,no,no,no,no,no
occurrence-396,party_battle_leve.pcapng,0,main,-2,2864,no,0x00cf,no,no,no,no,no
occurrence-396,party_battle_leve.pcapng,0,main,-1,2865,no,0x0001,no,no,no,no,no
occurrence-396,party_battle_leve.pcapng,0,main,1,2867,no,0x00cf,no,no,no,no,no
occurrence-396,party_battle_leve.pcapng,0,main,2,2868,no,0x00cf,no,no,no,no,no
occurrence-396,party_battle_leve.pcapng,0,main,3,2869,no,0x00cf,no,no,no,no,no
occurrence-396,party_battle_leve.pcapng,0,main,4,2870,no,0x00cf,no,no,no,no,no
occurrence-396,party_battle_leve.pcapng,0,main,5,2871,no,0x00cf,no,no,no,no,no
occurrence-397,party_battle_leve.pcapng,0,main,-5,2922,no,0x00cf,no,no,no,no,no
occurrence-397,party_battle_leve.pcapng,0,main,-4,2923,no,0x0137,no,no,no,no,no
occurrence-397,party_battle_leve.pcapng,0,main,-3,2924,no,0x00cf,no,no,no,no,no
occurrence-397,party_battle_leve.pcapng,0,main,-2,2925,no,0x00cf,no,no,no,no,no
occurrence-397,party_battle_leve.pcapng,0,main,-1,2926,no,0x0137,no,no,no,no,no
occurrence-397,party_battle_leve.pcapng,0,main,1,2928,no,0x00cf,no,no,no,no,no
occurrence-397,party_battle_leve.pcapng,0,main,2,2929,no,0x00cf,no,no,no,no,no
occurrence-397,party_battle_leve.pcapng,0,main,3,2930,no,0x0001,no,no,no,no,no
occurrence-397,party_battle_leve.pcapng,0,main,4,2931,no,0x00cf,no,no,no,no,no
occurrence-397,party_battle_leve.pcapng,0,main,5,2932,no,0x00cf,no,no,no,no,no
occurrence-398,party_battle_leve.pcapng,0,main,-5,2992,no,0x00cf,no,no,no,no,no
occurrence-398,party_battle_leve.pcapng,0,main,-4,2993,no,0x00cf,no,no,no,no,no
occurrence-398,party_battle_leve.pcapng,0,main,-3,2994,no,0x00cf,no,no,no,no,no
occurrence-398,party_battle_leve.pcapng,0,main,-2,2995,no,0x00cf,no,no,no,no,no
occurrence-398,party_battle_leve.pcapng,0,main,-1,2996,no,0x00cf,no,no,no,no,no
occurrence-398,party_battle_leve.pcapng,0,main,1,2998,no,0x0001,no,no,no,no,no
occurrence-398,party_battle_leve.pcapng,0,main,2,2999,no,0x00cf,no,no,no,no,no
occurrence-398,party_battle_leve.pcapng,0,main,3,3000,no,0x00cf,no,no,no,no,no
occurrence-398,party_battle_leve.pcapng,0,main,4,3001,no,0x0137,no,no,no,no,no
occurrence-398,party_battle_leve.pcapng,0,main,5,3002,no,0x00cf,no,no,no,no,no
occurrence-399,party_battle_leve.pcapng,0,main,-5,3043,no,0x00cf,no,no,no,no,no
occurrence-399,party_battle_leve.pcapng,0,main,-4,3044,no,0x00cf,no,no,no,no,no
occurrence-399,party_battle_leve.pcapng,0,main,-3,3045,no,0x00cf,no,no,no,no,no
occurrence-399,party_battle_leve.pcapng,0,main,-2,3046,no,0x00cf,no,no,no,no,no
occurrence-399,party_battle_leve.pcapng,0,main,-1,3047,no,0x00cf,no,no,no,no,no
occurrence-399,party_battle_leve.pcapng,0,main,1,3049,no,0x0001,no,no,no,no,no
occurrence-399,party_battle_leve.pcapng,0,main,2,3050,no,0x018b,no,no,yes,yes,no
occurrence-399,party_battle_leve.pcapng,0,main,3,3051,no,0x00cf,no,no,no,no,no
occurrence-399,party_battle_leve.pcapng,0,main,4,3052,no,0x00cf,no,no,no,no,no
occurrence-399,party_battle_leve.pcapng,0,main,5,3053,no,0x00cf,no,no,no,no,no
occurrence-400,party_battle_leve.pcapng,0,main,-5,3321,no,0x00cf,no,no,no,no,no
occurrence-400,party_battle_leve.pcapng,0,main,-4,3322,no,0x00cf,no,no,no,no,no
occurrence-400,party_battle_leve.pcapng,0,main,-3,3323,no,0x00cf,no,no,no,no,no
occurrence-400,party_battle_leve.pcapng,0,main,-2,3324,no,0x00cf,no,no,no,no,no
occurrence-400,party_battle_leve.pcapng,0,main,-1,3325,no,0x00cf,no,no,no,no,no
occurrence-400,party_battle_leve.pcapng,0,main,1,3327,no,0x00cf,no,no,no,no,no
occurrence-400,party_battle_leve.pcapng,0,main,2,3328,no,0x00cf,no,no,no,no,no
occurrence-400,party_battle_leve.pcapng,0,main,3,3329,no,0x00cf,no,no,no,no,no
occurrence-400,party_battle_leve.pcapng,0,main,4,3330,no,0x00cf,no,no,no,no,no
occurrence-400,party_battle_leve.pcapng,0,main,5,3331,no,0x00cb,no,yes,no,no,no
occurrence-401,party_battle_leve.pcapng,0,main,-5,3486,no,0x017d,no,no,yes,no,no
occurrence-401,party_battle_leve.pcapng,0,main,-4,3487,no,0x0183,no,no,yes,no,no
occurrence-401,party_battle_leve.pcapng,0,main,-3,3488,no,0x0183,no,no,yes,no,no
occurrence-401,party_battle_leve.pcapng,0,main,-2,3489,no,0x017e,no,no,yes,no,no
occurrence-401,party_battle_leve.pcapng,0,main,-1,3490,no,0x00cf,no,no,no,no,no
occurrence-401,party_battle_leve.pcapng,0,main,1,3492,no,0x018b,no,no,yes,yes,no
occurrence-401,party_battle_leve.pcapng,0,main,2,3493,no,0x00cf,no,no,no,no,no
occurrence-401,party_battle_leve.pcapng,0,main,3,3494,no,0x00cf,no,no,no,no,no
occurrence-401,party_battle_leve.pcapng,0,main,4,3495,no,0x00cf,no,no,no,no,no
occurrence-401,party_battle_leve.pcapng,0,main,5,3496,no,0x00cf,no,no,no,no,no
occurrence-402,party_battle_leve.pcapng,0,main,-5,3642,no,0x0136,no,no,no,no,no
occurrence-402,party_battle_leve.pcapng,0,main,-4,3643,no,0x0136,no,no,no,no,no
occurrence-402,party_battle_leve.pcapng,0,main,-3,3644,no,0x00cf,no,no,no,no,no
occurrence-402,party_battle_leve.pcapng,0,main,-2,3645,no,0x00cf,no,no,no,no,no
occurrence-402,party_battle_leve.pcapng,0,main,-1,3646,no,0x0001,no,no,no,no,no
occurrence-402,party_battle_leve.pcapng,0,main,1,3648,no,0x00cf,no,no,no,no,no
occurrence-402,party_battle_leve.pcapng,0,main,2,3649,no,0x00cf,no,no,no,no,no
occurrence-402,party_battle_leve.pcapng,0,main,3,3650,no,0x00cf,no,no,no,no,no
occurrence-402,party_battle_leve.pcapng,0,main,4,3651,no,0x00cf,no,no,no,no,no
occurrence-402,party_battle_leve.pcapng,0,main,5,3652,no,0x00cf,no,no,no,no,no
occurrence-403,party_battle_leve.pcapng,0,main,-5,3775,yes,0x017c,no,no,yes,no,no
occurrence-403,party_battle_leve.pcapng,0,main,-4,3776,yes,0x017d,no,no,yes,no,no
occurrence-403,party_battle_leve.pcapng,0,main,-3,3777,yes,0x0183,no,no,yes,no,no
occurrence-403,party_battle_leve.pcapng,0,main,-2,3778,yes,0x0183,no,no,yes,no,no
occurrence-403,party_battle_leve.pcapng,0,main,-1,3779,yes,0x017e,no,no,yes,no,no
occurrence-403,party_battle_leve.pcapng,0,main,1,3781,no,0x00cf,no,no,no,no,no
occurrence-403,party_battle_leve.pcapng,0,main,2,3782,no,0x00cf,no,no,no,no,no
occurrence-403,party_battle_leve.pcapng,0,main,3,3783,no,0x00cf,no,no,no,no,no
occurrence-403,party_battle_leve.pcapng,0,main,4,3784,no,0x00cf,no,no,no,no,no
occurrence-403,party_battle_leve.pcapng,0,main,5,3785,no,0x0001,no,no,no,no,no
occurrence-404,party_battle_leve.pcapng,0,main,-5,3880,no,0x00cf,no,no,no,no,no
occurrence-404,party_battle_leve.pcapng,0,main,-4,3881,no,0x017a,no,no,yes,no,no
occurrence-404,party_battle_leve.pcapng,0,main,-3,3882,no,0x00cf,no,no,no,no,no
occurrence-404,party_battle_leve.pcapng,0,main,-2,3883,no,0x00cf,no,no,no,no,no
occurrence-404,party_battle_leve.pcapng,0,main,-1,3884,no,0x0001,no,no,no,no,no
occurrence-404,party_battle_leve.pcapng,0,main,1,3886,no,0x00cf,no,no,no,no,no
occurrence-404,party_battle_leve.pcapng,0,main,2,3887,no,0x00cf,no,no,no,no,no
occurrence-404,party_battle_leve.pcapng,0,main,3,3888,no,0x00cf,no,no,no,no,no
occurrence-404,party_battle_leve.pcapng,0,main,4,3889,no,0x00cf,no,no,no,no,no
occurrence-404,party_battle_leve.pcapng,0,main,5,3890,no,0x00cf,no,no,no,no,no
occurrence-405,party_battle_leve.pcapng,0,main,-5,3979,no,0x00d2,no,no,no,no,no
occurrence-405,party_battle_leve.pcapng,0,main,-4,3980,no,0x00cf,no,no,no,no,no
occurrence-405,party_battle_leve.pcapng,0,main,-3,3981,no,0x0133,no,no,no,no,no
occurrence-405,party_battle_leve.pcapng,0,main,-2,3982,no,0x0169,no,no,no,no,no
occurrence-405,party_battle_leve.pcapng,0,main,-1,3983,no,0x00da,no,no,no,no,no
occurrence-405,party_battle_leve.pcapng,0,main,1,3985,no,0x018b,no,no,yes,yes,no
occurrence-405,party_battle_leve.pcapng,0,main,2,3986,no,0x00cf,no,no,no,no,no
occurrence-405,party_battle_leve.pcapng,0,main,3,3987,no,0x00cf,no,no,no,no,no
occurrence-405,party_battle_leve.pcapng,0,main,4,3988,no,0x0137,no,no,no,no,no
occurrence-405,party_battle_leve.pcapng,0,main,5,3989,no,0x00d2,no,no,no,no,no
occurrence-406,party_battle_leve.pcapng,0,main,-5,4066,no,0x018b,no,no,yes,yes,no
occurrence-406,party_battle_leve.pcapng,0,main,-4,4067,no,0x0001,no,no,no,no,no
occurrence-406,party_battle_leve.pcapng,0,main,-3,4068,no,0x00de,no,no,no,no,no
occurrence-406,party_battle_leve.pcapng,0,main,-2,4069,no,0x00cb,no,yes,no,no,no
occurrence-406,party_battle_leve.pcapng,0,main,-1,4070,no,0x00cb,no,yes,no,no,no
occurrence-406,party_battle_leve.pcapng,0,main,1,4072,no,0x00cf,no,no,no,no,no
occurrence-406,party_battle_leve.pcapng,0,main,2,4073,no,0x00cf,no,no,no,no,no
occurrence-406,party_battle_leve.pcapng,0,main,3,4074,no,0x00cf,no,no,no,no,no
occurrence-406,party_battle_leve.pcapng,0,main,4,4075,no,0x00cf,no,no,no,no,no
occurrence-406,party_battle_leve.pcapng,0,main,5,4076,no,0x00cf,no,no,no,no,no
occurrence-407,party_battle_leve.pcapng,0,main,-5,4115,no,0x00cf,no,no,no,no,no
occurrence-407,party_battle_leve.pcapng,0,main,-4,4116,no,0x00cf,no,no,no,no,no
occurrence-407,party_battle_leve.pcapng,0,main,-3,4117,no,0x0001,no,no,no,no,no
occurrence-407,party_battle_leve.pcapng,0,main,-2,4118,no,0x018b,no,no,yes,yes,no
occurrence-407,party_battle_leve.pcapng,0,main,-1,4119,no,0x00cb,no,yes,no,no,no
occurrence-407,party_battle_leve.pcapng,0,main,1,4121,no,0x0001,no,no,no,no,no
occurrence-407,party_battle_leve.pcapng,0,main,2,4122,no,0x00ca,no,yes,no,no,no
occurrence-407,party_battle_leve.pcapng,0,main,3,4123,no,0x012e,no,no,no,no,no
occurrence-407,party_battle_leve.pcapng,0,main,4,4124,no,0x016b,no,no,no,no,no
occurrence-407,party_battle_leve.pcapng,0,main,5,4125,no,0x016b,no,no,no,no,no
occurrence-408,party_battle_leve.pcapng,0,main,-5,4162,no,0x00cf,no,no,no,no,no
occurrence-408,party_battle_leve.pcapng,0,main,-4,4163,no,0x00cf,no,no,no,no,no
occurrence-408,party_battle_leve.pcapng,0,main,-3,4164,no,0x00cf,no,no,no,no,no
occurrence-408,party_battle_leve.pcapng,0,main,-2,4165,no,0x0001,no,no,no,no,no
occurrence-408,party_battle_leve.pcapng,0,main,-1,4166,no,0x0001,no,no,no,no,no
occurrence-408,party_battle_leve.pcapng,0,main,1,4168,no,0x00cf,no,no,no,no,no
occurrence-408,party_battle_leve.pcapng,0,main,2,4169,no,0x00cf,no,no,no,no,no
occurrence-408,party_battle_leve.pcapng,0,main,3,4170,no,0x00cf,no,no,no,no,no
occurrence-408,party_battle_leve.pcapng,0,main,4,4171,no,0x00cf,no,no,no,no,no
occurrence-408,party_battle_leve.pcapng,0,main,5,4172,no,0x00cf,no,no,no,no,no
occurrence-409,party_battle_leve.pcapng,0,main,-5,4198,no,0x00cf,no,no,no,no,no
occurrence-409,party_battle_leve.pcapng,0,main,-4,4199,no,0x00cf,no,no,no,no,no
occurrence-409,party_battle_leve.pcapng,0,main,-3,4200,no,0x00cf,no,no,no,no,no
occurrence-409,party_battle_leve.pcapng,0,main,-2,4201,no,0x00cf,no,no,no,no,no
occurrence-409,party_battle_leve.pcapng,0,main,-1,4202,no,0x00cf,no,no,no,no,no
occurrence-409,party_battle_leve.pcapng,0,main,1,4204,no,0x0001,no,no,no,no,no
occurrence-409,party_battle_leve.pcapng,0,main,2,4205,no,0x0001,no,no,no,no,no
occurrence-409,party_battle_leve.pcapng,0,main,3,4206,no,0x00cf,no,no,no,no,no
occurrence-409,party_battle_leve.pcapng,0,main,4,4207,no,0x00cf,no,no,no,no,no
occurrence-409,party_battle_leve.pcapng,0,main,5,4208,no,0x00cf,no,no,no,no,no
occurrence-410,party_battle_leve.pcapng,0,main,-5,4224,no,0x00cf,no,no,no,no,no
occurrence-410,party_battle_leve.pcapng,0,main,-4,4225,no,0x00cf,no,no,no,no,no
occurrence-410,party_battle_leve.pcapng,0,main,-3,4226,no,0x00cf,no,no,no,no,no
occurrence-410,party_battle_leve.pcapng,0,main,-2,4227,no,0x00cf,no,no,no,no,no
occurrence-410,party_battle_leve.pcapng,0,main,-1,4228,no,0x0001,no,no,no,no,no
occurrence-410,party_battle_leve.pcapng,0,main,1,4230,no,0x0001,no,no,no,no,no
occurrence-410,party_battle_leve.pcapng,0,main,2,4231,no,0x00cf,no,no,no,no,no
occurrence-410,party_battle_leve.pcapng,0,main,3,4232,no,0x00cf,no,no,no,no,no
occurrence-410,party_battle_leve.pcapng,0,main,4,4233,no,0x00cf,no,no,no,no,no
occurrence-410,party_battle_leve.pcapng,0,main,5,4234,no,0x00cf,no,no,no,no,no
occurrence-411,party_battle_leve.pcapng,0,main,-5,4263,no,0x00cf,no,no,no,no,no
occurrence-411,party_battle_leve.pcapng,0,main,-4,4264,no,0x00cf,no,no,no,no,no
occurrence-411,party_battle_leve.pcapng,0,main,-3,4265,no,0x00cf,no,no,no,no,no
occurrence-411,party_battle_leve.pcapng,0,main,-2,4266,no,0x00cf,no,no,no,no,no
occurrence-411,party_battle_leve.pcapng,0,main,-1,4267,no,0x00cf,no,no,no,no,no
occurrence-411,party_battle_leve.pcapng,0,main,1,4269,no,0x0001,no,no,no,no,no
occurrence-411,party_battle_leve.pcapng,0,main,2,4270,no,0x0001,no,no,no,no,no
occurrence-411,party_battle_leve.pcapng,0,main,3,4271,no,0x00cf,no,no,no,no,no
occurrence-411,party_battle_leve.pcapng,0,main,4,4272,no,0x00cf,no,no,no,no,no
occurrence-411,party_battle_leve.pcapng,0,main,5,4273,no,0x00cf,no,no,no,no,no
occurrence-412,party_battle_leve.pcapng,0,main,-5,4290,no,0x00cf,no,no,no,no,no
occurrence-412,party_battle_leve.pcapng,0,main,-4,4291,no,0x00cf,no,no,no,no,no
occurrence-412,party_battle_leve.pcapng,0,main,-3,4292,no,0x00cf,no,no,no,no,no
occurrence-412,party_battle_leve.pcapng,0,main,-2,4293,no,0x00cf,no,no,no,no,no
occurrence-412,party_battle_leve.pcapng,0,main,-1,4294,no,0x0001,no,no,no,no,no
occurrence-412,party_battle_leve.pcapng,0,main,1,4296,no,0x0001,no,no,no,no,no
occurrence-412,party_battle_leve.pcapng,0,main,2,4297,no,0x00cf,no,no,no,no,no
occurrence-412,party_battle_leve.pcapng,0,main,3,4298,no,0x00cf,no,no,no,no,no
occurrence-412,party_battle_leve.pcapng,0,main,4,4299,no,0x00cf,no,no,no,no,no
occurrence-412,party_battle_leve.pcapng,0,main,5,4300,no,0x00cf,no,no,no,no,no
occurrence-413,party_battle_leve.pcapng,0,main,-5,4326,no,0x00cf,no,no,no,no,no
occurrence-413,party_battle_leve.pcapng,0,main,-4,4327,no,0x00cf,no,no,no,no,no
occurrence-413,party_battle_leve.pcapng,0,main,-3,4328,no,0x00cf,no,no,no,no,no
occurrence-413,party_battle_leve.pcapng,0,main,-2,4329,no,0x00cf,no,no,no,no,no
occurrence-413,party_battle_leve.pcapng,0,main,-1,4330,no,0x00cf,no,no,no,no,no
occurrence-413,party_battle_leve.pcapng,0,main,1,4332,no,0x0001,no,no,no,no,no
occurrence-413,party_battle_leve.pcapng,0,main,2,4333,no,0x0001,no,no,no,no,no
occurrence-413,party_battle_leve.pcapng,0,main,3,4334,no,0x00cf,no,no,no,no,no
occurrence-413,party_battle_leve.pcapng,0,main,4,4335,no,0x00cf,no,no,no,no,no
occurrence-413,party_battle_leve.pcapng,0,main,5,4336,no,0x00cf,no,no,no,no,no
occurrence-414,party_battle_leve.pcapng,0,main,-5,4352,no,0x00cf,no,no,no,no,no
occurrence-414,party_battle_leve.pcapng,0,main,-4,4353,no,0x00cf,no,no,no,no,no
occurrence-414,party_battle_leve.pcapng,0,main,-3,4354,no,0x00cf,no,no,no,no,no
occurrence-414,party_battle_leve.pcapng,0,main,-2,4355,no,0x00cf,no,no,no,no,no
occurrence-414,party_battle_leve.pcapng,0,main,-1,4356,no,0x0001,no,no,no,no,no
occurrence-414,party_battle_leve.pcapng,0,main,1,4358,no,0x0001,no,no,no,no,no
occurrence-414,party_battle_leve.pcapng,0,main,2,4359,no,0x00cf,no,no,no,no,no
occurrence-414,party_battle_leve.pcapng,0,main,3,4360,no,0x00cf,no,no,no,no,no
occurrence-414,party_battle_leve.pcapng,0,main,4,4361,no,0x00cf,no,no,no,no,no
occurrence-414,party_battle_leve.pcapng,0,main,5,4362,no,0x00cf,no,no,no,no,no
occurrence-415,party_battle_leve.pcapng,0,main,-5,4388,no,0x00cf,no,no,no,no,no
occurrence-415,party_battle_leve.pcapng,0,main,-4,4389,no,0x00cf,no,no,no,no,no
occurrence-415,party_battle_leve.pcapng,0,main,-3,4390,no,0x00cf,no,no,no,no,no
occurrence-415,party_battle_leve.pcapng,0,main,-2,4391,no,0x00cf,no,no,no,no,no
occurrence-415,party_battle_leve.pcapng,0,main,-1,4392,no,0x00cf,no,no,no,no,no
occurrence-415,party_battle_leve.pcapng,0,main,1,4394,no,0x0001,no,no,no,no,no
occurrence-415,party_battle_leve.pcapng,0,main,2,4395,no,0x0001,no,no,no,no,no
occurrence-415,party_battle_leve.pcapng,0,main,3,4396,no,0x00cf,no,no,no,no,no
occurrence-415,party_battle_leve.pcapng,0,main,4,4397,no,0x00cf,no,no,no,no,no
occurrence-415,party_battle_leve.pcapng,0,main,5,4398,no,0x00cf,no,no,no,no,no
occurrence-416,party_battle_leve.pcapng,0,main,-5,4414,no,0x00cf,no,no,no,no,no
occurrence-416,party_battle_leve.pcapng,0,main,-4,4415,no,0x00cf,no,no,no,no,no
occurrence-416,party_battle_leve.pcapng,0,main,-3,4416,no,0x00cf,no,no,no,no,no
occurrence-416,party_battle_leve.pcapng,0,main,-2,4417,no,0x00cf,no,no,no,no,no
occurrence-416,party_battle_leve.pcapng,0,main,-1,4418,no,0x0001,no,no,no,no,no
occurrence-416,party_battle_leve.pcapng,0,main,1,4420,no,0x0001,no,no,no,no,no
occurrence-416,party_battle_leve.pcapng,0,main,2,4421,no,0x00cf,no,no,no,no,no
occurrence-416,party_battle_leve.pcapng,0,main,3,4422,no,0x00cf,no,no,no,no,no
occurrence-416,party_battle_leve.pcapng,0,main,4,4423,no,0x00cf,no,no,no,no,no
occurrence-416,party_battle_leve.pcapng,0,main,5,4424,no,0x00cf,no,no,no,no,no
occurrence-417,party_battle_leve.pcapng,0,main,-5,4442,no,0x00cf,no,no,no,no,no
occurrence-417,party_battle_leve.pcapng,0,main,-4,4443,no,0x0001,no,no,no,no,no
occurrence-417,party_battle_leve.pcapng,0,main,-3,4444,no,0x0001,no,no,no,no,no
occurrence-417,party_battle_leve.pcapng,0,main,-2,4445,no,0x00cf,no,no,no,no,no
occurrence-417,party_battle_leve.pcapng,0,main,-1,4446,yes,0x0001,no,no,no,no,no
occurrence-417,party_battle_leve.pcapng,0,main,1,4448,no,0x00cf,no,no,no,no,no
occurrence-417,party_battle_leve.pcapng,0,main,2,4449,no,0x00cf,no,no,no,no,no
occurrence-417,party_battle_leve.pcapng,0,main,3,4450,no,0x00cf,no,no,no,no,no
occurrence-417,party_battle_leve.pcapng,0,main,4,4451,no,0x00cf,no,no,no,no,no
occurrence-417,party_battle_leve.pcapng,0,main,5,4452,no,0x00cf,no,no,no,no,no
occurrence-418,party_battle_leve.pcapng,0,main,-5,4478,no,0x00cf,no,no,no,no,no
occurrence-418,party_battle_leve.pcapng,0,main,-4,4479,no,0x00cf,no,no,no,no,no
occurrence-418,party_battle_leve.pcapng,0,main,-3,4480,no,0x00cf,no,no,no,no,no
occurrence-418,party_battle_leve.pcapng,0,main,-2,4481,no,0x00cf,no,no,no,no,no
occurrence-418,party_battle_leve.pcapng,0,main,-1,4482,no,0x00cf,no,no,no,no,no
occurrence-418,party_battle_leve.pcapng,0,main,1,4484,no,0x0001,no,no,no,no,no
occurrence-418,party_battle_leve.pcapng,0,main,2,4485,no,0x00cf,no,no,no,no,no
occurrence-418,party_battle_leve.pcapng,0,main,3,4486,no,0x00cf,no,no,no,no,no
occurrence-418,party_battle_leve.pcapng,0,main,4,4487,no,0x00cf,no,no,no,no,no
occurrence-418,party_battle_leve.pcapng,0,main,5,4488,no,0x00cf,no,no,no,no,no
occurrence-419,party_battle_leve.pcapng,0,main,-5,4508,no,0x0001,no,no,no,no,no
occurrence-419,party_battle_leve.pcapng,0,main,-4,4509,no,0x0001,no,no,no,no,no
occurrence-419,party_battle_leve.pcapng,0,main,-3,4510,no,0x00cb,no,yes,no,no,no
occurrence-419,party_battle_leve.pcapng,0,main,-2,4511,no,0x00cf,no,no,no,no,no
occurrence-419,party_battle_leve.pcapng,0,main,-1,4512,no,0x0001,no,no,no,no,no
occurrence-419,party_battle_leve.pcapng,0,main,1,4514,no,0x00cf,no,no,no,no,no
occurrence-419,party_battle_leve.pcapng,0,main,2,4515,no,0x00cf,no,no,no,no,no
occurrence-419,party_battle_leve.pcapng,0,main,3,4516,no,0x00cf,no,no,no,no,no
occurrence-419,party_battle_leve.pcapng,0,main,4,4517,no,0x00cf,no,no,no,no,no
occurrence-419,party_battle_leve.pcapng,0,main,5,4518,no,0x00cf,no,no,no,no,no
occurrence-420,party_battle_leve.pcapng,0,main,-5,4541,no,0x00cf,no,no,no,no,no
occurrence-420,party_battle_leve.pcapng,0,main,-4,4542,no,0x00cf,no,no,no,no,no
occurrence-420,party_battle_leve.pcapng,0,main,-3,4543,no,0x00cf,no,no,no,no,no
occurrence-420,party_battle_leve.pcapng,0,main,-2,4544,no,0x00cf,no,no,no,no,no
occurrence-420,party_battle_leve.pcapng,0,main,-1,4545,no,0x0001,no,no,no,no,no
occurrence-420,party_battle_leve.pcapng,0,main,1,4547,no,0x0001,no,no,no,no,no
occurrence-420,party_battle_leve.pcapng,0,main,2,4548,no,0x00cf,no,no,no,no,no
occurrence-420,party_battle_leve.pcapng,0,main,3,4549,no,0x00cf,no,no,no,no,no
occurrence-420,party_battle_leve.pcapng,0,main,4,4550,no,0x00cf,no,no,no,no,no
occurrence-420,party_battle_leve.pcapng,0,main,5,4551,no,0x00cf,no,no,no,no,no
occurrence-421,party_battle_leve.pcapng,0,main,-5,4564,no,0x00cf,no,no,no,no,no
occurrence-421,party_battle_leve.pcapng,0,main,-4,4565,no,0x00cf,no,no,no,no,no
occurrence-421,party_battle_leve.pcapng,0,main,-3,4566,no,0x00cf,no,no,no,no,no
occurrence-421,party_battle_leve.pcapng,0,main,-2,4567,no,0x00cf,no,no,no,no,no
occurrence-421,party_battle_leve.pcapng,0,main,-1,4568,no,0x0001,no,no,no,no,no
occurrence-421,party_battle_leve.pcapng,0,main,1,4570,no,0x0001,no,no,no,no,no
occurrence-421,party_battle_leve.pcapng,0,main,2,4571,no,0x00cf,no,no,no,no,no
occurrence-421,party_battle_leve.pcapng,0,main,3,4572,no,0x00cf,no,no,no,no,no
occurrence-421,party_battle_leve.pcapng,0,main,4,4573,no,0x00cf,no,no,no,no,no
occurrence-421,party_battle_leve.pcapng,0,main,5,4574,no,0x00cf,no,no,no,no,no
occurrence-422,party_battle_leve.pcapng,0,main,-5,4598,no,0x00cf,no,no,no,no,no
occurrence-422,party_battle_leve.pcapng,0,main,-4,4599,no,0x00cf,no,no,no,no,no
occurrence-422,party_battle_leve.pcapng,0,main,-3,4600,no,0x00cf,no,no,no,no,no
occurrence-422,party_battle_leve.pcapng,0,main,-2,4601,no,0x00cf,no,no,no,no,no
occurrence-422,party_battle_leve.pcapng,0,main,-1,4602,no,0x0001,no,no,no,no,no
occurrence-422,party_battle_leve.pcapng,0,main,1,4604,no,0x0001,no,no,no,no,no
occurrence-422,party_battle_leve.pcapng,0,main,2,4605,no,0x00cf,no,no,no,no,no
occurrence-422,party_battle_leve.pcapng,0,main,3,4606,no,0x00cf,no,no,no,no,no
occurrence-422,party_battle_leve.pcapng,0,main,4,4607,no,0x00cf,no,no,no,no,no
occurrence-422,party_battle_leve.pcapng,0,main,5,4608,no,0x00cf,no,no,no,no,no
occurrence-423,party_battle_leve.pcapng,0,main,-5,4623,no,0x00cf,no,no,no,no,no
occurrence-423,party_battle_leve.pcapng,0,main,-4,4624,no,0x00cf,no,no,no,no,no
occurrence-423,party_battle_leve.pcapng,0,main,-3,4625,no,0x0001,no,no,no,no,no
occurrence-423,party_battle_leve.pcapng,0,main,-2,4626,no,0x00cf,no,no,no,no,no
occurrence-423,party_battle_leve.pcapng,0,main,-1,4627,no,0x0001,no,no,no,no,no
occurrence-423,party_battle_leve.pcapng,0,main,1,4629,no,0x00cf,no,no,no,no,no
occurrence-423,party_battle_leve.pcapng,0,main,2,4630,no,0x00cf,no,no,no,no,no
occurrence-423,party_battle_leve.pcapng,0,main,3,4631,no,0x00cf,no,no,no,no,no
occurrence-423,party_battle_leve.pcapng,0,main,4,4632,no,0x00cf,no,no,no,no,no
occurrence-423,party_battle_leve.pcapng,0,main,5,4633,no,0x00cf,no,no,no,no,no
occurrence-424,party_battle_leve.pcapng,0,main,-5,4656,no,0x00cf,no,no,no,no,no
occurrence-424,party_battle_leve.pcapng,0,main,-4,4657,no,0x00cf,no,no,no,no,no
occurrence-424,party_battle_leve.pcapng,0,main,-3,4658,no,0x00cf,no,no,no,no,no
occurrence-424,party_battle_leve.pcapng,0,main,-2,4659,no,0x00cf,no,no,no,no,no
occurrence-424,party_battle_leve.pcapng,0,main,-1,4660,no,0x0001,no,no,no,no,no
occurrence-424,party_battle_leve.pcapng,0,main,1,4662,no,0x0001,no,no,no,no,no
occurrence-424,party_battle_leve.pcapng,0,main,2,4663,no,0x00cf,no,no,no,no,no
occurrence-424,party_battle_leve.pcapng,0,main,3,4664,no,0x00cf,no,no,no,no,no
occurrence-424,party_battle_leve.pcapng,0,main,4,4665,no,0x00cf,no,no,no,no,no
occurrence-424,party_battle_leve.pcapng,0,main,5,4666,no,0x00cf,no,no,no,no,no
occurrence-425,party_battle_leve.pcapng,0,main,-5,4680,no,0x00cf,no,no,no,no,no
occurrence-425,party_battle_leve.pcapng,0,main,-4,4681,no,0x00cf,no,no,no,no,no
occurrence-425,party_battle_leve.pcapng,0,main,-3,4682,no,0x00cf,no,no,no,no,no
occurrence-425,party_battle_leve.pcapng,0,main,-2,4683,no,0x0001,no,no,no,no,no
occurrence-425,party_battle_leve.pcapng,0,main,-1,4684,no,0x0001,no,no,no,no,no
occurrence-425,party_battle_leve.pcapng,0,main,1,4686,no,0x00cf,no,no,no,no,no
occurrence-425,party_battle_leve.pcapng,0,main,2,4687,no,0x00cf,no,no,no,no,no
occurrence-425,party_battle_leve.pcapng,0,main,3,4688,no,0x00cf,no,no,no,no,no
occurrence-425,party_battle_leve.pcapng,0,main,4,4689,no,0x00cf,no,no,no,no,no
occurrence-425,party_battle_leve.pcapng,0,main,5,4690,no,0x00cf,no,no,no,no,no
occurrence-426,party_battle_leve.pcapng,0,main,-5,4713,no,0x00cf,no,no,no,no,no
occurrence-426,party_battle_leve.pcapng,0,main,-4,4714,no,0x00cf,no,no,no,no,no
occurrence-426,party_battle_leve.pcapng,0,main,-3,4715,no,0x00cf,no,no,no,no,no
occurrence-426,party_battle_leve.pcapng,0,main,-2,4716,no,0x00cf,no,no,no,no,no
occurrence-426,party_battle_leve.pcapng,0,main,-1,4717,no,0x0001,no,no,no,no,no
occurrence-426,party_battle_leve.pcapng,0,main,1,4719,no,0x0001,no,no,no,no,no
occurrence-426,party_battle_leve.pcapng,0,main,2,4720,no,0x00cf,no,no,no,no,no
occurrence-426,party_battle_leve.pcapng,0,main,3,4721,no,0x00cf,no,no,no,no,no
occurrence-426,party_battle_leve.pcapng,0,main,4,4722,no,0x00cf,no,no,no,no,no
occurrence-426,party_battle_leve.pcapng,0,main,5,4723,no,0x00cf,no,no,no,no,no
occurrence-427,party_battle_leve.pcapng,0,main,-5,4737,no,0x00cf,no,no,no,no,no
occurrence-427,party_battle_leve.pcapng,0,main,-4,4738,no,0x00cf,no,no,no,no,no
occurrence-427,party_battle_leve.pcapng,0,main,-3,4739,no,0x00cf,no,no,no,no,no
occurrence-427,party_battle_leve.pcapng,0,main,-2,4740,no,0x00cf,no,no,no,no,no
occurrence-427,party_battle_leve.pcapng,0,main,-1,4741,no,0x0001,no,no,no,no,no
occurrence-427,party_battle_leve.pcapng,0,main,1,4743,no,0x00cb,no,yes,no,no,no
occurrence-427,party_battle_leve.pcapng,0,main,2,4744,no,0x00cf,no,no,no,no,no
occurrence-427,party_battle_leve.pcapng,0,main,3,4745,no,0x00cf,no,no,no,no,no
occurrence-427,party_battle_leve.pcapng,0,main,4,4746,no,0x00cf,no,no,no,no,no
occurrence-427,party_battle_leve.pcapng,0,main,5,4747,no,0x00cf,no,no,no,no,no
occurrence-428,party_battle_leve.pcapng,0,main,-5,4790,yes,0x0179,no,no,no,no,no
occurrence-428,party_battle_leve.pcapng,0,main,-4,4791,yes,0x0145,no,no,no,no,no
occurrence-428,party_battle_leve.pcapng,0,main,-3,4792,yes,0x017b,no,no,no,no,no
occurrence-428,party_battle_leve.pcapng,0,main,-2,4793,yes,0x00cc,no,yes,no,no,no
occurrence-428,party_battle_leve.pcapng,0,main,-1,4794,yes,0x0137,no,no,no,no,no
occurrence-428,party_battle_leve.pcapng,0,main,1,4796,no,0x0136,no,no,no,no,no
occurrence-428,party_battle_leve.pcapng,0,main,2,4797,no,0x0136,no,no,no,no,no
occurrence-428,party_battle_leve.pcapng,0,main,3,4798,no,0x0136,no,no,no,no,no
occurrence-428,party_battle_leve.pcapng,0,main,4,4799,no,0x00cf,no,no,no,no,no
occurrence-428,party_battle_leve.pcapng,0,main,5,4800,no,0x00cf,no,no,no,no,no
occurrence-429,party_battle_leve.pcapng,0,main,-5,4851,no,0x017c,no,no,yes,no,no
occurrence-429,party_battle_leve.pcapng,0,main,-4,4852,no,0x017d,no,no,yes,no,no
occurrence-429,party_battle_leve.pcapng,0,main,-3,4853,no,0x0183,no,no,yes,no,no
occurrence-429,party_battle_leve.pcapng,0,main,-2,4854,no,0x0183,no,no,yes,no,no
occurrence-429,party_battle_leve.pcapng,0,main,-1,4855,no,0x017e,no,no,yes,no,no
occurrence-429,party_battle_leve.pcapng,0,main,1,4857,yes,0x00d2,no,no,no,no,no
occurrence-429,party_battle_leve.pcapng,0,main,2,4858,yes,0x00d3,no,no,no,no,no
occurrence-429,party_battle_leve.pcapng,0,main,3,4859,no,0x00ca,no,yes,no,no,no
occurrence-429,party_battle_leve.pcapng,0,main,4,4860,no,0x016b,no,no,no,no,no
occurrence-429,party_battle_leve.pcapng,0,main,5,4861,no,0x00d0,no,no,no,no,no
occurrence-430,party_battle_leve.pcapng,0,main,-5,5026,no,0x00cf,no,no,no,no,no
occurrence-430,party_battle_leve.pcapng,0,main,-4,5027,no,0x00cf,no,no,no,no,no
occurrence-430,party_battle_leve.pcapng,0,main,-3,5028,no,0x00cf,no,no,no,no,no
occurrence-430,party_battle_leve.pcapng,0,main,-2,5029,no,0x00cf,no,no,no,no,no
occurrence-430,party_battle_leve.pcapng,0,main,-1,5030,yes,0x0139,no,no,no,no,no
occurrence-430,party_battle_leve.pcapng,0,main,1,5032,no,0x0137,no,no,no,no,no
occurrence-430,party_battle_leve.pcapng,0,main,2,5033,no,0x0137,no,no,no,no,no
occurrence-430,party_battle_leve.pcapng,0,main,3,5034,no,0x0001,no,no,no,no,no
occurrence-430,party_battle_leve.pcapng,0,main,4,5035,no,0x00cf,no,no,no,no,no
occurrence-430,party_battle_leve.pcapng,0,main,5,5036,no,0x00cf,no,no,no,no,no
occurrence-431,party_battle_leve.pcapng,0,main,-5,5109,no,0x0137,no,no,no,no,no
occurrence-431,party_battle_leve.pcapng,0,main,-4,5110,no,0x0001,no,no,no,no,no
occurrence-431,party_battle_leve.pcapng,0,main,-3,5111,no,0x0137,no,no,no,no,no
occurrence-431,party_battle_leve.pcapng,0,main,-2,5112,no,0x0137,no,no,no,no,no
occurrence-431,party_battle_leve.pcapng,0,main,-1,5113,no,0x00cf,no,no,no,no,no
occurrence-431,party_battle_leve.pcapng,0,main,1,5115,no,0x0177,no,no,no,no,no
occurrence-431,party_battle_leve.pcapng,0,main,2,5116,no,0x0137,no,no,no,no,no
occurrence-431,party_battle_leve.pcapng,0,main,3,5117,no,0x00de,no,no,no,no,no
occurrence-431,party_battle_leve.pcapng,0,main,4,5118,no,0x00d0,no,no,no,no,no
occurrence-431,party_battle_leve.pcapng,0,main,5,5119,no,0x00d0,no,no,no,no,no
occurrence-432,party_battle_leve.pcapng,0,main,-5,5173,yes,0x00cf,no,no,no,no,no
occurrence-432,party_battle_leve.pcapng,0,main,-4,5174,yes,0x00cf,no,no,no,no,no
occurrence-432,party_battle_leve.pcapng,0,main,-3,5175,yes,0x00cf,no,no,no,no,no
occurrence-432,party_battle_leve.pcapng,0,main,-2,5176,yes,0x00cf,no,no,no,no,no
occurrence-432,party_battle_leve.pcapng,0,main,-1,5177,yes,0x00cf,no,no,no,no,no
occurrence-432,party_battle_leve.pcapng,0,main,1,5179,yes,0x0195,no,no,no,no,no
occurrence-432,party_battle_leve.pcapng,0,main,2,5180,no,0x0137,no,no,no,no,no
occurrence-432,party_battle_leve.pcapng,0,main,3,5181,no,0x00db,no,no,no,no,no
occurrence-432,party_battle_leve.pcapng,0,main,4,5182,no,0x0001,no,no,no,no,no
occurrence-432,party_battle_leve.pcapng,0,main,5,5183,no,0x0137,no,no,no,no,no
occurrence-433,party_battle_leve.pcapng,0,main,-5,5254,no,0x0137,no,no,no,no,no
occurrence-433,party_battle_leve.pcapng,0,main,-4,5255,no,0x0139,no,no,no,no,no
occurrence-433,party_battle_leve.pcapng,0,main,-3,5256,no,0x0137,no,no,no,no,no
occurrence-433,party_battle_leve.pcapng,0,main,-2,5257,no,0x00cf,no,no,no,no,no
occurrence-433,party_battle_leve.pcapng,0,main,-1,5258,no,0x0139,no,no,no,no,no
occurrence-433,party_battle_leve.pcapng,0,main,1,5260,no,0x0195,no,no,no,no,no
occurrence-433,party_battle_leve.pcapng,0,main,2,5261,no,0x0001,no,no,no,no,no
occurrence-433,party_battle_leve.pcapng,0,main,3,5262,no,0x00cf,no,no,no,no,no
occurrence-433,party_battle_leve.pcapng,0,main,4,5263,no,0x0139,no,no,no,no,no
occurrence-433,party_battle_leve.pcapng,0,main,5,5264,no,0x0137,no,no,no,no,no
occurrence-434,party_battle_leve.pcapng,0,main,-5,5319,no,0x0139,no,no,no,no,no
occurrence-434,party_battle_leve.pcapng,0,main,-4,5320,no,0x0139,no,no,no,no,no
occurrence-434,party_battle_leve.pcapng,0,main,-3,5321,no,0x0137,no,no,no,no,no
occurrence-434,party_battle_leve.pcapng,0,main,-2,5322,no,0x00cf,no,no,no,no,no
occurrence-434,party_battle_leve.pcapng,0,main,-1,5323,no,0x0137,no,no,no,no,no
occurrence-434,party_battle_leve.pcapng,0,main,1,5325,no,0x00cf,no,no,no,no,no
occurrence-434,party_battle_leve.pcapng,0,main,2,5326,no,0x0177,no,no,no,no,no
occurrence-434,party_battle_leve.pcapng,0,main,3,5327,no,0x016d,no,no,no,no,no
occurrence-434,party_battle_leve.pcapng,0,main,4,5328,no,0x0146,no,no,no,no,no
occurrence-434,party_battle_leve.pcapng,0,main,5,5329,no,0x0148,no,no,no,no,no
occurrence-435,party_battle_leve.pcapng,0,main,-5,5625,yes,0x0179,no,no,no,no,no
occurrence-435,party_battle_leve.pcapng,0,main,-4,5626,yes,0x0145,no,no,no,no,no
occurrence-435,party_battle_leve.pcapng,0,main,-3,5627,yes,0x017b,no,no,no,no,no
occurrence-435,party_battle_leve.pcapng,0,main,-2,5628,yes,0x00cc,no,yes,no,no,no
occurrence-435,party_battle_leve.pcapng,0,main,-1,5629,yes,0x0137,no,no,no,no,no
occurrence-435,party_battle_leve.pcapng,0,main,1,5631,no,0x0137,no,no,no,no,no
occurrence-435,party_battle_leve.pcapng,0,main,2,5632,no,0x0001,no,no,no,no,no
occurrence-435,party_battle_leve.pcapng,0,main,3,5633,no,0x00cf,no,no,no,no,no
occurrence-435,party_battle_leve.pcapng,0,main,4,5634,no,0x0137,no,no,no,no,no
occurrence-435,party_battle_leve.pcapng,0,main,5,5635,no,0x017a,no,no,yes,no,no
occurrence-436,party_battle_leve.pcapng,0,main,-5,5692,no,0x00d0,no,no,no,no,no
occurrence-436,party_battle_leve.pcapng,0,main,-4,5693,no,0x00d0,no,no,no,no,no
occurrence-436,party_battle_leve.pcapng,0,main,-3,5694,no,0x00d0,no,no,no,no,no
occurrence-436,party_battle_leve.pcapng,0,main,-2,5695,no,0x0131,no,no,no,no,no
occurrence-436,party_battle_leve.pcapng,0,main,-1,5696,no,0x00cf,no,no,no,no,no
occurrence-436,party_battle_leve.pcapng,0,main,1,5698,no,0x0001,no,no,no,no,no
occurrence-436,party_battle_leve.pcapng,0,main,2,5699,no,0x00cf,no,no,no,no,no
occurrence-436,party_battle_leve.pcapng,0,main,3,5700,no,0x00cf,no,no,no,no,no
occurrence-436,party_battle_leve.pcapng,0,main,4,5701,no,0x00cf,no,no,no,no,no
occurrence-436,party_battle_leve.pcapng,0,main,5,5702,no,0x00cf,no,no,no,no,no
occurrence-437,party_battle_leve.pcapng,0,main,-5,5758,no,0x00cf,no,no,no,no,no
occurrence-437,party_battle_leve.pcapng,0,main,-4,5759,no,0x00cf,no,no,no,no,no
occurrence-437,party_battle_leve.pcapng,0,main,-3,5760,no,0x00cf,no,no,no,no,no
occurrence-437,party_battle_leve.pcapng,0,main,-2,5761,no,0x00cf,no,no,no,no,no
occurrence-437,party_battle_leve.pcapng,0,main,-1,5762,no,0x0137,no,no,no,no,no
occurrence-437,party_battle_leve.pcapng,0,main,1,5764,no,0x0139,no,no,no,no,no
occurrence-437,party_battle_leve.pcapng,0,main,2,5765,no,0x0137,no,no,no,no,no
occurrence-437,party_battle_leve.pcapng,0,main,3,5766,no,0x0001,no,no,no,no,no
occurrence-437,party_battle_leve.pcapng,0,main,4,5767,no,0x0177,no,no,no,no,no
occurrence-437,party_battle_leve.pcapng,0,main,5,5768,no,0x0137,no,no,no,no,no
occurrence-438,party_battle_leve.pcapng,0,main,-5,5806,no,0x00cf,no,no,no,no,no
occurrence-438,party_battle_leve.pcapng,0,main,-4,5807,no,0x00cf,no,no,no,no,no
occurrence-438,party_battle_leve.pcapng,0,main,-3,5808,no,0x00cf,no,no,no,no,no
occurrence-438,party_battle_leve.pcapng,0,main,-2,5809,no,0x0001,no,no,no,no,no
occurrence-438,party_battle_leve.pcapng,0,main,-1,5810,no,0x00cf,no,no,no,no,no
occurrence-438,party_battle_leve.pcapng,0,main,1,5812,no,0x0139,no,no,no,no,no
occurrence-438,party_battle_leve.pcapng,0,main,2,5813,no,0x0137,no,no,no,no,no
occurrence-438,party_battle_leve.pcapng,0,main,3,5814,no,0x0001,no,no,no,no,no
occurrence-438,party_battle_leve.pcapng,0,main,4,5815,no,0x0139,no,no,no,no,no
occurrence-438,party_battle_leve.pcapng,0,main,5,5816,no,0x00cf,no,no,no,no,no
occurrence-439,party_battle_leve.pcapng,0,main,-5,5873,no,0x00cf,no,no,no,no,no
occurrence-439,party_battle_leve.pcapng,0,main,-4,5874,no,0x00cf,no,no,no,no,no
occurrence-439,party_battle_leve.pcapng,0,main,-3,5875,no,0x00cf,no,no,no,no,no
occurrence-439,party_battle_leve.pcapng,0,main,-2,5876,no,0x0137,no,no,no,no,no
occurrence-439,party_battle_leve.pcapng,0,main,-1,5877,no,0x00cf,no,no,no,no,no
occurrence-439,party_battle_leve.pcapng,0,main,1,5879,no,0x0137,no,no,no,no,no
occurrence-439,party_battle_leve.pcapng,0,main,2,5880,no,0x0001,no,no,no,no,no
occurrence-439,party_battle_leve.pcapng,0,main,3,5881,no,0x0139,no,no,no,no,no
occurrence-439,party_battle_leve.pcapng,0,main,4,5882,no,0x0137,no,no,no,no,no
occurrence-439,party_battle_leve.pcapng,0,main,5,5883,no,0x00cf,no,no,no,no,no
occurrence-440,party_battle_leve.pcapng,0,main,-5,6351,no,0x0137,no,no,no,no,no
occurrence-440,party_battle_leve.pcapng,0,main,-4,6352,no,0x0137,no,no,no,no,no
occurrence-440,party_battle_leve.pcapng,0,main,-3,6353,no,0x015a,no,no,no,no,no
occurrence-440,party_battle_leve.pcapng,0,main,-2,6354,no,0x0137,no,no,no,no,no
occurrence-440,party_battle_leve.pcapng,0,main,-1,6355,no,0x00cf,no,no,no,no,no
occurrence-440,party_battle_leve.pcapng,0,main,1,6357,no,0x0137,no,no,no,no,no
occurrence-440,party_battle_leve.pcapng,0,main,2,6358,no,0x0001,no,no,no,no,no
occurrence-440,party_battle_leve.pcapng,0,main,3,6359,no,0x0137,no,no,no,no,no
occurrence-440,party_battle_leve.pcapng,0,main,4,6360,no,0x00cf,no,no,no,no,no
occurrence-440,party_battle_leve.pcapng,0,main,5,6361,no,0x00cf,no,no,no,no,no
occurrence-441,party_battle_leve.pcapng,0,main,-5,6433,no,0x00cf,no,no,no,no,no
occurrence-441,party_battle_leve.pcapng,0,main,-4,6434,no,0x00cf,no,no,no,no,no
occurrence-441,party_battle_leve.pcapng,0,main,-3,6435,no,0x00cf,no,no,no,no,no
occurrence-441,party_battle_leve.pcapng,0,main,-2,6436,no,0x00cf,no,no,no,no,no
occurrence-441,party_battle_leve.pcapng,0,main,-1,6437,no,0x00cf,no,no,no,no,no
occurrence-441,party_battle_leve.pcapng,0,main,1,6439,no,0x0001,no,no,no,no,no
occurrence-441,party_battle_leve.pcapng,0,main,2,6440,no,0x00cf,no,no,no,no,no
occurrence-441,party_battle_leve.pcapng,0,main,3,6441,no,0x00cf,no,no,no,no,no
occurrence-441,party_battle_leve.pcapng,0,main,4,6442,no,0x0137,no,no,no,no,no
occurrence-441,party_battle_leve.pcapng,0,main,5,6443,no,0x00cf,no,no,no,no,no
occurrence-442,party_battle_leve.pcapng,0,main,-5,6519,no,0x018b,no,no,yes,yes,no
occurrence-442,party_battle_leve.pcapng,0,main,-4,6520,no,0x00cf,no,no,no,no,no
occurrence-442,party_battle_leve.pcapng,0,main,-3,6521,no,0x00cf,no,no,no,no,no
occurrence-442,party_battle_leve.pcapng,0,main,-2,6522,no,0x00cf,no,no,no,no,no
occurrence-442,party_battle_leve.pcapng,0,main,-1,6523,no,0x00cf,no,no,no,no,no
occurrence-442,party_battle_leve.pcapng,0,main,1,6525,no,0x018b,no,no,yes,yes,no
occurrence-442,party_battle_leve.pcapng,0,main,2,6526,no,0x0001,no,no,no,no,no
occurrence-442,party_battle_leve.pcapng,0,main,3,6527,no,0x017c,no,no,yes,no,no
occurrence-442,party_battle_leve.pcapng,0,main,4,6528,no,0x017d,no,no,yes,no,no
occurrence-442,party_battle_leve.pcapng,0,main,5,6529,no,0x0183,no,no,yes,no,no
occurrence-443,party_battle_leve.pcapng,0,main,-5,6620,no,0x00cf,no,no,no,no,no
occurrence-443,party_battle_leve.pcapng,0,main,-4,6621,no,0x00cf,no,no,no,no,no
occurrence-443,party_battle_leve.pcapng,0,main,-3,6622,no,0x00cf,no,no,no,no,no
occurrence-443,party_battle_leve.pcapng,0,main,-2,6623,no,0x00cf,no,no,no,no,no
occurrence-443,party_battle_leve.pcapng,0,main,-1,6624,no,0x0137,no,no,no,no,no
occurrence-443,party_battle_leve.pcapng,0,main,1,6626,no,0x0001,no,no,no,no,no
occurrence-443,party_battle_leve.pcapng,0,main,2,6627,no,0x018b,no,no,yes,yes,no
occurrence-443,party_battle_leve.pcapng,0,main,3,6628,no,0x00cf,no,no,no,no,no
occurrence-443,party_battle_leve.pcapng,0,main,4,6629,no,0x018b,no,no,yes,yes,no
occurrence-443,party_battle_leve.pcapng,0,main,5,6630,no,0x0134,no,no,no,no,no
occurrence-444,party_battle_leve.pcapng,0,main,-5,6678,no,0x0001,no,no,no,no,no
occurrence-444,party_battle_leve.pcapng,0,main,-4,6679,no,0x00d3,no,no,no,no,no
occurrence-444,party_battle_leve.pcapng,0,main,-3,6680,no,0x00d3,no,no,no,no,no
occurrence-444,party_battle_leve.pcapng,0,main,-2,6681,no,0x0144,no,no,no,no,no
occurrence-444,party_battle_leve.pcapng,0,main,-1,6682,no,0x0139,no,no,no,no,no
occurrence-444,party_battle_leve.pcapng,0,main,1,6684,no,0x0001,no,no,no,no,no
occurrence-444,party_battle_leve.pcapng,0,main,2,6685,no,0x0137,no,no,no,no,no
occurrence-444,party_battle_leve.pcapng,0,main,3,6686,no,0x00d3,no,no,no,no,no
occurrence-444,party_battle_leve.pcapng,0,main,4,6687,no,0x00cf,no,no,no,no,no
occurrence-444,party_battle_leve.pcapng,0,main,5,6688,no,0x00cf,no,no,no,no,no
occurrence-445,party_battle_leve.pcapng,0,main,-5,6732,no,0x00cf,no,no,no,no,no
occurrence-445,party_battle_leve.pcapng,0,main,-4,6733,no,0x00cf,no,no,no,no,no
occurrence-445,party_battle_leve.pcapng,0,main,-3,6734,no,0x00cf,no,no,no,no,no
occurrence-445,party_battle_leve.pcapng,0,main,-2,6735,no,0x00cf,no,no,no,no,no
occurrence-445,party_battle_leve.pcapng,0,main,-1,6736,no,0x0001,no,no,no,no,no
occurrence-445,party_battle_leve.pcapng,0,main,1,6738,no,0x00d3,no,no,no,no,no
occurrence-445,party_battle_leve.pcapng,0,main,2,6739,no,0x0001,no,no,no,no,no
occurrence-445,party_battle_leve.pcapng,0,main,3,6740,no,0x0137,no,no,no,no,no
occurrence-445,party_battle_leve.pcapng,0,main,4,6741,no,0x0137,no,no,no,no,no
occurrence-445,party_battle_leve.pcapng,0,main,5,6742,no,0x0139,no,no,no,no,no
occurrence-446,party_battle_leve.pcapng,0,main,-5,6782,no,0x00cf,no,no,no,no,no
occurrence-446,party_battle_leve.pcapng,0,main,-4,6783,no,0x0137,no,no,no,no,no
occurrence-446,party_battle_leve.pcapng,0,main,-3,6784,no,0x00cf,no,no,no,no,no
occurrence-446,party_battle_leve.pcapng,0,main,-2,6785,no,0x00cf,no,no,no,no,no
occurrence-446,party_battle_leve.pcapng,0,main,-1,6786,yes,0x0137,no,no,no,no,no
occurrence-446,party_battle_leve.pcapng,0,main,1,6788,no,0x0001,no,no,no,no,no
occurrence-446,party_battle_leve.pcapng,0,main,2,6789,no,0x00cf,no,no,no,no,no
occurrence-446,party_battle_leve.pcapng,0,main,3,6790,no,0x00cf,no,no,no,no,no
occurrence-446,party_battle_leve.pcapng,0,main,4,6791,no,0x00cf,no,no,no,no,no
occurrence-446,party_battle_leve.pcapng,0,main,5,6792,no,0x00cf,no,no,no,no,no
occurrence-447,party_battle_leve.pcapng,0,main,-5,6914,no,0x00cf,no,no,no,no,no
occurrence-447,party_battle_leve.pcapng,0,main,-4,6915,no,0x00cb,no,yes,no,no,no
occurrence-447,party_battle_leve.pcapng,0,main,-3,6916,no,0x00cf,no,no,no,no,no
occurrence-447,party_battle_leve.pcapng,0,main,-2,6917,no,0x00cf,no,no,no,no,no
occurrence-447,party_battle_leve.pcapng,0,main,-1,6918,no,0x0001,no,no,no,no,no
occurrence-447,party_battle_leve.pcapng,0,main,1,6920,no,0x00cf,no,no,no,no,no
occurrence-447,party_battle_leve.pcapng,0,main,2,6921,no,0x00cf,no,no,no,no,no
occurrence-447,party_battle_leve.pcapng,0,main,3,6922,no,0x00cf,no,no,no,no,no
occurrence-447,party_battle_leve.pcapng,0,main,4,6923,no,0x00cf,no,no,no,no,no
occurrence-447,party_battle_leve.pcapng,0,main,5,6924,no,0x00cf,no,no,no,no,no
occurrence-448,party_battle_leve.pcapng,0,main,-5,7094,no,0x0179,no,no,no,no,no
occurrence-448,party_battle_leve.pcapng,0,main,-4,7095,no,0x0145,no,no,no,no,no
occurrence-448,party_battle_leve.pcapng,0,main,-3,7096,no,0x017b,no,no,no,no,no
occurrence-448,party_battle_leve.pcapng,0,main,-2,7097,no,0x00cc,no,yes,no,no,no
occurrence-448,party_battle_leve.pcapng,0,main,-1,7098,no,0x0137,no,no,no,no,no
occurrence-448,party_battle_leve.pcapng,0,main,1,7100,yes,0x0136,no,no,no,no,no
occurrence-448,party_battle_leve.pcapng,0,main,2,7101,yes,0x0136,no,no,no,no,no
occurrence-448,party_battle_leve.pcapng,0,main,3,7102,yes,0x0136,no,no,no,no,no
occurrence-448,party_battle_leve.pcapng,0,main,4,7103,no,0x00cf,no,no,no,no,no
occurrence-448,party_battle_leve.pcapng,0,main,5,7104,no,0x00cf,no,no,no,no,no
occurrence-449,party_battle_leve.pcapng,0,main,-5,7207,no,0x00cf,no,no,no,no,no
occurrence-449,party_battle_leve.pcapng,0,main,-4,7208,no,0x0137,no,no,no,no,no
occurrence-449,party_battle_leve.pcapng,0,main,-3,7209,no,0x0001,no,no,no,no,no
occurrence-449,party_battle_leve.pcapng,0,main,-2,7210,yes,0x00cf,no,no,no,no,no
occurrence-449,party_battle_leve.pcapng,0,main,-1,7211,yes,0x00cf,no,no,no,no,no
occurrence-449,party_battle_leve.pcapng,0,main,1,7213,no,0x0137,no,no,no,no,no
occurrence-449,party_battle_leve.pcapng,0,main,2,7214,no,0x00cf,no,no,no,no,no
occurrence-449,party_battle_leve.pcapng,0,main,3,7215,no,0x00cf,no,no,no,no,no
occurrence-449,party_battle_leve.pcapng,0,main,4,7216,no,0x00cf,no,no,no,no,no
occurrence-449,party_battle_leve.pcapng,0,main,5,7217,no,0x00cf,no,no,no,no,no
occurrence-450,party_battle_leve.pcapng,0,main,-5,7545,no,0x00cf,no,no,no,no,no
occurrence-450,party_battle_leve.pcapng,0,main,-4,7546,no,0x00cf,no,no,no,no,no
occurrence-450,party_battle_leve.pcapng,0,main,-3,7547,no,0x00cf,no,no,no,no,no
occurrence-450,party_battle_leve.pcapng,0,main,-2,7548,no,0x00cf,no,no,no,no,no
occurrence-450,party_battle_leve.pcapng,0,main,-1,7549,no,0x0001,no,no,no,no,no
occurrence-450,party_battle_leve.pcapng,0,main,1,7551,no,0x00cf,no,no,no,no,no
occurrence-450,party_battle_leve.pcapng,0,main,2,7552,no,0x00cf,no,no,no,no,no
occurrence-450,party_battle_leve.pcapng,0,main,3,7553,no,0x00d2,no,no,no,no,no
occurrence-450,party_battle_leve.pcapng,0,main,4,7554,no,0x00cf,no,no,no,no,no
occurrence-450,party_battle_leve.pcapng,0,main,5,7555,no,0x00cf,no,no,no,no,no
occurrence-451,party_battle_leve.pcapng,0,main,-5,7615,no,0x00cf,no,no,no,no,no
occurrence-451,party_battle_leve.pcapng,0,main,-4,7616,no,0x00cf,no,no,no,no,no
occurrence-451,party_battle_leve.pcapng,0,main,-3,7617,no,0x00cf,no,no,no,no,no
occurrence-451,party_battle_leve.pcapng,0,main,-2,7618,no,0x00cf,no,no,no,no,no
occurrence-451,party_battle_leve.pcapng,0,main,-1,7619,no,0x0001,no,no,no,no,no
occurrence-451,party_battle_leve.pcapng,0,main,1,7621,no,0x018b,no,no,yes,yes,no
occurrence-451,party_battle_leve.pcapng,0,main,2,7622,no,0x00cf,no,no,no,no,no
occurrence-451,party_battle_leve.pcapng,0,main,3,7623,no,0x00cf,no,no,no,no,no
occurrence-451,party_battle_leve.pcapng,0,main,4,7624,no,0x018b,no,no,yes,yes,no
occurrence-451,party_battle_leve.pcapng,0,main,5,7625,no,0x00cf,no,no,no,no,no
occurrence-452,party_battle_leve.pcapng,0,main,-5,7725,no,0x0001,no,no,no,no,no
occurrence-452,party_battle_leve.pcapng,0,main,-4,7726,no,0x00cf,no,no,no,no,no
occurrence-452,party_battle_leve.pcapng,0,main,-3,7727,no,0x00cf,no,no,no,no,no
occurrence-452,party_battle_leve.pcapng,0,main,-2,7728,no,0x00cf,no,no,no,no,no
occurrence-452,party_battle_leve.pcapng,0,main,-1,7729,no,0x0137,no,no,no,no,no
occurrence-452,party_battle_leve.pcapng,0,main,1,7731,no,0x0139,no,no,no,no,no
occurrence-452,party_battle_leve.pcapng,0,main,2,7732,no,0x00cf,no,no,no,no,no
occurrence-452,party_battle_leve.pcapng,0,main,3,7733,no,0x00cf,no,no,no,no,no
occurrence-452,party_battle_leve.pcapng,0,main,4,7734,no,0x0137,no,no,no,no,no
occurrence-452,party_battle_leve.pcapng,0,main,5,7735,no,0x0137,no,no,no,no,no
occurrence-453,party_battle_leve.pcapng,0,main,-5,7773,no,0x0001,no,no,no,no,no
occurrence-453,party_battle_leve.pcapng,0,main,-4,7774,no,0x00db,no,no,no,no,no
occurrence-453,party_battle_leve.pcapng,0,main,-3,7775,no,0x0137,no,no,no,no,no
occurrence-453,party_battle_leve.pcapng,0,main,-2,7776,no,0x0195,no,no,no,no,no
occurrence-453,party_battle_leve.pcapng,0,main,-1,7777,no,0x0195,no,no,no,no,no
occurrence-453,party_battle_leve.pcapng,0,main,1,7779,no,0x0139,no,no,no,no,no
occurrence-453,party_battle_leve.pcapng,0,main,2,7780,no,0x0137,no,no,no,no,no
occurrence-453,party_battle_leve.pcapng,0,main,3,7781,no,0x00cf,no,no,no,no,no
occurrence-453,party_battle_leve.pcapng,0,main,4,7782,no,0x00cf,no,no,no,no,no
occurrence-453,party_battle_leve.pcapng,0,main,5,7783,no,0x00cf,no,no,no,no,no
occurrence-454,party_battle_leve.pcapng,0,main,-5,7842,no,0x00d0,no,no,no,no,no
occurrence-454,party_battle_leve.pcapng,0,main,-4,7843,no,0x00d0,no,no,no,no,no
occurrence-454,party_battle_leve.pcapng,0,main,-3,7844,no,0x00d0,no,no,no,no,no
occurrence-454,party_battle_leve.pcapng,0,main,-2,7845,no,0x0139,no,no,no,no,no
occurrence-454,party_battle_leve.pcapng,0,main,-1,7846,no,0x0131,no,no,no,no,no
occurrence-454,party_battle_leve.pcapng,0,main,1,7848,no,0x0139,no,no,no,no,no
occurrence-454,party_battle_leve.pcapng,0,main,2,7849,no,0x0137,no,no,no,no,no
occurrence-454,party_battle_leve.pcapng,0,main,3,7850,no,0x0001,no,no,no,no,no
occurrence-454,party_battle_leve.pcapng,0,main,4,7851,no,0x0137,no,no,no,no,no
occurrence-454,party_battle_leve.pcapng,0,main,5,7852,no,0x0001,no,no,no,no,no
occurrence-455,party_battle_leve.pcapng,0,main,-5,7895,no,0x00db,no,no,no,no,no
occurrence-455,party_battle_leve.pcapng,0,main,-4,7896,no,0x0195,no,no,no,no,no
occurrence-455,party_battle_leve.pcapng,0,main,-3,7897,no,0x0195,no,no,no,no,no
occurrence-455,party_battle_leve.pcapng,0,main,-2,7898,no,0x0001,no,no,no,no,no
occurrence-455,party_battle_leve.pcapng,0,main,-1,7899,no,0x0137,no,no,no,no,no
occurrence-455,party_battle_leve.pcapng,0,main,1,7901,no,0x0131,no,no,no,no,no
occurrence-455,party_battle_leve.pcapng,0,main,2,7902,no,0x0001,no,no,no,no,no
occurrence-455,party_battle_leve.pcapng,0,main,3,7903,no,0x0139,no,no,no,no,no
occurrence-455,party_battle_leve.pcapng,0,main,4,7904,no,0x00cf,no,no,no,no,no
occurrence-455,party_battle_leve.pcapng,0,main,5,7905,no,0x00cf,no,no,no,no,no
occurrence-456,party_battle_leve.pcapng,0,main,-5,7985,no,0x00cf,no,no,no,no,no
occurrence-456,party_battle_leve.pcapng,0,main,-4,7986,no,0x00cf,no,no,no,no,no
occurrence-456,party_battle_leve.pcapng,0,main,-3,7987,no,0x00cf,no,no,no,no,no
occurrence-456,party_battle_leve.pcapng,0,main,-2,7988,no,0x00cf,no,no,no,no,no
occurrence-456,party_battle_leve.pcapng,0,main,-1,7989,no,0x00cf,no,no,no,no,no
occurrence-456,party_battle_leve.pcapng,0,main,1,7991,no,0x0137,no,no,no,no,no
occurrence-456,party_battle_leve.pcapng,0,main,2,7992,no,0x0001,no,no,no,no,no
occurrence-456,party_battle_leve.pcapng,0,main,3,7993,no,0x018f,no,no,no,no,no
occurrence-456,party_battle_leve.pcapng,0,main,4,7994,no,0x0190,no,no,no,no,no
occurrence-456,party_battle_leve.pcapng,0,main,5,7995,no,0x0190,no,no,no,no,no
occurrence-457,party_battle_leve.pcapng,0,main,-5,8221,no,0x00cf,no,no,no,no,no
occurrence-457,party_battle_leve.pcapng,0,main,-4,8222,no,0x00cf,no,no,no,no,no
occurrence-457,party_battle_leve.pcapng,0,main,-3,8223,no,0x0137,no,no,no,no,no
occurrence-457,party_battle_leve.pcapng,0,main,-2,8224,no,0x0001,no,no,no,no,no
occurrence-457,party_battle_leve.pcapng,0,main,-1,8225,no,0x0137,no,no,no,no,no
occurrence-457,party_battle_leve.pcapng,0,main,1,8227,no,0x0001,no,no,no,no,no
occurrence-457,party_battle_leve.pcapng,0,main,2,8228,no,0x00cf,no,no,no,no,no
occurrence-457,party_battle_leve.pcapng,0,main,3,8229,no,0x00cf,no,no,no,no,no
occurrence-457,party_battle_leve.pcapng,0,main,4,8230,no,0x00cf,no,no,no,no,no
occurrence-457,party_battle_leve.pcapng,0,main,5,8231,no,0x00cf,no,no,no,no,no
occurrence-458,party_battle_leve.pcapng,0,main,-5,8266,no,0x00cf,no,no,no,no,no
occurrence-458,party_battle_leve.pcapng,0,main,-4,8267,no,0x00cf,no,no,no,no,no
occurrence-458,party_battle_leve.pcapng,0,main,-3,8268,no,0x00cf,no,no,no,no,no
occurrence-458,party_battle_leve.pcapng,0,main,-2,8269,no,0x00cf,no,no,no,no,no
occurrence-458,party_battle_leve.pcapng,0,main,-1,8270,no,0x00d3,no,no,no,no,no
occurrence-458,party_battle_leve.pcapng,0,main,1,8272,no,0x0137,no,no,no,no,no
occurrence-458,party_battle_leve.pcapng,0,main,2,8273,no,0x00d3,no,no,no,no,no
occurrence-458,party_battle_leve.pcapng,0,main,3,8274,no,0x0001,no,no,no,no,no
occurrence-458,party_battle_leve.pcapng,0,main,4,8275,no,0x0137,no,no,no,no,no
occurrence-458,party_battle_leve.pcapng,0,main,5,8276,no,0x00d3,no,no,no,no,no
occurrence-459,party_battle_leve.pcapng,0,main,-5,8321,no,0x00cf,no,no,no,no,no
occurrence-459,party_battle_leve.pcapng,0,main,-4,8322,no,0x0001,no,no,no,no,no
occurrence-459,party_battle_leve.pcapng,0,main,-3,8323,no,0x00cf,no,no,no,no,no
occurrence-459,party_battle_leve.pcapng,0,main,-2,8324,no,0x00d3,no,no,no,no,no
occurrence-459,party_battle_leve.pcapng,0,main,-1,8325,no,0x00cf,no,no,no,no,no
occurrence-459,party_battle_leve.pcapng,0,main,1,8327,no,0x00cf,no,no,no,no,no
occurrence-459,party_battle_leve.pcapng,0,main,2,8328,no,0x00d2,no,no,no,no,no
occurrence-459,party_battle_leve.pcapng,0,main,3,8329,no,0x00cf,no,no,no,no,no
occurrence-459,party_battle_leve.pcapng,0,main,4,8330,no,0x018b,no,no,yes,yes,no
occurrence-459,party_battle_leve.pcapng,0,main,5,8331,no,0x0133,no,no,no,no,no
occurrence-460,party_battle_leve.pcapng,0,main,-5,8484,no,0x00cf,no,no,no,no,no
occurrence-460,party_battle_leve.pcapng,0,main,-4,8485,no,0x00cf,no,no,no,no,no
occurrence-460,party_battle_leve.pcapng,0,main,-3,8486,no,0x00cf,no,no,no,no,no
occurrence-460,party_battle_leve.pcapng,0,main,-2,8487,no,0x00cf,no,no,no,no,no
occurrence-460,party_battle_leve.pcapng,0,main,-1,8488,no,0x00cf,no,no,no,no,no
occurrence-460,party_battle_leve.pcapng,0,main,1,8490,yes,0x00de,no,no,no,no,no
occurrence-460,party_battle_leve.pcapng,0,main,2,8491,no,0x00cb,no,yes,no,no,no
occurrence-460,party_battle_leve.pcapng,0,main,3,8492,no,0x00cb,no,yes,no,no,no
occurrence-460,party_battle_leve.pcapng,0,main,4,8493,no,0x00cf,no,no,no,no,no
occurrence-460,party_battle_leve.pcapng,0,main,5,8494,no,0x0001,no,no,no,no,no
occurrence-461,party_battle_leve.pcapng,0,main,-5,8550,no,0x0137,no,no,no,no,no
occurrence-461,party_battle_leve.pcapng,0,main,-4,8551,no,0x0139,no,no,no,no,no
occurrence-461,party_battle_leve.pcapng,0,main,-3,8552,no,0x00cf,no,no,no,no,no
occurrence-461,party_battle_leve.pcapng,0,main,-2,8553,no,0x0001,no,no,no,no,no
occurrence-461,party_battle_leve.pcapng,0,main,-1,8554,no,0x0195,no,no,no,no,no
occurrence-461,party_battle_leve.pcapng,0,main,1,8556,no,0x00cf,no,no,no,no,no
occurrence-461,party_battle_leve.pcapng,0,main,2,8557,no,0x0001,no,no,no,no,no
occurrence-461,party_battle_leve.pcapng,0,main,3,8558,no,0x0177,no,no,no,no,no
occurrence-461,party_battle_leve.pcapng,0,main,4,8559,no,0x0137,no,no,no,no,no
occurrence-461,party_battle_leve.pcapng,0,main,5,8560,no,0x0137,no,no,no,no,no
occurrence-462,party_battle_leve.pcapng,0,main,-5,8618,no,0x00cf,no,no,no,no,no
occurrence-462,party_battle_leve.pcapng,0,main,-4,8619,no,0x00cf,no,no,no,no,no
occurrence-462,party_battle_leve.pcapng,0,main,-3,8620,no,0x00cf,no,no,no,no,no
occurrence-462,party_battle_leve.pcapng,0,main,-2,8621,no,0x00cf,no,no,no,no,no
occurrence-462,party_battle_leve.pcapng,0,main,-1,8622,no,0x0001,no,no,no,no,no
occurrence-462,party_battle_leve.pcapng,0,main,1,8624,no,0x0139,no,no,no,no,no
occurrence-462,party_battle_leve.pcapng,0,main,2,8625,no,0x0137,no,no,no,no,no
occurrence-462,party_battle_leve.pcapng,0,main,3,8626,no,0x0177,no,no,no,no,no
occurrence-462,party_battle_leve.pcapng,0,main,4,8627,no,0x0137,no,no,no,no,no
occurrence-462,party_battle_leve.pcapng,0,main,5,8628,no,0x0139,no,no,no,no,no
occurrence-463,party_battle_leve.pcapng,0,main,-5,8694,no,0x00cf,no,no,no,no,no
occurrence-463,party_battle_leve.pcapng,0,main,-4,8695,no,0x00cf,no,no,no,no,no
occurrence-463,party_battle_leve.pcapng,0,main,-3,8696,no,0x0001,no,no,no,no,no
occurrence-463,party_battle_leve.pcapng,0,main,-2,8697,no,0x00cf,no,no,no,no,no
occurrence-463,party_battle_leve.pcapng,0,main,-1,8698,no,0x0001,no,no,no,no,no
occurrence-463,party_battle_leve.pcapng,0,main,1,8700,no,0x00cf,no,no,no,no,no
occurrence-463,party_battle_leve.pcapng,0,main,2,8701,no,0x0139,no,no,no,no,no
occurrence-463,party_battle_leve.pcapng,0,main,3,8702,no,0x0137,no,no,no,no,no
occurrence-463,party_battle_leve.pcapng,0,main,4,8703,no,0x0137,no,no,no,no,no
occurrence-463,party_battle_leve.pcapng,0,main,5,8704,no,0x0137,no,no,no,no,no
occurrence-464,party_battle_leve.pcapng,0,main,-5,8766,no,0x0137,no,no,no,no,no
occurrence-464,party_battle_leve.pcapng,0,main,-4,8767,no,0x0137,no,no,no,no,no
occurrence-464,party_battle_leve.pcapng,0,main,-3,8768,no,0x00cf,no,no,no,no,no
occurrence-464,party_battle_leve.pcapng,0,main,-2,8769,no,0x0001,no,no,no,no,no
occurrence-464,party_battle_leve.pcapng,0,main,-1,8770,yes,0x0139,no,no,no,no,no
occurrence-464,party_battle_leve.pcapng,0,main,1,8772,yes,0x0137,no,no,no,no,no
occurrence-464,party_battle_leve.pcapng,0,main,2,8773,no,0x00cf,no,no,no,no,no
occurrence-464,party_battle_leve.pcapng,0,main,3,8774,no,0x00cf,no,no,no,no,no
occurrence-464,party_battle_leve.pcapng,0,main,4,8775,no,0x00cf,no,no,no,no,no
occurrence-464,party_battle_leve.pcapng,0,main,5,8776,no,0x00cf,no,no,no,no,no
occurrence-465,party_battle_leve.pcapng,0,main,-5,9027,no,0x00cf,no,no,no,no,no
occurrence-465,party_battle_leve.pcapng,0,main,-4,9028,no,0x0144,no,no,no,no,no
occurrence-465,party_battle_leve.pcapng,0,main,-3,9029,no,0x0139,no,no,no,no,no
occurrence-465,party_battle_leve.pcapng,0,main,-2,9030,no,0x0137,no,no,no,no,no
occurrence-465,party_battle_leve.pcapng,0,main,-1,9031,no,0x0001,no,no,no,no,no
occurrence-465,party_battle_leve.pcapng,0,main,1,9033,yes,0x00cf,no,no,no,no,no
occurrence-465,party_battle_leve.pcapng,0,main,2,9034,no,0x0139,no,no,no,no,no
occurrence-465,party_battle_leve.pcapng,0,main,3,9035,no,0x0137,no,no,no,no,no
occurrence-465,party_battle_leve.pcapng,0,main,4,9036,no,0x0001,no,no,no,no,no
occurrence-465,party_battle_leve.pcapng,0,main,5,9037,no,0x0139,no,no,no,no,no
occurrence-466,party_battle_leve.pcapng,0,main,-5,9316,no,0x0137,no,no,no,no,no
occurrence-466,party_battle_leve.pcapng,0,main,-4,9317,no,0x0137,no,no,no,no,no
occurrence-466,party_battle_leve.pcapng,0,main,-3,9318,no,0x0001,no,no,no,no,no
occurrence-466,party_battle_leve.pcapng,0,main,-2,9319,no,0x00cf,no,no,no,no,no
occurrence-466,party_battle_leve.pcapng,0,main,-1,9320,no,0x0137,no,no,no,no,no
occurrence-466,party_battle_leve.pcapng,0,main,1,9322,no,0x017a,no,no,yes,no,no
occurrence-466,party_battle_leve.pcapng,0,main,2,9323,no,0x0137,no,no,no,no,no
occurrence-466,party_battle_leve.pcapng,0,main,3,9324,no,0x0137,no,no,no,no,no
occurrence-466,party_battle_leve.pcapng,0,main,4,9325,no,0x00cf,no,no,no,no,no
occurrence-466,party_battle_leve.pcapng,0,main,5,9326,no,0x00cf,no,no,no,no,no
occurrence-467,party_battle_leve.pcapng,0,main,-5,9482,no,0x0137,no,no,no,no,no
occurrence-467,party_battle_leve.pcapng,0,main,-4,9483,no,0x00de,no,no,no,no,no
occurrence-467,party_battle_leve.pcapng,0,main,-3,9484,yes,0x00d0,no,no,no,no,no
occurrence-467,party_battle_leve.pcapng,0,main,-2,9485,yes,0x00d0,no,no,no,no,no
occurrence-467,party_battle_leve.pcapng,0,main,-1,9486,yes,0x013a,no,no,no,no,no
occurrence-467,party_battle_leve.pcapng,0,main,1,9488,no,0x0137,no,no,no,no,no
occurrence-467,party_battle_leve.pcapng,0,main,2,9489,no,0x0001,no,no,no,no,no
occurrence-467,party_battle_leve.pcapng,0,main,3,9490,no,0x0137,no,no,no,no,no
occurrence-467,party_battle_leve.pcapng,0,main,4,9491,no,0x0139,no,no,no,no,no
occurrence-467,party_battle_leve.pcapng,0,main,5,9492,no,0x00cf,no,no,no,no,no
occurrence-468,party_battle_leve.pcapng,0,main,-5,9529,no,0x00cf,no,no,no,no,no
occurrence-468,party_battle_leve.pcapng,0,main,-4,9530,no,0x00cf,no,no,no,no,no
occurrence-468,party_battle_leve.pcapng,0,main,-3,9531,no,0x00cf,no,no,no,no,no
occurrence-468,party_battle_leve.pcapng,0,main,-2,9532,no,0x0001,no,no,no,no,no
occurrence-468,party_battle_leve.pcapng,0,main,-1,9533,no,0x00db,no,no,no,no,no
occurrence-468,party_battle_leve.pcapng,0,main,1,9535,no,0x00cf,no,no,no,no,no
occurrence-468,party_battle_leve.pcapng,0,main,2,9536,no,0x00cf,no,no,no,no,no
occurrence-468,party_battle_leve.pcapng,0,main,3,9537,no,0x00cf,no,no,no,no,no
occurrence-468,party_battle_leve.pcapng,0,main,4,9538,no,0x00cf,no,no,no,no,no
occurrence-468,party_battle_leve.pcapng,0,main,5,9539,no,0x00cf,no,no,no,no,no
occurrence-469,party_battle_leve.pcapng,0,main,-5,9592,no,0x00cf,no,no,no,no,no
occurrence-469,party_battle_leve.pcapng,0,main,-4,9593,no,0x00cf,no,no,no,no,no
occurrence-469,party_battle_leve.pcapng,0,main,-3,9594,no,0x0001,no,no,no,no,no
occurrence-469,party_battle_leve.pcapng,0,main,-2,9595,no,0x0137,no,no,no,no,no
occurrence-469,party_battle_leve.pcapng,0,main,-1,9596,no,0x0139,no,no,no,no,no
occurrence-469,party_battle_leve.pcapng,0,main,1,9598,no,0x0137,no,no,no,no,no
occurrence-469,party_battle_leve.pcapng,0,main,2,9599,no,0x00cf,no,no,no,no,no
occurrence-469,party_battle_leve.pcapng,0,main,3,9600,no,0x0144,no,no,no,no,no
occurrence-469,party_battle_leve.pcapng,0,main,4,9601,no,0x0139,no,no,no,no,no
occurrence-469,party_battle_leve.pcapng,0,main,5,9602,no,0x0139,no,no,no,no,no
occurrence-470,party_battle_leve.pcapng,0,main,-5,9708,no,0x00cc,no,yes,no,no,no
occurrence-470,party_battle_leve.pcapng,0,main,-4,9709,no,0x0137,no,no,no,no,no
occurrence-470,party_battle_leve.pcapng,0,main,-3,9710,yes,0x0136,no,no,no,no,no
occurrence-470,party_battle_leve.pcapng,0,main,-2,9711,yes,0x0136,no,no,no,no,no
occurrence-470,party_battle_leve.pcapng,0,main,-1,9712,yes,0x0136,no,no,no,no,no
occurrence-470,party_battle_leve.pcapng,0,main,1,9714,no,0x0195,no,no,no,no,no
occurrence-470,party_battle_leve.pcapng,0,main,2,9715,no,0x0137,no,no,no,no,no
occurrence-470,party_battle_leve.pcapng,0,main,3,9716,no,0x00cf,no,no,no,no,no
occurrence-470,party_battle_leve.pcapng,0,main,4,9717,no,0x0144,no,no,no,no,no
occurrence-470,party_battle_leve.pcapng,0,main,5,9718,no,0x0139,no,no,no,no,no
occurrence-471,party_battle_leve.pcapng,0,main,-5,9805,no,0x00cf,no,no,no,no,no
occurrence-471,party_battle_leve.pcapng,0,main,-4,9806,no,0x00cf,no,no,no,no,no
occurrence-471,party_battle_leve.pcapng,0,main,-3,9807,no,0x00cf,no,no,no,no,no
occurrence-471,party_battle_leve.pcapng,0,main,-2,9808,no,0x00cf,no,no,no,no,no
occurrence-471,party_battle_leve.pcapng,0,main,-1,9809,no,0x0001,no,no,no,no,no
occurrence-471,party_battle_leve.pcapng,0,main,1,9811,no,0x0139,no,no,no,no,no
occurrence-471,party_battle_leve.pcapng,0,main,2,9812,no,0x0137,no,no,no,no,no
occurrence-471,party_battle_leve.pcapng,0,main,3,9813,no,0x0137,no,no,no,no,no
occurrence-471,party_battle_leve.pcapng,0,main,4,9814,no,0x0177,no,no,no,no,no
occurrence-471,party_battle_leve.pcapng,0,main,5,9815,no,0x0137,no,no,no,no,no
occurrence-472,party_battle_leve.pcapng,0,main,-5,10070,no,0x00cf,no,no,no,no,no
occurrence-472,party_battle_leve.pcapng,0,main,-4,10071,no,0x0139,no,no,no,no,no
occurrence-472,party_battle_leve.pcapng,0,main,-3,10072,no,0x0137,no,no,no,no,no
occurrence-472,party_battle_leve.pcapng,0,main,-2,10073,no,0x0137,no,no,no,no,no
occurrence-472,party_battle_leve.pcapng,0,main,-1,10074,no,0x0001,no,no,no,no,no
occurrence-472,party_battle_leve.pcapng,0,main,1,10076,no,0x00cf,no,no,no,no,no
occurrence-472,party_battle_leve.pcapng,0,main,2,10077,no,0x0001,no,no,no,no,no
occurrence-472,party_battle_leve.pcapng,0,main,3,10078,no,0x0177,no,no,no,no,no
occurrence-472,party_battle_leve.pcapng,0,main,4,10079,no,0x0137,no,no,no,no,no
occurrence-472,party_battle_leve.pcapng,0,main,5,10080,no,0x0137,no,no,no,no,no
occurrence-473,party_battle_leve.pcapng,0,main,-5,10133,no,0x00cf,no,no,no,no,no
occurrence-473,party_battle_leve.pcapng,0,main,-4,10134,no,0x00cf,no,no,no,no,no
occurrence-473,party_battle_leve.pcapng,0,main,-3,10135,no,0x00cf,no,no,no,no,no
occurrence-473,party_battle_leve.pcapng,0,main,-2,10136,no,0x00cf,no,no,no,no,no
occurrence-473,party_battle_leve.pcapng,0,main,-1,10137,no,0x00cf,no,no,no,no,no
occurrence-473,party_battle_leve.pcapng,0,main,1,10139,no,0x0144,no,no,no,no,no
occurrence-473,party_battle_leve.pcapng,0,main,2,10140,no,0x0139,no,no,no,no,no
occurrence-473,party_battle_leve.pcapng,0,main,3,10141,no,0x0137,no,no,no,no,no
occurrence-473,party_battle_leve.pcapng,0,main,4,10142,no,0x0137,no,no,no,no,no
occurrence-473,party_battle_leve.pcapng,0,main,5,10143,no,0x0137,no,no,no,no,no
occurrence-474,party_battle_leve.pcapng,0,main,-5,10384,no,0x00cf,no,no,no,no,no
occurrence-474,party_battle_leve.pcapng,0,main,-4,10385,no,0x00cf,no,no,no,no,no
occurrence-474,party_battle_leve.pcapng,0,main,-3,10386,no,0x00cf,no,no,no,no,no
occurrence-474,party_battle_leve.pcapng,0,main,-2,10387,no,0x0137,no,no,no,no,no
occurrence-474,party_battle_leve.pcapng,0,main,-1,10388,no,0x0001,no,no,no,no,no
occurrence-474,party_battle_leve.pcapng,0,main,1,10390,no,0x0001,no,no,no,no,no
occurrence-474,party_battle_leve.pcapng,0,main,2,10391,no,0x00cf,no,no,no,no,no
occurrence-474,party_battle_leve.pcapng,0,main,3,10392,no,0x00cf,no,no,no,no,no
occurrence-474,party_battle_leve.pcapng,0,main,4,10393,no,0x00cf,no,no,no,no,no
occurrence-474,party_battle_leve.pcapng,0,main,5,10394,no,0x00cf,no,no,no,no,no
occurrence-475,party_battle_leve.pcapng,0,main,-5,10421,no,0x00cf,no,no,no,no,no
occurrence-475,party_battle_leve.pcapng,0,main,-4,10422,no,0x0001,no,no,no,no,no
occurrence-475,party_battle_leve.pcapng,0,main,-3,10423,no,0x00cf,no,no,no,no,no
occurrence-475,party_battle_leve.pcapng,0,main,-2,10424,no,0x0001,no,no,no,no,no
occurrence-475,party_battle_leve.pcapng,0,main,-1,10425,no,0x0137,no,no,no,no,no
occurrence-475,party_battle_leve.pcapng,0,main,1,10427,no,0x00cf,no,no,no,no,no
occurrence-475,party_battle_leve.pcapng,0,main,2,10428,no,0x00cf,no,no,no,no,no
occurrence-475,party_battle_leve.pcapng,0,main,3,10429,no,0x00cf,no,no,no,no,no
occurrence-475,party_battle_leve.pcapng,0,main,4,10430,no,0x00cf,no,no,no,no,no
occurrence-475,party_battle_leve.pcapng,0,main,5,10431,no,0x00cf,no,no,no,no,no
occurrence-476,party_battle_leve.pcapng,0,main,-5,10470,no,0x00cf,no,no,no,no,no
occurrence-476,party_battle_leve.pcapng,0,main,-4,10471,no,0x00cf,no,no,no,no,no
occurrence-476,party_battle_leve.pcapng,0,main,-3,10472,no,0x00cf,no,no,no,no,no
occurrence-476,party_battle_leve.pcapng,0,main,-2,10473,no,0x00cf,no,no,no,no,no
occurrence-476,party_battle_leve.pcapng,0,main,-1,10474,no,0x0001,no,no,no,no,no
occurrence-476,party_battle_leve.pcapng,0,main,1,10476,no,0x00cf,no,no,no,no,no
occurrence-476,party_battle_leve.pcapng,0,main,2,10477,no,0x00cf,no,no,no,no,no
occurrence-476,party_battle_leve.pcapng,0,main,3,10478,no,0x00cf,no,no,no,no,no
occurrence-476,party_battle_leve.pcapng,0,main,4,10479,no,0x0001,no,no,no,no,no
occurrence-476,party_battle_leve.pcapng,0,main,5,10480,no,0x0134,no,no,no,no,no
occurrence-477,party_battle_leve.pcapng,0,main,-5,10596,no,0x00cc,no,yes,no,no,no
occurrence-477,party_battle_leve.pcapng,0,main,-4,10597,no,0x0137,no,no,no,no,no
occurrence-477,party_battle_leve.pcapng,0,main,-3,10598,no,0x0136,no,no,no,no,no
occurrence-477,party_battle_leve.pcapng,0,main,-2,10599,yes,0x00cf,no,no,no,no,no
occurrence-477,party_battle_leve.pcapng,0,main,-1,10600,yes,0x00cf,no,no,no,no,no
occurrence-477,party_battle_leve.pcapng,0,main,1,10602,no,0x00cf,no,no,no,no,no
occurrence-477,party_battle_leve.pcapng,0,main,2,10603,no,0x00cf,no,no,no,no,no
occurrence-477,party_battle_leve.pcapng,0,main,3,10604,no,0x00cf,no,no,no,no,no
occurrence-477,party_battle_leve.pcapng,0,main,4,10605,no,0x00cf,no,no,no,no,no
occurrence-477,party_battle_leve.pcapng,0,main,5,10606,no,0x00cf,no,no,no,no,no
occurrence-478,party_battle_leve.pcapng,0,main,-5,10772,yes,0x0179,no,no,no,no,no
occurrence-478,party_battle_leve.pcapng,0,main,-4,10773,yes,0x0145,no,no,no,no,no
occurrence-478,party_battle_leve.pcapng,0,main,-3,10774,yes,0x017b,no,no,no,no,no
occurrence-478,party_battle_leve.pcapng,0,main,-2,10775,yes,0x00cc,no,yes,no,no,no
occurrence-478,party_battle_leve.pcapng,0,main,-1,10776,yes,0x0137,no,no,no,no,no
occurrence-478,party_battle_leve.pcapng,0,main,1,10778,no,0x0137,no,no,no,no,no
occurrence-478,party_battle_leve.pcapng,0,main,2,10779,no,0x0137,no,no,no,no,no
occurrence-478,party_battle_leve.pcapng,0,main,3,10780,no,0x0137,no,no,no,no,no
occurrence-478,party_battle_leve.pcapng,0,main,4,10781,no,0x00d3,no,no,no,no,no
occurrence-478,party_battle_leve.pcapng,0,main,5,10782,no,0x00cb,no,yes,no,no,no
occurrence-479,party_battle_leve.pcapng,0,main,-5,10861,no,0x0179,no,no,no,no,no
occurrence-479,party_battle_leve.pcapng,0,main,-4,10862,no,0x0145,no,no,no,no,no
occurrence-479,party_battle_leve.pcapng,0,main,-3,10863,no,0x017b,no,no,no,no,no
occurrence-479,party_battle_leve.pcapng,0,main,-2,10864,no,0x00cc,no,yes,no,no,no
occurrence-479,party_battle_leve.pcapng,0,main,-1,10865,no,0x0137,no,no,no,no,no
occurrence-479,party_battle_leve.pcapng,0,main,1,10867,no,0x017a,no,no,yes,no,no
occurrence-479,party_battle_leve.pcapng,0,main,2,10868,no,0x00cf,no,no,no,no,no
occurrence-479,party_battle_leve.pcapng,0,main,3,10869,no,0x00cf,no,no,no,no,no
occurrence-479,party_battle_leve.pcapng,0,main,4,10870,no,0x00cf,no,no,no,no,no
occurrence-479,party_battle_leve.pcapng,0,main,5,10871,no,0x00cf,no,no,no,no,no
occurrence-480,party_battle_leve.pcapng,0,main,-5,10951,no,0x00cf,no,no,no,no,no
occurrence-480,party_battle_leve.pcapng,0,main,-4,10952,no,0x00cf,no,no,no,no,no
occurrence-480,party_battle_leve.pcapng,0,main,-3,10953,no,0x00cf,no,no,no,no,no
occurrence-480,party_battle_leve.pcapng,0,main,-2,10954,no,0x00cf,no,no,no,no,no
occurrence-480,party_battle_leve.pcapng,0,main,-1,10955,no,0x0137,no,no,no,no,no
occurrence-480,party_battle_leve.pcapng,0,main,1,10957,no,0x00cf,no,no,no,no,no
occurrence-480,party_battle_leve.pcapng,0,main,2,10958,no,0x0001,no,no,no,no,no
occurrence-480,party_battle_leve.pcapng,0,main,3,10959,no,0x00cf,no,no,no,no,no
occurrence-480,party_battle_leve.pcapng,0,main,4,10960,no,0x0177,no,no,no,no,no
occurrence-480,party_battle_leve.pcapng,0,main,5,10961,no,0x0137,no,no,no,no,no
occurrence-481,party_battle_leve.pcapng,0,main,-5,11011,no,0x0001,no,no,no,no,no
occurrence-481,party_battle_leve.pcapng,0,main,-4,11012,no,0x0137,no,no,no,no,no
occurrence-481,party_battle_leve.pcapng,0,main,-3,11013,no,0x0137,no,no,no,no,no
occurrence-481,party_battle_leve.pcapng,0,main,-2,11014,no,0x00cf,no,no,no,no,no
occurrence-481,party_battle_leve.pcapng,0,main,-1,11015,no,0x00cf,no,no,no,no,no
occurrence-481,party_battle_leve.pcapng,0,main,1,11017,no,0x0001,no,no,no,no,no
occurrence-481,party_battle_leve.pcapng,0,main,2,11018,no,0x00cf,no,no,no,no,no
occurrence-481,party_battle_leve.pcapng,0,main,3,11019,no,0x00cf,no,no,no,no,no
occurrence-481,party_battle_leve.pcapng,0,main,4,11020,no,0x00cf,no,no,no,no,no
occurrence-481,party_battle_leve.pcapng,0,main,5,11021,no,0x00cf,no,no,no,no,no
occurrence-482,party_battle_leve.pcapng,0,main,-5,11066,no,0x00cf,no,no,no,no,no
occurrence-482,party_battle_leve.pcapng,0,main,-4,11067,no,0x00cf,no,no,no,no,no
occurrence-482,party_battle_leve.pcapng,0,main,-3,11068,no,0x00cf,no,no,no,no,no
occurrence-482,party_battle_leve.pcapng,0,main,-2,11069,no,0x0139,no,no,no,no,no
occurrence-482,party_battle_leve.pcapng,0,main,-1,11070,no,0x0137,no,no,no,no,no
occurrence-482,party_battle_leve.pcapng,0,main,1,11072,yes,0x0137,no,no,no,no,no
occurrence-482,party_battle_leve.pcapng,0,main,2,11073,no,0x00cf,no,no,no,no,no
occurrence-482,party_battle_leve.pcapng,0,main,3,11074,no,0x00cf,no,no,no,no,no
occurrence-482,party_battle_leve.pcapng,0,main,4,11075,no,0x00cf,no,no,no,no,no
occurrence-482,party_battle_leve.pcapng,0,main,5,11076,no,0x0001,no,no,no,no,no
occurrence-483,party_battle_leve.pcapng,0,main,-5,11319,no,0x0190,no,no,no,no,no
occurrence-483,party_battle_leve.pcapng,0,main,-4,11320,no,0x0190,no,no,no,no,no
occurrence-483,party_battle_leve.pcapng,0,main,-3,11321,no,0x0190,no,no,no,no,no
occurrence-483,party_battle_leve.pcapng,0,main,-2,11322,no,0x0191,no,no,no,no,no
occurrence-483,party_battle_leve.pcapng,0,main,-1,11323,yes,0x0139,no,no,no,no,no
occurrence-483,party_battle_leve.pcapng,0,main,1,11325,no,0x00cf,no,no,no,no,no
occurrence-483,party_battle_leve.pcapng,0,main,2,11326,no,0x0137,no,no,no,no,no
occurrence-483,party_battle_leve.pcapng,0,main,3,11327,no,0x0001,no,no,no,no,no
occurrence-483,party_battle_leve.pcapng,0,main,4,11328,no,0x0137,no,no,no,no,no
occurrence-483,party_battle_leve.pcapng,0,main,5,11329,no,0x00de,no,no,no,no,no
occurrence-484,party_battle_leve.pcapng,0,main,-5,11588,no,0x00cf,no,no,no,no,no
occurrence-484,party_battle_leve.pcapng,0,main,-4,11589,no,0x00cf,no,no,no,no,no
occurrence-484,party_battle_leve.pcapng,0,main,-3,11590,no,0x00cf,no,no,no,no,no
occurrence-484,party_battle_leve.pcapng,0,main,-2,11591,no,0x0137,no,no,no,no,no
occurrence-484,party_battle_leve.pcapng,0,main,-1,11592,no,0x00d3,no,no,no,no,no
occurrence-484,party_battle_leve.pcapng,0,main,1,11594,no,0x00cf,no,no,no,no,no
occurrence-484,party_battle_leve.pcapng,0,main,2,11595,no,0x0001,no,no,no,no,no
occurrence-484,party_battle_leve.pcapng,0,main,3,11596,no,0x00cf,no,no,no,no,no
occurrence-484,party_battle_leve.pcapng,0,main,4,11597,no,0x0001,no,no,no,no,no
occurrence-484,party_battle_leve.pcapng,0,main,5,11598,no,0x00cf,no,no,no,no,no
occurrence-485,party_battle_leve.pcapng,0,main,-5,11640,no,0x0001,no,no,no,no,no
occurrence-485,party_battle_leve.pcapng,0,main,-4,11641,no,0x00cf,no,no,no,no,no
occurrence-485,party_battle_leve.pcapng,0,main,-3,11642,no,0x00cf,no,no,no,no,no
occurrence-485,party_battle_leve.pcapng,0,main,-2,11643,no,0x00cf,no,no,no,no,no
occurrence-485,party_battle_leve.pcapng,0,main,-1,11644,no,0x00cf,no,no,no,no,no
occurrence-485,party_battle_leve.pcapng,0,main,1,11646,no,0x0001,no,no,no,no,no
occurrence-485,party_battle_leve.pcapng,0,main,2,11647,no,0x018b,no,no,yes,yes,no
occurrence-485,party_battle_leve.pcapng,0,main,3,11648,no,0x0177,no,no,no,no,no
occurrence-485,party_battle_leve.pcapng,0,main,4,11649,no,0x0137,no,no,no,no,no
occurrence-485,party_battle_leve.pcapng,0,main,5,11650,no,0x00de,no,no,no,no,no
occurrence-486,party_battle_leve.pcapng,0,main,-5,11692,no,0x00cf,no,no,no,no,no
occurrence-486,party_battle_leve.pcapng,0,main,-4,11693,no,0x00cf,no,no,no,no,no
occurrence-486,party_battle_leve.pcapng,0,main,-3,11694,no,0x00cf,no,no,no,no,no
occurrence-486,party_battle_leve.pcapng,0,main,-2,11695,no,0x00cf,no,no,no,no,no
occurrence-486,party_battle_leve.pcapng,0,main,-1,11696,no,0x00cf,no,no,no,no,no
occurrence-486,party_battle_leve.pcapng,0,main,1,11698,yes,0x0001,no,no,no,no,no
occurrence-486,party_battle_leve.pcapng,0,main,2,11699,no,0x00cf,no,no,no,no,no
occurrence-486,party_battle_leve.pcapng,0,main,3,11700,no,0x00cf,no,no,no,no,no
occurrence-486,party_battle_leve.pcapng,0,main,4,11701,no,0x00cf,no,no,no,no,no
occurrence-486,party_battle_leve.pcapng,0,main,5,11702,no,0x00cf,no,no,no,no,no
occurrence-487,party_battle_leve.pcapng,0,main,-5,11745,no,0x00cf,no,no,no,no,no
occurrence-487,party_battle_leve.pcapng,0,main,-4,11746,no,0x00cf,no,no,no,no,no
occurrence-487,party_battle_leve.pcapng,0,main,-3,11747,no,0x00cf,no,no,no,no,no
occurrence-487,party_battle_leve.pcapng,0,main,-2,11748,no,0x0137,no,no,no,no,no
occurrence-487,party_battle_leve.pcapng,0,main,-1,11749,no,0x0001,no,no,no,no,no
occurrence-487,party_battle_leve.pcapng,0,main,1,11751,no,0x0001,no,no,no,no,no
occurrence-487,party_battle_leve.pcapng,0,main,2,11752,no,0x0001,no,no,no,no,no
occurrence-487,party_battle_leve.pcapng,0,main,3,11753,no,0x00cf,no,no,no,no,no
occurrence-487,party_battle_leve.pcapng,0,main,4,11754,no,0x00cf,no,no,no,no,no
occurrence-487,party_battle_leve.pcapng,0,main,5,11755,no,0x00cf,no,no,no,no,no
occurrence-488,party_battle_leve.pcapng,0,main,-5,11794,no,0x0183,no,no,yes,no,no
occurrence-488,party_battle_leve.pcapng,0,main,-4,11795,no,0x017e,no,no,yes,no,no
occurrence-488,party_battle_leve.pcapng,0,main,-3,11796,no,0x0137,no,no,no,no,no
occurrence-488,party_battle_leve.pcapng,0,main,-2,11797,no,0x0137,no,no,no,no,no
occurrence-488,party_battle_leve.pcapng,0,main,-1,11798,no,0x0137,no,no,no,no,no
occurrence-488,party_battle_leve.pcapng,0,main,1,11800,no,0x0001,no,no,no,no,no
occurrence-488,party_battle_leve.pcapng,0,main,2,11801,no,0x00cf,no,no,no,no,no
occurrence-488,party_battle_leve.pcapng,0,main,3,11802,no,0x00cf,no,no,no,no,no
occurrence-488,party_battle_leve.pcapng,0,main,4,11803,no,0x00cf,no,no,no,no,no
occurrence-488,party_battle_leve.pcapng,0,main,5,11804,no,0x00cf,no,no,no,no,no
occurrence-489,party_battle_leve.pcapng,0,main,-5,12064,no,0x00cf,no,no,no,no,no
occurrence-489,party_battle_leve.pcapng,0,main,-4,12065,no,0x00cf,no,no,no,no,no
occurrence-489,party_battle_leve.pcapng,0,main,-3,12066,no,0x0137,no,no,no,no,no
occurrence-489,party_battle_leve.pcapng,0,main,-2,12067,no,0x00cf,no,no,no,no,no
occurrence-489,party_battle_leve.pcapng,0,main,-1,12068,no,0x00cf,no,no,no,no,no
occurrence-489,party_battle_leve.pcapng,0,main,1,12070,no,0x00cf,no,no,no,no,no
occurrence-489,party_battle_leve.pcapng,0,main,2,12071,no,0x00cf,no,no,no,no,no
occurrence-489,party_battle_leve.pcapng,0,main,3,12072,no,0x00cf,no,no,no,no,no
occurrence-489,party_battle_leve.pcapng,0,main,4,12073,no,0x0001,no,no,no,no,no
occurrence-489,party_battle_leve.pcapng,0,main,5,12074,no,0x00cf,no,no,no,no,no
occurrence-490,party_battle_leve.pcapng,0,main,-5,12146,no,0x00cf,no,no,no,no,no
occurrence-490,party_battle_leve.pcapng,0,main,-4,12147,no,0x00cf,no,no,no,no,no
occurrence-490,party_battle_leve.pcapng,0,main,-3,12148,no,0x00cf,no,no,no,no,no
occurrence-490,party_battle_leve.pcapng,0,main,-2,12149,no,0x00cf,no,no,no,no,no
occurrence-490,party_battle_leve.pcapng,0,main,-1,12150,no,0x017a,no,no,yes,no,no
occurrence-490,party_battle_leve.pcapng,0,main,1,12152,no,0x00cf,no,no,no,no,no
occurrence-490,party_battle_leve.pcapng,0,main,2,12153,no,0x0001,no,no,no,no,no
occurrence-490,party_battle_leve.pcapng,0,main,3,12154,no,0x00cf,no,no,no,no,no
occurrence-490,party_battle_leve.pcapng,0,main,4,12155,no,0x00cf,no,no,no,no,no
occurrence-490,party_battle_leve.pcapng,0,main,5,12156,no,0x00cf,no,no,no,no,no
occurrence-491,party_battle_leve.pcapng,0,main,-5,12210,no,0x00cf,no,no,no,no,no
occurrence-491,party_battle_leve.pcapng,0,main,-4,12211,no,0x00cf,no,no,no,no,no
occurrence-491,party_battle_leve.pcapng,0,main,-3,12212,no,0x00cf,no,no,no,no,no
occurrence-491,party_battle_leve.pcapng,0,main,-2,12213,no,0x00cf,no,no,no,no,no
occurrence-491,party_battle_leve.pcapng,0,main,-1,12214,no,0x00cf,no,no,no,no,no
occurrence-491,party_battle_leve.pcapng,0,main,1,12216,no,0x00cf,no,no,no,no,no
occurrence-491,party_battle_leve.pcapng,0,main,2,12217,no,0x00cf,no,no,no,no,no
occurrence-491,party_battle_leve.pcapng,0,main,3,12218,no,0x0001,no,no,no,no,no
occurrence-491,party_battle_leve.pcapng,0,main,4,12219,no,0x00cf,no,no,no,no,no
occurrence-491,party_battle_leve.pcapng,0,main,5,12220,no,0x00cf,no,no,no,no,no
occurrence-492,party_battle_leve.pcapng,0,main,-5,12290,no,0x00cf,no,no,no,no,no
occurrence-492,party_battle_leve.pcapng,0,main,-4,12291,no,0x00cf,no,no,no,no,no
occurrence-492,party_battle_leve.pcapng,0,main,-3,12292,no,0x00cf,no,no,no,no,no
occurrence-492,party_battle_leve.pcapng,0,main,-2,12293,no,0x0001,no,no,no,no,no
occurrence-492,party_battle_leve.pcapng,0,main,-1,12294,no,0x0001,no,no,no,no,no
occurrence-492,party_battle_leve.pcapng,0,main,1,12296,no,0x00cf,no,no,no,no,no
occurrence-492,party_battle_leve.pcapng,0,main,2,12297,no,0x0177,no,no,no,no,no
occurrence-492,party_battle_leve.pcapng,0,main,3,12298,no,0x0137,no,no,no,no,no
occurrence-492,party_battle_leve.pcapng,0,main,4,12299,no,0x0137,no,no,no,no,no
occurrence-492,party_battle_leve.pcapng,0,main,5,12300,no,0x0139,no,no,no,no,no
occurrence-493,party_battle_leve.pcapng,0,main,-5,12591,yes,0x0179,no,no,no,no,no
occurrence-493,party_battle_leve.pcapng,0,main,-4,12592,yes,0x0145,no,no,no,no,no
occurrence-493,party_battle_leve.pcapng,0,main,-3,12593,yes,0x017b,no,no,no,no,no
occurrence-493,party_battle_leve.pcapng,0,main,-2,12594,yes,0x00cc,no,yes,no,no,no
occurrence-493,party_battle_leve.pcapng,0,main,-1,12595,yes,0x0137,no,no,no,no,no
occurrence-493,party_battle_leve.pcapng,0,main,1,12597,yes,0x00cf,no,no,no,no,no
occurrence-493,party_battle_leve.pcapng,0,main,2,12598,no,0x0137,no,no,no,no,no
occurrence-493,party_battle_leve.pcapng,0,main,3,12599,no,0x017a,no,no,yes,no,no
occurrence-493,party_battle_leve.pcapng,0,main,4,12600,no,0x018f,no,no,no,no,no
occurrence-493,party_battle_leve.pcapng,0,main,5,12601,no,0x0190,no,no,no,no,no
occurrence-494,party_battle_leve.pcapng,0,main,-5,12831,no,0x00cf,no,no,no,no,no
occurrence-494,party_battle_leve.pcapng,0,main,-4,12832,no,0x0001,no,no,no,no,no
occurrence-494,party_battle_leve.pcapng,0,main,-3,12833,no,0x0137,no,no,no,no,no
occurrence-494,party_battle_leve.pcapng,0,main,-2,12834,no,0x0137,no,no,no,no,no
occurrence-494,party_battle_leve.pcapng,0,main,-1,12835,no,0x0001,no,no,no,no,no
occurrence-494,party_battle_leve.pcapng,0,main,1,12837,no,0x0133,no,no,no,no,no
occurrence-494,party_battle_leve.pcapng,0,main,2,12838,no,0x0167,no,no,no,no,no
occurrence-494,party_battle_leve.pcapng,0,main,3,12839,no,0x0168,no,no,no,no,no
occurrence-494,party_battle_leve.pcapng,0,main,4,12840,no,0x0139,no,no,no,no,no
occurrence-494,party_battle_leve.pcapng,0,main,5,12841,no,0x0139,no,no,no,no,no
occurrence-495,party_battle_leve.pcapng,0,main,-5,12906,no,0x00cf,no,no,no,no,no
occurrence-495,party_battle_leve.pcapng,0,main,-4,12907,no,0x00cf,no,no,no,no,no
occurrence-495,party_battle_leve.pcapng,0,main,-3,12908,no,0x00cf,no,no,no,no,no
occurrence-495,party_battle_leve.pcapng,0,main,-2,12909,no,0x00cf,no,no,no,no,no
occurrence-495,party_battle_leve.pcapng,0,main,-1,12910,no,0x00cf,no,no,no,no,no
occurrence-495,party_battle_leve.pcapng,0,main,1,12912,no,0x0137,no,no,no,no,no
occurrence-495,party_battle_leve.pcapng,0,main,2,12913,no,0x0001,no,no,no,no,no
occurrence-495,party_battle_leve.pcapng,0,main,3,12914,no,0x0001,no,no,no,no,no
occurrence-495,party_battle_leve.pcapng,0,main,4,12915,no,0x00cf,no,no,no,no,no
occurrence-495,party_battle_leve.pcapng,0,main,5,12916,no,0x00cf,no,no,no,no,no
occurrence-496,party_battle_leve.pcapng,0,main,-5,12936,no,0x00cf,no,no,no,no,no
occurrence-496,party_battle_leve.pcapng,0,main,-4,12937,no,0x00cf,no,no,no,no,no
occurrence-496,party_battle_leve.pcapng,0,main,-3,12938,no,0x00cf,no,no,no,no,no
occurrence-496,party_battle_leve.pcapng,0,main,-2,12939,no,0x00cf,no,no,no,no,no
occurrence-496,party_battle_leve.pcapng,0,main,-1,12940,yes,0x0001,no,no,no,no,no
occurrence-496,party_battle_leve.pcapng,0,main,1,12942,no,0x0137,no,no,no,no,no
occurrence-496,party_battle_leve.pcapng,0,main,2,12943,no,0x0001,no,no,no,no,no
occurrence-496,party_battle_leve.pcapng,0,main,3,12944,no,0x00cf,no,no,no,no,no
occurrence-496,party_battle_leve.pcapng,0,main,4,12945,no,0x00cf,no,no,no,no,no
occurrence-496,party_battle_leve.pcapng,0,main,5,12946,no,0x00cf,no,no,no,no,no
occurrence-497,party_battle_leve.pcapng,0,main,-5,12960,no,0x00cf,no,no,no,no,no
occurrence-497,party_battle_leve.pcapng,0,main,-4,12961,no,0x0001,no,no,no,no,no
occurrence-497,party_battle_leve.pcapng,0,main,-3,12962,no,0x0137,no,no,no,no,no
occurrence-497,party_battle_leve.pcapng,0,main,-2,12963,no,0x0137,no,no,no,no,no
occurrence-497,party_battle_leve.pcapng,0,main,-1,12964,no,0x0001,no,no,no,no,no
occurrence-497,party_battle_leve.pcapng,0,main,1,12966,no,0x0134,no,no,no,no,no
occurrence-497,party_battle_leve.pcapng,0,main,2,12967,no,0x0139,no,no,no,no,no
occurrence-497,party_battle_leve.pcapng,0,main,3,12968,no,0x00cf,no,no,no,no,no
occurrence-497,party_battle_leve.pcapng,0,main,4,12969,no,0x00cf,no,no,no,no,no
occurrence-497,party_battle_leve.pcapng,0,main,5,12970,no,0x00cf,no,no,no,no,no
occurrence-498,party_battle_leve.pcapng,0,main,-5,13002,no,0x00cf,no,no,no,no,no
occurrence-498,party_battle_leve.pcapng,0,main,-4,13003,no,0x00cf,no,no,no,no,no
occurrence-498,party_battle_leve.pcapng,0,main,-3,13004,no,0x00cf,no,no,no,no,no
occurrence-498,party_battle_leve.pcapng,0,main,-2,13005,no,0x0001,no,no,no,no,no
occurrence-498,party_battle_leve.pcapng,0,main,-1,13006,no,0x00d2,no,no,no,no,no
occurrence-498,party_battle_leve.pcapng,0,main,1,13008,no,0x0130,no,no,no,no,no
occurrence-498,party_battle_leve.pcapng,0,main,2,13009,no,0x0137,no,no,no,no,no
occurrence-498,party_battle_leve.pcapng,0,main,3,13010,no,0x0137,no,no,no,no,no
occurrence-498,party_battle_leve.pcapng,0,main,4,13011,no,0x00da,no,no,no,no,no
occurrence-498,party_battle_leve.pcapng,0,main,5,13012,no,0x0001,no,no,no,no,no
occurrence-499,party_battle_leve.pcapng,0,main,-5,13048,no,0x00cf,no,no,no,no,no
occurrence-499,party_battle_leve.pcapng,0,main,-4,13049,no,0x0001,no,no,no,no,no
occurrence-499,party_battle_leve.pcapng,0,main,-3,13050,no,0x0001,no,no,no,no,no
occurrence-499,party_battle_leve.pcapng,0,main,-2,13051,yes,0x0166,no,no,no,no,no
occurrence-499,party_battle_leve.pcapng,0,main,-1,13052,yes,0x00da,no,no,no,no,no
occurrence-499,party_battle_leve.pcapng,0,main,1,13054,no,0x0137,no,no,no,no,no
occurrence-499,party_battle_leve.pcapng,0,main,2,13055,no,0x0137,no,no,no,no,no
occurrence-499,party_battle_leve.pcapng,0,main,3,13056,no,0x0137,no,no,no,no,no
occurrence-499,party_battle_leve.pcapng,0,main,4,13057,no,0x00cf,no,no,no,no,no
occurrence-499,party_battle_leve.pcapng,0,main,5,13058,no,0x00cf,no,no,no,no,no
occurrence-500,party_battle_leve.pcapng,0,main,-5,13343,no,0x00cf,no,no,no,no,no
occurrence-500,party_battle_leve.pcapng,0,main,-4,13344,no,0x00cf,no,no,no,no,no
occurrence-500,party_battle_leve.pcapng,0,main,-3,13345,no,0x00cf,no,no,no,no,no
occurrence-500,party_battle_leve.pcapng,0,main,-2,13346,no,0x0001,no,no,no,no,no
occurrence-500,party_battle_leve.pcapng,0,main,-1,13347,no,0x00cf,no,no,no,no,no
occurrence-500,party_battle_leve.pcapng,0,main,1,13349,no,0x0001,no,no,no,no,no
occurrence-500,party_battle_leve.pcapng,0,main,2,13350,no,0x0187,no,no,yes,no,no
occurrence-500,party_battle_leve.pcapng,0,main,3,13351,no,0x00cf,no,no,no,no,no
occurrence-500,party_battle_leve.pcapng,0,main,4,13352,no,0x00cf,no,no,no,no,no
occurrence-500,party_battle_leve.pcapng,0,main,5,13353,no,0x00cf,no,no,no,no,no
occurrence-501,quest_update.pcapng,0,main,-5,12,no,0x00cf,no,no,no,no,no
occurrence-501,quest_update.pcapng,0,main,-4,13,no,0x00cf,no,no,no,no,no
occurrence-501,quest_update.pcapng,0,main,-3,14,no,0x00cf,no,no,no,no,no
occurrence-501,quest_update.pcapng,0,main,-2,15,no,0x00cf,no,no,no,no,no
occurrence-501,quest_update.pcapng,0,main,-1,16,no,0x00cf,no,no,no,no,no
occurrence-501,quest_update.pcapng,0,main,1,18,no,0x0001,no,no,no,no,no
occurrence-501,quest_update.pcapng,0,main,2,19,no,0x0130,no,no,no,no,no
occurrence-501,quest_update.pcapng,0,main,3,20,no,0x0001,no,no,no,no,no
occurrence-501,quest_update.pcapng,0,main,4,21,no,0x00cf,no,no,no,no,no
occurrence-501,quest_update.pcapng,0,main,5,22,no,0x00cf,no,no,no,no,no
occurrence-502,quest_update.pcapng,0,main,-5,29,no,0x00cf,no,no,no,no,no
occurrence-502,quest_update.pcapng,0,main,-4,30,no,0x00cf,no,no,no,no,no
occurrence-502,quest_update.pcapng,0,main,-3,31,no,0x00cf,no,no,no,no,no
occurrence-502,quest_update.pcapng,0,main,-2,32,no,0x00cf,no,no,no,no,no
occurrence-502,quest_update.pcapng,0,main,-1,33,no,0x0001,no,no,no,no,no
occurrence-502,quest_update.pcapng,0,main,1,35,no,0x0001,no,no,no,no,no
occurrence-502,quest_update.pcapng,0,main,2,36,no,0x00cf,no,no,no,no,no
occurrence-502,quest_update.pcapng,0,main,3,37,no,0x00cf,no,no,no,no,no
occurrence-502,quest_update.pcapng,0,main,4,38,no,0x00cf,no,no,no,no,no
occurrence-502,quest_update.pcapng,0,main,5,39,no,0x00cf,no,no,no,no,no
occurrence-503,quest_update.pcapng,0,main,-5,50,no,0x00cf,no,no,no,no,no
occurrence-503,quest_update.pcapng,0,main,-4,51,no,0x00cf,no,no,no,no,no
occurrence-503,quest_update.pcapng,0,main,-3,52,no,0x00cf,no,no,no,no,no
occurrence-503,quest_update.pcapng,0,main,-2,53,no,0x00cf,no,no,no,no,no
occurrence-503,quest_update.pcapng,0,main,-1,54,no,0x00cf,no,no,no,no,no
occurrence-503,quest_update.pcapng,0,main,1,56,no,0x0001,no,no,no,no,no
occurrence-503,quest_update.pcapng,0,main,2,57,no,0x0001,no,no,no,no,no
occurrence-503,quest_update.pcapng,0,main,3,58,no,0x00cf,no,no,no,no,no
occurrence-503,quest_update.pcapng,0,main,4,59,no,0x00cf,no,no,no,no,no
occurrence-503,quest_update.pcapng,0,main,5,60,no,0x00cf,no,no,no,no,no
occurrence-504,quest_update.pcapng,0,main,-5,66,no,0x00cf,no,no,no,no,no
occurrence-504,quest_update.pcapng,0,main,-4,67,no,0x00cf,no,no,no,no,no
occurrence-504,quest_update.pcapng,0,main,-3,68,no,0x00cf,no,no,no,no,no
occurrence-504,quest_update.pcapng,0,main,-2,69,no,0x00cf,no,no,no,no,no
occurrence-504,quest_update.pcapng,0,main,-1,70,no,0x0001,no,no,no,no,no
occurrence-504,quest_update.pcapng,0,main,1,72,no,0x0001,no,no,no,no,no
occurrence-504,quest_update.pcapng,0,main,2,73,no,0x00cf,no,no,no,no,no
occurrence-504,quest_update.pcapng,0,main,3,74,no,0x00cf,no,no,no,no,no
occurrence-504,quest_update.pcapng,0,main,4,75,no,0x00cf,no,no,no,no,no
occurrence-504,quest_update.pcapng,0,main,5,76,no,0x00cf,no,no,no,no,no
occurrence-505,quest_update.pcapng,0,main,-5,87,no,0x00cf,no,no,no,no,no
occurrence-505,quest_update.pcapng,0,main,-4,88,no,0x00cf,no,no,no,no,no
occurrence-505,quest_update.pcapng,0,main,-3,89,no,0x00cf,no,no,no,no,no
occurrence-505,quest_update.pcapng,0,main,-2,90,no,0x00cf,no,no,no,no,no
occurrence-505,quest_update.pcapng,0,main,-1,91,no,0x00cf,no,no,no,no,no
occurrence-505,quest_update.pcapng,0,main,1,93,no,0x0001,no,no,no,no,no
occurrence-505,quest_update.pcapng,0,main,2,94,no,0x0001,no,no,no,no,no
occurrence-505,quest_update.pcapng,0,main,3,95,no,0x00cf,no,no,no,no,no
occurrence-505,quest_update.pcapng,0,main,4,96,no,0x00cf,no,no,no,no,no
occurrence-505,quest_update.pcapng,0,main,5,97,no,0x00cf,no,no,no,no,no
occurrence-506,quest_update.pcapng,0,main,-5,103,no,0x00cf,no,no,no,no,no
occurrence-506,quest_update.pcapng,0,main,-4,104,no,0x00cf,no,no,no,no,no
occurrence-506,quest_update.pcapng,0,main,-3,105,no,0x00cf,no,no,no,no,no
occurrence-506,quest_update.pcapng,0,main,-2,106,no,0x00cf,no,no,no,no,no
occurrence-506,quest_update.pcapng,0,main,-1,107,no,0x0001,no,no,no,no,no
occurrence-506,quest_update.pcapng,0,main,1,109,no,0x0001,no,no,no,no,no
occurrence-506,quest_update.pcapng,0,main,2,110,no,0x0001,no,no,no,no,no
occurrence-506,quest_update.pcapng,0,main,3,111,no,0x00cf,no,no,no,no,no
occurrence-506,quest_update.pcapng,0,main,4,112,no,0x00cf,no,no,no,no,no
occurrence-506,quest_update.pcapng,0,main,5,113,no,0x00cf,no,no,no,no,no
occurrence-507,quest_update.pcapng,0,main,-5,124,no,0x0167,no,no,no,no,no
occurrence-507,quest_update.pcapng,0,main,-4,125,no,0x0131,no,no,no,no,no
occurrence-507,quest_update.pcapng,0,main,-3,126,no,0x00e3,no,no,no,no,no
occurrence-507,quest_update.pcapng,0,main,-2,127,no,0x00d2,no,no,no,no,no
occurrence-507,quest_update.pcapng,0,main,-1,128,no,0x00d3,no,no,no,no,no
occurrence-507,quest_update.pcapng,0,main,1,130,no,0x00cf,no,no,no,no,no
occurrence-507,quest_update.pcapng,0,main,2,131,no,0x00cf,no,no,no,no,no
occurrence-507,quest_update.pcapng,0,main,3,132,no,0x00cf,no,no,no,no,no
occurrence-507,quest_update.pcapng,0,main,4,133,no,0x00cf,no,no,no,no,no
occurrence-507,quest_update.pcapng,0,main,5,134,no,0x00cf,no,no,no,no,no
occurrence-508,quest_update.pcapng,0,main,-5,145,no,0x00cf,no,no,no,no,no
occurrence-508,quest_update.pcapng,0,main,-4,146,no,0x00cf,no,no,no,no,no
occurrence-508,quest_update.pcapng,0,main,-3,147,no,0x00cf,no,no,no,no,no
occurrence-508,quest_update.pcapng,0,main,-2,148,no,0x00cf,no,no,no,no,no
occurrence-508,quest_update.pcapng,0,main,-1,149,no,0x00cf,no,no,no,no,no
occurrence-509,repair_items.pcapng,0,main,-5,18,no,0x00cf,no,no,no,no,no
occurrence-509,repair_items.pcapng,0,main,-4,19,no,0x0001,no,no,no,no,no
occurrence-509,repair_items.pcapng,0,main,-3,20,no,0x00d2,no,no,no,no,no
occurrence-509,repair_items.pcapng,0,main,-2,21,no,0x0130,no,no,no,no,no
occurrence-509,repair_items.pcapng,0,main,-1,22,no,0x0001,no,no,no,no,no
occurrence-509,repair_items.pcapng,0,main,1,24,no,0x00cf,no,no,no,no,no
occurrence-509,repair_items.pcapng,0,main,2,25,no,0x00cf,no,no,no,no,no
occurrence-509,repair_items.pcapng,0,main,3,26,no,0x00cf,no,no,no,no,no
occurrence-509,repair_items.pcapng,0,main,4,27,no,0x00cf,no,no,no,no,no
occurrence-509,repair_items.pcapng,0,main,5,28,no,0x00cf,no,no,no,no,no
occurrence-510,repair_items.pcapng,0,main,-5,51,no,0x00cf,no,no,no,no,no
occurrence-510,repair_items.pcapng,0,main,-4,52,no,0x00cf,no,no,no,no,no
occurrence-510,repair_items.pcapng,0,main,-3,53,no,0x00cf,no,no,no,no,no
occurrence-510,repair_items.pcapng,0,main,-2,54,no,0x00cf,no,no,no,no,no
occurrence-510,repair_items.pcapng,0,main,-1,55,no,0x0130,no,no,no,no,no
occurrence-510,repair_items.pcapng,0,main,1,57,no,0x0001,no,no,no,no,no
occurrence-510,repair_items.pcapng,0,main,2,58,no,0x0001,no,no,no,no,no
occurrence-510,repair_items.pcapng,0,main,3,59,no,0x00cf,no,no,no,no,no
occurrence-510,repair_items.pcapng,0,main,4,60,no,0x00cf,no,no,no,no,no
occurrence-510,repair_items.pcapng,0,main,5,61,no,0x00cf,no,no,no,no,no
occurrence-511,repair_items.pcapng,0,main,-5,75,no,0x00cf,no,no,no,no,no
occurrence-511,repair_items.pcapng,0,main,-4,76,no,0x00cf,no,no,no,no,no
occurrence-511,repair_items.pcapng,0,main,-3,77,no,0x00cf,no,no,no,no,no
occurrence-511,repair_items.pcapng,0,main,-2,78,no,0x00cf,no,no,no,no,no
occurrence-511,repair_items.pcapng,0,main,-1,79,no,0x0001,no,no,no,no,no
occurrence-511,repair_items.pcapng,0,main,1,81,no,0x00cf,no,no,no,no,no
occurrence-511,repair_items.pcapng,0,main,2,82,no,0x0001,no,no,no,no,no
occurrence-511,repair_items.pcapng,0,main,3,83,no,0x00cf,no,no,no,no,no
occurrence-511,repair_items.pcapng,0,main,4,84,no,0x00cf,no,no,no,no,no
occurrence-511,repair_items.pcapng,0,main,5,85,no,0x00cf,no,no,no,no,no
occurrence-512,repair_items.pcapng,0,main,-5,114,no,0x00cf,no,no,no,no,no
occurrence-512,repair_items.pcapng,0,main,-4,115,no,0x00cf,no,no,no,no,no
occurrence-512,repair_items.pcapng,0,main,-3,116,no,0x00cf,no,no,no,no,no
occurrence-512,repair_items.pcapng,0,main,-2,117,no,0x00cf,no,no,no,no,no
occurrence-512,repair_items.pcapng,0,main,-1,118,no,0x00cf,no,no,no,no,no
occurrence-512,repair_items.pcapng,0,main,1,120,no,0x016d,no,no,no,no,no
occurrence-512,repair_items.pcapng,0,main,2,121,no,0x0146,no,no,no,no,no
occurrence-512,repair_items.pcapng,0,main,3,122,no,0x0148,no,no,no,no,no
occurrence-512,repair_items.pcapng,0,main,4,123,no,0x0147,no,no,no,no,no
occurrence-512,repair_items.pcapng,0,main,5,124,no,0x016e,no,no,no,no,no
occurrence-513,repair_items.pcapng,0,main,-5,164,no,0x0148,no,no,no,no,no
occurrence-513,repair_items.pcapng,0,main,-4,165,no,0x0147,no,no,no,no,no
occurrence-513,repair_items.pcapng,0,main,-3,166,no,0x016e,no,no,no,no,no
occurrence-513,repair_items.pcapng,0,main,-2,167,no,0x0169,no,no,no,no,no
occurrence-513,repair_items.pcapng,0,main,-1,168,no,0x0130,no,no,no,no,no
occurrence-513,repair_items.pcapng,0,main,1,170,no,0x0001,no,no,no,no,no
occurrence-513,repair_items.pcapng,0,main,2,171,no,0x00cf,no,no,no,no,no
occurrence-513,repair_items.pcapng,0,main,3,172,no,0x00cf,no,no,no,no,no
occurrence-513,repair_items.pcapng,0,main,4,173,no,0x00cf,no,no,no,no,no
occurrence-513,repair_items.pcapng,0,main,5,174,no,0x00cf,no,no,no,no,no
occurrence-514,repair_items.pcapng,0,main,-5,409,no,0x00cf,no,no,no,no,no
occurrence-514,repair_items.pcapng,0,main,-4,410,no,0x00cf,no,no,no,no,no
occurrence-514,repair_items.pcapng,0,main,-3,411,no,0x00cf,no,no,no,no,no
occurrence-514,repair_items.pcapng,0,main,-2,412,no,0x00cf,no,no,no,no,no
occurrence-514,repair_items.pcapng,0,main,-1,413,no,0x00cf,no,no,no,no,no
occurrence-514,repair_items.pcapng,0,main,1,415,no,0x0001,no,no,no,no,no
occurrence-514,repair_items.pcapng,0,main,2,416,no,0x0131,no,no,no,no,no
occurrence-514,repair_items.pcapng,0,main,3,417,no,0x00d2,no,no,no,no,no
occurrence-514,repair_items.pcapng,0,main,4,418,no,0x00d3,no,no,no,no,no
occurrence-514,repair_items.pcapng,0,main,5,419,no,0x0001,no,no,no,no,no
occurrence-515,return_to_inn.pcapng,0,main,-5,0,no,0x00cf,no,no,no,no,no
occurrence-515,return_to_inn.pcapng,0,main,-4,1,no,0x00cf,no,no,no,no,no
occurrence-515,return_to_inn.pcapng,0,main,-3,2,no,0x00cf,no,no,no,no,no
occurrence-515,return_to_inn.pcapng,0,main,-2,3,no,0x00cf,no,no,no,no,no
occurrence-515,return_to_inn.pcapng,0,main,-1,4,no,0x0001,no,no,no,no,no
occurrence-515,return_to_inn.pcapng,0,main,1,6,no,0x0001,no,no,no,no,no
occurrence-515,return_to_inn.pcapng,0,main,2,7,no,0x00cf,no,no,no,no,no
occurrence-515,return_to_inn.pcapng,0,main,3,8,no,0x00cf,no,no,no,no,no
occurrence-515,return_to_inn.pcapng,0,main,4,9,no,0x00cf,no,no,no,no,no
occurrence-515,return_to_inn.pcapng,0,main,5,10,no,0x00cf,no,no,no,no,no
occurrence-516,return_to_inn.pcapng,0,main,-5,16,no,0x00cf,no,no,no,no,no
occurrence-516,return_to_inn.pcapng,0,main,-4,17,no,0x00cf,no,no,no,no,no
occurrence-516,return_to_inn.pcapng,0,main,-3,18,no,0x00cf,no,no,no,no,no
occurrence-516,return_to_inn.pcapng,0,main,-2,19,no,0x0001,no,no,no,no,no
occurrence-516,return_to_inn.pcapng,0,main,-1,20,no,0x0001,no,no,no,no,no
occurrence-516,return_to_inn.pcapng,0,main,1,22,no,0x00cf,no,no,no,no,no
occurrence-516,return_to_inn.pcapng,0,main,2,23,no,0x00cf,no,no,no,no,no
occurrence-516,return_to_inn.pcapng,0,main,3,24,no,0x00cf,no,no,no,no,no
occurrence-516,return_to_inn.pcapng,0,main,4,25,no,0x00cf,no,no,no,no,no
occurrence-516,return_to_inn.pcapng,0,main,5,26,no,0x0001,no,no,no,no,no
occurrence-517,return_to_inn.pcapng,0,main,-5,40,no,0x00cf,no,no,no,no,no
occurrence-517,return_to_inn.pcapng,0,main,-4,41,no,0x00cf,no,no,no,no,no
occurrence-517,return_to_inn.pcapng,0,main,-3,42,no,0x00cf,no,no,no,no,no
occurrence-517,return_to_inn.pcapng,0,main,-2,43,no,0x00cf,no,no,no,no,no
occurrence-517,return_to_inn.pcapng,0,main,-1,44,no,0x0001,no,no,no,no,no
occurrence-517,return_to_inn.pcapng,0,main,1,46,no,0x0001,no,no,no,no,no
occurrence-517,return_to_inn.pcapng,0,main,2,47,no,0x00cf,no,no,no,no,no
occurrence-517,return_to_inn.pcapng,0,main,3,48,no,0x00cf,no,no,no,no,no
occurrence-517,return_to_inn.pcapng,0,main,4,49,no,0x00cf,no,no,no,no,no
occurrence-517,return_to_inn.pcapng,0,main,5,50,no,0x00cf,no,no,no,no,no
occurrence-518,sell_item.pcapng,0,main,-5,6,no,0x00cf,no,no,no,no,no
occurrence-518,sell_item.pcapng,0,main,-4,7,no,0x00cf,no,no,no,no,no
occurrence-518,sell_item.pcapng,0,main,-3,8,no,0x00cf,no,no,no,no,no
occurrence-518,sell_item.pcapng,0,main,-2,9,no,0x00cf,no,no,no,no,no
occurrence-518,sell_item.pcapng,0,main,-1,10,no,0x0001,no,no,no,no,no
occurrence-518,sell_item.pcapng,0,main,1,12,no,0x0001,no,no,no,no,no
occurrence-518,sell_item.pcapng,0,main,2,13,no,0x00cf,no,no,no,no,no
occurrence-518,sell_item.pcapng,0,main,3,14,no,0x00cf,no,no,no,no,no
occurrence-518,sell_item.pcapng,0,main,4,15,no,0x00cf,no,no,no,no,no
occurrence-518,sell_item.pcapng,0,main,5,16,no,0x00cf,no,no,no,no,no
occurrence-519,sell_item.pcapng,0,main,-5,36,no,0x00cf,no,no,no,no,no
occurrence-519,sell_item.pcapng,0,main,-4,37,no,0x00cf,no,no,no,no,no
occurrence-519,sell_item.pcapng,0,main,-3,38,no,0x0001,no,no,no,no,no
occurrence-519,sell_item.pcapng,0,main,-2,39,no,0x0130,no,no,no,no,no
occurrence-519,sell_item.pcapng,0,main,-1,40,no,0x0001,no,no,no,no,no
occurrence-519,sell_item.pcapng,0,main,1,42,no,0x00cf,no,no,no,no,no
occurrence-519,sell_item.pcapng,0,main,2,43,no,0x00cf,no,no,no,no,no
occurrence-519,sell_item.pcapng,0,main,3,44,no,0x00cf,no,no,no,no,no
occurrence-519,sell_item.pcapng,0,main,4,45,no,0x00cf,no,no,no,no,no
occurrence-519,sell_item.pcapng,0,main,5,46,no,0x00cf,no,no,no,no,no
occurrence-520,sell_item.pcapng,0,main,-5,74,no,0x00cf,no,no,no,no,no
occurrence-520,sell_item.pcapng,0,main,-4,75,no,0x00cf,no,no,no,no,no
occurrence-520,sell_item.pcapng,0,main,-3,76,no,0x00cf,no,no,no,no,no
occurrence-520,sell_item.pcapng,0,main,-2,77,no,0x00cf,no,no,no,no,no
occurrence-520,sell_item.pcapng,0,main,-1,78,no,0x00cf,no,no,no,no,no
occurrence-520,sell_item.pcapng,0,main,1,80,no,0x0001,no,no,no,no,no
occurrence-520,sell_item.pcapng,0,main,2,81,no,0x00cf,no,no,no,no,no
occurrence-520,sell_item.pcapng,0,main,3,82,no,0x00cf,no,no,no,no,no
occurrence-520,sell_item.pcapng,0,main,4,83,no,0x00cf,no,no,no,no,no
occurrence-520,sell_item.pcapng,0,main,5,84,no,0x00cf,no,no,no,no,no
occurrence-521,sell_item.pcapng,0,main,-5,122,no,0x00cf,no,no,no,no,no
occurrence-521,sell_item.pcapng,0,main,-4,123,no,0x00cf,no,no,no,no,no
occurrence-521,sell_item.pcapng,0,main,-3,124,no,0x00cf,no,no,no,no,no
occurrence-521,sell_item.pcapng,0,main,-2,125,no,0x0001,no,no,no,no,no
occurrence-521,sell_item.pcapng,0,main,-1,126,no,0x0001,no,no,no,no,no
occurrence-521,sell_item.pcapng,0,main,1,128,no,0x0001,no,no,no,no,no
occurrence-521,sell_item.pcapng,0,main,2,129,no,0x00cf,no,no,no,no,no
occurrence-521,sell_item.pcapng,0,main,3,130,no,0x00cf,no,no,no,no,no
occurrence-521,sell_item.pcapng,0,main,4,131,no,0x00cf,no,no,no,no,no
occurrence-521,sell_item.pcapng,0,main,5,132,no,0x00cf,no,no,no,no,no
occurrence-522,sell_item.pcapng,0,main,-5,160,no,0x00cf,no,no,no,no,no
occurrence-522,sell_item.pcapng,0,main,-4,161,no,0x00cf,no,no,no,no,no
occurrence-522,sell_item.pcapng,0,main,-3,162,no,0x00cf,no,no,no,no,no
occurrence-522,sell_item.pcapng,0,main,-2,163,no,0x00d9,no,no,no,no,no
occurrence-522,sell_item.pcapng,0,main,-1,164,no,0x00d9,no,no,no,no,no
occurrence-522,sell_item.pcapng,0,main,1,166,no,0x0001,no,no,no,no,no
occurrence-522,sell_item.pcapng,0,main,2,167,no,0x0001,no,no,no,no,no
occurrence-522,sell_item.pcapng,0,main,3,168,no,0x0130,no,no,no,no,no
occurrence-522,sell_item.pcapng,0,main,4,169,no,0x00cf,no,no,no,no,no
occurrence-522,sell_item.pcapng,0,main,5,170,no,0x00cf,no,no,no,no,no
occurrence-523,sell_item.pcapng,0,main,-5,190,no,0x00cf,no,no,no,no,no
occurrence-523,sell_item.pcapng,0,main,-4,191,no,0x00cf,no,no,no,no,no
occurrence-523,sell_item.pcapng,0,main,-3,192,no,0x0130,no,no,no,no,no
occurrence-523,sell_item.pcapng,0,main,-2,193,no,0x0001,no,no,no,no,no
occurrence-523,sell_item.pcapng,0,main,-1,194,no,0x0131,no,no,no,no,no
occurrence-523,sell_item.pcapng,0,main,1,196,no,0x00d2,no,no,no,no,no
occurrence-523,sell_item.pcapng,0,main,2,197,no,0x00d3,no,no,no,no,no
occurrence-523,sell_item.pcapng,0,main,3,198,no,0x0001,no,no,no,no,no
occurrence-523,sell_item.pcapng,0,main,4,199,no,0x00cf,no,no,no,no,no
occurrence-523,sell_item.pcapng,0,main,5,200,no,0x00cf,no,no,no,no,no
occurrence-524,small_talk_louisoix.pcapng,0,main,-5,2,no,0x00cf,no,no,no,no,no
occurrence-524,small_talk_louisoix.pcapng,0,main,-4,3,no,0x00cf,no,no,no,no,no
occurrence-524,small_talk_louisoix.pcapng,0,main,-3,4,no,0x0001,no,no,no,no,no
occurrence-524,small_talk_louisoix.pcapng,0,main,-2,5,no,0x0001,no,no,no,no,no
occurrence-524,small_talk_louisoix.pcapng,0,main,-1,6,no,0x018b,no,no,yes,yes,no
occurrence-524,small_talk_louisoix.pcapng,0,main,1,8,no,0x00cf,no,no,no,no,no
occurrence-524,small_talk_louisoix.pcapng,0,main,2,9,no,0x00cf,no,no,no,no,no
occurrence-524,small_talk_louisoix.pcapng,0,main,3,10,no,0x00cf,no,no,no,no,no
occurrence-524,small_talk_louisoix.pcapng,0,main,4,11,no,0x00cf,no,no,no,no,no
occurrence-524,small_talk_louisoix.pcapng,0,main,5,12,no,0x00d3,no,no,no,no,no
occurrence-525,small_talk_louisoix.pcapng,0,main,-5,42,no,0x00cf,no,no,no,no,no
occurrence-525,small_talk_louisoix.pcapng,0,main,-4,43,no,0x00cf,no,no,no,no,no
occurrence-525,small_talk_louisoix.pcapng,0,main,-3,44,no,0x00cf,no,no,no,no,no
occurrence-525,small_talk_louisoix.pcapng,0,main,-2,45,no,0x00cf,no,no,no,no,no
occurrence-525,small_talk_louisoix.pcapng,0,main,-1,46,no,0x00cf,no,no,no,no,no
occurrence-525,small_talk_louisoix.pcapng,0,main,1,48,no,0x0001,no,no,no,no,no
occurrence-525,small_talk_louisoix.pcapng,0,main,2,49,no,0x0131,no,no,no,no,no
occurrence-525,small_talk_louisoix.pcapng,0,main,3,50,no,0x0001,no,no,no,no,no
occurrence-525,small_talk_louisoix.pcapng,0,main,4,51,no,0x00d2,no,no,no,no,no
occurrence-525,small_talk_louisoix.pcapng,0,main,5,52,no,0x00d3,no,no,no,no,no
occurrence-526,small_talk_louisoix.pcapng,0,main,-5,61,no,0x00cf,no,no,no,no,no
occurrence-526,small_talk_louisoix.pcapng,0,main,-4,62,no,0x00cf,no,no,no,no,no
occurrence-526,small_talk_louisoix.pcapng,0,main,-3,63,no,0x00cf,no,no,no,no,no
occurrence-526,small_talk_louisoix.pcapng,0,main,-2,64,no,0x00cf,no,no,no,no,no
occurrence-526,small_talk_louisoix.pcapng,0,main,-1,65,no,0x0001,no,no,no,no,no
occurrence-527,switch_to_weaver.pcapng,0,main,-5,6,no,0x00cf,no,no,no,no,no
occurrence-527,switch_to_weaver.pcapng,0,main,-4,7,no,0x00cf,no,no,no,no,no
occurrence-527,switch_to_weaver.pcapng,0,main,-3,8,no,0x00cf,no,no,no,no,no
occurrence-527,switch_to_weaver.pcapng,0,main,-2,9,no,0x00cf,no,no,no,no,no
occurrence-527,switch_to_weaver.pcapng,0,main,-1,10,no,0x0001,no,no,no,no,no
occurrence-527,switch_to_weaver.pcapng,0,main,1,12,no,0x0001,no,no,no,no,no
occurrence-527,switch_to_weaver.pcapng,0,main,2,13,no,0x00cf,no,no,no,no,no
occurrence-527,switch_to_weaver.pcapng,0,main,3,14,no,0x00cf,no,no,no,no,no
occurrence-527,switch_to_weaver.pcapng,0,main,4,15,no,0x00cf,no,no,no,no,no
occurrence-527,switch_to_weaver.pcapng,0,main,5,16,no,0x00cf,no,no,no,no,no
occurrence-528,switch_to_weaver.pcapng,0,main,-5,36,no,0x00cf,no,no,no,no,no
occurrence-528,switch_to_weaver.pcapng,0,main,-4,37,no,0x0137,no,no,no,no,no
occurrence-528,switch_to_weaver.pcapng,0,main,-3,38,no,0x0001,no,no,no,no,no
occurrence-528,switch_to_weaver.pcapng,0,main,-2,39,no,0x0137,no,no,no,no,no
occurrence-528,switch_to_weaver.pcapng,0,main,-1,40,no,0x0001,no,no,no,no,no
occurrence-528,switch_to_weaver.pcapng,0,main,1,42,no,0x00cf,no,no,no,no,no
occurrence-528,switch_to_weaver.pcapng,0,main,2,43,no,0x00cf,no,no,no,no,no
occurrence-528,switch_to_weaver.pcapng,0,main,3,44,no,0x00cf,no,no,no,no,no
occurrence-528,switch_to_weaver.pcapng,0,main,4,45,no,0x00cf,no,no,no,no,no
occurrence-528,switch_to_weaver.pcapng,0,main,5,46,no,0x00cf,no,no,no,no,no
occurrence-529,switch_to_weaver.pcapng,0,main,-5,154,no,0x00cf,no,no,no,no,no
occurrence-529,switch_to_weaver.pcapng,0,main,-4,155,no,0x00cf,no,no,no,no,no
occurrence-529,switch_to_weaver.pcapng,0,main,-3,156,no,0x00cf,no,no,no,no,no
occurrence-529,switch_to_weaver.pcapng,0,main,-2,157,no,0x00cf,no,no,no,no,no
occurrence-529,switch_to_weaver.pcapng,0,main,-1,158,no,0x0001,no,no,no,no,no
occurrence-529,switch_to_weaver.pcapng,0,main,1,160,no,0x0001,no,no,no,no,no
occurrence-529,switch_to_weaver.pcapng,0,main,2,161,no,0x00cf,no,no,no,no,no
occurrence-529,switch_to_weaver.pcapng,0,main,3,162,no,0x00cf,no,no,no,no,no
occurrence-529,switch_to_weaver.pcapng,0,main,4,163,no,0x00cf,no,no,no,no,no
occurrence-529,switch_to_weaver.pcapng,0,main,5,164,no,0x00cf,no,no,no,no,no
occurrence-530,switch_to_weaver.pcapng,0,main,-5,180,no,0x00cf,no,no,no,no,no
occurrence-530,switch_to_weaver.pcapng,0,main,-4,181,no,0x00cf,no,no,no,no,no
occurrence-530,switch_to_weaver.pcapng,0,main,-3,182,no,0x00cf,no,no,no,no,no
occurrence-530,switch_to_weaver.pcapng,0,main,-2,183,no,0x0001,no,no,no,no,no
occurrence-530,switch_to_weaver.pcapng,0,main,-1,184,no,0x0001,no,no,no,no,no
occurrence-530,switch_to_weaver.pcapng,0,main,1,186,yes,0x0001,no,no,no,no,no
occurrence-530,switch_to_weaver.pcapng,0,main,2,187,no,0x00cf,no,no,no,no,no
occurrence-530,switch_to_weaver.pcapng,0,main,3,188,no,0x00cf,no,no,no,no,no
occurrence-530,switch_to_weaver.pcapng,0,main,4,189,no,0x00cf,no,no,no,no,no
occurrence-530,switch_to_weaver.pcapng,0,main,5,190,no,0x00cf,no,no,no,no,no
occurrence-531,teleport_to_camp_nine_ivies.pcapng,0,main,-5,8,no,0x0001,no,no,no,no,no
occurrence-531,teleport_to_camp_nine_ivies.pcapng,0,main,-4,9,no,0x0001,no,no,no,no,no
occurrence-531,teleport_to_camp_nine_ivies.pcapng,0,main,-3,10,no,0x00cf,no,no,no,no,no
occurrence-531,teleport_to_camp_nine_ivies.pcapng,0,main,-2,11,no,0x00cf,no,no,no,no,no
occurrence-531,teleport_to_camp_nine_ivies.pcapng,0,main,-1,12,no,0x00cf,no,no,no,no,no
occurrence-531,teleport_to_camp_nine_ivies.pcapng,0,main,1,14,no,0x0001,no,no,no,no,no
occurrence-531,teleport_to_camp_nine_ivies.pcapng,0,main,2,15,no,0x0130,no,no,no,no,no
occurrence-531,teleport_to_camp_nine_ivies.pcapng,0,main,3,16,no,0x00cf,no,no,no,no,no
occurrence-531,teleport_to_camp_nine_ivies.pcapng,0,main,4,17,no,0x0001,no,no,no,no,no
occurrence-531,teleport_to_camp_nine_ivies.pcapng,0,main,5,18,no,0x00cf,no,no,no,no,no
occurrence-532,teleport_to_camp_nine_ivies.pcapng,0,main,-5,23,no,0x00cf,no,no,no,no,no
occurrence-532,teleport_to_camp_nine_ivies.pcapng,0,main,-4,24,no,0x00cf,no,no,no,no,no
occurrence-532,teleport_to_camp_nine_ivies.pcapng,0,main,-3,25,no,0x00cf,no,no,no,no,no
occurrence-532,teleport_to_camp_nine_ivies.pcapng,0,main,-2,26,no,0x0001,no,no,no,no,no
occurrence-532,teleport_to_camp_nine_ivies.pcapng,0,main,-1,27,no,0x0130,no,no,no,no,no
occurrence-532,teleport_to_camp_nine_ivies.pcapng,0,main,1,29,no,0x0001,no,no,no,no,no
occurrence-532,teleport_to_camp_nine_ivies.pcapng,0,main,2,30,no,0x00cf,no,no,no,no,no
occurrence-532,teleport_to_camp_nine_ivies.pcapng,0,main,3,31,no,0x00cf,no,no,no,no,no
occurrence-532,teleport_to_camp_nine_ivies.pcapng,0,main,4,32,no,0x00cf,no,no,no,no,no
occurrence-532,teleport_to_camp_nine_ivies.pcapng,0,main,5,33,no,0x0001,no,no,no,no,no
occurrence-533,teleport_to_camp_nine_ivies.pcapng,0,main,-5,39,no,0x0130,no,no,no,no,no
occurrence-533,teleport_to_camp_nine_ivies.pcapng,0,main,-4,40,no,0x0001,no,no,no,no,no
occurrence-533,teleport_to_camp_nine_ivies.pcapng,0,main,-3,41,no,0x00cf,no,no,no,no,no
occurrence-533,teleport_to_camp_nine_ivies.pcapng,0,main,-2,42,no,0x00cf,no,no,no,no,no
occurrence-533,teleport_to_camp_nine_ivies.pcapng,0,main,-1,43,no,0x00cf,no,no,no,no,no
occurrence-533,teleport_to_camp_nine_ivies.pcapng,0,main,1,45,no,0x0001,no,no,no,no,no
occurrence-533,teleport_to_camp_nine_ivies.pcapng,0,main,2,46,no,0x0130,no,no,no,no,no
occurrence-533,teleport_to_camp_nine_ivies.pcapng,0,main,3,47,no,0x0001,no,no,no,no,no
occurrence-533,teleport_to_camp_nine_ivies.pcapng,0,main,4,48,no,0x00cf,no,no,no,no,no
occurrence-533,teleport_to_camp_nine_ivies.pcapng,0,main,5,49,no,0x00cf,no,no,no,no,no
occurrence-534,teleport_to_camp_nine_ivies.pcapng,0,main,-5,52,no,0x0001,no,no,no,no,no
occurrence-534,teleport_to_camp_nine_ivies.pcapng,0,main,-4,53,no,0x00cf,no,no,no,no,no
occurrence-534,teleport_to_camp_nine_ivies.pcapng,0,main,-3,54,no,0x00cf,no,no,no,no,no
occurrence-534,teleport_to_camp_nine_ivies.pcapng,0,main,-2,55,no,0x00cf,no,no,no,no,no
occurrence-534,teleport_to_camp_nine_ivies.pcapng,0,main,-1,56,no,0x0001,no,no,no,no,no
occurrence-534,teleport_to_camp_nine_ivies.pcapng,0,main,1,58,no,0x0001,no,no,no,no,no
occurrence-534,teleport_to_camp_nine_ivies.pcapng,0,main,2,59,no,0x00cf,no,no,no,no,no
occurrence-534,teleport_to_camp_nine_ivies.pcapng,0,main,3,60,no,0x00cf,no,no,no,no,no
occurrence-534,teleport_to_camp_nine_ivies.pcapng,0,main,4,61,no,0x00cf,no,no,no,no,no
occurrence-534,teleport_to_camp_nine_ivies.pcapng,0,main,5,62,no,0x0001,no,no,no,no,no
occurrence-535,teleport_to_camp_nine_ivies.pcapng,0,main,-5,70,no,0x0001,no,no,no,no,no
occurrence-535,teleport_to_camp_nine_ivies.pcapng,0,main,-4,71,no,0x0001,no,no,no,no,no
occurrence-535,teleport_to_camp_nine_ivies.pcapng,0,main,-3,72,no,0x00cf,no,no,no,no,no
occurrence-535,teleport_to_camp_nine_ivies.pcapng,0,main,-2,73,no,0x00cf,no,no,no,no,no
occurrence-535,teleport_to_camp_nine_ivies.pcapng,0,main,-1,74,no,0x00cf,no,no,no,no,no
occurrence-535,teleport_to_camp_nine_ivies.pcapng,0,main,1,76,no,0x0001,no,no,no,no,no
occurrence-535,teleport_to_camp_nine_ivies.pcapng,0,main,2,77,no,0x00da,no,no,no,no,no
occurrence-535,teleport_to_camp_nine_ivies.pcapng,0,main,3,78,no,0x0001,no,no,no,no,no
occurrence-535,teleport_to_camp_nine_ivies.pcapng,0,main,4,79,no,0x00cf,no,no,no,no,no
occurrence-535,teleport_to_camp_nine_ivies.pcapng,0,main,5,80,no,0x00cf,no,no,no,no,no
occurrence-536,teleport_to_camp_nine_ivies.pcapng,0,main,-5,89,no,0x00cf,no,no,no,no,no
occurrence-536,teleport_to_camp_nine_ivies.pcapng,0,main,-4,90,no,0x00cf,no,no,no,no,no
occurrence-536,teleport_to_camp_nine_ivies.pcapng,0,main,-3,91,no,0x00cf,no,no,no,no,no
occurrence-536,teleport_to_camp_nine_ivies.pcapng,0,main,-2,92,no,0x0001,no,no,no,no,no
occurrence-536,teleport_to_camp_nine_ivies.pcapng,0,main,-1,93,no,0x0001,no,no,no,no,no
occurrence-536,teleport_to_camp_nine_ivies.pcapng,0,main,1,95,no,0x00cf,no,no,no,no,no
occurrence-536,teleport_to_camp_nine_ivies.pcapng,0,main,2,96,no,0x00cf,no,no,no,no,no
occurrence-536,teleport_to_camp_nine_ivies.pcapng,0,main,3,97,no,0x00cf,no,no,no,no,no
occurrence-536,teleport_to_camp_nine_ivies.pcapng,0,main,4,98,no,0x0001,no,no,no,no,no
occurrence-536,teleport_to_camp_nine_ivies.pcapng,0,main,5,99,no,0x0001,no,no,no,no,no
occurrence-537,teleport_to_camp_nine_ivies.pcapng,0,main,-5,420,no,0x00cf,no,no,no,no,no
occurrence-537,teleport_to_camp_nine_ivies.pcapng,0,main,-4,421,no,0x00cf,no,no,no,no,no
occurrence-537,teleport_to_camp_nine_ivies.pcapng,0,main,-3,422,no,0x00cf,no,no,no,no,no
occurrence-537,teleport_to_camp_nine_ivies.pcapng,0,main,-2,423,no,0x017a,no,no,yes,no,no
occurrence-537,teleport_to_camp_nine_ivies.pcapng,0,main,-1,424,no,0x0001,no,no,no,no,no
occurrence-537,teleport_to_camp_nine_ivies.pcapng,0,main,1,426,no,0x017a,no,no,yes,no,no
occurrence-537,teleport_to_camp_nine_ivies.pcapng,0,main,2,427,no,0x0001,no,no,no,no,no
occurrence-537,teleport_to_camp_nine_ivies.pcapng,0,main,3,428,no,0x017a,no,no,yes,no,no
occurrence-537,teleport_to_camp_nine_ivies.pcapng,0,main,4,429,no,0x00cf,no,no,no,no,no
occurrence-537,teleport_to_camp_nine_ivies.pcapng,0,main,5,430,no,0x00cf,no,no,no,no,no
occurrence-538,teleport_to_camp_nine_ivies.pcapng,0,main,-5,447,no,0x00cf,no,no,no,no,no
occurrence-538,teleport_to_camp_nine_ivies.pcapng,0,main,-4,448,no,0x00cf,no,no,no,no,no
occurrence-538,teleport_to_camp_nine_ivies.pcapng,0,main,-3,449,no,0x00cf,no,no,no,no,no
occurrence-538,teleport_to_camp_nine_ivies.pcapng,0,main,-2,450,no,0x0001,no,no,no,no,no
occurrence-538,teleport_to_camp_nine_ivies.pcapng,0,main,-1,451,no,0x0001,no,no,no,no,no
occurrence-538,teleport_to_camp_nine_ivies.pcapng,0,main,1,453,no,0x00cf,no,no,no,no,no
occurrence-538,teleport_to_camp_nine_ivies.pcapng,0,main,2,454,no,0x00cf,no,no,no,no,no
occurrence-538,teleport_to_camp_nine_ivies.pcapng,0,main,3,455,no,0x00cf,no,no,no,no,no
occurrence-538,teleport_to_camp_nine_ivies.pcapng,0,main,4,456,no,0x00cf,no,no,no,no,no
occurrence-538,teleport_to_camp_nine_ivies.pcapng,0,main,5,457,no,0x00cf,no,no,no,no,no
occurrence-539,teleport_to_camp_tranquil.pcapng,0,main,-5,0,no,0x0001,no,no,no,no,no
occurrence-539,teleport_to_camp_tranquil.pcapng,0,main,-4,1,no,0x0001,no,no,no,no,no
occurrence-539,teleport_to_camp_tranquil.pcapng,0,main,-3,2,no,0x0001,no,no,no,no,no
occurrence-539,teleport_to_camp_tranquil.pcapng,0,main,-2,3,no,0x0001,no,no,no,no,no
occurrence-539,teleport_to_camp_tranquil.pcapng,0,main,-1,4,no,0x0130,no,no,no,no,no
occurrence-539,teleport_to_camp_tranquil.pcapng,0,main,1,6,no,0x0001,no,no,no,no,no
occurrence-539,teleport_to_camp_tranquil.pcapng,0,main,2,7,no,0x0001,no,no,no,no,no
occurrence-539,teleport_to_camp_tranquil.pcapng,0,main,3,8,no,0x0130,no,no,no,no,no
occurrence-539,teleport_to_camp_tranquil.pcapng,0,main,4,9,no,0x0001,no,no,no,no,no
occurrence-539,teleport_to_camp_tranquil.pcapng,0,main,5,10,no,0x0001,no,no,no,no,no
occurrence-540,teleport_to_camp_tranquil.pcapng,0,main,-5,7,no,0x0001,no,no,no,no,no
occurrence-540,teleport_to_camp_tranquil.pcapng,0,main,-4,8,no,0x0130,no,no,no,no,no
occurrence-540,teleport_to_camp_tranquil.pcapng,0,main,-3,9,no,0x0001,no,no,no,no,no
occurrence-540,teleport_to_camp_tranquil.pcapng,0,main,-2,10,no,0x0001,no,no,no,no,no
occurrence-540,teleport_to_camp_tranquil.pcapng,0,main,-1,11,no,0x0001,no,no,no,no,no
occurrence-540,teleport_to_camp_tranquil.pcapng,0,main,1,13,no,0x0001,no,no,no,no,no
occurrence-540,teleport_to_camp_tranquil.pcapng,0,main,2,14,no,0x0001,no,no,no,no,no
occurrence-540,teleport_to_camp_tranquil.pcapng,0,main,3,15,no,0x0001,no,no,no,no,no
occurrence-540,teleport_to_camp_tranquil.pcapng,0,main,4,16,no,0x0001,no,no,no,no,no
occurrence-540,teleport_to_camp_tranquil.pcapng,0,main,5,17,no,0x0001,no,no,no,no,no
occurrence-541,teleport_to_camp_tranquil.pcapng,0,main,-5,13,no,0x0001,no,no,no,no,no
occurrence-541,teleport_to_camp_tranquil.pcapng,0,main,-4,14,no,0x0001,no,no,no,no,no
occurrence-541,teleport_to_camp_tranquil.pcapng,0,main,-3,15,no,0x0001,no,no,no,no,no
occurrence-541,teleport_to_camp_tranquil.pcapng,0,main,-2,16,no,0x0001,no,no,no,no,no
occurrence-541,teleport_to_camp_tranquil.pcapng,0,main,-1,17,no,0x0001,no,no,no,no,no
occurrence-541,teleport_to_camp_tranquil.pcapng,0,main,1,19,no,0x0001,no,no,no,no,no
occurrence-541,teleport_to_camp_tranquil.pcapng,0,main,2,20,no,0x0169,no,no,no,no,no
occurrence-541,teleport_to_camp_tranquil.pcapng,0,main,3,21,no,0x00da,no,no,no,no,no
occurrence-541,teleport_to_camp_tranquil.pcapng,0,main,4,22,no,0x0130,no,no,no,no,no
occurrence-541,teleport_to_camp_tranquil.pcapng,0,main,5,23,no,0x0001,no,no,no,no,no
occurrence-542,teleport_to_camp_tranquil.pcapng,0,main,-5,23,no,0x0001,no,no,no,no,no
occurrence-542,teleport_to_camp_tranquil.pcapng,0,main,-4,24,no,0x0001,no,no,no,no,no
occurrence-542,teleport_to_camp_tranquil.pcapng,0,main,-3,25,no,0x0001,no,no,no,no,no
occurrence-542,teleport_to_camp_tranquil.pcapng,0,main,-2,26,no,0x00da,no,no,no,no,no
occurrence-542,teleport_to_camp_tranquil.pcapng,0,main,-1,27,no,0x0001,no,no,no,no,no
occurrence-542,teleport_to_camp_tranquil.pcapng,0,main,1,29,no,0x0193,no,no,no,no,yes
occurrence-542,teleport_to_camp_tranquil.pcapng,0,main,2,30,no,0x0166,no,no,no,no,no
occurrence-542,teleport_to_camp_tranquil.pcapng,0,main,3,31,no,0x0131,no,no,no,no,no
occurrence-542,teleport_to_camp_tranquil.pcapng,0,main,4,32,no,0x00e2,no,no,no,no,no
occurrence-542,teleport_to_camp_tranquil.pcapng,0,main,5,33,no,0x0001,no,no,no,no,no
occurrence-543,teleport_to_camp_tranquil.pcapng,0,main,-5,35,no,0x0001,no,no,no,no,no
occurrence-543,teleport_to_camp_tranquil.pcapng,0,main,-4,36,no,0x0001,no,no,no,no,no
occurrence-543,teleport_to_camp_tranquil.pcapng,0,main,-3,37,no,0x0001,no,no,no,no,no
occurrence-543,teleport_to_camp_tranquil.pcapng,0,main,-2,38,no,0x0001,no,no,no,no,no
occurrence-543,teleport_to_camp_tranquil.pcapng,0,main,-1,39,no,0x0001,no,no,no,no,no
occurrence-543,teleport_to_camp_tranquil.pcapng,0,main,1,41,no,0x0001,no,no,no,no,no
occurrence-543,teleport_to_camp_tranquil.pcapng,0,main,2,42,no,0x0001,no,no,no,no,no
occurrence-543,teleport_to_camp_tranquil.pcapng,0,main,3,43,no,0x0001,no,no,no,no,no
occurrence-543,teleport_to_camp_tranquil.pcapng,0,main,4,44,no,0x0001,no,no,no,no,no
occurrence-543,teleport_to_camp_tranquil.pcapng,0,main,5,45,no,0x017b,no,no,no,no,no
occurrence-544,teleport_to_camp_tranquil.pcapng,0,main,-5,430,no,0x00cf,no,no,no,no,no
occurrence-544,teleport_to_camp_tranquil.pcapng,0,main,-4,431,no,0x00cf,no,no,no,no,no
occurrence-544,teleport_to_camp_tranquil.pcapng,0,main,-3,432,no,0x00cf,no,no,no,no,no
occurrence-544,teleport_to_camp_tranquil.pcapng,0,main,-2,433,no,0x017a,no,no,yes,no,no
occurrence-544,teleport_to_camp_tranquil.pcapng,0,main,-1,434,no,0x0001,no,no,no,no,no
occurrence-544,teleport_to_camp_tranquil.pcapng,0,main,1,436,no,0x0001,no,no,no,no,no
occurrence-544,teleport_to_camp_tranquil.pcapng,0,main,2,437,no,0x00cf,no,no,no,no,no
occurrence-544,teleport_to_camp_tranquil.pcapng,0,main,3,438,no,0x00cf,no,no,no,no,no
occurrence-544,teleport_to_camp_tranquil.pcapng,0,main,4,439,no,0x00cf,no,no,no,no,no
occurrence-544,teleport_to_camp_tranquil.pcapng,0,main,5,440,no,0x00cf,no,no,no,no,no
occurrence-545,teleport_to_camp_tranquil.pcapng,0,main,-5,456,no,0x00cf,no,no,no,no,no
occurrence-545,teleport_to_camp_tranquil.pcapng,0,main,-4,457,no,0x00cf,no,no,no,no,no
occurrence-545,teleport_to_camp_tranquil.pcapng,0,main,-3,458,no,0x00cf,no,no,no,no,no
occurrence-545,teleport_to_camp_tranquil.pcapng,0,main,-2,459,no,0x00cf,no,no,no,no,no
occurrence-545,teleport_to_camp_tranquil.pcapng,0,main,-1,460,no,0x0001,no,no,no,no,no
occurrence-545,teleport_to_camp_tranquil.pcapng,0,main,1,462,no,0x0001,no,no,no,no,no
occurrence-545,teleport_to_camp_tranquil.pcapng,0,main,2,463,no,0x00cf,no,no,no,no,no
occurrence-545,teleport_to_camp_tranquil.pcapng,0,main,3,464,no,0x00cf,no,no,no,no,no
occurrence-545,teleport_to_camp_tranquil.pcapng,0,main,4,465,no,0x00cf,no,no,no,no,no
occurrence-545,teleport_to_camp_tranquil.pcapng,0,main,5,466,no,0x00cf,no,no,no,no,no
occurrence-546,teleport_to_gridania.pcapng,0,main,-5,9,no,0x00cf,no,no,no,no,no
occurrence-546,teleport_to_gridania.pcapng,0,main,-4,10,no,0x00cf,no,no,no,no,no
occurrence-546,teleport_to_gridania.pcapng,0,main,-3,11,no,0x00cf,no,no,no,no,no
occurrence-546,teleport_to_gridania.pcapng,0,main,-2,12,no,0x00cf,no,no,no,no,no
occurrence-546,teleport_to_gridania.pcapng,0,main,-1,13,no,0x0001,no,no,no,no,no
occurrence-546,teleport_to_gridania.pcapng,0,main,1,15,no,0x0001,no,no,no,no,no
occurrence-546,teleport_to_gridania.pcapng,0,main,2,16,no,0x00cf,no,no,no,no,no
occurrence-546,teleport_to_gridania.pcapng,0,main,3,17,no,0x00cf,no,no,no,no,no
occurrence-546,teleport_to_gridania.pcapng,0,main,4,18,no,0x00cf,no,no,no,no,no
occurrence-546,teleport_to_gridania.pcapng,0,main,5,19,no,0x00cf,no,no,no,no,no
occurrence-547,teleport_to_gridania.pcapng,0,main,-5,36,no,0x00cf,no,no,no,no,no
occurrence-547,teleport_to_gridania.pcapng,0,main,-4,37,no,0x00cf,no,no,no,no,no
occurrence-547,teleport_to_gridania.pcapng,0,main,-3,38,no,0x00cf,no,no,no,no,no
occurrence-547,teleport_to_gridania.pcapng,0,main,-2,39,no,0x00cf,no,no,no,no,no
occurrence-547,teleport_to_gridania.pcapng,0,main,-1,40,no,0x0001,no,no,no,no,no
occurrence-547,teleport_to_gridania.pcapng,0,main,1,42,no,0x0001,no,no,no,no,no
occurrence-547,teleport_to_gridania.pcapng,0,main,2,43,no,0x00cf,no,no,no,no,no
occurrence-547,teleport_to_gridania.pcapng,0,main,3,44,no,0x00cf,no,no,no,no,no
occurrence-547,teleport_to_gridania.pcapng,0,main,4,45,no,0x00cf,no,no,no,no,no
occurrence-547,teleport_to_gridania.pcapng,0,main,5,46,no,0x00cf,no,no,no,no,no
occurrence-548,teleport_to_gridania.pcapng,0,main,-5,96,no,0x00cf,no,no,no,no,no
occurrence-548,teleport_to_gridania.pcapng,0,main,-4,97,no,0x00cf,no,no,no,no,no
occurrence-548,teleport_to_gridania.pcapng,0,main,-3,98,no,0x00cf,no,no,no,no,no
occurrence-548,teleport_to_gridania.pcapng,0,main,-2,99,no,0x00cf,no,no,no,no,no
occurrence-548,teleport_to_gridania.pcapng,0,main,-1,100,no,0x00cf,no,no,no,no,no
occurrence-548,teleport_to_gridania.pcapng,0,main,1,102,no,0x0001,no,no,no,no,no
occurrence-548,teleport_to_gridania.pcapng,0,main,2,103,no,0x00cf,no,no,no,no,no
occurrence-548,teleport_to_gridania.pcapng,0,main,3,104,no,0x0001,no,no,no,no,no
occurrence-548,teleport_to_gridania.pcapng,0,main,4,105,no,0x00da,no,no,no,no,no
occurrence-548,teleport_to_gridania.pcapng,0,main,5,106,no,0x00cf,no,no,no,no,no
occurrence-549,teleport_to_gridania.pcapng,0,main,-5,130,no,0x00cf,no,no,no,no,no
occurrence-549,teleport_to_gridania.pcapng,0,main,-4,131,no,0x00cf,no,no,no,no,no
occurrence-549,teleport_to_gridania.pcapng,0,main,-3,132,no,0x0001,no,no,no,no,no
occurrence-549,teleport_to_gridania.pcapng,0,main,-2,133,no,0x00cf,no,no,no,no,no
occurrence-549,teleport_to_gridania.pcapng,0,main,-1,134,no,0x0001,no,no,no,no,no
occurrence-549,teleport_to_gridania.pcapng,0,main,1,136,no,0x00cf,no,no,no,no,no
occurrence-549,teleport_to_gridania.pcapng,0,main,2,137,no,0x00cf,no,no,no,no,no
occurrence-549,teleport_to_gridania.pcapng,0,main,3,138,no,0x00cf,no,no,no,no,no
occurrence-549,teleport_to_gridania.pcapng,0,main,4,139,no,0x00cf,no,no,no,no,no
occurrence-549,teleport_to_gridania.pcapng,0,main,5,140,no,0x00cf,no,no,no,no,no
occurrence-550,teleport_to_gridania.pcapng,0,main,-5,424,no,0x00cf,no,no,no,no,no
occurrence-550,teleport_to_gridania.pcapng,0,main,-4,425,no,0x00cf,no,no,no,no,no
occurrence-550,teleport_to_gridania.pcapng,0,main,-3,426,no,0x00cf,no,no,no,no,no
occurrence-550,teleport_to_gridania.pcapng,0,main,-2,427,no,0x017a,no,no,yes,no,no
occurrence-550,teleport_to_gridania.pcapng,0,main,-1,428,no,0x0001,no,no,no,no,no
occurrence-550,teleport_to_gridania.pcapng,0,main,1,430,no,0x0001,no,no,no,no,no
occurrence-550,teleport_to_gridania.pcapng,0,main,2,431,no,0x00cf,no,no,no,no,no
occurrence-550,teleport_to_gridania.pcapng,0,main,3,432,no,0x00cf,no,no,no,no,no
occurrence-550,teleport_to_gridania.pcapng,0,main,4,433,no,0x00cf,no,no,no,no,no
occurrence-550,teleport_to_gridania.pcapng,0,main,5,434,no,0x00cf,no,no,no,no,no
occurrence-551,teleport_to_gridania.pcapng,0,main,-5,456,no,0x0166,no,no,no,no,no
occurrence-551,teleport_to_gridania.pcapng,0,main,-4,457,no,0x0168,no,no,no,no,no
occurrence-551,teleport_to_gridania.pcapng,0,main,-3,458,no,0x0166,no,no,no,no,no
occurrence-551,teleport_to_gridania.pcapng,0,main,-2,459,no,0x0168,no,no,no,no,no
occurrence-551,teleport_to_gridania.pcapng,0,main,-1,460,no,0x0001,no,no,no,no,no
occurrence-551,teleport_to_gridania.pcapng,0,main,1,462,no,0x0001,no,no,no,no,no
occurrence-551,teleport_to_gridania.pcapng,0,main,2,463,no,0x00cf,no,no,no,no,no
occurrence-551,teleport_to_gridania.pcapng,0,main,3,464,no,0x00cf,no,no,no,no,no
occurrence-551,teleport_to_gridania.pcapng,0,main,4,465,no,0x00cf,no,no,no,no,no
occurrence-551,teleport_to_gridania.pcapng,0,main,5,466,no,0x00cf,no,no,no,no,no
occurrence-552,teleport_to_gridania.pcapng,0,main,-5,481,no,0x00cf,no,no,no,no,no
occurrence-552,teleport_to_gridania.pcapng,0,main,-4,482,no,0x00cf,no,no,no,no,no
occurrence-552,teleport_to_gridania.pcapng,0,main,-3,483,no,0x00cf,no,no,no,no,no
occurrence-552,teleport_to_gridania.pcapng,0,main,-2,484,no,0x00cf,no,no,no,no,no
occurrence-552,teleport_to_gridania.pcapng,0,main,-1,485,no,0x0001,no,no,no,no,no
occurrence-553,war_quest_update1.pcapng,0,main,-2,0,no,0x0001,no,no,no,no,no
occurrence-553,war_quest_update1.pcapng,0,main,-1,1,no,0x00cf,no,no,no,no,no
occurrence-553,war_quest_update1.pcapng,0,main,1,3,no,0x0001,no,no,no,no,no
occurrence-553,war_quest_update1.pcapng,0,main,2,4,no,0x00cf,no,no,no,no,no
occurrence-553,war_quest_update1.pcapng,0,main,3,5,no,0x00cf,no,no,no,no,no
occurrence-553,war_quest_update1.pcapng,0,main,4,6,no,0x00cf,no,no,no,no,no
occurrence-553,war_quest_update1.pcapng,0,main,5,7,no,0x00cf,no,no,no,no,no
occurrence-554,war_quest_update1.pcapng,0,main,-5,44,no,0x00cf,no,no,no,no,no
occurrence-554,war_quest_update1.pcapng,0,main,-4,45,no,0x00cf,no,no,no,no,no
occurrence-554,war_quest_update1.pcapng,0,main,-3,46,no,0x00cf,no,no,no,no,no
occurrence-554,war_quest_update1.pcapng,0,main,-2,47,no,0x00cf,no,no,no,no,no
occurrence-554,war_quest_update1.pcapng,0,main,-1,48,no,0x00cf,no,no,no,no,no
occurrence-554,war_quest_update1.pcapng,0,main,1,50,no,0x0001,no,no,no,no,no
occurrence-554,war_quest_update1.pcapng,0,main,2,51,no,0x0001,no,no,no,no,no
occurrence-554,war_quest_update1.pcapng,0,main,3,52,no,0x00cf,no,no,no,no,no
occurrence-554,war_quest_update1.pcapng,0,main,4,53,no,0x00cf,no,no,no,no,no
occurrence-554,war_quest_update1.pcapng,0,main,5,54,no,0x00cf,no,no,no,no,no
occurrence-555,war_quest_update1.pcapng,0,main,-5,78,no,0x00cf,no,no,no,no,no
occurrence-555,war_quest_update1.pcapng,0,main,-4,79,no,0x00cf,no,no,no,no,no
occurrence-555,war_quest_update1.pcapng,0,main,-3,80,no,0x0001,no,no,no,no,no
occurrence-555,war_quest_update1.pcapng,0,main,-2,81,no,0x00cf,no,no,no,no,no
occurrence-555,war_quest_update1.pcapng,0,main,-1,82,no,0x00cf,no,no,no,no,no
occurrence-555,war_quest_update1.pcapng,0,main,1,84,no,0x0001,no,no,no,no,no
occurrence-555,war_quest_update1.pcapng,0,main,2,85,no,0x00cf,no,no,no,no,no
occurrence-555,war_quest_update1.pcapng,0,main,3,86,no,0x00cf,no,no,no,no,no
occurrence-555,war_quest_update1.pcapng,0,main,4,87,no,0x00cf,no,no,no,no,no
occurrence-555,war_quest_update1.pcapng,0,main,5,88,no,0x00cf,no,no,no,no,no
occurrence-556,war_quest_update1.pcapng,0,main,-5,115,no,0x00cf,no,no,no,no,no
occurrence-556,war_quest_update1.pcapng,0,main,-4,116,no,0x00cf,no,no,no,no,no
occurrence-556,war_quest_update1.pcapng,0,main,-3,117,no,0x00cf,no,no,no,no,no
occurrence-556,war_quest_update1.pcapng,0,main,-2,118,no,0x00cf,no,no,no,no,no
occurrence-556,war_quest_update1.pcapng,0,main,-1,119,no,0x00cf,no,no,no,no,no
occurrence-556,war_quest_update1.pcapng,0,main,1,121,no,0x0001,no,no,no,no,no
occurrence-556,war_quest_update1.pcapng,0,main,2,122,no,0x0001,no,no,no,no,no
occurrence-556,war_quest_update1.pcapng,0,main,3,123,no,0x00cf,no,no,no,no,no
occurrence-556,war_quest_update1.pcapng,0,main,4,124,no,0x0001,no,no,no,no,no
occurrence-556,war_quest_update1.pcapng,0,main,5,125,no,0x00cf,no,no,no,no,no
occurrence-557,war_quest_update1.pcapng,0,main,-5,148,no,0x00cf,no,no,no,no,no
occurrence-557,war_quest_update1.pcapng,0,main,-4,149,no,0x0001,no,no,no,no,no
occurrence-557,war_quest_update1.pcapng,0,main,-3,150,no,0x00cb,no,yes,no,no,no
occurrence-557,war_quest_update1.pcapng,0,main,-2,151,no,0x00d2,no,no,no,no,no
occurrence-557,war_quest_update1.pcapng,0,main,-1,152,no,0x00d3,no,no,no,no,no
occurrence-557,war_quest_update1.pcapng,0,main,1,154,no,0x0001,no,no,no,no,no
occurrence-557,war_quest_update1.pcapng,0,main,2,155,no,0x00cf,no,no,no,no,no
occurrence-557,war_quest_update1.pcapng,0,main,3,156,no,0x00cf,no,no,no,no,no
occurrence-557,war_quest_update1.pcapng,0,main,4,157,no,0x00cf,no,no,no,no,no
occurrence-557,war_quest_update1.pcapng,0,main,5,158,no,0x00cf,no,no,no,no,no
occurrence-558,war_quest_update2.pcapng,0,main,-5,11,no,0x0169,no,no,no,no,no
occurrence-558,war_quest_update2.pcapng,0,main,-4,12,no,0x0139,no,no,no,no,no
occurrence-558,war_quest_update2.pcapng,0,main,-3,13,no,0x0001,no,no,no,no,no
occurrence-558,war_quest_update2.pcapng,0,main,-2,14,no,0x00ce,no,no,no,no,no
occurrence-558,war_quest_update2.pcapng,0,main,-1,15,no,0x00cf,no,no,no,no,no
occurrence-558,war_quest_update2.pcapng,0,main,1,17,no,0x0001,no,no,no,no,no
occurrence-558,war_quest_update2.pcapng,0,main,2,18,no,0x00cf,no,no,no,no,no
occurrence-558,war_quest_update2.pcapng,0,main,3,19,no,0x00cf,no,no,no,no,no
occurrence-558,war_quest_update2.pcapng,0,main,4,20,no,0x00cf,no,no,no,no,no
occurrence-558,war_quest_update2.pcapng,0,main,5,21,no,0x00cf,no,no,no,no,no
occurrence-559,war_quest_update2.pcapng,0,main,-5,46,no,0x00cf,no,no,no,no,no
occurrence-559,war_quest_update2.pcapng,0,main,-4,47,no,0x00cf,no,no,no,no,no
occurrence-559,war_quest_update2.pcapng,0,main,-3,48,no,0x00cf,no,no,no,no,no
occurrence-559,war_quest_update2.pcapng,0,main,-2,49,no,0x00ce,no,no,no,no,no
occurrence-559,war_quest_update2.pcapng,0,main,-1,50,no,0x00cf,no,no,no,no,no
occurrence-559,war_quest_update2.pcapng,0,main,1,52,no,0x0001,no,no,no,no,no
occurrence-559,war_quest_update2.pcapng,0,main,2,53,no,0x00ce,no,no,no,no,no
occurrence-559,war_quest_update2.pcapng,0,main,3,54,no,0x00cf,no,no,no,no,no
occurrence-559,war_quest_update2.pcapng,0,main,4,55,no,0x0001,no,no,no,no,no
occurrence-559,war_quest_update2.pcapng,0,main,5,56,no,0x00cf,no,no,no,no,no
occurrence-560,war_quest_update2.pcapng,0,main,-5,92,no,0x00cf,no,no,no,no,no
occurrence-560,war_quest_update2.pcapng,0,main,-4,93,no,0x00cf,no,no,no,no,no
occurrence-560,war_quest_update2.pcapng,0,main,-3,94,no,0x00cf,no,no,no,no,no
occurrence-560,war_quest_update2.pcapng,0,main,-2,95,no,0x00ce,no,no,no,no,no
occurrence-560,war_quest_update2.pcapng,0,main,-1,96,no,0x00cf,no,no,no,no,no
occurrence-560,war_quest_update2.pcapng,0,main,1,98,no,0x00cf,no,no,no,no,no
occurrence-560,war_quest_update2.pcapng,0,main,2,99,no,0x00cf,no,no,no,no,no
occurrence-560,war_quest_update2.pcapng,0,main,3,100,no,0x00cf,no,no,no,no,no
occurrence-560,war_quest_update2.pcapng,0,main,4,101,no,0x0001,no,no,no,no,no
occurrence-560,war_quest_update2.pcapng,0,main,5,102,no,0x018b,no,no,yes,yes,no
occurrence-561,war_quest_update2.pcapng,0,main,-5,145,no,0x00cf,no,no,no,no,no
occurrence-561,war_quest_update2.pcapng,0,main,-4,146,no,0x00cf,no,no,no,no,no
occurrence-561,war_quest_update2.pcapng,0,main,-3,147,no,0x00cf,no,no,no,no,no
occurrence-561,war_quest_update2.pcapng,0,main,-2,148,no,0x00ce,no,no,no,no,no
occurrence-561,war_quest_update2.pcapng,0,main,-1,149,no,0x00cf,no,no,no,no,no
occurrence-561,war_quest_update2.pcapng,0,main,1,151,no,0x0001,no,no,no,no,no
occurrence-561,war_quest_update2.pcapng,0,main,2,152,no,0x00cf,no,no,no,no,no
occurrence-561,war_quest_update2.pcapng,0,main,3,153,no,0x00e1,no,no,no,no,no
occurrence-561,war_quest_update2.pcapng,0,main,4,154,no,0x00ce,no,no,no,no,no
occurrence-561,war_quest_update2.pcapng,0,main,5,155,no,0x00cf,no,no,no,no,no
occurrence-562,war_quest_update2.pcapng,0,main,-5,177,no,0x0001,no,no,no,no,no
occurrence-562,war_quest_update2.pcapng,0,main,-4,178,no,0x00d2,no,no,no,no,no
occurrence-562,war_quest_update2.pcapng,0,main,-3,179,no,0x0134,no,no,no,no,no
occurrence-562,war_quest_update2.pcapng,0,main,-2,180,no,0x0139,no,no,no,no,no
occurrence-562,war_quest_update2.pcapng,0,main,-1,181,no,0x0131,no,no,no,no,no
occurrence-562,war_quest_update2.pcapng,0,main,1,183,no,0x00ce,no,no,no,no,no
occurrence-562,war_quest_update2.pcapng,0,main,2,184,no,0x00cf,no,no,no,no,no
occurrence-562,war_quest_update2.pcapng,0,main,3,185,no,0x0001,no,no,no,no,no
occurrence-562,war_quest_update2.pcapng,0,main,4,186,no,0x00cf,no,no,no,no,no
occurrence-562,war_quest_update2.pcapng,0,main,5,187,no,0x00cf,no,no,no,no,no
occurrence-563,war_quest_update2.pcapng,0,main,-5,241,no,0x00cf,no,no,no,no,no
occurrence-563,war_quest_update2.pcapng,0,main,-4,242,no,0x00cf,no,no,no,no,no
occurrence-563,war_quest_update2.pcapng,0,main,-3,243,no,0x00cf,no,no,no,no,no
occurrence-563,war_quest_update2.pcapng,0,main,-2,244,no,0x00cf,no,no,no,no,no
occurrence-563,war_quest_update2.pcapng,0,main,-1,245,no,0x013a,no,no,no,no,no
occurrence-563,war_quest_update2.pcapng,0,main,1,247,yes,0x0137,no,no,no,no,no
occurrence-563,war_quest_update2.pcapng,0,main,2,248,no,0x0001,no,no,no,no,no
occurrence-563,war_quest_update2.pcapng,0,main,3,249,no,0x00ce,no,no,no,no,no
occurrence-563,war_quest_update2.pcapng,0,main,4,250,no,0x00cf,no,no,no,no,no
occurrence-563,war_quest_update2.pcapng,0,main,5,251,no,0x0137,no,no,no,no,no
occurrence-564,war_quest_update2.pcapng,0,main,-5,316,no,0x00cf,no,no,no,no,no
occurrence-564,war_quest_update2.pcapng,0,main,-4,317,no,0x0001,no,no,no,no,no
occurrence-564,war_quest_update2.pcapng,0,main,-3,318,no,0x00d3,no,no,no,no,no
occurrence-564,war_quest_update2.pcapng,0,main,-2,319,no,0x00cf,no,no,no,no,no
occurrence-564,war_quest_update2.pcapng,0,main,-1,320,yes,0x0139,no,no,no,no,no
occurrence-564,war_quest_update2.pcapng,0,main,1,322,no,0x0137,no,no,no,no,no
occurrence-564,war_quest_update2.pcapng,0,main,2,323,no,0x00cf,no,no,no,no,no
occurrence-564,war_quest_update2.pcapng,0,main,3,324,no,0x00ce,no,no,no,no,no
occurrence-564,war_quest_update2.pcapng,0,main,4,325,no,0x00cf,no,no,no,no,no
occurrence-564,war_quest_update2.pcapng,0,main,5,326,no,0x00cf,no,no,no,no,no
occurrence-565,war_quest_update2.pcapng,0,main,-5,398,no,0x00cf,no,no,no,no,no
occurrence-565,war_quest_update2.pcapng,0,main,-4,399,no,0x0139,no,no,no,no,no
occurrence-565,war_quest_update2.pcapng,0,main,-3,400,no,0x0137,no,no,no,no,no
occurrence-565,war_quest_update2.pcapng,0,main,-2,401,no,0x0137,no,no,no,no,no
occurrence-565,war_quest_update2.pcapng,0,main,-1,402,no,0x0001,no,no,no,no,no
occurrence-565,war_quest_update2.pcapng,0,main,1,404,yes,0x00cf,no,no,no,no,no
occurrence-565,war_quest_update2.pcapng,0,main,2,405,no,0x00cf,no,no,no,no,no
occurrence-565,war_quest_update2.pcapng,0,main,3,406,no,0x0137,no,no,no,no,no
occurrence-565,war_quest_update2.pcapng,0,main,4,407,no,0x00ce,no,no,no,no,no
occurrence-565,war_quest_update2.pcapng,0,main,5,408,no,0x00cf,no,no,no,no,no
occurrence-566,war_quest_update2.pcapng,0,main,-5,702,no,0x00ce,no,no,no,no,no
occurrence-566,war_quest_update2.pcapng,0,main,-4,703,no,0x00cf,no,no,no,no,no
occurrence-566,war_quest_update2.pcapng,0,main,-3,704,no,0x0137,no,no,no,no,no
occurrence-566,war_quest_update2.pcapng,0,main,-2,705,no,0x0001,no,no,no,no,no
occurrence-566,war_quest_update2.pcapng,0,main,-1,706,no,0x0137,no,no,no,no,no
occurrence-566,war_quest_update2.pcapng,0,main,1,708,no,0x0137,no,no,no,no,no
occurrence-566,war_quest_update2.pcapng,0,main,2,709,no,0x00d2,no,no,no,no,no
occurrence-566,war_quest_update2.pcapng,0,main,3,710,no,0x00d3,no,no,no,no,no
occurrence-566,war_quest_update2.pcapng,0,main,4,711,no,0x00cf,no,no,no,no,no
occurrence-566,war_quest_update2.pcapng,0,main,5,712,no,0x00ce,no,no,no,no,no
occurrence-567,war_quest_update2.pcapng,0,main,-5,790,no,0x0137,no,no,no,no,no
occurrence-567,war_quest_update2.pcapng,0,main,-4,791,no,0x00cf,no,no,no,no,no
occurrence-567,war_quest_update2.pcapng,0,main,-3,792,no,0x0137,no,no,no,no,no
occurrence-567,war_quest_update2.pcapng,0,main,-2,793,no,0x00cf,no,no,no,no,no
occurrence-567,war_quest_update2.pcapng,0,main,-1,794,yes,0x0139,no,no,no,no,no
occurrence-567,war_quest_update2.pcapng,0,main,1,796,no,0x00cf,no,no,no,no,no
occurrence-567,war_quest_update2.pcapng,0,main,2,797,no,0x0137,no,no,no,no,no
occurrence-567,war_quest_update2.pcapng,0,main,3,798,no,0x00cf,no,no,no,no,no
occurrence-567,war_quest_update2.pcapng,0,main,4,799,no,0x0139,no,no,no,no,no
occurrence-567,war_quest_update2.pcapng,0,main,5,800,no,0x00cf,no,no,no,no,no
occurrence-568,war_quest_update2.pcapng,0,main,-5,848,no,0x00cf,no,no,no,no,no
occurrence-568,war_quest_update2.pcapng,0,main,-4,849,no,0x0139,no,no,no,no,no
occurrence-568,war_quest_update2.pcapng,0,main,-3,850,no,0x0001,no,no,no,no,no
occurrence-568,war_quest_update2.pcapng,0,main,-2,851,no,0x00ce,no,no,no,no,no
occurrence-568,war_quest_update2.pcapng,0,main,-1,852,no,0x00cf,no,no,no,no,no
occurrence-568,war_quest_update2.pcapng,0,main,1,854,yes,0x00cf,no,no,no,no,no
occurrence-568,war_quest_update2.pcapng,0,main,2,855,no,0x0177,no,no,no,no,no
occurrence-568,war_quest_update2.pcapng,0,main,3,856,no,0x0137,no,no,no,no,no
occurrence-568,war_quest_update2.pcapng,0,main,4,857,no,0x0139,no,no,no,no,no
occurrence-568,war_quest_update2.pcapng,0,main,5,858,no,0x00d0,no,no,no,no,no
occurrence-569,war_quest_update2.pcapng,0,main,-5,922,no,0x00cf,no,no,no,no,no
occurrence-569,war_quest_update2.pcapng,0,main,-4,923,no,0x00cf,no,no,no,no,no
occurrence-569,war_quest_update2.pcapng,0,main,-3,924,no,0x00cf,no,no,no,no,no
occurrence-569,war_quest_update2.pcapng,0,main,-2,925,no,0x00cf,no,no,no,no,no
occurrence-569,war_quest_update2.pcapng,0,main,-1,926,no,0x00cf,no,no,no,no,no
occurrence-569,war_quest_update2.pcapng,0,main,1,928,yes,0x0137,no,no,no,no,no
occurrence-569,war_quest_update2.pcapng,0,main,2,929,no,0x00ce,no,no,no,no,no
occurrence-569,war_quest_update2.pcapng,0,main,3,930,no,0x00cf,no,no,no,no,no
occurrence-569,war_quest_update2.pcapng,0,main,4,931,no,0x00d2,no,no,no,no,no
occurrence-569,war_quest_update2.pcapng,0,main,5,932,no,0x00d3,no,no,no,no,no
occurrence-570,war_quest_update2.pcapng,0,main,-5,984,no,0x017e,no,no,yes,no,no
occurrence-570,war_quest_update2.pcapng,0,main,-4,985,no,0x017c,no,no,yes,no,no
occurrence-570,war_quest_update2.pcapng,0,main,-3,986,no,0x017d,no,no,yes,no,no
occurrence-570,war_quest_update2.pcapng,0,main,-2,987,no,0x0183,no,no,yes,no,no
occurrence-570,war_quest_update2.pcapng,0,main,-1,988,no,0x017e,no,no,yes,no,no
occurrence-570,war_quest_update2.pcapng,0,main,1,990,yes,0x00cf,no,no,no,no,no
occurrence-570,war_quest_update2.pcapng,0,main,2,991,no,0x00ce,no,no,no,no,no
occurrence-570,war_quest_update2.pcapng,0,main,3,992,no,0x00cf,no,no,no,no,no
occurrence-570,war_quest_update2.pcapng,0,main,4,993,no,0x00cf,no,no,no,no,no
occurrence-570,war_quest_update2.pcapng,0,main,5,994,no,0x0001,no,no,no,no,no
occurrence-571,war_quest_update2.pcapng,0,main,-5,1034,no,0x0001,no,no,no,no,no
occurrence-571,war_quest_update2.pcapng,0,main,-4,1035,yes,0x00cf,no,no,no,no,no
occurrence-571,war_quest_update2.pcapng,0,main,-3,1036,yes,0x00cf,no,no,no,no,no
occurrence-571,war_quest_update2.pcapng,0,main,-2,1037,yes,0x00cf,no,no,no,no,no
occurrence-571,war_quest_update2.pcapng,0,main,-1,1038,yes,0x00cf,no,no,no,no,no
occurrence-571,war_quest_update2.pcapng,0,main,1,1040,no,0x0137,no,no,no,no,no
occurrence-571,war_quest_update2.pcapng,0,main,2,1041,no,0x00cf,no,no,no,no,no
occurrence-571,war_quest_update2.pcapng,0,main,3,1042,no,0x00ce,no,no,no,no,no
occurrence-571,war_quest_update2.pcapng,0,main,4,1043,no,0x00cf,no,no,no,no,no
occurrence-571,war_quest_update2.pcapng,0,main,5,1044,no,0x0001,no,no,no,no,no
occurrence-572,war_quest_update2.pcapng,0,main,-5,1092,no,0x0195,no,no,no,no,no
occurrence-572,war_quest_update2.pcapng,0,main,-4,1093,no,0x00ce,no,no,no,no,no
occurrence-572,war_quest_update2.pcapng,0,main,-3,1094,no,0x00cf,no,no,no,no,no
occurrence-572,war_quest_update2.pcapng,0,main,-2,1095,no,0x0001,no,no,no,no,no
occurrence-572,war_quest_update2.pcapng,0,main,-1,1096,no,0x00cf,no,no,no,no,no
occurrence-572,war_quest_update2.pcapng,0,main,1,1098,yes,0x0137,no,no,no,no,no
occurrence-572,war_quest_update2.pcapng,0,main,2,1099,no,0x0137,no,no,no,no,no
occurrence-572,war_quest_update2.pcapng,0,main,3,1100,no,0x0001,no,no,no,no,no
occurrence-572,war_quest_update2.pcapng,0,main,4,1101,no,0x015a,no,no,no,no,no
occurrence-572,war_quest_update2.pcapng,0,main,5,1102,no,0x00ce,no,no,no,no,no
occurrence-573,war_quest_update2.pcapng,0,main,-5,1142,no,0x0139,no,no,no,no,no
occurrence-573,war_quest_update2.pcapng,0,main,-4,1143,yes,0x00cf,no,no,no,no,no
occurrence-573,war_quest_update2.pcapng,0,main,-3,1144,yes,0x00cf,no,no,no,no,no
occurrence-573,war_quest_update2.pcapng,0,main,-2,1145,yes,0x00cf,no,no,no,no,no
occurrence-573,war_quest_update2.pcapng,0,main,-1,1146,yes,0x00cf,no,no,no,no,no
occurrence-573,war_quest_update2.pcapng,0,main,1,1148,no,0x0137,no,no,no,no,no
occurrence-573,war_quest_update2.pcapng,0,main,2,1149,no,0x0137,no,no,no,no,no
occurrence-573,war_quest_update2.pcapng,0,main,3,1150,no,0x0001,no,no,no,no,no
occurrence-573,war_quest_update2.pcapng,0,main,4,1151,no,0x00ce,no,no,no,no,no
occurrence-573,war_quest_update2.pcapng,0,main,5,1152,no,0x00cf,no,no,no,no,no
occurrence-574,war_quest_update2.pcapng,0,main,-5,1186,no,0x0139,no,no,no,no,no
occurrence-574,war_quest_update2.pcapng,0,main,-4,1187,no,0x0001,no,no,no,no,no
occurrence-574,war_quest_update2.pcapng,0,main,-3,1188,no,0x0137,no,no,no,no,no
occurrence-574,war_quest_update2.pcapng,0,main,-2,1189,no,0x00ce,no,no,no,no,no
occurrence-574,war_quest_update2.pcapng,0,main,-1,1190,no,0x00cf,no,no,no,no,no
occurrence-574,war_quest_update2.pcapng,0,main,1,1192,no,0x013a,no,no,no,no,no
occurrence-574,war_quest_update2.pcapng,0,main,2,1193,no,0x00cf,no,no,no,no,no
occurrence-574,war_quest_update2.pcapng,0,main,3,1194,no,0x0001,no,no,no,no,no
occurrence-574,war_quest_update2.pcapng,0,main,4,1195,no,0x0137,no,no,no,no,no
occurrence-574,war_quest_update2.pcapng,0,main,5,1196,no,0x0137,no,no,no,no,no
occurrence-575,war_quest_update2.pcapng,0,main,-5,1231,no,0x00cf,no,no,no,no,no
occurrence-575,war_quest_update2.pcapng,0,main,-4,1232,no,0x0001,no,no,no,no,no
occurrence-575,war_quest_update2.pcapng,0,main,-3,1233,no,0x00cf,no,no,no,no,no
occurrence-575,war_quest_update2.pcapng,0,main,-2,1234,no,0x00cf,no,no,no,no,no
occurrence-575,war_quest_update2.pcapng,0,main,-1,1235,no,0x00cf,no,no,no,no,no
occurrence-575,war_quest_update2.pcapng,0,main,1,1237,no,0x00cf,no,no,no,no,no
occurrence-575,war_quest_update2.pcapng,0,main,2,1238,no,0x00cf,no,no,no,no,no
occurrence-575,war_quest_update2.pcapng,0,main,3,1239,no,0x00cf,no,no,no,no,no
occurrence-575,war_quest_update2.pcapng,0,main,4,1240,no,0x00cf,no,no,no,no,no
occurrence-575,war_quest_update2.pcapng,0,main,5,1241,no,0x00cf,no,no,no,no,no
occurrence-576,war_quest_update2.pcapng,0,main,-5,1304,no,0x00d0,no,no,no,no,no
occurrence-576,war_quest_update2.pcapng,0,main,-4,1305,no,0x00d0,no,no,no,no,no
occurrence-576,war_quest_update2.pcapng,0,main,-3,1306,no,0x013a,no,no,no,no,no
occurrence-576,war_quest_update2.pcapng,0,main,-2,1307,no,0x0137,no,no,no,no,no
occurrence-576,war_quest_update2.pcapng,0,main,-1,1308,no,0x0195,no,no,no,no,no
occurrence-576,war_quest_update2.pcapng,0,main,1,1310,no,0x0137,no,no,no,no,no
occurrence-576,war_quest_update2.pcapng,0,main,2,1311,no,0x00ce,no,no,no,no,no
occurrence-576,war_quest_update2.pcapng,0,main,3,1312,no,0x00cf,no,no,no,no,no
occurrence-576,war_quest_update2.pcapng,0,main,4,1313,no,0x0001,no,no,no,no,no
occurrence-576,war_quest_update2.pcapng,0,main,5,1314,no,0x0137,no,no,no,no,no
occurrence-577,war_quest_update2.pcapng,0,main,-5,1356,no,0x00ce,no,no,no,no,no
occurrence-577,war_quest_update2.pcapng,0,main,-4,1357,no,0x00cf,no,no,no,no,no
occurrence-577,war_quest_update2.pcapng,0,main,-3,1358,no,0x00cf,no,no,no,no,no
occurrence-577,war_quest_update2.pcapng,0,main,-2,1359,no,0x00cf,no,no,no,no,no
occurrence-577,war_quest_update2.pcapng,0,main,-1,1360,no,0x0137,no,no,no,no,no
occurrence-577,war_quest_update2.pcapng,0,main,1,1362,no,0x00cf,no,no,no,no,no
occurrence-577,war_quest_update2.pcapng,0,main,2,1363,no,0x00cf,no,no,no,no,no
occurrence-577,war_quest_update2.pcapng,0,main,3,1364,no,0x00cf,no,no,no,no,no
occurrence-577,war_quest_update2.pcapng,0,main,4,1365,no,0x00cf,no,no,no,no,no
occurrence-577,war_quest_update2.pcapng,0,main,5,1366,no,0x0001,no,no,no,no,no
occurrence-578,war_quest_update2.pcapng,0,main,-5,1409,no,0x0001,no,no,no,no,no
occurrence-578,war_quest_update2.pcapng,0,main,-4,1410,no,0x00cf,no,no,no,no,no
occurrence-578,war_quest_update2.pcapng,0,main,-3,1411,no,0x00cf,no,no,no,no,no
occurrence-578,war_quest_update2.pcapng,0,main,-2,1412,no,0x00ce,no,no,no,no,no
occurrence-578,war_quest_update2.pcapng,0,main,-1,1413,no,0x00cf,no,no,no,no,no
occurrence-578,war_quest_update2.pcapng,0,main,1,1415,no,0x0137,no,no,no,no,no
occurrence-578,war_quest_update2.pcapng,0,main,2,1416,no,0x0001,no,no,no,no,no
occurrence-578,war_quest_update2.pcapng,0,main,3,1417,no,0x00ce,no,no,no,no,no
occurrence-578,war_quest_update2.pcapng,0,main,4,1418,no,0x00cf,no,no,no,no,no
occurrence-578,war_quest_update2.pcapng,0,main,5,1419,no,0x0133,no,no,no,no,no
occurrence-579,war_quest_update2.pcapng,0,main,-5,1754,yes,0x0137,no,no,no,no,no
occurrence-579,war_quest_update2.pcapng,0,main,-4,1755,yes,0x0136,no,no,no,no,no
occurrence-579,war_quest_update2.pcapng,0,main,-3,1756,yes,0x017a,no,no,yes,no,no
occurrence-579,war_quest_update2.pcapng,0,main,-2,1757,yes,0x0131,no,no,no,no,no
occurrence-579,war_quest_update2.pcapng,0,main,-1,1758,yes,0x0131,no,no,no,no,no
occurrence-579,war_quest_update2.pcapng,0,main,1,1760,no,0x0001,no,no,no,no,no
occurrence-579,war_quest_update2.pcapng,0,main,2,1761,no,0x017a,no,no,yes,no,no
occurrence-579,war_quest_update2.pcapng,0,main,3,1762,no,0x017a,no,no,yes,no,no
occurrence-579,war_quest_update2.pcapng,0,main,4,1763,no,0x017a,no,no,yes,no,no
occurrence-579,war_quest_update2.pcapng,0,main,5,1764,no,0x017a,no,no,yes,no,no
occurrence-580,war_quest_update2.pcapng,0,main,-5,1806,no,0x00cf,no,no,no,no,no
occurrence-580,war_quest_update2.pcapng,0,main,-4,1807,no,0x00cf,no,no,no,no,no
occurrence-580,war_quest_update2.pcapng,0,main,-3,1808,no,0x00cf,no,no,no,no,no
occurrence-580,war_quest_update2.pcapng,0,main,-2,1809,no,0x00cf,no,no,no,no,no
occurrence-580,war_quest_update2.pcapng,0,main,-1,1810,no,0x00cf,no,no,no,no,no
occurrence-580,war_quest_update2.pcapng,0,main,1,1812,no,0x0001,no,no,no,no,no
occurrence-580,war_quest_update2.pcapng,0,main,2,1813,no,0x00cf,no,no,no,no,no
occurrence-580,war_quest_update2.pcapng,0,main,3,1814,no,0x00d0,no,no,no,no,no
occurrence-580,war_quest_update2.pcapng,0,main,4,1815,no,0x00d0,no,no,no,no,no
occurrence-580,war_quest_update2.pcapng,0,main,5,1816,no,0x00d0,no,no,no,no,no
occurrence-581,war_quest_update3.pcapng,0,main,-5,58,yes,0x00cf,no,no,no,no,no
occurrence-581,war_quest_update3.pcapng,0,main,-4,59,yes,0x00cf,no,no,no,no,no
occurrence-581,war_quest_update3.pcapng,0,main,-3,60,yes,0x00cf,no,no,no,no,no
occurrence-581,war_quest_update3.pcapng,0,main,-2,61,yes,0x00cf,no,no,no,no,no
occurrence-581,war_quest_update3.pcapng,0,main,-1,62,yes,0x00cf,no,no,no,no,no
occurrence-581,war_quest_update3.pcapng,0,main,1,64,no,0x00cf,no,no,no,no,no
occurrence-581,war_quest_update3.pcapng,0,main,2,65,no,0x00cf,no,no,no,no,no
occurrence-581,war_quest_update3.pcapng,0,main,3,66,no,0x00cf,no,no,no,no,no
occurrence-581,war_quest_update3.pcapng,0,main,4,67,no,0x00cf,no,no,no,no,no
occurrence-581,war_quest_update3.pcapng,0,main,5,68,no,0x00cf,no,no,no,no,no
occurrence-582,war_quest_update3.pcapng,0,main,-5,118,no,0x0145,no,no,no,no,no
occurrence-582,war_quest_update3.pcapng,0,main,-4,119,no,0x017b,no,no,no,no,no
occurrence-582,war_quest_update3.pcapng,0,main,-3,120,no,0x00cc,no,yes,no,no,no
occurrence-582,war_quest_update3.pcapng,0,main,-2,121,no,0x0137,no,no,no,no,no
occurrence-582,war_quest_update3.pcapng,0,main,-1,122,no,0x0001,no,no,no,no,no
occurrence-582,war_quest_update3.pcapng,0,main,1,124,no,0x017a,no,no,yes,no,no
occurrence-582,war_quest_update3.pcapng,0,main,2,125,no,0x0001,no,no,no,no,no
occurrence-582,war_quest_update3.pcapng,0,main,3,126,no,0x00cf,no,no,no,no,no
occurrence-582,war_quest_update3.pcapng,0,main,4,127,no,0x00cf,no,no,no,no,no
occurrence-582,war_quest_update3.pcapng,0,main,5,128,no,0x00cf,no,no,no,no,no
occurrence-583,war_quest_update3.pcapng,0,main,-5,153,no,0x0001,no,no,no,no,no
occurrence-583,war_quest_update3.pcapng,0,main,-4,154,no,0x0001,no,no,no,no,no
occurrence-583,war_quest_update3.pcapng,0,main,-3,155,no,0x00d0,no,no,no,no,no
occurrence-583,war_quest_update3.pcapng,0,main,-2,156,no,0x00d0,no,no,no,no,no
occurrence-583,war_quest_update3.pcapng,0,main,-1,157,no,0x00d0,no,no,no,no,no
occurrence-583,war_quest_update3.pcapng,0,main,1,159,no,0x00cf,no,no,no,no,no
occurrence-583,war_quest_update3.pcapng,0,main,2,160,no,0x00cf,no,no,no,no,no
occurrence-583,war_quest_update3.pcapng,0,main,3,161,no,0x00cf,no,no,no,no,no
occurrence-583,war_quest_update3.pcapng,0,main,4,162,no,0x00cf,no,no,no,no,no
occurrence-583,war_quest_update3.pcapng,0,main,5,163,no,0x00cf,no,no,no,no,no
occurrence-584,war_quest_update3.pcapng,0,main,-5,193,no,0x00cf,no,no,no,no,no
occurrence-584,war_quest_update3.pcapng,0,main,-4,194,no,0x0137,no,no,no,no,no
occurrence-584,war_quest_update3.pcapng,0,main,-3,195,no,0x0001,no,no,no,no,no
occurrence-584,war_quest_update3.pcapng,0,main,-2,196,no,0x0169,no,no,no,no,no
occurrence-584,war_quest_update3.pcapng,0,main,-1,197,no,0x0139,no,no,no,no,no
occurrence-584,war_quest_update3.pcapng,0,main,1,199,no,0x0001,no,no,no,no,no
occurrence-584,war_quest_update3.pcapng,0,main,2,200,no,0x00d0,no,no,no,no,no
occurrence-584,war_quest_update3.pcapng,0,main,3,201,no,0x00d0,no,no,no,no,no
occurrence-584,war_quest_update3.pcapng,0,main,4,202,no,0x00d0,no,no,no,no,no
occurrence-584,war_quest_update3.pcapng,0,main,5,203,no,0x00cf,no,no,no,no,no
occurrence-585,war_quest_update3.pcapng,0,main,-5,222,no,0x00cf,no,no,no,no,no
occurrence-585,war_quest_update3.pcapng,0,main,-4,223,no,0x00cf,no,no,no,no,no
occurrence-585,war_quest_update3.pcapng,0,main,-3,224,no,0x00cf,no,no,no,no,no
occurrence-585,war_quest_update3.pcapng,0,main,-2,225,no,0x0001,no,no,no,no,no
occurrence-585,war_quest_update3.pcapng,0,main,-1,226,no,0x0001,no,no,no,no,no
occurrence-585,war_quest_update3.pcapng,0,main,1,228,no,0x00cf,no,no,no,no,no
occurrence-585,war_quest_update3.pcapng,0,main,2,229,no,0x00cf,no,no,no,no,no
occurrence-585,war_quest_update3.pcapng,0,main,3,230,no,0x00cf,no,no,no,no,no
occurrence-585,war_quest_update3.pcapng,0,main,4,231,no,0x00cf,no,no,no,no,no
occurrence-585,war_quest_update3.pcapng,0,main,5,232,no,0x00cf,no,no,no,no,no
occurrence-586,war_quest_update3.pcapng,0,main,-5,266,no,0x00cf,no,no,no,no,no
occurrence-586,war_quest_update3.pcapng,0,main,-4,267,no,0x0001,no,no,no,no,no
occurrence-586,war_quest_update3.pcapng,0,main,-3,268,no,0x00d0,no,no,no,no,no
occurrence-586,war_quest_update3.pcapng,0,main,-2,269,no,0x00d0,no,no,no,no,no
occurrence-586,war_quest_update3.pcapng,0,main,-1,270,no,0x00d0,no,no,no,no,no
occurrence-586,war_quest_update3.pcapng,0,main,1,272,no,0x0130,no,no,no,no,no
occurrence-586,war_quest_update3.pcapng,0,main,2,273,no,0x0001,no,no,no,no,no
occurrence-586,war_quest_update3.pcapng,0,main,3,274,no,0x00cf,no,no,no,no,no
occurrence-586,war_quest_update3.pcapng,0,main,4,275,no,0x00cf,no,no,no,no,no
occurrence-586,war_quest_update3.pcapng,0,main,5,276,no,0x00cf,no,no,no,no,no
occurrence-587,war_quest_update3.pcapng,0,main,-5,294,no,0x00cf,no,no,no,no,no
occurrence-587,war_quest_update3.pcapng,0,main,-4,295,no,0x00cf,no,no,no,no,no
occurrence-587,war_quest_update3.pcapng,0,main,-3,296,no,0x00cf,no,no,no,no,no
occurrence-587,war_quest_update3.pcapng,0,main,-2,297,no,0x00cf,no,no,no,no,no
occurrence-587,war_quest_update3.pcapng,0,main,-1,298,no,0x0001,no,no,no,no,no
occurrence-587,war_quest_update3.pcapng,0,main,1,300,no,0x0134,no,no,no,no,no
occurrence-587,war_quest_update3.pcapng,0,main,2,301,no,0x0139,no,no,no,no,no
occurrence-587,war_quest_update3.pcapng,0,main,3,302,no,0x0001,no,no,no,no,no
occurrence-587,war_quest_update3.pcapng,0,main,4,303,no,0x00cf,no,no,no,no,no
occurrence-587,war_quest_update3.pcapng,0,main,5,304,no,0x00cf,no,no,no,no,no
occurrence-588,war_quest_update3.pcapng,0,main,-5,340,no,0x00cf,no,no,no,no,no
occurrence-588,war_quest_update3.pcapng,0,main,-4,341,no,0x00cf,no,no,no,no,no
occurrence-588,war_quest_update3.pcapng,0,main,-3,342,no,0x00cf,no,no,no,no,no
occurrence-588,war_quest_update3.pcapng,0,main,-2,343,no,0x00cf,no,no,no,no,no
occurrence-588,war_quest_update3.pcapng,0,main,-1,344,no,0x00cf,no,no,no,no,no
occurrence-588,war_quest_update3.pcapng,0,main,1,346,no,0x00cf,no,no,no,no,no
occurrence-588,war_quest_update3.pcapng,0,main,2,347,no,0x0001,no,no,no,no,no
occurrence-588,war_quest_update3.pcapng,0,main,3,348,no,0x0134,no,no,no,no,no
occurrence-588,war_quest_update3.pcapng,0,main,4,349,no,0x0139,no,no,no,no,no
occurrence-588,war_quest_update3.pcapng,0,main,5,350,no,0x0001,no,no,no,no,no
occurrence-589,war_quest_update3.pcapng,0,main,-5,375,no,0x0139,no,no,no,no,no
occurrence-589,war_quest_update3.pcapng,0,main,-4,376,no,0x0001,no,no,no,no,no
occurrence-589,war_quest_update3.pcapng,0,main,-3,377,no,0x00d0,no,no,no,no,no
occurrence-589,war_quest_update3.pcapng,0,main,-2,378,no,0x00d0,no,no,no,no,no
occurrence-589,war_quest_update3.pcapng,0,main,-1,379,no,0x00d0,no,no,no,no,no
occurrence-589,war_quest_update3.pcapng,0,main,1,381,no,0x0001,no,no,no,no,no
occurrence-589,war_quest_update3.pcapng,0,main,2,382,no,0x00cf,no,no,no,no,no
occurrence-589,war_quest_update3.pcapng,0,main,3,383,no,0x00cf,no,no,no,no,no
occurrence-589,war_quest_update3.pcapng,0,main,4,384,no,0x00cf,no,no,no,no,no
occurrence-589,war_quest_update3.pcapng,0,main,5,385,no,0x00cf,no,no,no,no,no
occurrence-590,war_quest_update3.pcapng,0,main,-5,419,no,0x00cf,no,no,no,no,no
occurrence-590,war_quest_update3.pcapng,0,main,-4,420,no,0x00cf,no,no,no,no,no
occurrence-590,war_quest_update3.pcapng,0,main,-3,421,no,0x00cf,no,no,no,no,no
occurrence-590,war_quest_update3.pcapng,0,main,-2,422,no,0x00cf,no,no,no,no,no
occurrence-590,war_quest_update3.pcapng,0,main,-1,423,no,0x00cf,no,no,no,no,no
occurrence-590,war_quest_update3.pcapng,0,main,1,425,no,0x0001,no,no,no,no,no
occurrence-590,war_quest_update3.pcapng,0,main,2,426,no,0x016d,no,no,no,no,no
occurrence-590,war_quest_update3.pcapng,0,main,3,427,no,0x0146,no,no,no,no,no
occurrence-590,war_quest_update3.pcapng,0,main,4,428,no,0x0148,no,no,no,no,no
occurrence-590,war_quest_update3.pcapng,0,main,5,429,no,0x0147,no,no,no,no,no
occurrence-591,war_quest_update3.pcapng,0,main,-5,471,no,0x00cf,no,no,no,no,no
occurrence-591,war_quest_update3.pcapng,0,main,-4,472,no,0x00d2,no,no,no,no,no
occurrence-591,war_quest_update3.pcapng,0,main,-3,473,no,0x00d3,no,no,no,no,no
occurrence-591,war_quest_update3.pcapng,0,main,-2,474,no,0x00cf,no,no,no,no,no
occurrence-591,war_quest_update3.pcapng,0,main,-1,475,no,0x0001,no,no,no,no,no
occurrence-591,war_quest_update3.pcapng,0,main,1,477,no,0x0137,no,no,no,no,no
occurrence-591,war_quest_update3.pcapng,0,main,2,478,no,0x0169,no,no,no,no,no
occurrence-591,war_quest_update3.pcapng,0,main,3,479,no,0x0139,no,no,no,no,no
occurrence-591,war_quest_update3.pcapng,0,main,4,480,no,0x00cf,no,no,no,no,no
occurrence-591,war_quest_update3.pcapng,0,main,5,481,no,0x0001,no,no,no,no,no
occurrence-592,war_quest_update3.pcapng,0,main,-5,514,no,0x00cf,no,no,no,no,no
occurrence-592,war_quest_update3.pcapng,0,main,-4,515,no,0x00cf,no,no,no,no,no
occurrence-592,war_quest_update3.pcapng,0,main,-3,516,no,0x00cf,no,no,no,no,no
occurrence-592,war_quest_update3.pcapng,0,main,-2,517,no,0x00cf,no,no,no,no,no
occurrence-592,war_quest_update3.pcapng,0,main,-1,518,no,0x00cf,no,no,no,no,no
