category,group,quest_name_jp,quest_name_en_client,client_quest_id,prereq,exp_reward,prev_quest,next_quest,reward_patch_notes,walkthrough_steps,name_match_note
main,Gridania,降り注ぐ光,Sundered Skies,110005,全クラス レベル1,,-,眠れる鬼,,"### 黒衣森（ 黒衣森の地図を確認 ） / グリダニアのオープニングイベント後に自動で開始。 / 「インターフェースチュートリアル」 を見ながらクエストが進行。 / ファイナルファンタジーXIVをプレイする操作方法の確認 / 主に使いたい操作方法を選択します。 / ゲームパッド（キーボード） か キーボード＆マウス のどちらかを選ぶと、選択された内容にしたがって操作説明が表示されます。 / カメラを操作してみましょう！ / カメラを操作して周囲の様子を見ます。 / メインメニューを開いてみましょう！ / 「 メインメニュー 」を開いて「 ジャーナル 」を確認します。 / ジャーナルには、次の冒険のためのヒントが書かれています。 / 冒険の途中で目的がわからなくなったときには、ジャーナルを確認します。 / 自分のキャラクターを移動してみましょう！ / 自分のキャラクターを操作して イダ の近くに移動します。 / イダをターゲットしてみましょう！ / NPCと会話したり、他のプレイヤーを調べたいときには、対象を ターゲット する必要があります。 / イダ をターゲットします。 / イダと会話をしてみましょう！ / イダ をターゲットした状態で 決定操作 をすると、ターゲットしたNPCと会話することができます。 / がついたNPCを探しましょう！ / クエストの対象となるNPCの頭上には が表示されます。 / は画面上の ミニマップ でも確認することができます。 / がついたNPCに話しかけたり、ミニマップ上にある 付近に近づいたりするなど、 ジャーナル で指示された行動をとることでクエストを進めることができます。 / と ジャーナル を頼りに、クエストを進めます。 / パパリモ （インスタンス X: 34, Y: 31）に話す。 / イダ （インスタンス X: 34, Y: 31）に話すとイベント。 / 「インターフェースチュートリアル」 を見ながら敵と戦闘。（別記 : 『ブラッディウルフの一群』戦 ） / スタンスを切り替えてみましょう！ （ソーサラー以外のみ） / キャラクターの基本状態を スタンス と呼びます。 / スタンスには、敵と戦うための アクティブモード と、通常状態の パッシブモード があります。 / 敵と戦うために、スタンスを アクティブモード に切り替えます。 / ブラッディウルフをターゲットしてみましょう！ / 攻撃する相手を決めるために、ターゲットカーソルをあわせます。 / ブラッディウルフ をターゲットします。 / 敵を攻撃してみましょう！ （弓術士以外のファイターのみ） / ターゲットした敵に近づいて、 決定操作 をすると自動的に攻撃を繰り返す オートアタック を開始します。 / ブラッディウルフ にオートアタックをします。 / 敵を攻撃してみましょう！ （弓術士とギャザラーとクラフターのみ） / ターゲットした状態で、もう一度 決定操作 をすると アクションバー が出現します。 / 実行するアクションを選び、敵を攻撃します。 / 魔法を使って攻撃してみましょう！ （ソーサラーのみ） / ターゲットした状態で、もう一度 決定操作 をすると アクションバー が出現します。 / アクションバー から実行する 魔法 を選び、対象の敵を 選択・決定 すると魔法が発動します。 / 魔法 を使って攻撃します。 / TP(テクニカルポイント)をためてみましょう！ （ファイターのみ） / TP(テクニカルポイント) をためることで、通常の攻撃より強力な ウェポンスキル を使うことができます。 / TPは敵を攻撃したり、敵から攻撃を受けたりすることで増加します。 / 戦いを続けて、TPをためます。 / ウェポンスキルを使ってみましょう！ （ファイターのみ） / TPがたまった状態で アクションバー からアクションを選ぶと、 ウェポンスキル が発動できます。 / ウェポンスキル を使って、強力な攻撃を放ちます。 / 敵を倒しましょう！ （ソーサラーのみ） / 攻撃を続けて、敵を倒します。 / 魔法での攻撃の他にも、 スタンス を切り替えることで、自動で攻撃を繰り出す オートアタック を実行することができます。 / 倒すとイベント。イベント後自動でグリダニア（インスタンス グリダニア X: 7, Y: 6）に移動する。 大樹人のつる を入手。 / ### グリダニア（ グリダニアの地図を確認 ） / チャ・ケビ （インスタンス X: 7, Y: 6）に話す。 / 冒険者ギルド（インスタンス X: 6, Y: 6）に行くとイベント。 / pagetop / FFXIV The Lodestone / FFXIV Forum / Twitter Facebook / FF14 - 装備品 / メイン/サブ/投擲/携帯 / 頭 胴 （インナー） 手 / 帯 脚 （インナー） 足 / 首 耳 腕 指 / FF14 - クラス / アクション / 付加効果を持つ戦術 / レベル/経験値 / FF14 - モンスター / モンスター一覧 / NM / FF14 - コンテンツ / グランドカンパニー / インスタンスレイド / 蛮神バトル / 攻略型フィールド / マテリア / その他のコンテンツ / FF14 - クエスト / メインクエスト / サブクエスト / グランドカンパニークエスト / クラスクエスト / ジョブクエスト / FF14 - ギルドリーヴ / リージョナルリーヴ / ローカルリーヴ / FF14 - その他 / エリア（マップ/ショップ） / アイテム販売場所一覧 / プレイガイド / ヒストリー / アチーブメント / 食事効果 / 薬品効果 / マクロ/コマンド / 定型文 / 操作方法",
main,Gridania,眠れる鬼,Souls Gone Wild,110006,全クラス レベル1,200,降り注ぐ光,那由他の精霊,（パッチ1.18で報酬に経験値が追加）,"### グリダニア（ グリダニアの地図を確認 ） / メインクエスト『 降り注ぐ光 』後に自動で開始。 / ミューヌ （インスタンス X: 6, Y: 6）に話すとイベント。冒険者ギルドのリンクパールを入手。 / クエストリンクパールで連絡してみましょう / クエストリンクパールに通知があると、画面上のリンクパールが光ります。 / 「 メインメニュー 」の「 クエストリンクパール 」を開き、連絡を確認します。 / メインメニューの「クエストリンクパール」の「冒険者ギルド」を確認する。 / ### 黒衣森（ 黒衣森の地図を確認 ） / キャンプ・ベントブランチ（X: 33, Y: 32）で「エーテライト」を確認すると「クエストリンクパール」から自動で連絡が入る。自動で受注されるギルドリーヴ『初級～向けの仕事』は挑戦してもしなくてもメインクエストには影響しない。 / ギルドリーヴ『初級～向けの仕事』 / ファイター/ソーサラー/ギャザラーは通常のギルドリーヴ（チュートリアル）と同じ名称で報酬が1,000ギルの特製のギルドリーヴ。 / クラフターは通常のギルドリーヴと名称も報酬も同じ普通のギルドリーヴ。 / メインメニューの「クエストリンクパール」の「冒険者ギルド」を確認する。 / ### グリダニア（ グリダニアの地図を確認 ） / ミューヌ （X: 6, Y: 6）に話し、選択肢『眠れる鬼』を選ぶ。 / ミューヌ （X: 6, Y: 6）に話し、選択肢『眠れる鬼』を選ぶ。 / メインメニューの「クエストリンクパール」の「冒険者ギルド」を確認する。 / ヒアーワード （X: 7, Y: 3）に話し、選択肢『眠れる鬼』を選ぶとイベント。2,000ギルを入手。 / ソアレヌ （X: 2, Y: 1）に話す。 / 奥に行くとイベント。 / スウェシーナ （インスタンス X: 2, Y: 1）に話すとイベント。 / メインメニューの「クエストリンクパール」の「冒険者ギルド」を確認する。 / オピルティル （X: 4, Y: 3）に話し、選択肢『眠れる鬼』を選ぶとイベント。 / 子供たちに話すとエモートをするので、子供たちをターゲットした状態でエモートを真似していく。エモートリストとコマンドのどちらでエモートをしてもOK。 / リッド （インスタンス X: 3, Y: 3）をターゲットした状態で「おどろく（/surprised）」をする。 / オニィー （インスタンス X: 3, Y: 3）をターゲットした状態で「手まねきする（/beckon）」をする。 / サンサ （インスタンス X: 3, Y: 3）をターゲットした状態で「お辞儀する（/bow）」をする。 / パウル （インスタンス X: 3, Y: 3）をターゲットした状態で「応援する（/cheer）」をする。 / ニコリオー （インスタンス X: 3, Y: 3）をターゲットした状態で「拍手する（/clap）」をする。 / エリン （インスタンス X: 3, Y: 3）をターゲットした状態で「見わたす（/lookout）」をする。 / 子供たちの方に行くとイベント。 / ### 黒衣森（ 黒衣森の地図を確認 ） / 黒衣森（X: 29, Y: 28）に行くと選択肢。選択肢「はい」を選ぶとイベント。コンテンツ開始。 / パウル と サンサ と一緒に移動する。制限時間30分。1人用。 / パウル と サンサ から離れすぎるとコンテンツ強制終了になる。 / インスタンス内の道中 アンクルバイター が現れるので倒す。 パウル と サンサ のHPが約50%以下になるとコンテンツ強制終了になる。 / 再生の根株（インスタンス X: 23, Y: 27）に行くとイベント。 / 再生の根株の方に行くとイベント。 / 通路の方に行くとイベント。イベント後自動で黒衣森（X: 29, Y: 28）に戻される。 / ### グリダニア（ グリダニアの地図を確認 ） / 園芸師ギルド（X: 4, Y: 3）に行くとイベント。3,000ギルを入手。 / メインメニューの「クエストリンクパール」の「冒険者ギルド」を確認する。 / ウィレルダ （X: 7, Y: 2）に話すとイベント。 / バーカード （X: 8, Y: 2）に話すとイベント。 / バーカード （インスタンス X: 8, Y: 2）に話すとイベント。 / ヌアーラ （インスタンス X: 8, Y: 2）に話すとイベント。 / メインメニューの「クエストリンクパール」の「冒険者ギルド」を確認する。 / ミューヌ （X: 6, Y: 6）に話し、選択肢『眠れる鬼』を選ぶとクエスト『眠れる鬼』をコンプリート。6,000ギルを入手。経験値200を入手。 / pagetop / FFXIV The Lodestone / FFXIV Forum / Twitter Facebook / FF14 - 装備品 / メイン/サブ/投擲/携帯 / 頭 胴 （インナー） 手 / 帯 脚 （インナー） 足 / 首 耳 腕 指 / FF14 - クラス / アクション / 付加効果を持つ戦術 / レベル/経験値 / FF14 - モンスター / モンスター一覧 / NM / FF14 - コンテンツ / グランドカンパニー / インスタンスレイド / 蛮神バトル / 攻略型フィールド / マテリア / その他のコンテンツ / FF14 - クエスト / メインクエスト / サブクエスト / グランドカンパニークエスト / クラスクエスト / ジョブクエスト / FF14 - ギルドリーヴ / リージョナルリーヴ / ローカルリーヴ / FF14 - その他 / エリア（マップ/ショップ） / アイテム販売場所一覧 / プレイガイド / ヒストリー / アチーブメント / 食事効果 / 薬品効果 / マクロ/コマンド / 定型文 / 操作方法",
main,Gridania,那由他の精霊,Whispers in the Wood,110007,全クラス レベル8,300,眠れる鬼,招かれざる客,（パッチ1.18で報酬に経験値が追加）,"### グリダニア（ グリダニアの地図を確認 ） / レベル8以上のクラスがある状態で冒険者ギルドにいる ミューヌ （X: 6, Y: 6）に話し、選択肢『那由他の精霊』を選ぶとイベント。 / ア・ナイジャ （X: 6, Y: 5）に話し、選択肢『那由他の精霊』を選ぶとイベント。 / グリダニア（（どんぐり遊園） インスタンス X: 5, Y: 5）に行くとイベント。 / ファイ （インスタンス X: 5, Y: 5）に話すとイベント。 / 公園から出るとイベント。 / メインメニューの「クエストリンクパール」の「冒険者ギルド」を確認する。 / 園芸師ギルド（X: 4, Y: 3）に行くとイベント。 / ### 黒衣森（ 黒衣森の地図を確認 ） / 黒衣森（X: 24, Y: 27）に行くとイベント。 / ぽにぽにモーグリ （インスタンス X: 24, Y: 27）の方に行くとイベント。 / ### グリダニア（ グリダニアの地図を確認 ） / オピルティル （X: 4, Y: 3）に話し、選択肢『那由他の精霊』を選ぶとイベント。 / メインメニューの「クエストリンクパール」の「冒険者ギルド」を確認する。 / ノノラト （X: 8, Y: 5）に話すとイベント。 / 奥に行くとイベント。 / メインメニューの「クエストリンクパール」の「冒険者ギルド」を確認する。 / ミューヌ （X: 6, Y: 6）に話し、選択肢『那由他の精霊』を選ぶとクエスト『那由他の精霊』をコンプリート。15,000ギルを入手。経験値300を入手。 / pagetop / FFXIV The Lodestone / FFXIV Forum / Twitter Facebook / FF14 - 装備品 / メイン/サブ/投擲/携帯 / 頭 胴 （インナー） 手 / 帯 脚 （インナー） 足 / 首 耳 腕 指 / FF14 - クラス / アクション / 付加効果を持つ戦術 / レベル/経験値 / FF14 - モンスター / モンスター一覧 / NM / FF14 - コンテンツ / グランドカンパニー / インスタンスレイド / 蛮神バトル / 攻略型フィールド / マテリア / その他のコンテンツ / FF14 - クエスト / メインクエスト / サブクエスト / グランドカンパニークエスト / クラスクエスト / ジョブクエスト / FF14 - ギルドリーヴ / リージョナルリーヴ / ローカルリーヴ / FF14 - その他 / エリア（マップ/ショップ） / アイテム販売場所一覧 / プレイガイド / ヒストリー / アチーブメント / 食事効果 / 薬品効果 / マクロ/コマンド / 定型文 / 操作方法",
main,Gridania,招かれざる客,Beckon of the Elementals,110008,全クラス レベル13,500,那由他の精霊,ある始まり,（パッチ1.18で報酬に経験値が追加）,"### グリダニア（ グリダニアの地図を確認 ） / レベル13以上のクラスがある状態で冒険者ギルドにいる ミューヌ （X: 6, Y: 6）に話し、選択肢『招かれざる客』を選ぶ。 / ノノラト （X: 8, Y: 5）に話すとイベント。 / オ・アパ・ペシ （インスタンス X: 8, Y: 5）に話し、選択肢「はい」を選ぶとイベント。 / ### 黒衣森（ 黒衣森の地図を確認 ） / 敵と戦闘。制限時間30分。1人用。（別記 : 『スピリット・オブ・ザ・ウッド』戦 ） / 倒すとイベント。 / ### グリダニア（ グリダニアの地図を確認 ） / ア・ナイジャ （X: 6, Y: 5）に話し、選択肢『招かれざる客』を選ぶとイベント。 / メインメニューの「クエストリンクパール」の「冒険者ギルド」を確認する。 / ソアレヌ （X: 2, Y: 1）に話すとイベント。 / 奥に行くとイベント。 / ファイ （インスタンス X: 3, Y: 1）に話す。 / オ・アパ・ペシ （インスタンス X: 2, Y: 1）に話すとイベント。 / メインメニューの「クエストリンクパール」の「冒険者ギルド」を確認する。 / ミィ・ケット野外音楽堂（X: 5, Y: 2）に行くとイベント。 / ファイ （インスタンス X: 5, Y: 2）に話すとイベント。イベント後自動で黒衣森（インスタンス X: 11, Y: 29）に移動する。 / ### 黒衣森（ 黒衣森の地図を確認 ） / イダ （インスタンス X: 11, Y: 29）と パパリモ （インスタンス X: 11, Y: 29）の方に行くとイベントがありクエスト『招かれざる客』をコンプリート。30,000ギルを入手。アビリティ「交渉」を会得。経験値500を入手。 / pagetop / FFXIV The Lodestone / FFXIV Forum / Twitter Facebook / FF14 - 装備品 / メイン/サブ/投擲/携帯 / 頭 胴 （インナー） 手 / 帯 脚 （インナー） 足 / 首 耳 腕 指 / FF14 - クラス / アクション / 付加効果を持つ戦術 / レベル/経験値 / FF14 - モンスター / モンスター一覧 / NM / FF14 - コンテンツ / グランドカンパニー / インスタンスレイド / 蛮神バトル / 攻略型フィールド / マテリア / その他のコンテンツ / FF14 - クエスト / メインクエスト / サブクエスト / グランドカンパニークエスト / クラスクエスト / ジョブクエスト / FF14 - ギルドリーヴ / リージョナルリーヴ / ローカルリーヴ / FF14 - その他 / エリア（マップ/ショップ） / アイテム販売場所一覧 / プレイガイド / ヒストリー / アチーブメント / 食事効果 / 薬品効果 / マクロ/コマンド / 定型文 / 操作方法",
main,LimsaLominsa,姿なき声,Shapeless Melody,110001,全クラス レベル1,,-,碧海の宝,,"### 船（ 船の地図を確認 ） / リムサ・ロミンサのオープニングイベント後に自動で開始。 / 「インターフェースチュートリアル」 を見ながらクエストが進行。 / ファイナルファンタジーXIVをプレイする操作方法の確認 / 主に使いたい操作方法を選択します。 / ゲームパッド（キーボード） か キーボード＆マウス のどちらかを選ぶと、選択された内容にしたがって操作説明が表示されます。 / カメラを操作してみましょう！ / カメラを操作して周囲の様子を見ます。 / 自分のキャラクターを移動してみましょう！ / 自分のキャラクターを操作して ロスティンスタル の近くに移動します。 / ロスティンスタルをターゲットしてみましょう！ / NPCと会話したり、他のプレイヤーを調べたいときには、対象を ターゲット する必要があります。 / ロスティンスタル をターゲットします。 / ロスティンスタルと会話をしてみましょう！ / ロスティンスタル をターゲットした状態で 決定操作 をすると、ターゲットしたNPCと会話することができます。 / メインメニューを開いてみましょう！ / 「 メインメニュー 」を開いて「 ジャーナル 」を確認します。 / ジャーナルには、次の冒険のためのヒントが書かれています。 / 冒険の途中で目的がわからなくなったときには、ジャーナルを確認します。 / がついたNPCを探しましょう！ / クエストの対象となるNPCの頭上には が表示されます。 / は画面上の ミニマップ でも確認することができます。 / がついたNPCに話しかけたり、ミニマップ上にある 付近に近づいたりするなど、 ジャーナル で指示された行動をとることでクエストを進めることができます。 / と ジャーナル を頼りに、クエストを進めます。 / ロスティンスタル （インスタンス X: 1, Y: 1）と 妖艶な女 （インスタンス X: 1, Y: 1）と 幼さの残る冒険者 （インスタンス X: 1, Y: 1）に話す。 / 甲板へのドアの前に行くと選択肢。選択肢「はい」を選ぶとイベント。 / 「インターフェースチュートリアル」 を見ながら敵と戦闘。（別記 : 『フレンジード・オーレリアの一群』戦 ） / スタンスを切り替えてみましょう！ （ソーサラー以外のみ） / キャラクターの基本状態を スタンス と呼びます。 / スタンスには、敵と戦うための アクティブモード と、通常状態の パッシブモード があります。 / 敵と戦うために、スタンスを アクティブモード に切り替えます。 / フレンジード・オーレリアをターゲットしてみましょう！ / 攻撃する相手を決めるために、ターゲットカーソルをあわせます。 / フレンジード・オーレリア をターゲットします。 / 敵を攻撃してみましょう！ （弓術士以外のファイターのみ） / ターゲットした敵に近づいて、 決定操作 をすると自動的に攻撃を繰り返す オートアタック を開始します。 / フレンジード・オーレリア にオートアタックをします。 / 敵を攻撃してみましょう！ （弓術士とギャザラーとクラフターのみ） / ターゲットした状態で、もう一度 決定操作 をすると アクションバー が出現します。 / 実行するアクションを選び、敵を攻撃します。 / 魔法を使って攻撃してみましょう！ （ソーサラーのみ） / ターゲットした状態で、もう一度 決定操作 をすると アクションバー が出現します。 / アクションバー から実行する 魔法 を選び、対象の敵を 選択・決定 すると魔法が発動します。 / 魔法 を使って攻撃します。 / TP(テクニカルポイント)をためてみましょう！ （ファイターのみ） / TP(テクニカルポイント) をためることで、通常の攻撃より強力な ウェポンスキル を使うことができます。 / TPは敵を攻撃したり、敵から攻撃を受けたりすることで増加します。 / 戦いを続けて、TPをためます。 / ウェポンスキルを使ってみましょう！ （ファイターのみ） / TPがたまった状態で アクションバー からアクションを選ぶと、 ウェポンスキル が発動できます。 / ウェポンスキル を使って、強力な攻撃を放ちます。 / 敵を倒しましょう！ （ソーサラーのみ） / 攻撃を続けて、敵を倒します。 / 魔法での攻撃の他にも、 スタンス を切り替えることで、自動で攻撃を繰り出す オートアタック を実行することができます。 / 倒すとイベント。イベント後自動でリムサ・ロミンサ（インスタンス リムサ・ロミンサ 下甲板層 X: 3, Y: 5）に移動する。 バルーンフィッシュ を入手。 / ### リムサ・ロミンサ（ リムサ・ロミンサの地図を確認 ） / ホッブ （インスタンス 下甲板層 X: 3, Y: 5）に話し、選択肢「はい」を選ぶとイベント。 / pagetop / FFXIV The Lodestone / FFXIV Forum / Twitter Facebook / FF14 - 装備品 / メイン/サブ/投擲/携帯 / 頭 胴 （インナー） 手 / 帯 脚 （インナー） 足 / 首 耳 腕 指 / FF14 - クラス / アクション / 付加効果を持つ戦術 / レベル/経験値 / FF14 - モンスター / モンスター一覧 / NM / FF14 - コンテンツ / グランドカンパニー / インスタンスレイド / 蛮神バトル / 攻略型フィールド / マテリア / その他のコンテンツ / FF14 - クエスト / メインクエスト / サブクエスト / グランドカンパニークエスト / クラスクエスト / ジョブクエスト / FF14 - ギルドリーヴ / リージョナルリーヴ / ローカルリーヴ / FF14 - その他 / エリア（マップ/ショップ） / アイテム販売場所一覧 / プレイガイド / ヒストリー / アチーブメント / 食事効果 / 薬品効果 / マクロ/コマンド / 定型文 / 操作方法",
main,LimsaLominsa,碧海の宝,Treasures of the Main,110002,全クラス レベル1,200,姿なき声,リムレーンの伝説,（パッチ1.18で報酬に経験値が追加）,"### リムサ・ロミンサ（ リムサ・ロミンサの地図を確認 ） / メインクエスト『 姿なき声 』後に自動で開始。 / バデロン （インスタンス 上甲板層 X: 7, Y: 5）に話すとイベント。冒険者ギルドのリンクパールを入手。 / クエストリンクパールで連絡してみましょう / クエストリンクパールに通知があると、画面上のリンクパールが光ります。 / 「 メインメニュー 」の「 クエストリンクパール 」を開き、連絡を確認します。 / メインメニューの「クエストリンクパール」の「冒険者ギルド」を確認する。 / ### ラノシア（ ラノシアの地図を確認 ） / キャンプ・ビアデッドロック（X: 25, Y: 29）で「エーテライト」を確認すると「クエストリンクパール」から自動で連絡が入る。自動で受注されるギルドリーヴ『駆け出し～向けの仕事』は挑戦してもしなくてもメインクエストには影響しない。 / ギルドリーヴ『駆け出し～向けの仕事』 / ファイター/ソーサラー/ギャザラーは通常のギルドリーヴ（チュートリアル）と同じ名称で報酬が1,000ギルの特製のギルドリーヴ。 / クラフターは通常のギルドリーヴと名称も報酬も同じ普通のギルドリーヴ。 / ### リムサ・ロミンサ（ リムサ・ロミンサの地図を確認 ） / バデロン （上甲板層 X: 7, Y: 5）に話し、選択肢『碧海の宝』を選ぶ。 / バデロン （上甲板層 X: 7, Y: 5）に話し、選択肢『碧海の宝』を選ぶ。 バデロンの紹介状 を入手。 / チャーリス （上甲板層 X: 7, Y: 3）に話し、選択肢『碧海の宝』を選ぶとイベント。2,000ギルを入手。 / イゾドレール （上甲板層 X: 6, Y: 2）に話し、選択肢『碧海の宝』を選ぶ。 / 階段を下りるとイベント。 / イゾドレール （インスタンス 上甲板層 X: 6, Y: 2）に話し、選択肢『碧海の宝』を選ぶとイベント。 / 部屋から出るとイベント。 / メインメニューの「クエストリンクパール」の「冒険者ギルド」を確認する。 / ン・ンムリカ （下甲板層 X: 6, Y: 6）に話し、選択肢『碧海の宝』を選ぶとイベント。 / シシプ （インスタンス 下甲板層 X: 5, Y: 6）に話すとエモートをするので、 シシプ （インスタンス 下甲板層 X: 5, Y: 6）をターゲットした状態でエモートを真似していく。 / エモートは「お辞儀する（/bow）」「拍手する（/clap）」「称賛する（/congratulate）」「つつく（/poke）」「喜ぶ（/joy）」「手を振る（/wave）」の順番。エモートリストとコマンドのどちらでエモートをしてもOK。 / ### ラノシア（ ラノシアの地図を確認 ） / ゼファー陸門（X: 24, Y: 31）に行くと選択肢。選択肢「はい」を選ぶとイベント。コンテンツ開始。 / シシプ と一緒に移動する。制限時間30分。1人用。 / シシプ から離れすぎるとコンテンツ強制終了になる。 / インスタンス内の道中 アンクルバイター が現れるので倒す。 シシプ のHPが約50%以下になるとコンテンツ強制終了になる。 / オシュオン灯台（インスタンス X: 26, Y: 42）に行くとイベント。 / 海風にさらされている男 （インスタンス X: 26, Y: 43）を調べるとイベント。 / シシプ （インスタンス X: 26, Y: 43）の方に行くとイベント。イベント後自動でゼファー陸門（X: 24, Y: 31）に戻される。 / ### リムサ・ロミンサ（ リムサ・ロミンサの地図を確認 ） / 漁師ギルド（下甲板層 X: 5, Y: 6）に行くとイベント。3,000ギルを入手。 / メインメニューの「クエストリンクパール」の「冒険者ギルド」を確認する。 / ボデノルフ （上甲板層 X: 7, Y: 7）に話し、選択肢『碧海の宝』を選ぶとイベント。 / ハ・ナンザ （インスタンス 上甲板層 X: 7, Y: 7）に話す。 / 鍛冶師ギルド/甲冑師ギルドに入るとイベント。 / メインメニューの「クエストリンクパール」の「冒険者ギルド」を確認する。 / バデロン （上甲板層 X: 7, Y: 5）に話し、選択肢『碧海の宝』を選ぶとクエスト『碧海の宝』をコンプリート。6,000ギルを入手。経験値200を入手。 / pagetop / FFXIV The Lodestone / FFXIV Forum / Twitter Facebook / FF14 - 装備品 / メイン/サブ/投擲/携帯 / 頭 胴 （インナー） 手 / 帯 脚 （インナー） 足 / 首 耳 腕 指 / FF14 - クラス / アクション / 付加効果を持つ戦術 / レベル/経験値 / FF14 - モンスター / モンスター一覧 / NM / FF14 - コンテンツ / グランドカンパニー / インスタンスレイド / 蛮神バトル / 攻略型フィールド / マテリア / その他のコンテンツ / FF14 - クエスト / メインクエスト / サブクエスト / グランドカンパニークエスト / クラスクエスト / ジョブクエスト / FF14 - ギルドリーヴ / リージョナルリーヴ / ローカルリーヴ / FF14 - その他 / エリア（マップ/ショップ） / アイテム販売場所一覧 / プレイガイド / ヒストリー / アチーブメント / 食事効果 / 薬品効果 / マクロ/コマンド / 定型文 / 操作方法",
main,LimsaLominsa,リムレーンの伝説,Legends Adrift,110003,全クラス レベル8,300,碧海の宝,別想,（パッチ1.18で報酬に経験値が追加）,"### リムサ・ロミンサ（ リムサ・ロミンサの地図を確認 ） / レベル8以上のクラスがある状態で冒険者ギルドにいる バデロン （上甲板層 X: 7, Y: 5）に話し、選択肢『リムレーンの伝説』を選ぶとイベント。 / ヤ・シュトラ （インスタンス 上甲板層 X: 7, Y: 5）の方に行くとイベント。選択肢はどれでもOK。 / バデロン （インスタンス 上甲板層 X: 7, Y: 5）に話すとイベント。 / ヴェークビルト （下甲板層 X: 4, Y: 7）に話し、選択肢『リムレーンの伝説』を選ぶとイベント / 階段を下りるとイベント。 / 階段を上るとイベント。選択肢はどれでもOK。 / メインメニューの「クエストリンクパール」の「冒険者ギルド」を確認する。 / 漁師ギルド（下甲板層 X: 5, Y: 6）に行くとイベント。 / ### ラノシア（ ラノシアの地図を確認 ） / ラノシア（X: 27, Y: 41）に行くとイベント。 / メインメニューの「クエストリンクパール」の「冒険者ギルド」を確認する。 / ### リムサ・ロミンサ（ リムサ・ロミンサの地図を確認 ） / ペ・タージャ （下甲板層 X: 4, Y: 5）に話し、選択肢『リムレーンの伝説』を選ぶとイベント。 / 階段を下りるとイベント。 / 階段を上るとイベント。 / メインメニューの「クエストリンクパール」の「冒険者ギルド」を確認する。 / バデロン （上甲板層 X: 7, Y: 5）に話し、選択肢『リムレーンの伝説』を選ぶとクエスト『リムレーンの伝説』をコンプリート。15,000ギルを入手。経験値300を入手。 / pagetop / FFXIV The Lodestone / FFXIV Forum / Twitter Facebook / FF14 - 装備品 / メイン/サブ/投擲/携帯 / 頭 胴 （インナー） 手 / 帯 脚 （インナー） 足 / 首 耳 腕 指 / FF14 - クラス / アクション / 付加効果を持つ戦術 / レベル/経験値 / FF14 - モンスター / モンスター一覧 / NM / FF14 - コンテンツ / グランドカンパニー / インスタンスレイド / 蛮神バトル / 攻略型フィールド / マテリア / その他のコンテンツ / FF14 - クエスト / メインクエスト / サブクエスト / グランドカンパニークエスト / クラスクエスト / ジョブクエスト / FF14 - ギルドリーヴ / リージョナルリーヴ / ローカルリーヴ / FF14 - その他 / エリア（マップ/ショップ） / アイテム販売場所一覧 / プレイガイド / ヒストリー / アチーブメント / 食事効果 / 薬品効果 / マクロ/コマンド / 定型文 / 操作方法",
main,LimsaLominsa,別想,Never the Twain Shall Meet,110004,全クラス レベル13,500,リムレーンの伝説,ある始まり,（パッチ1.18で報酬に経験値が追加）,"### リムサ・ロミンサ（ リムサ・ロミンサの地図を確認 ） / レベル13以上のクラスがある状態で冒険者ギルドにいる バデロン （上甲板層 X: 7, Y: 5）に話し、選択肢『別想』を選ぶ。 / リムサ・ロミンサ（下甲板層 X: 5, Y: 6）に行くとインスタンス。 / ホッブ （インスタンス 下甲板層 X: 5, Y: 7）に話すとイベント。 / ### 船 / 船内にあるドアの前に行くと選択肢。選択肢「はい」を選ぶとイベント。 / 上へのドアの前に行くと選択肢。選択肢「はい」を選ぶ。 / 甲板へのドアの前に行くと選択肢。選択肢「はい」を選ぶとイベント。 / 敵と戦闘。制限時間30分。1人用。（別記 : 『メロドラン』『エメリック』戦 ） / どちらかを倒すとイベント。 / ### リムサ・ロミンサ（ リムサ・ロミンサの地図を確認 ） / バデロン （上甲板層 X: 7, Y: 5）に話し、選択肢『別想』を選ぶ。 / ### ラノシア（ ラノシアの地図を確認 ） / ラノシア（X: 27, Y: 41）に行くとイベント。 / メインメニューの「クエストリンクパール」の「冒険者ギルド」を確認する。 / ### リムサ・ロミンサ（ リムサ・ロミンサの地図を確認 ） / 銃術士ギルド（上甲板層 X: 6, Y: 2）に行くとイベント。 / イゾドレール （上甲板層 X: 6, Y: 2）に話すとイベント。 / ### ラノシア（ ラノシアの地図を確認 ） / ラノシア（X: 26, Y: 41）に行くとイベント。 / 下に行くとイベントがありクエスト『別想』をコンプリート。30,000ギルを入手。アビリティ「交渉」を会得。経験値500を入手。 / pagetop / FFXIV The Lodestone / FFXIV Forum / Twitter Facebook / FF14 - 装備品 / メイン/サブ/投擲/携帯 / 頭 胴 （インナー） 手 / 帯 脚 （インナー） 足 / 首 耳 腕 指 / FF14 - クラス / アクション / 付加効果を持つ戦術 / レベル/経験値 / FF14 - モンスター / モンスター一覧 / NM / FF14 - コンテンツ / グランドカンパニー / インスタンスレイド / 蛮神バトル / 攻略型フィールド / マテリア / その他のコンテンツ / FF14 - クエスト / メインクエスト / サブクエスト / グランドカンパニークエスト / クラスクエスト / ジョブクエスト / FF14 - ギルドリーヴ / リージョナルリーヴ / ローカルリーヴ / FF14 - その他 / エリア（マップ/ショップ） / アイテム販売場所一覧 / プレイガイド / ヒストリー / アチーブメント / 食事効果 / 薬品効果 / マクロ/コマンド / 定型文 / 操作方法",
main,Ul'dah,ほむらの日,Flowers for All,110009,全クラス レベル1,,-,太陽の都,,"### ウルダハ（ ウルダハの地図を確認 ） / ウルダハのオープニングイベント後に自動で開始。 / 「インターフェースチュートリアル」 を見ながらクエストが進行。 / ファイナルファンタジーXIVをプレイする操作方法の確認 / 主に使いたい操作方法を選択します。 / ゲームパッド（キーボード） か キーボード＆マウス のどちらかを選ぶと、選択された内容にしたがって操作説明が表示されます。 / カメラを操作してみましょう！ / カメラを操作して周囲の様子を見ます。 / 自分のキャラクターを移動してみましょう！ / 自分のキャラクターを操作して アシリア の近くに移動します。 / アシリアをターゲットしてみましょう！ / NPCと会話したり、他のプレイヤーを調べたいときには、対象を ターゲット する必要があります。 / アシリア をターゲットします。 / アシリアと会話をしてみましょう！ / アシリア をターゲットした状態で 決定操作 をすると、ターゲットしたNPCと会話することができます。 / メインメニューを開いてみましょう！ / 「 メインメニュー 」を開いて「 ジャーナル 」を確認します。 / ジャーナルには、次の冒険のためのヒントが書かれています。 / 冒険の途中で目的がわからなくなったときには、ジャーナルを確認します。 / がついたNPCを探しましょう！ / クエストの対象となるNPCの頭上には が表示されます。 / は画面上の ミニマップ でも確認することができます。 / がついたNPCに話しかけたり、ミニマップ上にある 付近に近づいたりするなど、 ジャーナル で指示された行動をとることでクエストを進めることができます。 / と ジャーナル を頼りに、クエストを進めます。 / アシリア （インスタンス X: 7, Y: 4）と 焦っている様子の男 （インスタンス X: 7, Y: 4）と 物欲しそうな女 （インスタンス X: 7, Y: 4）に話す。 / 北の階段の前に行くとイベント。 / 「インターフェースチュートリアル」 を見ながら敵と戦闘。（別記 : 『グゥーブー』戦 ） / スタンスを切り替えてみましょう！ （ソーサラー以外のみ） / キャラクターの基本状態を スタンス と呼びます。 / スタンスには、敵と戦うための アクティブモード と、通常状態の パッシブモード があります。 / 敵と戦うために、スタンスを アクティブモード に切り替えます。 / グゥーブーをターゲットしてみましょう！ / 攻撃する相手を決めるために、ターゲットカーソルをあわせます。 / グゥーブー をターゲットします。 / 敵を攻撃してみましょう！ （弓術士以外のファイターのみ） / ターゲットした敵に近づいて、 決定操作 をすると自動的に攻撃を繰り返す オートアタック を開始します。 / グゥーブー にオートアタックをします。 / 敵を攻撃してみましょう！ （弓術士とギャザラーとクラフターのみ） / ターゲットした状態で、もう一度 決定操作 をすると アクションバー が出現します。 / 実行するアクションを選び、敵を攻撃します。 / 魔法を使って攻撃してみましょう！ （ソーサラーのみ） / ターゲットした状態で、もう一度 決定操作 をすると アクションバー が出現します。 / アクションバー から実行する 魔法 を選び、対象の敵を 選択・決定 すると魔法が発動します。 / 魔法 を使って攻撃します。 / TP(テクニカルポイント)をためてみましょう！ （ファイターのみ） / TP(テクニカルポイント) をためることで、通常の攻撃より強力な ウェポンスキル を使うことができます。 / TPは敵を攻撃したり、敵から攻撃を受けたりすることで増加します。 / 戦いを続けて、TPをためます。 / ウェポンスキルを使ってみましょう！ （ファイターのみ） / TPがたまった状態で アクションバー からアクションを選ぶと、 ウェポンスキル が発動できます。 / ウェポンスキル を使って、強力な攻撃を放ちます。 / 敵を倒しましょう！ （ソーサラーのみ） / 攻撃を続けて、敵を倒します。 / 魔法での攻撃の他にも、 スタンス を切り替えることで、自動で攻撃を繰り出す オートアタック を実行することができます。 / 倒すとイベント。 ベロジナコスモス を入手。 / ヤヤトキ （インスタンス 商業層 X: 7, Y: 4）に話す。 / 冒険者ギルド（インスタンス 商業層 X: 6, Y: 4）に行くとイベント。 / pagetop / FFXIV The Lodestone / FFXIV Forum / Twitter Facebook / FF14 - 装備品 / メイン/サブ/投擲/携帯 / 頭 胴 （インナー） 手 / 帯 脚 （インナー） 足 / 首 耳 腕 指 / FF14 - クラス / アクション / 付加効果を持つ戦術 / レベル/経験値 / FF14 - モンスター / モンスター一覧 / NM / FF14 - コンテンツ / グランドカンパニー / インスタンスレイド / 蛮神バトル / 攻略型フィールド / マテリア / その他のコンテンツ / FF14 - クエスト / メインクエスト / サブクエスト / グランドカンパニークエスト / クラスクエスト / ジョブクエスト / FF14 - ギルドリーヴ / リージョナルリーヴ / ローカルリーヴ / FF14 - その他 / エリア（マップ/ショップ） / アイテム販売場所一覧 / プレイガイド / ヒストリー / アチーブメント / 食事効果 / 薬品効果 / マクロ/コマンド / 定型文 / 操作方法",
main,Ul'dah,太陽の都,Court in the Sands,110010,全クラス レベル1,200,ほむらの日,小さな犠牲,（パッチ1.18で報酬に経験値が追加）,"### ウルダハ（ ウルダハの地図を確認 ） / メインクエスト『 ほむらの日 』後に自動で開始。 / モモディ （インスタンス 商業層 X: 6, Y: 4）に話すとイベント。冒険者ギルドのリンクパールを入手。 / クエストリンクパールで連絡してみましょう / クエストリンクパールに通知があると、画面上のリンクパールが光ります。 / 「 メインメニュー 」の「 クエストリンクパール 」を開き、連絡を確認します。 / メインメニューの「クエストリンクパール」の「冒険者ギルド」を確認する。 / ### ザナラーン（ ザナラーンの地図を確認 ） / キャンプ・ブラックブラッシュ（X: 27, Y: 25）で「エーテライト」を確認すると「クエストリンクパール」から自動で連絡が入る。自動で受注されるギルドリーヴ『新米～向けの仕事』は挑戦してもしなくてもメインクエストには影響しない。 / ギルドリーヴ『新米～向けの仕事』 / ファイター/ソーサラー/ギャザラーは通常のギルドリーヴ（チュートリアル）と同じ名称で報酬が1,000ギルの特製のギルドリーヴ。 / クラフターは通常のギルドリーヴと名称も報酬も同じ普通のギルドリーヴ。 / メインメニューの「クエストリンクパール」の「冒険者ギルド」を確認する。 / ### ウルダハ（ ウルダハの地図を確認 ） / モモディ （商業層 X: 6, Y: 4）に話し、選択肢『太陽の都』を選ぶ。 / モモディ （商業層 X: 6, Y: 4）に話し、選択肢『太陽の都』を選ぶ。 コロセウム試合出場許可 を入手。 / メインメニューの「クエストリンクパール」の「冒険者ギルド」を確認する。 / エレコット （商業層 X: 6, Y: 6）に話し、選択肢『太陽の都』を選ぶとイベント。2,000ギルを入手。 / 剣術士ギルド（商業層 X: 5, Y: 5）に行くとイベント。 / 南階段下にあるドアの前に行くと選択肢。選択肢「はい」「はい」を選ぶとコンテンツ開始。 / 敵と戦闘。制限時間5分。1人用。（別記 : 『グラディエーター』戦 ） / 時間切れになるかPCのHPが約20%以下になると戦闘終了。戦闘終了するとイベント。 / 階段を上るとイベント。 / メインメニューの「クエストリンクパール」の「冒険者ギルド」を確認する。 / リネット （商業層 X: 6, Y: 6）に話し、選択肢『太陽の都』を選ぶとイベント。 / フ・ラミン （インスタンス 商業層 X: 6, Y: 6）に話すとエモートをするので、 フ・ラミン （インスタンス 商業層 X: 6, Y: 6）をターゲットした状態でエモートを真似していく。 / エモートは「怒る（/furious）」「手まねきする（/beckon）」「大笑いする（/laugh）」「否定する（/deny）」「がっかりする（/upset）」「なだめる（/soothe）」の順番。エモートリストとコマンドのどちらでエモートをしてもOK。 / 逆上している採掘師 （インスタンス 商業層 X: 6, Y: 6）と 激昂している採掘師 （インスタンス 商業層 X: 6, Y: 6）にエモートをするとイベント。 / フ・ラミン （インスタンス 商業層 X: 6, Y: 6）に話すとイベント。 / ### ザナラーン（ ザナラーンの地図を確認 ） / ザナラーン（X: 26, Y: 29）に行くと選択肢。選択肢「はい」を選ぶとイベント。コンテンツ開始。 / フ・ラミン と一緒に移動する。制限時間30分。 / フ・ラミン から離れすぎるとコンテンツ強制終了になる。 / インスタンス内の道中 チンチラ が現れるので倒す。 フ・ラミン のHPが約50%以下になるとコンテンツ強制終了になる。 / キャンプ・ブラックブラッシュ（インスタンス X: 27, Y: 26）に行くとイベント。 / アシリア （インスタンス X: 27, Y: 25）に話すとイベント。イベント後自動でザナラーン（X: 26, Y: 29）に戻される。 / ### ウルダハ（ ウルダハの地図を確認 ） / 採掘師ギルド（商業層 X: 6, Y: 6）に行くとイベント。3,000ギルを入手。 / メインメニューの「クエストリンクパール」の「冒険者ギルド」を確認する。 / ノジュロアー （政庁層 X: 5, Y: 6）に話し、選択肢『太陽の都』を選ぶとイベント。 / 錬金術師ギルドの南にあるドアの前に行くと選択肢。選択肢「はい」を選ぶとイベント。 / 北東にあるドアの前に行くと選択肢。選択肢「はい」を選ぶとイベント。 / メインメニューの「クエストリンクパール」の「冒険者ギルド」を確認する。 / モモディ （商業層 X: 6, Y: 4）に話し、選択肢『太陽の都』を選ぶとクエスト『太陽の都』をコンプリート。6,000ギルを入手。経験値200を入手。 / pagetop / FFXIV The Lodestone / FFXIV Forum / Twitter Facebook / FF14 - 装備品 / メイン/サブ/投擲/携帯 / 頭 胴 （インナー） 手 / 帯 脚 （インナー） 足 / 首 耳 腕 指 / FF14 - クラス / アクション / 付加効果を持つ戦術 / レベル/経験値 / FF14 - モンスター / モンスター一覧 / NM / FF14 - コンテンツ / グランドカンパニー / インスタンスレイド / 蛮神バトル / 攻略型フィールド / マテリア / その他のコンテンツ / FF14 - クエスト / メインクエスト / サブクエスト / グランドカンパニークエスト / クラスクエスト / ジョブクエスト / FF14 - ギルドリーヴ / リージョナルリーヴ / ローカルリーヴ / FF14 - その他 / エリア（マップ/ショップ） / アイテム販売場所一覧 / プレイガイド / ヒストリー / アチーブメント / 食事効果 / 薬品効果 / マクロ/コマンド / 定型文 / 操作方法",
main,Ul'dah,小さな犠牲,Golden Sacrifices,110011,全クラス レベル8,300,太陽の都,災厄来たれり,（パッチ1.18で報酬に経験値が追加）,"### ウルダハ（ ウルダハの地図を確認 ） / レベル8以上のクラスがある状態で冒険者ギルドにいる モモディ （商業層 X: 6, Y: 4）に話し、選択肢『小さな犠牲』を選ぶとイベント。 / モモディ （インスタンス 商業層 X: 6, Y: 4）に話し、選択肢『小さな犠牲』を選ぶとイベント。 / ガガルナ （商業層 X: 5, Y: 4）に話す。 / 南階段下にあるドアの前に行くと選択肢。選択肢「はい」を選ぶ。 / 奥に行くとイベント。 / サンクレッド （インスタンス）に話すとイベント。 / メインメニューの「クエストリンクパール」の「冒険者ギルド」を確認する。 / ドスティ （商業層 X: 7, Y: 6）に話し、選択肢『小さな犠牲』を選ぶ。 / ### ザナラーン（ ザナラーンの地図を確認 ） / ザナラーン（X: 29, Y: 22）に行くとイベント。 / アシリア （インスタンス X: 30, Y: 21）に話すとイベント。 / メインメニューの「クエストリンクパール」の「冒険者ギルド」を確認する。 / ### ウルダハ（ ウルダハの地図を確認 ） / ヤヤケ （商業層 X: 4, Y: 5）に話すとイベント。 / 入口の方に行くとイベント。 / ニエルフレーヌ （インスタンス X: 4, Y: 5）に話すとイベント。 / 奥に行くとイベント。 / メインメニューの「クエストリンクパール」の「冒険者ギルド」を確認する。 / モモディ （商業層 X: 6, Y: 4）に話し、選択肢『小さな犠牲』を選ぶとクエスト『小さな犠牲』をコンプリート。15,000ギルを入手。経験値300を入手。 / pagetop / FFXIV The Lodestone / FFXIV Forum / Twitter Facebook / FF14 - 装備品 / メイン/サブ/投擲/携帯 / 頭 胴 （インナー） 手 / 帯 脚 （インナー） 足 / 首 耳 腕 指 / FF14 - クラス / アクション / 付加効果を持つ戦術 / レベル/経験値 / FF14 - モンスター / モンスター一覧 / NM / FF14 - コンテンツ / グランドカンパニー / インスタンスレイド / 蛮神バトル / 攻略型フィールド / マテリア / その他のコンテンツ / FF14 - クエスト / メインクエスト / サブクエスト / グランドカンパニークエスト / クラスクエスト / ジョブクエスト / FF14 - ギルドリーヴ / リージョナルリーヴ / ローカルリーヴ / FF14 - その他 / エリア（マップ/ショップ） / アイテム販売場所一覧 / プレイガイド / ヒストリー / アチーブメント / 食事効果 / 薬品効果 / マクロ/コマンド / 定型文 / 操作方法",
main,Ul'dah,災厄来たれり,Calamity Cometh,110012,全クラス レベル13,500,小さな犠牲,ある始まり,（パッチ1.18で報酬に経験値が追加）,"### ウルダハ（ ウルダハの地図を確認 ） / レベル13以上のクラスがある状態で冒険者ギルドにいる モモディ （商業層 X: 6, Y: 4）に話し、選択肢『災厄来たれり』を選ぶ。 / ルルラジ （商業層 X: 6, Y: 3）に話し、選択肢『災厄来たれり』を選ぶとイベント。 / 敵と戦闘。制限時間30分。1人用。（別記 : 『マインマイト』戦 ） / 倒すとイベント。 / ノジュロアー （政庁層 X: 5, Y: 6）に話し、選択肢『災厄来たれり』を選ぶ。 / 錬金術師ギルドの南にあるドアの前に行くと選択肢。選択肢「はい」を選ぶとイベント。 / 北東にあるドアの前に行くと選択肢。選択肢「はい」を選ぶとイベント。 / 入口の方に行くとイベント。 / メインメニューの「クエストリンクパール」の「冒険者ギルド」を確認する。 / ### ザナラーン（ ザナラーンの地図を確認 ） / キャンプ・ブラックブラッシュ（X: 26, Y: 25）に行くとイベント。 / ### ウルダハ（ ウルダハの地図を確認 ） / ウルダハ（商業層 X: 4, Y: 5）に行くとイベント。 / エラリグ墓地の方に行くとイベントがありクエスト『災厄来たれり』をコンプリート。40,000ギルを入手。アビリティ「交渉」を会得。経験値500を入手。 / pagetop / FFXIV The Lodestone / FFXIV Forum / Twitter Facebook / FF14 - 装備品 / メイン/サブ/投擲/携帯 / 頭 胴 （インナー） 手 / 帯 脚 （インナー） 足 / 首 耳 腕 指 / FF14 - クラス / アクション / 付加効果を持つ戦術 / レベル/経験値 / FF14 - モンスター / モンスター一覧 / NM / FF14 - コンテンツ / グランドカンパニー / インスタンスレイド / 蛮神バトル / 攻略型フィールド / マテリア / その他のコンテンツ / FF14 - クエスト / メインクエスト / サブクエスト / グランドカンパニークエスト / クラスクエスト / ジョブクエスト / FF14 - ギルドリーヴ / リージョナルリーヴ / ローカルリーヴ / FF14 - その他 / エリア（マップ/ショップ） / アイテム販売場所一覧 / プレイガイド / ヒストリー / アチーブメント / 食事効果 / 薬品効果 / マクロ/コマンド / 定型文 / 操作方法",
main,common,アラミゴ解放軍,Of Men They Sing,110018,全クラス レベル42,39000,炎獄の神,重なる未来,（パッチ1.18で報酬に経験値が追加）,"### ウルダハ（ ウルダハの地図を確認 ） / レベル42以上のクラスがある状態で タタル （インスタンス 工商区）に話し、選択肢「引き受ける」を選ぶとイベント。 / ### 黒衣森（ 黒衣森の地図を確認 ） / キャンプ・ナインアイビー（X: 48, Y: 29）に行くと選択肢。選択肢「はい」を選ぶとイベント。コンテンツ開始。 / 相棒と一緒に移動する。制限時間30分。1人用。 / 相棒から離れすぎるとコンテンツ強制終了になる。 / 相棒はシステムメニューの「呼ぶ」を選ぶと近くに呼ぶことができる。 / 黒衣森（インスタンス X: 50, Y: 21）に行くと敵と戦闘。（別記 : 『（ブラッドハウンド）』戦 ） / 倒すとイベント。 / ### ウルダハ（ ウルダハの地図を確認 ） / タタル （インスタンス 工商区）に話し、選択肢『アラミゴ解放軍』を選ぶとイベントがありクエスト『アラミゴ解放軍』をコンプリート。126,000ギルを入手。経験値：～39000を入手。 / pagetop / FFXIV The Lodestone / FFXIV Forum / Twitter Facebook / FF14 - 装備品 / メイン/サブ/投擲/携帯 / 頭 胴 （インナー） 手 / 帯 脚 （インナー） 足 / 首 耳 腕 指 / FF14 - クラス / アクション / 付加効果を持つ戦術 / レベル/経験値 / FF14 - モンスター / モンスター一覧 / NM / FF14 - コンテンツ / グランドカンパニー / インスタンスレイド / 蛮神バトル / 攻略型フィールド / マテリア / その他のコンテンツ / FF14 - クエスト / メインクエスト / サブクエスト / グランドカンパニークエスト / クラスクエスト / ジョブクエスト / FF14 - ギルドリーヴ / リージョナルリーヴ / ローカルリーヴ / FF14 - その他 / エリア（マップ/ショップ） / アイテム販売場所一覧 / プレイガイド / ヒストリー / アチーブメント / 食事効果 / 薬品効果 / マクロ/コマンド / 定型文 / 操作方法",
main,common,重なる未来,Futures Perfect,110019,全クラス レベル46,46000,アラミゴ解放軍,-,（パッチ1.18で報酬に経験値が追加）,"### ウルダハ（ ウルダハの地図を確認 ） / レベル46以上のクラスがある状態で工商区の奥に進みドアの前に行くと選択肢。選択肢「はい」を選ぶとイベント。選択肢「引き受ける」を選ぶ。 / やつれたアラミゴ解放軍兵士 （インスタンス 工商区）と 必死なアラミゴ解放軍兵士 （インスタンス 工商区）と たくましいアラミゴ解放軍兵士 （インスタンス 工商区）と 粗野なアラミゴ解放軍兵士 （インスタンス 工商区）と 冷淡なアラミゴ解放軍兵士 （インスタンス 工商区）と アラミゴ解放軍の部隊長 （インスタンス 工商区）に話すとイベント。 / アラミゴ解放軍の部隊長 （インスタンス 工商区）に話すとイベント。 / ### モードゥナ（ モードゥナの地図を確認 ） / キャンプ・レヴナンツトール（X: 10, Y: 6）に行くと選択肢。選択肢「はい」を選ぶとイベント。コンテンツ開始。 / 敵を追いかける。制限時間30分。 / インペリアルセンチュリオン （エレゼン/剣術士）と インペリアルホプロマクス （エレゼン/剣術士）と インペリアルサジタリウス （ヒューラン/弓術士）を追跡する。インペリアルセンチュリオン達から離れすぎるとコンテンツ強制終了になる。 / モードゥナ（X: 14, Y: 7）に行くとイベント。 / 敵と戦闘。制限時間30分。（別記 : 『インペリアルセンチュリオン達』戦 ） / 逃亡した インペリアルセンチュリオン を追って（インスタンス X: 15, Y: 6）に行くとイベント。 / 外の方に行くと選択肢。選択肢「はい」を選ぶとイベント。 / ### ウルダハ（ ウルダハの地図を確認 ） / タタル （インスタンス 工商区）に話し、選択肢『重なる未来』を選ぶとイベントがありクエスト『重なる未来』をコンプリート。138,000ギルを入手。経験値：～46000を入手。 / pagetop / FFXIV The Lodestone / FFXIV Forum / Twitter Facebook / FF14 - 装備品 / メイン/サブ/投擲/携帯 / 頭 胴 （インナー） 手 / 帯 脚 （インナー） 足 / 首 耳 腕 指 / FF14 - クラス / アクション / 付加効果を持つ戦術 / レベル/経験値 / FF14 - モンスター / モンスター一覧 / NM / FF14 - コンテンツ / グランドカンパニー / インスタンスレイド / 蛮神バトル / 攻略型フィールド / マテリア / その他のコンテンツ / FF14 - クエスト / メインクエスト / サブクエスト / グランドカンパニークエスト / クラスクエスト / ジョブクエスト / FF14 - ギルドリーヴ / リージョナルリーヴ / ローカルリーヴ / FF14 - その他 / エリア（マップ/ショップ） / アイテム販売場所一覧 / プレイガイド / ヒストリー / アチーブメント / 食事効果 / 薬品効果 / マクロ/コマンド / 定型文 / 操作方法",
main,common,ある始まり,Fade to White,110013,全クラス レベル18,6500,"別想 （リムサ・ロミンサ） / 
 招かれざる客 （グリダニア） / 
 災厄来たれり （ウルダハ）",決死の救出作戦,（パッチ1.18で報酬に経験値が追加）,"### ウルダハ（ ウルダハの地図を確認 ） / レベル18以上のクラスがある状態でウルダハ（商業層 X: 5, Y: 3）で「工商区」に移動するとイベント。 / 奥にあるドアの前に行くと選択肢。選択肢「はい」を選ぶとイベント。 / ミンフィリア （インスタンス 工商区）に話し、選択肢「はい」を選ぶとイベント。 / ミンフィリア （インスタンス 工商区）に話し、選択肢「はい」を選ぶとイベント。 / タタル （インスタンス 工商区）に話す。ここで「相棒となるNPC」を決める。（関連 : あなただけの冒険の仲間をご紹介！ ） / 「相棒となるNPC」 / 「剣術士」「槍術士」「弓術士」「幻術士」「呪術士」の中からスキルを選択する。スキルを選択すると4タイプの候補が固定ローテーションで表示されるが、選択肢「スキルを変更する」を選んだ後再度スキルを選択するとローテーションの内容がランダムで変化する。 / 決定後に相棒を変更したい場合、 タタル （インスタンス）に話すと「相棒となるNPC」を選び直すことができる。 / 「相棒となるNPC」を決めると十二跡調査会のリンクパールを入手。 / 冒険者ギルドに行くと「十二跡調査会のリンクパールが光を放ち始めた。」と出るのでメインメニューの「クエストリンクパール」の「十二跡調査会」を確認する。 / タタル （インスタンス 工商区）に話し、選択肢「はい」を選ぶとイベント。 / ??? （インスタンス 工商区）に話す。 / 3文字以上18字以内のアルファベットで「相棒となるNPC」の愛称を決めるとイベント。 / モモディ （商業層 X: 6, Y: 4）に話し、選択肢『ある始まり』を選ぶとイベントがありクエスト『ある始まり』をコンプリート。選択肢はどれでもOK。45,000ギルを入手。経験値：～6500を入手。 / pagetop / FFXIV The Lodestone / FFXIV Forum / Twitter Facebook / FF14 - 装備品 / メイン/サブ/投擲/携帯 / 頭 胴 （インナー） 手 / 帯 脚 （インナー） 足 / 首 耳 腕 指 / FF14 - クラス / アクション / 付加効果を持つ戦術 / レベル/経験値 / FF14 - モンスター / モンスター一覧 / NM / FF14 - コンテンツ / グランドカンパニー / インスタンスレイド / 蛮神バトル / 攻略型フィールド / マテリア / その他のコンテンツ / FF14 - クエスト / メインクエスト / サブクエスト / グランドカンパニークエスト / クラスクエスト / ジョブクエスト / FF14 - ギルドリーヴ / リージョナルリーヴ / ローカルリーヴ / FF14 - その他 / エリア（マップ/ショップ） / アイテム販売場所一覧 / プレイガイド / ヒストリー / アチーブメント / 食事効果 / 薬品効果 / マクロ/コマンド / 定型文 / 操作方法",
main,common,決死の救出作戦,Together We Stand,110014,全クラス レベル22,11000,ある始まり,利害の調停者,（パッチ1.18で報酬に経験値が追加）,"### ウルダハ（ ウルダハの地図を確認 ） / レベル22以上のクラスがある状態で工商区の奥に進みドアの前に行くと選択肢。選択肢「はい」を選ぶとイベント。 / ミンフィリア （インスタンス 工商区）に話すとイベント。選択肢「引き受ける」を選ぶ。 / 「十二跡調査会のリンクパールが光を放ち始めた。」と出るのでメインメニューの「クエストリンクパール」の「十二跡調査会」を確認する。 / ### グリダニア（ グリダニアの地図を確認 ） / エーテライトプラザ（X: 4, Y: 4）に行くとイベント。 / ### 黒衣森（ 黒衣森の地図を確認 ） / キャンプ・ナインアイビー（X: 48, Y: 29）に行くと選択肢。選択肢「はい」を選ぶとイベント。選択肢「はい」を選ぶとコンテンツ開始。 / 相棒と一緒に移動する。制限時間30分。1人用。 / 相棒から離れすぎるとコンテンツ強制終了になる。 / 相棒はシステムメニューの「呼ぶ」を選ぶと近くに呼ぶことができる。 / インスタンス内の道中の帝国兵 インペリアルレティアリウス （ヒューラン/槍術士）と インベリアルスペクラトール （ヒューラン/幻術士）と インペリアルトリアリウス （ヒューラン/剣術士）と インペリアルハスタートゥス （ヒューラン/槍術士）は避けて通るか倒す。 / インスタンス内の道中の アルムシオ （インスタンス X: 51, Y: 27）と ゾキシオ （インスタンス X: 52, Y: 24）と ディルシオ （インスタンス X: 52, Y: 22）に「シルフのおまぢない」をかけてもらうと一時的に帝国兵に発見されにくくなる。 / 黒衣森（インスタンス X: 50, Y: 27）に行くとイベント。 / ドキシア （インスタンス X: 53, Y: 21）に話すとイベント。 シルフのゆりかご を入手。「ゆりかご所持」の効果がかかる。 / フラクシオ （インスタンス X: 50, Y: 27）に話すとイベント。 / ### ウルダハ（ ウルダハの地図を確認 ） / タタル （インスタンス 工商区）に話し、選択肢『決死の救出作戦』を選ぶとイベントがありクエスト『決死の救出作戦』をコンプリート。60,000ギルを入手。経験値：～11000を入手。 / pagetop / FFXIV The Lodestone / FFXIV Forum / Twitter Facebook / FF14 - 装備品 / メイン/サブ/投擲/携帯 / 頭 胴 （インナー） 手 / 帯 脚 （インナー） 足 / 首 耳 腕 指 / FF14 - クラス / アクション / 付加効果を持つ戦術 / レベル/経験値 / FF14 - モンスター / モンスター一覧 / NM / FF14 - コンテンツ / グランドカンパニー / インスタンスレイド / 蛮神バトル / 攻略型フィールド / マテリア / その他のコンテンツ / FF14 - クエスト / メインクエスト / サブクエスト / グランドカンパニークエスト / クラスクエスト / ジョブクエスト / FF14 - ギルドリーヴ / リージョナルリーヴ / ローカルリーヴ / FF14 - その他 / エリア（マップ/ショップ） / アイテム販売場所一覧 / プレイガイド / ヒストリー / アチーブメント / 食事効果 / 薬品効果 / マクロ/コマンド / 定型文 / 操作方法",
main,common,利害の調停者,Toll of the Warden,110015,全クラス レベル30,19000,決死の救出作戦,異質なるもの,（パッチ1.18で報酬に経験値が追加）,"### ウルダハ（ ウルダハの地図を確認 ） / レベル30以上のクラスがある状態で工商区の奥に進みドアの前に行くと選択肢。選択肢「はい」を選ぶとイベント。 / タタル （インスタンス 工商区）に話し、選択肢『利害の調停者』「引き受ける」を選ぶ。 / ### グリダニア（ グリダニアの地図を確認 ） / グリダニア（X: 4, Y: 4）で「小農区」に移動するとイベント。 / ヘディン （インスタンス 小農区）に話すとイベント。 / ### ザナラーン（ ザナラーンの地図を確認 ） / キャンプ・ドライボーン（X: 39, Y: 25）に行くと「十二跡調査会のリンクパールが光を放ち始めた。」と出る。 / メインメニューの「クエストリンクパール」の「十二跡調査会」を確認する。 / ザナラーン（X: 37, Y: 27）に行くと選択肢。選択肢「はい」を選ぶとイベント。コンテンツ開始。制限時間30分。 / ナナノビ （インスタンス X: 36, Y: 27）に話すとイベント。 / 元気溌剌たるアマルジャ と 忠実のイクサル に話すと交渉が可能になる。 / 敵と戦闘。または、NPCをターゲットした状態でシステムメニューの「交渉」を選び交渉をする。（別記 : 『アマルジャドラッバー達とイクサルソードファイター達』戦 ） / 交渉に成功するか全ての敵の戦意をそぐとイベント。 / ### グリダニア（ グリダニアの地図を確認 ） / ヘディン （インスタンス 小農区）に話すとイベントがありクエスト『利害の調停者』をコンプリート。90,000ギルを入手。アッシュクラウン商会のリンクパールを入手。経験値：～19000を入手。 / pagetop / FFXIV The Lodestone / FFXIV Forum / Twitter Facebook / FF14 - 装備品 / メイン/サブ/投擲/携帯 / 頭 胴 （インナー） 手 / 帯 脚 （インナー） 足 / 首 耳 腕 指 / FF14 - クラス / アクション / 付加効果を持つ戦術 / レベル/経験値 / FF14 - モンスター / モンスター一覧 / NM / FF14 - コンテンツ / グランドカンパニー / インスタンスレイド / 蛮神バトル / 攻略型フィールド / マテリア / その他のコンテンツ / FF14 - クエスト / メインクエスト / サブクエスト / グランドカンパニークエスト / クラスクエスト / ジョブクエスト / FF14 - ギルドリーヴ / リージョナルリーヴ / ローカルリーヴ / FF14 - その他 / エリア（マップ/ショップ） / アイテム販売場所一覧 / プレイガイド / ヒストリー / アチーブメント / 食事効果 / 薬品効果 / マクロ/コマンド / 定型文 / 操作方法",
main,common,異質なるもの,Forever Taken,110016,全クラス レベル34,26500,利害の調停者,炎獄の神,（パッチ1.18で報酬に経験値が追加）,"### グリダニア（ グリダニアの地図を確認 ） / レベル34以上のクラスがある状態で ヘディン （インスタンス 小農区）に話すとイベント。選択肢「引き受ける」を選ぶ。 / ### モードゥナ（ モードゥナの地図を確認 ） / ウォータークリスタル を所持している状態で（X: 20, Y: 9）（X: 20, Y: 9）（X: 20, Y: 10）（X: 20, Y: 11）（X: 21, Y: 10）の5箇所にある ？？？ を調べ、選択肢「はい」を選ぶ。 / （エオルゼア時間）2時間後に再度5箇所にある ？？？ を調べると 高純度クリスタル を5個入手。 / ### グリダニア（ グリダニアの地図を確認 ） / ヘディン （インスタンス 小農区）に話すとイベント。 / 「アッシュクラウン商会のリンクパールが光を放ち始めた。」と出るのでメインメニューの「クエストリンクパール」の「アッシュクラウン商会」を確認する。 / ### ウルダハ（ ウルダハの地図を確認 ） / 工商区の大部屋の方に行くとイベント。 / [相棒]（インスタンス 工商区）に話すとイベントがありクエスト『異質なるもの』をコンプリート。102,000ギルを入手。経験値：～26500を入手。 / pagetop / FFXIV The Lodestone / FFXIV Forum / Twitter Facebook / FF14 - 装備品 / メイン/サブ/投擲/携帯 / 頭 胴 （インナー） 手 / 帯 脚 （インナー） 足 / 首 耳 腕 指 / FF14 - クラス / アクション / 付加効果を持つ戦術 / レベル/経験値 / FF14 - モンスター / モンスター一覧 / NM / FF14 - コンテンツ / グランドカンパニー / インスタンスレイド / 蛮神バトル / 攻略型フィールド / マテリア / その他のコンテンツ / FF14 - クエスト / メインクエスト / サブクエスト / グランドカンパニークエスト / クラスクエスト / ジョブクエスト / FF14 - ギルドリーヴ / リージョナルリーヴ / ローカルリーヴ / FF14 - その他 / エリア（マップ/ショップ） / アイテム販売場所一覧 / プレイガイド / ヒストリー / アチーブメント / 食事効果 / 薬品効果 / マクロ/コマンド / 定型文 / 操作方法",
main,common,炎獄の神,Lord Errant,110017,全クラス レベル38,32500,異質なるもの,アラミゴ解放軍,（パッチ1.18で報酬に経験値が追加）,"### ウルダハ（ ウルダハの地図を確認 ） / レベル38以上のクラスがある状態でウルダハ（商業層 X: 6, Y: 5）に行くとインスタンス。 / [相棒]（インスタンス 商業層 X: 6, Y: 5）に話し、選択肢「引き受ける」を選ぶ。 / ### ザナラーン（ ザナラーンの地図を確認 ） / ザナラーン（X: 39, Y: 38）に行くとイベント。 / ザナラーン（X: 38, Y: 39）に行くと選択肢。選択肢「はい」を選ぶとイベント。 / 謎めいた雰囲気の男 （インスタンス X: 36, Y: 40）か 異様な雰囲気の女 （インスタンス X: 36, Y: 40）に話す。 / [相棒]（インスタンス X: 36, Y: 40）に話すとイベント。 / 外に向かうと選択肢。選択肢「はい」を選ぶとイベント。コンテンツ開始。制限時間30分。 / 敵と戦闘。または、NPCをターゲットした状態でシステムメニューの「交渉」を選び交渉をする。（別記 : 『イフリートの加護を受けたミッドランダー達』戦 ） / 交渉に成功するか全ての敵の戦意をそぐとイベント。 / 連続で敵と戦闘。または、NPCをターゲットした状態でシステムメニューの「交渉」を選び交渉をする。（別記 : 『アマルジャランサー達』戦 ） / 交渉に成功するか倒すとイベント。 / ### ウルダハ（ ウルダハの地図を確認 ） / タタル （インスタンス 工商区）に話し、選択肢『炎獄の神』を選ぶとイベントがありクエスト『炎獄の神』をコンプリート。114,000ギルを入手。経験値：～32500を入手。 / pagetop / FFXIV The Lodestone / FFXIV Forum / Twitter Facebook / FF14 - 装備品 / メイン/サブ/投擲/携帯 / 頭 胴 （インナー） 手 / 帯 脚 （インナー） 足 / 首 耳 腕 指 / FF14 - クラス / アクション / 付加効果を持つ戦術 / レベル/経験値 / FF14 - モンスター / モンスター一覧 / NM / FF14 - コンテンツ / グランドカンパニー / インスタンスレイド / 蛮神バトル / 攻略型フィールド / マテリア / その他のコンテンツ / FF14 - クエスト / メインクエスト / サブクエスト / グランドカンパニークエスト / クラスクエスト / ジョブクエスト / FF14 - ギルドリーヴ / リージョナルリーヴ / ローカルリーヴ / FF14 - その他 / エリア（マップ/ショップ） / アイテム販売場所一覧 / プレイガイド / ヒストリー / アチーブメント / 食事効果 / 薬品効果 / マクロ/コマンド / 定型文 / 操作方法",
class,Alchemist,眠りの淵,"Sleep, Cousin of Death",110420,錬金術師レベル20以上   /  メインクエスト『 別想 』『 招かれざる客 』『 災厄来たれり 』のいずれかをクリア,1760,-,ドラゴンになった少年,（パッチ1.20で報酬が追加） / （パッチ1.20で報酬に経験値が追加） / （パッチ1.20で報酬から「錬金術師ギルドトークン」×2000が削除）,"### ウルダハ（ ウルダハの地図を確認 ） / レベル20以上の錬金術師で錬金術師ギルドにいる ノジュロアー （政庁層 X: 5, Y: 6）に話し、選択肢『眠りの淵』「はい」を選ぶとイベント。選択肢「受注する」を選ぶ。錬金術師ギルドのリンクパールを入手。「天養丸」のレシピを入手。 / 「天養丸」のレシピ / 「モールのミイラ」＋「目薬」 / ### ザナラーン（ ザナラーンの地図を確認 ） / ノモモ （X: 27, Y: 25）に話すと モールのミイラ を入手。 / システムメニューの「製作」の「注文書」の中から、「クエスト」の『眠りの淵』「開始する」を選ぶと自動で ◆ モールのミイラ がセットされる。その状態で材料を選択するとクエストの製作品を作れるようになるので、 ◆ 天養丸 を製作する。 / クエストアイテム以外の材料は全て自前で用意する。 / ### ウルダハ（ ウルダハの地図を確認 ） / ノジュロアー （政庁層 X: 5, Y: 6）に話す。 / ス・リヒャ （インスタンス 政庁層 X: 5, Y: 6）に話し、選択肢「はい」を選ぶとインスタンス。 / 正面のドアの前に行くと選択肢。選択肢「はい」を選ぶとイベント。 / ノジュロアー （政庁層 X: 5, Y: 6）に話すとイベントがありクエスト『眠りの淵』をコンプリート。20,000ギルを入手。 アイアンアレンビック を入手。経験値：～1760を入手。 / pagetop / FFXIV The Lodestone / FFXIV Forum / Twitter Facebook / FF14 - 装備品 / メイン/サブ/投擲/携帯 / 頭 胴 （インナー） 手 / 帯 脚 （インナー） 足 / 首 耳 腕 指 / FF14 - クラス / アクション / 付加効果を持つ戦術 / レベル/経験値 / FF14 - モンスター / モンスター一覧 / NM / FF14 - コンテンツ / グランドカンパニー / インスタンスレイド / 蛮神バトル / 攻略型フィールド / マテリア / その他のコンテンツ / FF14 - クエスト / メインクエスト / サブクエスト / グランドカンパニークエスト / クラスクエスト / ジョブクエスト / FF14 - ギルドリーヴ / リージョナルリーヴ / ローカルリーヴ / FF14 - その他 / エリア（マップ/ショップ） / アイテム販売場所一覧 / プレイガイド / ヒストリー / アチーブメント / 食事効果 / 薬品効果 / マクロ/コマンド / 定型文 / 操作方法",
class,Alchemist,ドラゴンになった少年,The Boy and the Dragon Gay,110421,錬金術師レベル30以上,3420,眠りの淵,夢か現か,（パッチ1.20で報酬に経験値が追加） / （パッチ1.20で報酬から「錬金術師ギルドトークン」×2100～3000が削除）,"### ウルダハ（ ウルダハの地図を確認 ） / レベル30以上の錬金術師で錬金術師ギルドにいる ノジュロアー （政庁層 X: 5, Y: 6）に話し、選択肢『ドラゴンになった少年』「受注する」を選ぶ。 / 錬金術師ギルドの南にあるドアの前に行くと選択肢。選択肢「はい」を選ぶとインスタンス。 / 北東のドアの前に行くと選択肢。選択肢「はい」を選ぶとインスタンス。 / ダミエリオー （インスタンス 政庁層）に話す。 / 子供たち（インスタンス 政庁層）に話す。 / ノジュロアー （政庁層 X: 5, Y: 6）に話すと 薬学院からの預り金 を入手。 / ### グリダニア（ グリダニアの地図を確認 ） / ペネロペ （X: 6, Y: 6）に話し、選択肢『ドラゴンになった少年』を選ぶ。 / ミューヌ （X: 6, Y: 6）に話し、選択肢『ドラゴンになった少年』を選ぶ。選択肢「はい」を選ぶと ペネロペの出身地情報メモ を入手。クエストアイテムを入手すると交渉の難易度が1下がる（代わりにクエスト報酬が減少する？）。 / ヴァ・コロロン （X: 6, Y: 6）に話し、選択肢『ドラゴンになった少年』を選ぶ。選択肢「はい」を選ぶと ペネロペの評判情報メモ を入手。クエストアイテムを入手すると交渉の難易度が1下がる（代わりにクエスト報酬が減少する？）。 / ペネロペ （X: 6, Y: 6）をターゲットした状態でシステムメニューの「交渉」を選び交渉をする。 / ペネロペ （X: 6, Y: 6）に話し、選択肢『ドラゴンになった少年』を選ぶとイベント。 星降りの薬草 を入手。 / ### ウルダハ（ ウルダハの地図を確認 ） / ノジュロアー （政庁層 X: 5, Y: 6）に話す。 / 錬金術師ギルドの南にあるドアの前に行くと選択肢。選択肢「はい」を選ぶとインスタンス。 / 北東のドアの前に行くと選択肢。選択肢「はい」を選ぶとイベント。選択肢「「ドラゴンになった少年」」を選ぶとクエスト『ドラゴンになった少年』をコンプリート。21,000～30,000ギルを入手。経験値：～3420を入手。 / pagetop / FFXIV The Lodestone / FFXIV Forum / Twitter Facebook / FF14 - 装備品 / メイン/サブ/投擲/携帯 / 頭 胴 （インナー） 手 / 帯 脚 （インナー） 足 / 首 耳 腕 指 / FF14 - クラス / アクション / 付加効果を持つ戦術 / レベル/経験値 / FF14 - モンスター / モンスター一覧 / NM / FF14 - コンテンツ / グランドカンパニー / インスタンスレイド / 蛮神バトル / 攻略型フィールド / マテリア / その他のコンテンツ / FF14 - クエスト / メインクエスト / サブクエスト / グランドカンパニークエスト / クラスクエスト / ジョブクエスト / FF14 - ギルドリーヴ / リージョナルリーヴ / ローカルリーヴ / FF14 - その他 / エリア（マップ/ショップ） / アイテム販売場所一覧 / プレイガイド / ヒストリー / アチーブメント / 食事効果 / 薬品効果 / マクロ/コマンド / 定型文 / 操作方法",
class,Alchemist,夢か現か,"Dream On, Dream Away",110422,錬金術師レベル36以上,4720,ドラゴンになった少年,-,（パッチ1.20で報酬に経験値が追加） / （パッチ1.20で報酬から「錬金術師ギルドトークン」×3600が削除）,"### ウルダハ（ ウルダハの地図を確認 ） / レベル36以上の錬金術師で錬金術師ギルドの南にあるドアの前に行くと選択肢。選択肢「はい」を選ぶとインスタンス。 / 北東のドアの前に行くと選択肢。選択肢「はい」を選ぶとインスタンス。 / ス・リヒャ （インスタンス 政庁層）に話し、選択肢「受注する」を選ぶ。 / ダミエリオー （インスタンス 政庁層）に話し、選択肢「はい」を選ぶとインスタンス。 / ### クルザス（ クルザスの地図を確認 ） / ダミエリオー （インスタンス X: 40, Y: 17）に話す。 / ダミエリオー （インスタンス X: 40, Y: 17）に話すと フロンデール血凝膏 を入手。「フォスティジャンの血晶膏」のレシピを入手。 / 「フォスティジャンの血晶膏」のレシピ / 「フロンデール血凝膏」 / システムメニューの「製作」の「注文書」の中から、「クエスト」の『夢か現か』「開始する」を選ぶと自動で ◆ フロンデール血凝膏 がセットされ、クエストの製作品を作れるようになるので、 ◆ フォスティジャンの血晶膏 を製作する。 / ダミエリオー （インスタンス X: 40, Y: 17）に話すとイベント。 / ### ウルダハ（ ウルダハの地図を確認 ） / ノジュロアー （政庁層 X: 5, Y: 6）に話すとイベントがありクエスト『夢か現か』をコンプリート。36,000ギルを入手。経験値：～4720を入手。 / pagetop / FFXIV The Lodestone / FFXIV Forum / Twitter Facebook / FF14 - 装備品 / メイン/サブ/投擲/携帯 / 頭 胴 （インナー） 手 / 帯 脚 （インナー） 足 / 首 耳 腕 指 / FF14 - クラス / アクション / 付加効果を持つ戦術 / レベル/経験値 / FF14 - モンスター / モンスター一覧 / NM / FF14 - コンテンツ / グランドカンパニー / インスタンスレイド / 蛮神バトル / 攻略型フィールド / マテリア / その他のコンテンツ / FF14 - クエスト / メインクエスト / サブクエスト / グランドカンパニークエスト / クラスクエスト / ジョブクエスト / FF14 - ギルドリーヴ / リージョナルリーヴ / ローカルリーヴ / FF14 - その他 / エリア（マップ/ショップ） / アイテム販売場所一覧 / プレイガイド / ヒストリー / アチーブメント / 食事効果 / 薬品効果 / マクロ/コマンド / 定型文 / 操作方法",
class,Archer,神勇隊,Filling the Quiver,110160,弓術士レベル20以上   /  メインクエスト『 別想 』『 招かれざる客 』『 災厄来たれり 』のいずれかをクリア,1760,-,昏い森,（パッチ1.20で報酬が追加） / （パッチ1.20で報酬に経験値が追加） / （パッチ1.20で報酬から「弓術士ギルドトークン」×2000が削除）,"### グリダニア（ グリダニアの地図を確認 ） / レベル20以上の弓術士で弓術士ギルドにいる ノノラト （X: 8, Y: 5）に話し、選択肢『神勇隊』「はい」「受注する」を選ぶ。弓術士ギルドのリンクパールを入手。 / キールティ （インスタンス X: 8, Y: 5）に話すとイベント。 / ### 黒衣森（ 黒衣森の地図を確認 ） / キャンプ・エメラルドモス（X: 20, Y: 20）に行くとイベント。選択肢「はい」を選ぶ。 / 黒衣森（X: 17, Y: 17）に行くと選択肢。選択肢「はい」を選ぶとイベント。 / 敵と戦闘。制限時間30分。1人用。（別記 : 『ヤーゾンインベーダー』戦 ） / 倒すとイベント。イベント後自動でキャンプ・エメラルドモス（X: 20, Y: 20）に戻される。 / ### グリダニア（ グリダニアの地図を確認 ） / ノノラト （X: 8, Y: 5）に話し、選択肢を選ぶとクエスト『神勇隊』をコンプリート。選択肢はどれでもOK。20,000ギルを入手。 エルムベロシティボウ を入手。経験値：～1760を入手。 / pagetop / FFXIV The Lodestone / FFXIV Forum / Twitter Facebook / FF14 - 装備品 / メイン/サブ/投擲/携帯 / 頭 胴 （インナー） 手 / 帯 脚 （インナー） 足 / 首 耳 腕 指 / FF14 - クラス / アクション / 付加効果を持つ戦術 / レベル/経験値 / FF14 - モンスター / モンスター一覧 / NM / FF14 - コンテンツ / グランドカンパニー / インスタンスレイド / 蛮神バトル / 攻略型フィールド / マテリア / その他のコンテンツ / FF14 - クエスト / メインクエスト / サブクエスト / グランドカンパニークエスト / クラスクエスト / ジョブクエスト / FF14 - ギルドリーヴ / リージョナルリーヴ / ローカルリーヴ / FF14 - その他 / エリア（マップ/ショップ） / アイテム販売場所一覧 / プレイガイド / ヒストリー / アチーブメント / 食事効果 / 薬品効果 / マクロ/コマンド / 定型文 / 操作方法",
class,Archer,昏い森,The Foreboding Forest,110161,弓術士レベル30以上,3420,神勇隊,過去より伸びる手,（パッチ1.20で報酬に経験値が追加） / （パッチ1.20で報酬から「弓術士ギルドトークン」×3000が削除）,"### グリダニア（ グリダニアの地図を確認 ） / レベル30以上の弓術士で弓術士ギルドにいる ノノラト （X: 8, Y: 5）に話し、選択肢『昏い森』「受注する」を選ぶ。 神勇隊の封蝋付密書 を入手。 / キールティ （インスタンス X: 8, Y: 5）に話す。 / ### クルザス（ クルザスの地図を確認 ） / アウルネスト（X: 61, Y: 33）に行くとイベント。 / ヴェールモン （インスタンス X: 62, Y: 34）に話すとイベント。 / キールティ （インスタンス X: 62, Y: 34）に話すとイベント。 / キールティ （インスタンス X: 62, Y: 34）に話す。 / ### 黒衣森（ 黒衣森の地図を確認 ） / 黒衣森（X: 15, Y: 19）に行くと選択肢。選択肢「はい」を選ぶとイベント。 / 敵と戦闘。制限時間30分。1人用。（別記 : 『バンディットスカウト』戦 ） / 倒すとイベント。 / キールティ （インスタンス X: 15, Y: 18）に話し、選択肢「はい」を選ぶとイベント。 / ### グリダニア（ グリダニアの地図を確認 ） / ノノラト （X: 8, Y: 5）に話し、選択肢『昏い森』を選ぶとイベントがありクエスト『昏い森』をコンプリート。30,000ギルを入手。経験値：～3420を入手。 / pagetop / FFXIV The Lodestone / FFXIV Forum / Twitter Facebook / FF14 - 装備品 / メイン/サブ/投擲/携帯 / 頭 胴 （インナー） 手 / 帯 脚 （インナー） 足 / 首 耳 腕 指 / FF14 - クラス / アクション / 付加効果を持つ戦術 / レベル/経験値 / FF14 - モンスター / モンスター一覧 / NM / FF14 - コンテンツ / グランドカンパニー / インスタンスレイド / 蛮神バトル / 攻略型フィールド / マテリア / その他のコンテンツ / FF14 - クエスト / メインクエスト / サブクエスト / グランドカンパニークエスト / クラスクエスト / ジョブクエスト / FF14 - ギルドリーヴ / リージョナルリーヴ / ローカルリーヴ / FF14 - その他 / エリア（マップ/ショップ） / アイテム販売場所一覧 / プレイガイド / ヒストリー / アチーブメント / 食事効果 / 薬品効果 / マクロ/コマンド / 定型文 / 操作方法",
class,Archer,過去より伸びる手,There Can Be Only One,110162,弓術士レベル36以上,4720,昏い森,-,（パッチ1.20で報酬に経験値が追加） / （パッチ1.20で報酬から「弓術士ギルドトークン」×3600が削除）,"### グリダニア（ グリダニアの地図を確認 ） / レベル36以上の弓術士で弓術士ギルドにいる ノノラト （X: 8, Y: 5）に話し、選択肢『過去より伸びる手』「受注する」を選ぶ。 / ### 黒衣森（ 黒衣森の地図を確認 ） / 黒衣森（X: 26, Y: 33）に行くと選択肢。選択肢「はい」を選ぶとイベント。次の選択肢はどれでもOK。 / 開始地点（インスタンス X: 26, Y: 36）から一定距離を移動する。制限時間30分。 / インスタンス内の道中の ヤーゾンインベーダー は倒さなくてもOK。 / 黒衣森（X: 26, Y: 33）に行くと選択肢。選択肢「はい」を選ぶとイベント。 / 敵と戦闘。制限時間30分。1人用。（別記 : 『シワード』戦 ） / 倒すとイベント。 / ### グリダニア（ グリダニアの地図を確認 ） / 弓術士ギルド（X: 8, Y: 5）に行くとインスタンス。 / キールティ （インスタンス X: 8, Y: 5）に話すとイベント。 / ノノラト （X: 8, Y: 5）に話すとイベントがありクエスト『過去より伸びる手』をコンプリート。36,000ギルを入手。経験値：～4720を入手。 / pagetop / FFXIV The Lodestone / FFXIV Forum / Twitter Facebook / FF14 - 装備品 / メイン/サブ/投擲/携帯 / 頭 胴 （インナー） 手 / 帯 脚 （インナー） 足 / 首 耳 腕 指 / FF14 - クラス / アクション / 付加効果を持つ戦術 / レベル/経験値 / FF14 - モンスター / モンスター一覧 / NM / FF14 - コンテンツ / グランドカンパニー / インスタンスレイド / 蛮神バトル / 攻略型フィールド / マテリア / その他のコンテンツ / FF14 - クエスト / メインクエスト / サブクエスト / グランドカンパニークエスト / クラスクエスト / ジョブクエスト / FF14 - ギルドリーヴ / リージョナルリーヴ / ローカルリーヴ / FF14 - その他 / エリア（マップ/ショップ） / アイテム販売場所一覧 / プレイガイド / ヒストリー / アチーブメント / 食事効果 / 薬品効果 / マクロ/コマンド / 定型文 / 操作方法",
class,BlacksmithArmorer,左耳の男,An Ear for Quality,110320,鍛冶師レベル20以上 or  甲冑師レベル20以上   /  メインクエスト『 別想 』『 招かれざる客 』『 災厄来たれり 』のいずれかをクリア,1760,-,セイレーンの歌声,（パッチ1.20で報酬が追加） / （パッチ1.20で報酬が追加） / （パッチ1.20で報酬に経験値が追加） / （パッチ1.20で報酬から「鍛冶師ギルドトークン」×2000 or 「甲冑師ギルドトークン」×2000が削除）,"### リムサ・ロミンサ（ リムサ・ロミンサの地図を確認 ） / レベル20以上の鍛冶師か甲冑師で鍛冶師・甲冑師ギルドにいる ボデノルフ （上甲板層 X: 7, Y: 7）に話し、選択肢『左耳の男』「はい」「受注する」を選ぶ。鍛冶師・甲冑師ギルドのリンクパールを入手。 / ミミドア （インスタンス 上甲板層 X: 7, Y: 7）に話すとイベント。 / 「青銅の枝付き燭台」のレシピ （パッチ1.20でレシピが変更） / 「ブロンズインゴット」＋「ブロンズインゴット」 / 「ザリガニの自在置物」のレシピ （パッチ1.20でレシピが変更） / 「ブロンズプレート」＋「ブロンズリベット」 / システムメニューの「製作」の「注文書」の中から、「クエスト」の『左耳の男』「開始する」を選ぶ。その状態で材料を選択するとクエストの製作品を作れるようになるので、鍛冶師は ◆ 青銅の枝付き燭台 を、甲冑師は ◆ ザリガニの自在置物 を製作する。 / 材料は全て自前で用意する。 / ミミドア （インスタンス 上甲板層 X: 7, Y: 7）に話す。 / 鍛冶師は イオファ （インスタンス 上甲板層 X: 7, Y: 7）に話すと「ナルディク式振動板」のレシピを、 コルソン （インスタンス 上甲板層 X: 7, Y: 7）に話すと「ナルディク式発条」のレシピを、 ソソゼ （インスタンス 上甲板層 X: 7, Y: 7）に話すと「ナルディク式ラッパ」のレシピを入手。 / 甲冑師は トリーヌ （インスタンス 上甲板層 X: 7, Y: 7）に話すと「ヴィメリー式振動板」のレシピを、 シングスミド （インスタンス 上甲板層 X: 7, Y: 7）に話すと「ヴィメリー式発条」のレシピを、 ヒヒネ （インスタンス 上甲板層 X: 7, Y: 7）に話すと「ヴィメリー式ラッパ」のレシピを入手。 / 「ナルディク式振動板」のレシピ （パッチ1.20でレシピが変更） / 「ブロンズインゴット」＋「ブロンズインゴット」＋「ブロンズインゴット」 / 「ナルディク式発条」のレシピ （パッチ1.20でレシピが変更） / 「アイアンインゴット」＋「アイアンインゴット」 / 「ナルディク式ラッパ」のレシピ （パッチ1.20でレシピが変更） / 「アイアンインゴット」＋「アイアンインゴット」＋「アイアンインゴット」 / 「ヴィメリー式振動板」のレシピ （パッチ1.20でレシピが変更） / 「ブロンズプレート」＋「ブロンズプレート」 / 「ヴィメリー式発条」のレシピ （パッチ1.20でレシピが変更） / 「アイアンインゴット」＋「アイアンインゴット」 / 「ヴィメリー式ラッパ」のレシピ / 「アイアンプレート」＋「アイアンプレート」＋「アイアンリベット」 / システムメニューの「製作」の「注文書」の中から、「クエスト」の『左耳の男』「開始する」を選ぶ。その状態で材料を選択するとクエストの製作品を作れるようになるので、鍛冶師は ◆ ナルディク式振動板 か ◆ ナルディク式発条 か ◆ ナルディク式ラッパ を、甲冑師は ◆ ヴィメリー式振動板 か ◆ ヴィメリー式発条 か ◆ ヴィメリー式ラッパ を製作する。 / 材料は全て自前で用意する。 / ミミドア （インスタンス 上甲板層 X: 7, Y: 7）に話すとイベントがありクエスト『左耳の男』をコンプリート。20,000ギルを入手。鍛冶師は クロウビークハンマー を入手。甲冑師は アイアンレイジングハンマー を入手。経験値：～1760を入手。 / pagetop / FFXIV The Lodestone / FFXIV Forum / Twitter Facebook / FF14 - 装備品 / メイン/サブ/投擲/携帯 / 頭 胴 （インナー） 手 / 帯 脚 （インナー） 足 / 首 耳 腕 指 / FF14 - クラス / アクション / 付加効果を持つ戦術 / レベル/経験値 / FF14 - モンスター / モンスター一覧 / NM / FF14 - コンテンツ / グランドカンパニー / インスタンスレイド / 蛮神バトル / 攻略型フィールド / マテリア / その他のコンテンツ / FF14 - クエスト / メインクエスト / サブクエスト / グランドカンパニークエスト / クラスクエスト / ジョブクエスト / FF14 - ギルドリーヴ / リージョナルリーヴ / ローカルリーヴ / FF14 - その他 / エリア（マップ/ショップ） / アイテム販売場所一覧 / プレイガイド / ヒストリー / アチーブメント / 食事効果 / 薬品効果 / マクロ/コマンド / 定型文 / 操作方法",
class,BlacksmithArmorer,セイレーンの歌声,Song of the Sirens,110321,鍛冶師レベル30以上 or  甲冑師レベル30以上,3420,左耳の男,魅惑の島,（パッチ1.20で報酬に経験値が追加） / （パッチ1.20で報酬から「鍛冶師ギルドトークン」×3000 or 「甲冑師ギルドトークン」×3000が削除）,"### リムサ・ロミンサ（ リムサ・ロミンサの地図を確認 ） / レベル30以上の鍛冶師か甲冑師で鍛冶師・甲冑師ギルドにいる ボデノルフ （上甲板層 X: 7, Y: 7）に話し、選択肢『セイレーンの歌声』「受注する」を選ぶ。 / ミミドア （インスタンス 上甲板層 X: 7, Y: 7）に話す。 / ### ウルダハ（ ウルダハの地図を確認 ） / リネット （商業層 X: 6, Y: 6）に話し、選択肢『セイレーンの歌声』を選ぶ。 / 「鍛冶師・甲冑師ギルドのリンクパールが光を放ち始めた。」と出るのでメインメニューの「クエストリンクパール」の「鍛冶師・甲冑師ギルド」を確認する。 / ### ザナラーン（ ザナラーンの地図を確認 ） / ジョ・サパ （X: 27, Y: 20）に話し、選択肢「はい」を選ぶとインスタンス。 / ふさぎ込んでいる採掘師 （インスタンス X: 8, Y: 6）に話すと交渉が可能になる。 / 泣き出しそうな採掘師 （インスタンス X: 8, Y: 6）に話すと交渉が可能になる。 / 慌てている採掘師 （インスタンス X: 8, Y: 6）に話すと交渉が可能になる。 / それぞれ、NPCをターゲットした状態でシステムメニューの「交渉」を選び交渉をする。 / ？？？ （インスタンス X: 8, Y: 6）を調べるとイベント。 残響鋼 を入手。 / 「鍛冶師・甲冑師ギルドのリンクパールが光を放ち始めた。」と出るのでメインメニューの「クエストリンクパール」の「鍛冶師・甲冑師ギルド」を確認する。 / ### リムサ・ロミンサ（ リムサ・ロミンサの地図を確認 ） / 鍛冶師ギルド/甲冑師ギルド（上甲板層 X: 7, Y: 7）に行くとインスタンス。 / ミミドア （インスタンス 上甲板層 X: 7, Y: 7）に話すと オルペウスの風車 を入手。 / フェリードック（下甲板層 X: 3, Y: 5）に行くとイベント。選択肢はどれでもOK。 / 立派な髭の定期船船長 （インスタンス 下甲板層 X: 3, Y: 5）に話すとイベント。 / 鍛冶師ギルド/甲冑師ギルド（上甲板層 X: 7, Y: 7）に行くとインスタンス。 / ミミドア （インスタンス 上甲板層 X: 7, Y: 7）に話すとクエスト『セイレーンの歌声』をコンプリート。選択肢はどれでもOK。30,000ギルを入手。経験値：～3420を入手。 / pagetop / FFXIV The Lodestone / FFXIV Forum / Twitter Facebook / FF14 - 装備品 / メイン/サブ/投擲/携帯 / 頭 胴 （インナー） 手 / 帯 脚 （インナー） 足 / 首 耳 腕 指 / FF14 - クラス / アクション / 付加効果を持つ戦術 / レベル/経験値 / FF14 - モンスター / モンスター一覧 / NM / FF14 - コンテンツ / グランドカンパニー / インスタンスレイド / 蛮神バトル / 攻略型フィールド / マテリア / その他のコンテンツ / FF14 - クエスト / メインクエスト / サブクエスト / グランドカンパニークエスト / クラスクエスト / ジョブクエスト / FF14 - ギルドリーヴ / リージョナルリーヴ / ローカルリーヴ / FF14 - その他 / エリア（マップ/ショップ） / アイテム販売場所一覧 / プレイガイド / ヒストリー / アチーブメント / 食事効果 / 薬品効果 / マクロ/コマンド / 定型文 / 操作方法",
class,BlacksmithArmorer,魅惑の島,The Sound of Silence,110322,鍛冶師レベル36以上 or  甲冑師レベル36以上,4720,セイレーンの歌声,-,（パッチ1.20で報酬に経験値が追加） / （パッチ1.20で報酬から「鍛冶師ギルドトークン」×3600 or 「甲冑師ギルドトークン」×3600が削除）,"### リムサ・ロミンサ（ リムサ・ロミンサの地図を確認 ） / レベル36以上の鍛冶師か甲冑師で鍛冶師・甲冑師ギルドにいる ボデノルフ （上甲板層 X: 7, Y: 7）に話し、選択肢『魅惑の島』「受注する」を選ぶ。 / ミミドア （インスタンス 上甲板層 X: 7, Y: 7）に話すと鍛冶師は 防音ラバー を、甲冑師は アドミラルティー・ブラスナゲット を入手。鍛冶師は「ミミドア式耳栓の模型」のレシピを、甲冑師は「ミミドア式耳栓の金型」のレシピを入手。 / 「ミミドア式耳栓の模型」のレシピ （パッチ1.20でレシピが変更） / 「防音ラバー」＋「ブロンズインゴット」＋「ブロンズインゴット」 / 「ミミドア式耳栓の金型」のレシピ （パッチ1.20でレシピが変更） / 「アドミラルティー・ブラスナゲット」＋「ブロンズプレート」 / システムメニューの「製作」の「注文書」の中から、「クエスト」の『魅惑の島』「開始する」を選ぶ。その状態で材料を選択するとクエストの製作品を作れるようになるので、鍛冶師は ◆ ミミドア式耳栓の模型 を、甲冑師は ◆ ミミドア式耳栓の金型 を製作する。 / クエストアイテム以外の材料は全て自前で用意する。 / ミミドア （インスタンス 上甲板層 X: 7, Y: 7）に話し、選択肢「はい」を選ぶとイベント。コンテンツ開始。 / ### シェルダレー諸島（ シェルダレー諸島の地図を確認 ） / ミミドア と一緒に移動する。制限時間20分。1人用。 / へたっている女 （いちる島 X: 8, Y: 5）に話し、選択肢「はい」を選ぶと「ヘヴィ」の効果がかかる。 / ？？？ （いちる島 X: 7, Y: 5）を調べると 紅井守の黒焼 を入手。 / 紅井守の黒焼 を所持している状態で へたっている女 （いちる島 X: 8, Y: 5）に話す。 / ？？？ （いちる島 X: 7, Y: 4）を調べると つるが曲がった眼鏡 を入手。 / つるが曲がった眼鏡 を所持している状態で へばっている男 （いちる島 X: 8, Y: 5）に話す。 / 鍛冶師は ノリノリの鍛冶師 （いちる島 X: 8, Y: 4）に、甲冑師は 声が大きい甲冑師 （いちる島 X: 7, Y: 4）に話し、選択肢「はい」を選ぶとPCの後をついてくる。 / ノリノリの鍛冶師 か 声が大きい甲冑師 がついてきている状態で ぶつぶつ呟いている女 （いちる島 X: 8, Y: 4）に話す。 / ？？？ （いちる島 X: 7, Y: 5）を調べると 島椰子の実 を入手。 / 島椰子の実 を所持している状態で ふらついている男 （いちる島 X: 7, Y: 4）に話す。 / 船着き場（いちる島 X: 8, Y: 6）に行くとイベント。 / ### リムサ・ロミンサ（ リムサ・ロミンサの地図を確認 ） / 鍛冶師ギルド/甲冑師ギルド（上甲板層 X: 7, Y: 7）に入るとイベントがありクエスト『魅惑の島』をコンプリート。36,000ギルを入手。経験値：～4720を入手。 / pagetop / FFXIV The Lodestone / FFXIV Forum / Twitter Facebook / FF14 - 装備品 / メイン/サブ/投擲/携帯 / 頭 胴 （インナー） 手 / 帯 脚 （インナー） 足 / 首 耳 腕 指 / FF14 - クラス / アクション / 付加効果を持つ戦術 / レベル/経験値 / FF14 - モンスター / モンスター一覧 / NM / FF14 - コンテンツ / グランドカンパニー / インスタンスレイド / 蛮神バトル / 攻略型フィールド / マテリア / その他のコンテンツ / FF14 - クエスト / メインクエスト / サブクエスト / グランドカンパニークエスト / クラスクエスト / ジョブクエスト / FF14 - ギルドリーヴ / リージョナルリーヴ / ローカルリーヴ / FF14 - その他 / エリア（マップ/ショップ） / アイテム販売場所一覧 / プレイガイド / ヒストリー / アチーブメント / 食事効果 / 薬品効果 / マクロ/コマンド / 定型文 / 操作方法",
class,Botanist,グリダニアの根っこ,Gridanian Roots,110480,園芸師レベル20以上   /  メインクエスト『 別想 』『 招かれざる客 』『 災厄来たれり 』のいずれかをクリア,1760,-,憧れの大都会,（パッチ1.20で報酬が追加） / （パッチ1.20で報酬に経験値が追加） / （パッチ1.20で報酬から「園芸師ギルドトークン」×2000が削除）,"### グリダニア（ グリダニアの地図を確認 ） / レベル20以上の園芸師で園芸師ギルドにいる オピルティル （X: 4, Y: 3）に話し、選択肢『グリダニアの根っこ』「はい」「受注する」を選ぶ。園芸師ギルドのリンクパールを入手。 / シセリー （X: 4, Y: 3）に話すとイベント。 / ### 黒衣森（ 黒衣森の地図を確認 ） / クォーリーミル（X: 45, Y: 47）に行くと選択肢。選択肢「はい」を選ぶとコンテンツ開始。 / 草刈場（グレード1）で草刈をして 繁蕪草 を入手する。制限時間10分。 / 繁蕪草 を4個入手するとイベント。選択肢はどれでもOK。 / ### グリダニア（ グリダニアの地図を確認 ） / 園芸師ギルド（X: 4, Y: 3）に行くとインスタンス。 / オピルティル （インスタンス X: 4, Y: 3）に話すとイベントがありクエスト『グリダニアの根っこ』をコンプリート。20,000ギルを入手。 ブラスハチェット を入手。経験値：～1760を入手。 / pagetop / FFXIV The Lodestone / FFXIV Forum / Twitter Facebook / FF14 - 装備品 / メイン/サブ/投擲/携帯 / 頭 胴 （インナー） 手 / 帯 脚 （インナー） 足 / 首 耳 腕 指 / FF14 - クラス / アクション / 付加効果を持つ戦術 / レベル/経験値 / FF14 - モンスター / モンスター一覧 / NM / FF14 - コンテンツ / グランドカンパニー / インスタンスレイド / 蛮神バトル / 攻略型フィールド / マテリア / その他のコンテンツ / FF14 - クエスト / メインクエスト / サブクエスト / グランドカンパニークエスト / クラスクエスト / ジョブクエスト / FF14 - ギルドリーヴ / リージョナルリーヴ / ローカルリーヴ / FF14 - その他 / エリア（マップ/ショップ） / アイテム販売場所一覧 / プレイガイド / ヒストリー / アチーブメント / 食事効果 / 薬品効果 / マクロ/コマンド / 定型文 / 操作方法",
class,Botanist,憧れの大都会,The Grass is Always Greener,110481,園芸師レベル30以上,3420,グリダニアの根っこ,モーグリの花畑,（パッチ1.20で報酬に経験値が追加） / （パッチ1.20で報酬から「園芸師ギルドトークン」×3000が削除）,"### グリダニア（ グリダニアの地図を確認 ） / レベル30以上の園芸師で園芸師ギルドにいる オピルティル （X: 4, Y: 3）に話し、選択肢『憧れの大都会』「受注する」を選ぶ。 / シセリー （X: 4, Y: 3）に話すとイベント。 / ペネロペ （X: 6, Y: 6）に話し、選択肢『憧れの大都会』を選ぶ。 / シセリー （X: 4, Y: 3）に話す。 / ### 黒衣森（ 黒衣森の地図を確認 ） / 良木（グレード1）で伐採をすると 下がり松の枝 を入手。 / 良木（グレード4）で伐採をすると 腐臭のする木の実 を入手。 / ### グリダニア（ グリダニアの地図を確認 ） / シセリー （X: 4, Y: 3）に話すと ヘナタトゥーカラー を入手。 ペネロペ と交渉が可能になる。 / ペネロペ （X: 6, Y: 6）をターゲットした状態でシステムメニューの「交渉」を選び交渉をする。 / ペネロペ （X: 6, Y: 6）に話し、選択肢『憧れの大都会』を選ぶと 彷徨える海賊船の噂のメモ を入手。 / シセリー （X: 4, Y: 3）に話すとイベント。 ネネッコ宛の手紙 と メラシディアオリーヴ を入手。 / ### ウルダハ（ ウルダハの地図を確認 ） / ノジュロアー （政庁層 X: 5, Y: 6）に話し、選択肢『憧れの大都会』を選ぶ。 / リネット （商業層 X: 6, Y: 6）に話し、選択肢『憧れの大都会』を選ぶとイベント。 アマジナ鉱山社製青燐水 を入手。 / ### グリダニア（ グリダニアの地図を確認 ） / 園芸師ギルド（X: 4, Y: 3）に行くとインスタンス。 / オピルティル （インスタンス X: 4, Y: 3）に話すとイベントがありクエスト『憧れの大都会』をコンプリート。30,000ギルを入手。経験値：～3420を入手。 / pagetop / FFXIV The Lodestone / FFXIV Forum / Twitter Facebook / FF14 - 装備品 / メイン/サブ/投擲/携帯 / 頭 胴 （インナー） 手 / 帯 脚 （インナー） 足 / 首 耳 腕 指 / FF14 - クラス / アクション / 付加効果を持つ戦術 / レベル/経験値 / FF14 - モンスター / モンスター一覧 / NM / FF14 - コンテンツ / グランドカンパニー / インスタンスレイド / 蛮神バトル / 攻略型フィールド / マテリア / その他のコンテンツ / FF14 - クエスト / メインクエスト / サブクエスト / グランドカンパニークエスト / クラスクエスト / ジョブクエスト / FF14 - ギルドリーヴ / リージョナルリーヴ / ローカルリーヴ / FF14 - その他 / エリア（マップ/ショップ） / アイテム販売場所一覧 / プレイガイド / ヒストリー / アチーブメント / 食事効果 / 薬品効果 / マクロ/コマンド / 定型文 / 操作方法",
class,Botanist,モーグリの花畑,A Moogle Bouquet,110482,園芸師レベル36以上,4720,憧れの大都会,-,（パッチ1.20で報酬に経験値が追加） / （パッチ1.20で報酬から「園芸師ギルドトークン」×3600が削除）,"### グリダニア（ グリダニアの地図を確認 ） / レベル36以上の園芸師で園芸師ギルド（X: 4, Y: 3）に行くとインスタンス。 / オピルティル （インスタンス X: 4, Y: 3）に話し、選択肢『モーグリの花畑』「受注する」を選ぶ。 / ライチャイルド （インスタンス X: 3, Y: 3）に話すとイベント。選択肢「はい」「はい」を選ぶ。 / ### 黒衣森（ 黒衣森の地図を確認 ） / 黒衣森（X: 17, Y: 35）に行くとイベント。 / 草刈場（グレード4）で草刈をして パールクローバーの種 を入手する。 / ライチャイルド （インスタンス X: 17, Y: 35）に話すとイベント。 / ### グリダニア（ グリダニアの地図を確認 ） / シセリー （X: 4, Y: 3）に話す。 / オピルティル （X: 4, Y: 3）に話す。 / ### 黒衣森（ 黒衣森の地図を確認 ） / 黒衣森（X: 29, Y: 32）に行くと選択肢。選択肢「はい」を選ぶとコンテンツ開始。 / 草刈場（グレード4）で草刈をして ヤーゾンのフン を4個入手する。制限時間10分。 / インスタンス内には スランバーリング・ヤーゾン （一定時間睡眠）が4体いる。 / ### グリダニア（ グリダニアの地図を確認 ） / オピルティル （X: 4, Y: 3）に話すとインスタンス。 / 園芸師ギルド前の扉の前に行くと選択肢。選択肢「はい」を選ぶとインスタンス。 / シセリー （インスタンス）に話し、選択肢「はい」を選ぶとイベント。 / オピルティル （X: 4, Y: 3）に話すと パールクローバーの苗 を入手。 / シセリー （X: 4, Y: 3）に話すとイベント。 / ### 黒衣森（ 黒衣森の地図を確認 ） / 黒衣森（X: 25, Y: 30）に行くとイベント。 / ### グリダニア（ グリダニアの地図を確認 ） / シセリー （X: 4, Y: 3）に話すとイベントがありクエスト『モーグリの花畑』をコンプリート。36,000ギルを入手。経験値：～4720を入手。 / pagetop / FFXIV The Lodestone / FFXIV Forum / Twitter Facebook / FF14 - 装備品 / メイン/サブ/投擲/携帯 / 頭 胴 （インナー） 手 / 帯 脚 （インナー） 足 / 首 耳 腕 指 / FF14 - クラス / アクション / 付加効果を持つ戦術 / レベル/経験値 / FF14 - モンスター / モンスター一覧 / NM / FF14 - コンテンツ / グランドカンパニー / インスタンスレイド / 蛮神バトル / 攻略型フィールド / マテリア / その他のコンテンツ / FF14 - クエスト / メインクエスト / サブクエスト / グランドカンパニークエスト / クラスクエスト / ジョブクエスト / FF14 - ギルドリーヴ / リージョナルリーヴ / ローカルリーヴ / FF14 - その他 / エリア（マップ/ショップ） / アイテム販売場所一覧 / プレイガイド / ヒストリー / アチーブメント / 食事効果 / 薬品効果 / マクロ/コマンド / 定型文 / 操作方法",
class,Carpenter,小さな先生,The Mouths of Babes,110300,木工師レベル20以上   /  メインクエスト『 別想 』『 招かれざる客 』『 災厄来たれり 』のいずれかをクリア,1760,-,小さな鬼,（パッチ1.20で報酬が追加） / （パッチ1.20で報酬に経験値が追加） / （パッチ1.20で報酬から「木工師ギルドトークン」×2000が削除）,"### グリダニア（ グリダニアの地図を確認 ） / レベル20以上の木工師で木工師ギルドにいる ア・ナイジャ （X: 6, Y: 5）に話し、選択肢『小さな先生』「はい」「受注する」を選ぶ。木工師ギルドのリンクパールを入手。 / グリダニア（（どんぐり遊園） X: 5, Y: 5）に行くとイベント。 カラフルアロー を入手。 / ### 黒衣森（ 黒衣森の地図を確認 ） / ワイビル （X: 44, Y: 47）に話すとイベント。 折れた神勇隊制式弓 を入手。 / ？？？ （インスタンス X: 44, Y: 47）を調べると、左の ？？？ は 花をつけた枝 を、真ん中の ？？？ は ねじ曲がった枝 を、右の ？？？ は 固い枝 を入手。 / ？？？ は何度でも調べることが可能で、製作では最後に選んだ枝が使用される。 / 正解は左の 花をつけた枝 。 / 「華弓」のレシピ / 「折れた神勇隊制式弓」＋「花をつけた枝」 / 「曲弓」のレシピ / 「折れた神勇隊制式弓」＋「ねじ曲がった枝」 / 「剛弓」のレシピ / 「折れた神勇隊制式弓」＋「固い枝」 / システムメニューの「製作」の「注文書」の中から、「クエスト」の『小さな先生』「開始する」を選ぶと自動で ◆ 折れた神勇隊制式弓 と ◆ 花をつけた枝 がセットされ、クエストの製作品を作れるようになるので、 ◆ 華弓 を製作する。 / ワイビル （インスタンス X: 44, Y: 47）に話すとイベント。 / ### グリダニア（ グリダニアの地図を確認 ） / グリダニア（（どんぐり遊園） X: 5, Y: 5）に行くとイベント。 / ア・ナイジャ （X: 6, Y: 5）に話すとクエスト『小さな先生』をコンプリート。20,000ギルを入手。 レリーフアイアンソー を入手。経験値：～1760を入手。 / pagetop / FFXIV The Lodestone / FFXIV Forum / Twitter Facebook / FF14 - 装備品 / メイン/サブ/投擲/携帯 / 頭 胴 （インナー） 手 / 帯 脚 （インナー） 足 / 首 耳 腕 指 / FF14 - クラス / アクション / 付加効果を持つ戦術 / レベル/経験値 / FF14 - モンスター / モンスター一覧 / NM / FF14 - コンテンツ / グランドカンパニー / インスタンスレイド / 蛮神バトル / 攻略型フィールド / マテリア / その他のコンテンツ / FF14 - クエスト / メインクエスト / サブクエスト / グランドカンパニークエスト / クラスクエスト / ジョブクエスト / FF14 - ギルドリーヴ / リージョナルリーヴ / ローカルリーヴ / FF14 - その他 / エリア（マップ/ショップ） / アイテム販売場所一覧 / プレイガイド / ヒストリー / アチーブメント / 食事効果 / 薬品効果 / マクロ/コマンド / 定型文 / 操作方法",
class,Carpenter,小さな鬼,Hide and Seek Shenanigans,110301,木工師レベル30以上,3420,小さな先生,精霊たちの贈り物,（パッチ1.20で報酬に経験値が追加） / （パッチ1.20で報酬から「木工師ギルドトークン」×3000が削除）,"### グリダニア（ グリダニアの地図を確認 ） / レベル30以上の木工師で木工師ギルドにいる ア・ナイジャ （X: 6, Y: 5）に話し、選択肢『小さな鬼』「受注する」を選ぶ。 / 木工師ギルドの西にあるドアの前に行くと選択肢。選択肢「はい」を選ぶとイベント。 / エリン （インスタンス）に話すとイベント。 / ア・ナイジャ （X: 6, Y: 5）に話す。 / グリダニア（（どんぐり遊園） X: 5, Y: 5）に行くとインスタンス。 / ニコリオー （インスタンス X: 5, Y: 5）に話すと交渉が可能になる。 / ニコリオー （インスタンス X: 5, Y: 5）をターゲットした状態でシステムメニューの「交渉」を選び交渉をする。 / サンサ （インスタンス X: 5, Y: 5）に話す。 / ウィレルダ （X: 7, Y: 2）に話すとインスタンス。 / リッド （インスタンス X: 7, Y: 2）に話すと交渉が可能になる。 / リッド （インスタンス X: 7, Y: 2）をターゲットした状態でシステムメニューの「交渉」を選び交渉をする。 / ？？？ （（箱） インスタンス X: 7, Y: 2）を調べ、選択肢「はい」「はい」「はい」を選ぶ。 / 弓術士ギルド（X: 8, Y: 5）に行くとインスタンス。 / エリン （インスタンス X: 8, Y: 5）に話すと交渉が可能になる。 / エリン （インスタンス X: 8, Y: 5）をターゲットした状態でシステムメニューの「交渉」を選び交渉をする。 / ニコリオー （インスタンス X: 8, Y: 5）に話す。 / ？？？ （（木の上） インスタンス X: 8, Y: 5）を調べる。 / ニコリオー （インスタンス X: 8, Y: 5）に話す。 / ？？？ （（家の下） インスタンス X: 8, Y: 5）を調べる。 / ニコリオー （インスタンス X: 8, Y: 5）に話すと交渉が可能になる。 / ニコリオー （インスタンス X: 8, Y: 5）をターゲットした状態でシステムメニューの「交渉」を選び交渉をする。 / ニコリオー （インスタンス X: 8, Y: 5）に話すと カラフルな積木 を入手。 ◆ ◆ カーマインシュガーローフ を入手。 / 木工師ギルドの西にあるドアの前に行くと選択肢。選択肢「はい」を選ぶとイベント。 / ア・ナイジャ （X: 6, Y: 5）に話すとイベント。 / ### ウルダハ（ ウルダハの地図を確認 ） / ノジュロアー （政庁層 X: 5, Y: 6）に話し、選択肢『小さな鬼』を選ぶとイベント。 黒光りする軟膏 を入手。 / ### グリダニア（ グリダニアの地図を確認 ） / ア・ナイジャ （X: 6, Y: 5）に話す。選択肢はどれでもOK。 / ヴァ・コロロン （X: 6, Y: 6）に話し、選択肢『小さな鬼』を選ぶとイベント。 / ア・ナイジャ （X: 6, Y: 5）に話すとクエスト『小さな鬼』をコンプリート。30,000ギルを入手。経験値：～3420を入手。 / pagetop / FFXIV The Lodestone / FFXIV Forum / Twitter Facebook / FF14 - 装備品 / メイン/サブ/投擲/携帯 / 頭 胴 （インナー） 手 / 帯 脚 （インナー） 足 / 首 耳 腕 指 / FF14 - クラス / アクション / 付加効果を持つ戦術 / レベル/経験値 / FF14 - モンスター / モンスター一覧 / NM / FF14 - コンテンツ / グランドカンパニー / インスタンスレイド / 蛮神バトル / 攻略型フィールド / マテリア / その他のコンテンツ / FF14 - クエスト / メインクエスト / サブクエスト / グランドカンパニークエスト / クラスクエスト / ジョブクエスト / FF14 - ギルドリーヴ / リージョナルリーヴ / ローカルリーヴ / FF14 - その他 / エリア（マップ/ショップ） / アイテム販売場所一覧 / プレイガイド / ヒストリー / アチーブメント / 食事効果 / 薬品効果 / マクロ/コマンド / 定型文 / 操作方法",
class,Carpenter,精霊たちの贈り物,Spanning the Spectrum,110302,木工師レベル36以上,4720,小さな鬼,-,（パッチ1.20で報酬に経験値が追加） / （パッチ1.20で報酬から「木工師ギルドトークン」×3420～3600が削除）,"### グリダニア（ グリダニアの地図を確認 ） / レベル36以上の木工師で木工師ギルドの西にあるドアの前に行くとインスタンス。 / マルセロア （インスタンス）に話し、選択肢「受注する」を選ぶ。 / グリダニア（（どんぐり遊園） X: 5, Y: 5）に行くとイベント。 / ？？？ （インスタンス X: 5, Y: 5）を調べると 大きな葉っぱ を入手。 / システムメニューの「製作」の「注文書」の中から、「クエスト」の『精霊たちの贈り物』「開始する」を選ぶと自動で ◆ 大きな葉っぱ がセットされ、クエストの製作品を作れるようになるので、 ◆ つるつる坊主 を製作する。 / ◆ つるつる坊主 を必要としている子供たち全員に渡すとイベント。 神勇隊宛の請願書 を入手。 / ノノラト （X: 8, Y: 5）に話し、選択肢『精霊たちの贈り物』を選ぶ。 / ### 黒衣森（ 黒衣森の地図を確認 ） / ワイビル （X: 44, Y: 47）に話し、選択肢「はい」を選ぶとコンテンツ開始。 / ワイビル と一緒に移動する。制限時間30分。1人用。 / ワイビル から離れすぎるとコンテンツ強制終了になる。 / インスタンス内の道中 ベイブスナッチャー が常に2体現れ自動で ワイビル と戦闘を始める。 ワイビル のHPが約20%以下になるとコンテンツ強制終了になる。 / システムメニューの「製作」の「注文書」の中から、「クエスト」の『精霊たちの贈り物』「開始する」を選ぶと自動で ◆ 軽い枝 と ◆ 軽い枝 がセットされるので、必要に応じて ◆ 野矢 を製作する。 / ベイブスナッチャー 6体を倒すとコンテンツ終了。コンテンツ終了後自動で黒衣森（X: 35, Y: 36）に戻される。 / ### グリダニア（ グリダニアの地図を確認 ） / ア・ナイジャ （X: 6, Y: 5）に話すとイベント。 / ### 黒衣森（ 黒衣森の地図を確認 ） / 黒衣森（X: 35, Y: 36）に行くとイベント。 / マルセロア （インスタンス X: 36, Y: 36）に話すとイベント。 / リッド （インスタンス X: 36, Y: 36）に話すと選択肢。選んだ選択肢によって報酬が変わる。 / マルセロア （インスタンス X: 36, Y: 36）に話すとイベントがありクエスト『精霊たちの贈り物』をコンプリート。イベント後自動で木工師ギルド（グリダニア X: 6, Y: 5）に戻される。34,200～36,000ギルを入手。経験値：～4720を入手。 / pagetop / FFXIV The Lodestone / FFXIV Forum / Twitter Facebook / FF14 - 装備品 / メイン/サブ/投擲/携帯 / 頭 胴 （インナー） 手 / 帯 脚 （インナー） 足 / 首 耳 腕 指 / FF14 - クラス / アクション / 付加効果を持つ戦術 / レベル/経験値 / FF14 - モンスター / モンスター一覧 / NM / FF14 - コンテンツ / グランドカンパニー / インスタンスレイド / 蛮神バトル / 攻略型フィールド / マテリア / その他のコンテンツ / FF14 - クエスト / メインクエスト / サブクエスト / グランドカンパニークエスト / クラスクエスト / ジョブクエスト / FF14 - ギルドリーヴ / リージョナルリーヴ / ローカルリーヴ / FF14 - その他 / エリア（マップ/ショップ） / アイテム販売場所一覧 / プレイガイド / ヒストリー / アチーブメント / 食事効果 / 薬品効果 / マクロ/コマンド / 定型文 / 操作方法",
class,Conjurer,木霊が努め,Dendrological Duties,110260,幻術士レベル20以上   /  メインクエスト『 別想 』『 招かれざる客 』『 災厄来たれり 』のいずれかをクリア,1760,-,竜騎士の夢,（パッチ1.20で報酬が追加） / （パッチ1.20で報酬に経験値が追加） / （パッチ1.20で報酬から「幻術士ギルドトークン」×2000が削除）,"### グリダニア（ グリダニアの地図を確認 ） / レベル20以上の幻術士で幻術士ギルドにいる ソアレヌ （X: 2, Y: 1）に話し、選択肢『木霊が努め』「はい」を選ぶとイベント。選択肢「受注する」を選ぶ。幻術士ギルドのリンクパールを入手。 / テレント （X: 2, Y: 1）に話す。 / ### 黒衣森（ 黒衣森の地図を確認 ） / 黒衣森（X: 38, Y: 29）に行くと選択肢。選択肢「はい」を選ぶ。 / 敵と戦闘。制限時間30分。1人用。（別記 : 『ラビッド・コイウルフ』戦 ） / アルファ・コイウルフ を倒すとイベント。 / ### グリダニア（ グリダニアの地図を確認 ） / テレント （X: 2, Y: 1）に話すとイベント。 / ソアレヌ （X: 2, Y: 1）に話すとクエスト『木霊が努め』をコンプリート。20,000ギルを入手。 ユーラディカル を入手。経験値：～1760を入手。 / pagetop / FFXIV The Lodestone / FFXIV Forum / Twitter Facebook / FF14 - 装備品 / メイン/サブ/投擲/携帯 / 頭 胴 （インナー） 手 / 帯 脚 （インナー） 足 / 首 耳 腕 指 / FF14 - クラス / アクション / 付加効果を持つ戦術 / レベル/経験値 / FF14 - モンスター / モンスター一覧 / NM / FF14 - コンテンツ / グランドカンパニー / インスタンスレイド / 蛮神バトル / 攻略型フィールド / マテリア / その他のコンテンツ / FF14 - クエスト / メインクエスト / サブクエスト / グランドカンパニークエスト / クラスクエスト / ジョブクエスト / FF14 - ギルドリーヴ / リージョナルリーヴ / ローカルリーヴ / FF14 - その他 / エリア（マップ/ショップ） / アイテム販売場所一覧 / プレイガイド / ヒストリー / アチーブメント / 食事効果 / 薬品効果 / マクロ/コマンド / 定型文 / 操作方法",site char-variant vs client
class,Conjurer,竜騎士の夢,"Good Knight, Sweet Dreams",110261,幻術士レベル30以上,3420,木霊が努め,呼び声,（パッチ1.20で報酬に経験値が追加） / （パッチ1.20で報酬から「幻術士ギルドトークン」×3000が削除）,"### グリダニア（ グリダニアの地図を確認 ） / レベル30以上の幻術士で幻術士ギルドにいる ソアレヌ （X: 2, Y: 1）に話し、選択肢『竜騎士の夢』「受注する」を選ぶ。 / ### 黒衣森（ 黒衣森の地図を確認 ） / 再生の根株（X: 23, Y: 27）に行くとイベント。 / 「幻術士ギルドのリンクパールが光を放ち始めた。」と出るのでメインメニューの「クエストリンクパール」の「幻術士ギルド」を確認する。 / 鱗紋岩（X: 25, Y: 32）に行くと選択肢。選択肢「はい」を選ぶとコンテンツ開始。 / 敵と戦闘。制限時間30分。1人用。（別記 : 『精霊達』戦 ） / 倒すとイベント。 / 「幻術士ギルドのリンクパールが光を放ち始めた。」と出るのでメインメニューの「クエストリンクパール」の「幻術士ギルド」を確認する。 / ### グリダニア（ グリダニアの地図を確認 ） / ソアレヌ （X: 2, Y: 1）に話すとイベント。 / ### クルザス（ クルザスの地図を確認 ） / アウルネスト（X: 61, Y: 33）に行くとイベント。 / 真新しい鎧の騎士 （インスタンス X: 62, Y: 34）に話し、選択肢「はい」を選ぶとイベント。 / 「幻術士ギルドのリンクパールが光を放ち始めた。」と出るのでメインメニューの「クエストリンクパール」の「幻術士ギルド」を確認する。 / ### 黒衣森（ 黒衣森の地図を確認 ） / 黒衣森（X: 15, Y: 19）に行くとイベント。 / ### グリダニア（ グリダニアの地図を確認 ） / ソアレヌ （X: 2, Y: 1）に話すとイベントがありクエスト『竜騎士の夢』をコンプリート。30,000ギルを入手。経験値：～3420を入手。 / pagetop / FFXIV The Lodestone / FFXIV Forum / Twitter Facebook / FF14 - 装備品 / メイン/サブ/投擲/携帯 / 頭 胴 （インナー） 手 / 帯 脚 （インナー） 足 / 首 耳 腕 指 / FF14 - クラス / アクション / 付加効果を持つ戦術 / レベル/経験値 / FF14 - モンスター / モンスター一覧 / NM / FF14 - コンテンツ / グランドカンパニー / インスタンスレイド / 蛮神バトル / 攻略型フィールド / マテリア / その他のコンテンツ / FF14 - クエスト / メインクエスト / サブクエスト / グランドカンパニークエスト / クラスクエスト / ジョブクエスト / FF14 - ギルドリーヴ / リージョナルリーヴ / ローカルリーヴ / FF14 - その他 / エリア（マップ/ショップ） / アイテム販売場所一覧 / プレイガイド / ヒストリー / アチーブメント / 食事効果 / 薬品効果 / マクロ/コマンド / 定型文 / 操作方法",
class,Conjurer,呼び声,The Call of Nature,110262,幻術士レベル36以上,4720,竜騎士の夢,-,（パッチ1.20で報酬に経験値が追加） / （パッチ1.20で報酬から「幻術士ギルドトークン」×3600が削除）,"### グリダニア（ グリダニアの地図を確認 ） / レベル36以上の幻術士で幻術士ギルドにいる ソアレヌ （X: 2, Y: 1）に話し、選択肢『呼び声』「受注する」を選ぶ。 / イングラム （インスタンス X: 2, Y: 1）に話すとイベント。 小さな革袋 を入手。 / ### 黒衣森（ 黒衣森の地図を確認 ） / 鱗紋岩（X: 25, Y: 32）に行くとイベント。選択肢はどれでもOK。 / 黒衣森（X: 20, Y: 20）に行くと選択肢。選択肢「はい」を選ぶとコンテンツ開始。 / モリス と一緒に移動する。制限時間30分。1人用。 / モリス から離れすぎるとコンテンツ強制終了になる。 / インスタンス内の道中 ヤーゾンストーカー が現れるので倒す。 モリス のHPが約50%以下になるとコンテンツ強制終了になる。 / （X: 15, Y: 19）に行くと【 モストルーパー （格闘士/ヒューラン）1体】と【 モストルーパー （幻術士/ヒューラン）1体】×3が襲ってくる。 / モストルーパー を倒すとイベント。 / 鱗紋岩（X: 25, Y: 32）に行くとイベント。 / モリス （インスタンス X: 25, Y: 33）に話し、選択肢「はい」を選ぶとイベント。 / 鱗紋岩（インスタンス X: 25, Y: 33）に行くと選択肢。選択肢「はい」を選ぶとイベント。コンテンツ開始。 / 敵と戦闘。制限時間30分。1人用。（別記 : 『ハングリー・ドレッドウルフ達』戦 ） / 倒すとイベント。 / ### グリダニア（ グリダニアの地図を確認 ） / 幻術士ギルド（X: 2, Y: 1）に行くとインスタンス。 / イングラム （インスタンス X: 2, Y: 1）に話すとイベント。 / ソアレヌ （X: 2, Y: 1）に話すとイベントがありクエスト『呼び声』をコンプリート。36,000ギルを入手。経験値：～4720を入手。 / pagetop / FFXIV The Lodestone / FFXIV Forum / Twitter Facebook / FF14 - 装備品 / メイン/サブ/投擲/携帯 / 頭 胴 （インナー） 手 / 帯 脚 （インナー） 足 / 首 耳 腕 指 / FF14 - クラス / アクション / 付加効果を持つ戦術 / レベル/経験値 / FF14 - モンスター / モンスター一覧 / NM / FF14 - コンテンツ / グランドカンパニー / インスタンスレイド / 蛮神バトル / 攻略型フィールド / マテリア / その他のコンテンツ / FF14 - クエスト / メインクエスト / サブクエスト / グランドカンパニークエスト / クラスクエスト / ジョブクエスト / FF14 - ギルドリーヴ / リージョナルリーヴ / ローカルリーヴ / FF14 - その他 / エリア（マップ/ショップ） / アイテム販売場所一覧 / プレイガイド / ヒストリー / アチーブメント / 食事効果 / 薬品効果 / マクロ/コマンド / 定型文 / 操作方法",
class,Culinarian,プルプル対決,Showdown,110440,調理師レベル20以上   /  メインクエスト『 別想 』『 招かれざる客 』『 災厄来たれり 』のいずれかをクリア,1760,-,消えた美食家,（パッチ1.20で報酬が追加） / （パッチ1.20で報酬に経験値が追加） / （パッチ1.20で報酬から「調理師ギルドトークン」×1750～2000が削除）,"### リムサ・ロミンサ（ リムサ・ロミンサの地図を確認 ） / レベル20以上の調理師で調理師ギルドにいる チャーリス （上甲板層 X: 7, Y: 3）に話し、選択肢『プルプル対決』「はい」「受注する」を選ぶ。調理師ギルドのリンクパールを入手。 / プルデンシア （上甲板層 X: 7, Y: 3）に話すとイベント。 / プルデンシア （上甲板層 X: 7, Y: 3）か プルミア （上甲板層 X: 7, Y: 3）のどちらか味方をしたい方に話し、選択肢「はい」を選ぶ。「芳しいパイ生地」のレシピか「香ばしいパテ」のレシピを入手。 / 「芳しいパイ生地」のレシピ / 「小麦粉」＋「シナモン」＋「バター」＋「食塩」＋「ミネラルウォーター」 / 「香ばしいパテ」のレシピ / 「鶏卵」＋「山羊乳」＋「タイガーコッド」＋「ガーリック」＋「スピナッチ」 / システムメニューの「製作」の「注文書」の中から、「クエスト」の『プルプル対決』「開始する」を選ぶ。その状態で材料を選択するとクエストの製作品を作れるようになるので、 プルデンシア （上甲板層 X: 7, Y: 3）を選んだ場合は ◆ 芳しいパイ生地 を、 プルミア （上甲板層 X: 7, Y: 3）を選んだ場合は ◆ 香ばしいパテ を製作する。 / 材料は全て自前で用意する。 / プルデンシア （上甲板層 X: 7, Y: 3）か プルミア （上甲板層 X: 7, Y: 3）、味方をした方に話すとイベント。 / プルデンシア （インスタンス 上甲板層 X: 7, Y: 3）の方に行くとイベント。選択肢を選ぶとクエスト『プルプル対決』をコンプリート。選んだ選択肢によって報酬が変わる。15,000～20,000ギルを入手。 フライパン を入手。経験値：～1760を入手。 / pagetop / FFXIV The Lodestone / FFXIV Forum / Twitter Facebook / FF14 - 装備品 / メイン/サブ/投擲/携帯 / 頭 胴 （インナー） 手 / 帯 脚 （インナー） 足 / 首 耳 腕 指 / FF14 - クラス / アクション / 付加効果を持つ戦術 / レベル/経験値 / FF14 - モンスター / モンスター一覧 / NM / FF14 - コンテンツ / グランドカンパニー / インスタンスレイド / 蛮神バトル / 攻略型フィールド / マテリア / その他のコンテンツ / FF14 - クエスト / メインクエスト / サブクエスト / グランドカンパニークエスト / クラスクエスト / ジョブクエスト / FF14 - ギルドリーヴ / リージョナルリーヴ / ローカルリーヴ / FF14 - その他 / エリア（マップ/ショップ） / アイテム販売場所一覧 / プレイガイド / ヒストリー / アチーブメント / 食事効果 / 薬品効果 / マクロ/コマンド / 定型文 / 操作方法",
class,Culinarian,消えた美食家,Mystery of the Gastronome Gone Home,110441,調理師レベル30以上,3420,プルプル対決,湯けむり毒殺事件,（パッチ1.20で報酬に経験値が追加） / （パッチ1.20で報酬から「調理師ギルドトークン」×3000が削除）,"### リムサ・ロミンサ（ リムサ・ロミンサの地図を確認 ） / レベル30以上の調理師で調理師ギルドにいる チャーリス （上甲板層 X: 7, Y: 3）に話し、選択肢『消えた美食家』「受注する」を選ぶ。 / プルデンシア （上甲板層 X: 7, Y: 3）に話すとイベント。 / チャーリス （上甲板層 X: 7, Y: 3）に話す。 / ### ウルダハ（ ウルダハの地図を確認 ） / ドスティ （商業層 X: 7, Y: 6）に話し、選択肢『消えた美食家』を選ぶとインスタンス。 / ずんぐりとした裁縫師 （インスタンス 商業層 X: 7, Y: 6）に話すと交渉が可能になる。 / ずんぐりとした裁縫師 （インスタンス 商業層 X: 7, Y: 6）をターゲットした状態でシステムメニューの「交渉」を選び交渉をする。 / ずんぐりとした裁縫師 （インスタンス 商業層 X: 7, Y: 6）に話すとイベント。 / ### リムサ・ロミンサ（ リムサ・ロミンサの地図を確認 ） / チャーリス （上甲板層 X: 7, Y: 3）に話すとインスタンス。 / プルデンシア （インスタンス 上甲板層 X: 7, Y: 3）の方に行くとイベント。 / チャーリス （上甲板層 X: 7, Y: 3）に話すとクエスト『消えた美食家』をコンプリート。30,000ギルを入手。経験値：～3420を入手。 / pagetop / FFXIV The Lodestone / FFXIV Forum / Twitter Facebook / FF14 - 装備品 / メイン/サブ/投擲/携帯 / 頭 胴 （インナー） 手 / 帯 脚 （インナー） 足 / 首 耳 腕 指 / FF14 - クラス / アクション / 付加効果を持つ戦術 / レベル/経験値 / FF14 - モンスター / モンスター一覧 / NM / FF14 - コンテンツ / グランドカンパニー / インスタンスレイド / 蛮神バトル / 攻略型フィールド / マテリア / その他のコンテンツ / FF14 - クエスト / メインクエスト / サブクエスト / グランドカンパニークエスト / クラスクエスト / ジョブクエスト / FF14 - ギルドリーヴ / リージョナルリーヴ / ローカルリーヴ / FF14 - その他 / エリア（マップ/ショップ） / アイテム販売場所一覧 / プレイガイド / ヒストリー / アチーブメント / 食事効果 / 薬品効果 / マクロ/コマンド / 定型文 / 操作方法",
class,Culinarian,湯けむり毒殺事件,Something in the Soup,110442,調理師レベル36以上,4720,消えた美食家,-,（パッチ1.20で報酬に経験値が追加） / （パッチ1.20で報酬から「調理師ギルドトークン」×3600が削除）,"### リムサ・ロミンサ（ リムサ・ロミンサの地図を確認 ） / レベル36以上の調理師で調理師ギルドにいる プルデンシア （上甲板層 X: 7, Y: 3）に話し、選択肢『湯けむり毒殺事件』を選ぶとイベント。選択肢「受注する」を選ぶ。 / プルデンシア （インスタンス 上甲板層 X: 7, Y: 3）に話し、選択肢「はい」を選ぶとイベント。 / チャーリス （インスタンス 上甲板層 X: 7, Y: 3）に話すとイベント。 / リムサ・ロミンサ（下甲板層 X: 6, Y: 4）に行くとインスタンス。 / プルデンシア （インスタンス 下甲板層 X: 6, Y: 3）に話すとイベント。 / プルデンシア （インスタンス 下甲板層 X: 6, Y: 3）に話し、選択肢「はい」を選ぶとイベント。 デビルマッシュルーム を入手。「デビル・デトックス肉団子」のレシピを入手。 / 「デビル・デトックス肉団子」のレシピ / 「デビルマッシュルーム」＋「デビルマッシュルーム」＋「デトックス肉団子」 / 調理師ギルド（上甲板層 X: 6～7, Y: 3）に行くとインスタンス。 / フレロアズ （インスタンス 上甲板層 X: 7, Y: 3）に話すと「デトックス肉団子」のレシピを入手。 / 「デトックス肉団子」のレシピ / 「妙な臭いを放つ肉」＋「鼻をつく謎のスパイス」＋「ボタンマッシュルーム」 / ゲルフ （インスタンス 上甲板層 X: 7, Y: 3）に話すと 妙な臭いを放つ肉 を入手。 / ル・スーシモ （インスタンス 上甲板層 X: 7, Y: 3）に話すと 鼻をつく謎のスパイス を入手。 / システムメニューの「製作」の「注文書」の中から、「クエスト」の『湯けむり毒殺事件』「開始する」を選ぶと自動で ◆ 妙な臭いを放つ肉 と ◆ 鼻をつく謎のスパイス がセットされる。その状態で材料を選択するとクエストの製作品を作れるようになるので、 ◆ デトックス肉団子 を製作する。 / クエストアイテム以外の材料は全て自前で用意する。 / システムメニューの「製作」の「注文書」の中から、「クエスト」の『湯けむり毒殺事件』「開始する」を選ぶと自動で ◆ デビルマッシュルーム と ◆ デビルマッシュルーム と ◆ デトックス肉団子 がセットされ、クエストの製作品を作れるようになるので、 ◆ デビル・デトックス肉団子 を製作する。 / リムサ・ロミンサ（インスタンス 上甲板層 X: 6, Y: 4）に行くとイベント。 / リムサ・ロミンサ（下甲板層 X: 6, Y: 4）に行くとイベント。 / 調理師ギルド（上甲板層 X: 6～7, Y: 3）に行くとインスタンス。 / チャーリス （インスタンス 上甲板層 X: 7, Y: 3）に話すとイベントがありクエスト『湯けむり毒殺事件』をコンプリート。36,000ギルを入手。経験値：～4720を入手。 / pagetop / FFXIV The Lodestone / FFXIV Forum / Twitter Facebook / FF14 - 装備品 / メイン/サブ/投擲/携帯 / 頭 胴 （インナー） 手 / 帯 脚 （インナー） 足 / 首 耳 腕 指 / FF14 - クラス / アクション / 付加効果を持つ戦術 / レベル/経験値 / FF14 - モンスター / モンスター一覧 / NM / FF14 - コンテンツ / グランドカンパニー / インスタンスレイド / 蛮神バトル / 攻略型フィールド / マテリア / その他のコンテンツ / FF14 - クエスト / メインクエスト / サブクエスト / グランドカンパニークエスト / クラスクエスト / ジョブクエスト / FF14 - ギルドリーヴ / リージョナルリーヴ / ローカルリーヴ / FF14 - その他 / エリア（マップ/ショップ） / アイテム販売場所一覧 / プレイガイド / ヒストリー / アチーブメント / 食事効果 / 薬品効果 / マクロ/コマンド / 定型文 / 操作方法",
class,Fisher,サハギン族をやっつけろ,To Fight a Fishback,110500,漁師レベル20以上   /  メインクエスト『 別想 』『 招かれざる客 』『 災厄来たれり 』のいずれかをクリア,1760,-,いけすのヌシ,（パッチ1.20で報酬が追加） / （パッチ1.20で報酬に経験値が追加） / （パッチ1.20で報酬から「漁師ギルドトークン」×2000が削除）,"### リムサ・ロミンサ（ リムサ・ロミンサの地図を確認 ） / レベル20以上の漁師で漁師ギルドにいる ン・ンムリカ （下甲板層 X: 6, Y: 6）に話し、選択肢『サハギン族をやっつけろ』「はい」「受注する」を選ぶ。漁師ギルドのリンクパールを入手。 / マイシー （下甲板層 X: 6, Y: 6）に話すとイベント。 / マイシー （下甲板層 X: 6, Y: 6）に話す。 / ### ラノシア（ ラノシアの地図を確認 ） / ラノシア（X: 23, Y: 29）（X: 24, Y: 32）（X: 13, Y: 23）（X: 14, Y: 24）（X: 38, Y: 21）の釣り場（グレード1～3）で釣りをして ピクシーレモラ を5匹入手する。 / 1匹釣るたびにメインメニューの「ジャーナル」の「マップ表示」で次の釣り場を確認する。 / ### リムサ・ロミンサ（ リムサ・ロミンサの地図を確認 ） / マイシー （下甲板層 X: 6, Y: 6）に話すとイベントがありクエスト『サハギン族をやっつけろ』をコンプリート。20,000ギルを入手。 ユーフィッシングロッド を入手。経験値：～1760を入手。 / pagetop / FFXIV The Lodestone / FFXIV Forum / Twitter Facebook / FF14 - 装備品 / メイン/サブ/投擲/携帯 / 頭 胴 （インナー） 手 / 帯 脚 （インナー） 足 / 首 耳 腕 指 / FF14 - クラス / アクション / 付加効果を持つ戦術 / レベル/経験値 / FF14 - モンスター / モンスター一覧 / NM / FF14 - コンテンツ / グランドカンパニー / インスタンスレイド / 蛮神バトル / 攻略型フィールド / マテリア / その他のコンテンツ / FF14 - クエスト / メインクエスト / サブクエスト / グランドカンパニークエスト / クラスクエスト / ジョブクエスト / FF14 - ギルドリーヴ / リージョナルリーヴ / ローカルリーヴ / FF14 - その他 / エリア（マップ/ショップ） / アイテム販売場所一覧 / プレイガイド / ヒストリー / アチーブメント / 食事効果 / 薬品効果 / マクロ/コマンド / 定型文 / 操作方法",
class,Fisher,いけすのヌシ,The Beast of the Barrel,110501,漁師レベル30以上,3420,サハギン族をやっつけろ,うはうは期間,（パッチ1.20で報酬に経験値が追加） / （パッチ1.20で報酬から「漁師ギルドトークン」×3000が削除）,"### リムサ・ロミンサ（ リムサ・ロミンサの地図を確認 ） / レベル30以上の漁師で漁師ギルドにいる ン・ンムリカ （下甲板層 X: 6, Y: 6）に話し、選択肢『いけすのヌシ』「受注する」を選ぶとインスタンス。 / シシプ （インスタンス 下甲板層 X: 5, Y: 6）に話すとイベント。 いけすの魚の餌 を入手。 / レレナス （下甲板層 X: 5, Y: 7）に話し、選択肢『いけすのヌシ』「はい」を選ぶとインスタンス。 / いけす（インスタンス）の4箇所にある ？？？ を調べるとイベント。 / ？？？ （インスタンス）をターゲットした状態でエモートをしていく。 / 「踊る（/dance）」をすると次のエモートをうけつけるようになるので、候補の中から当たりを探してエモートをする。エモートリストとコマンドのどちらでエモートをしてもOK。 / 西の ？？？ は「お辞儀する（/bow）/歓迎する（/welcome）/敬礼する（/salute）/ひざまずく（/kneel）」のどれか。 / 西から2番目の ？？？ は「手まねきする（/beckon）/手を振る（/wave）/拍手する（/clap）/呆れる（/meh）」のどれか。 / 東から2番目の ？？？ は「がっかりする（/upset）/泣く（/cry）/怒る（/furious）/不満を表す（/angry）」のどれか。 / 東の ？？？ は「笑う（/chuckle）/大笑いする（/laugh）/喜ぶ（/joy）/称賛する（/congratulate）」のどれか。 / 4箇所の ？？？ で正しいエモートをするとイベント。 網組組長の紹介状 を入手。 / ### ウルダハ（ ウルダハの地図を確認 ） / ロロジャル （商業層 X: 7, Y: 4）に話し、選択肢『いけすのヌシ』を選ぶと ◆ ◆ スパンコールサブリガ を入手。 / ### リムサ・ロミンサ（ リムサ・ロミンサの地図を確認 ） / レレナス （下甲板層 X: 5, Y: 7）に話し、選択肢『いけすのヌシ』「はい」を選ぶとインスタンス。 / ？？？ （インスタンス）に話す。 / ◆ ◆ スパンコールサブリガ を装備する。 / ？？？ （インスタンス）をターゲットした状態で「踊る（/dance）」をするとイベント。 / いけすの釣り場（グレード1）で釣りをする。 / 魚を釣った後 ？？？ （インスタンス）に話すとイベント。 / 漁師ギルド（下甲板層 X: 5, Y: 6）に行くとインスタンス。 / シシプ （インスタンス 下甲板層 X: 5, Y: 6）に話すとイベント。 / シシプ （インスタンス 下甲板層 X: 6, Y: 6）に話すとイベント。 / シシプ （インスタンス 下甲板層 X: 6, Y: 6）に話し、選択肢「はい」を選ぶとイベント。 / ン・ンムリカ （下甲板層 X: 6, Y: 6）に話し、選択肢『いけすのヌシ』を選ぶとクエスト『いけすのヌシ』をコンプリート。30,000ギルを入手。経験値：～3420を入手。 / pagetop / FFXIV The Lodestone / FFXIV Forum / Twitter Facebook / FF14 - 装備品 / メイン/サブ/投擲/携帯 / 頭 胴 （インナー） 手 / 帯 脚 （インナー） 足 / 首 耳 腕 指 / FF14 - クラス / アクション / 付加効果を持つ戦術 / レベル/経験値 / FF14 - モンスター / モンスター一覧 / NM / FF14 - コンテンツ / グランドカンパニー / インスタンスレイド / 蛮神バトル / 攻略型フィールド / マテリア / その他のコンテンツ / FF14 - クエスト / メインクエスト / サブクエスト / グランドカンパニークエスト / クラスクエスト / ジョブクエスト / FF14 - ギルドリーヴ / リージョナルリーヴ / ローカルリーヴ / FF14 - その他 / エリア（マップ/ショップ） / アイテム販売場所一覧 / プレイガイド / ヒストリー / アチーブメント / 食事効果 / 薬品効果 / マクロ/コマンド / 定型文 / 操作方法",
class,Fisher,うはうは期間,Polishing the Mast,110502,漁師レベル36以上,4720,いけすのヌシ,-,（パッチ1.20で報酬に経験値が追加） / （パッチ1.20で報酬から「漁師ギルドトークン」×3600が削除）,"### リムサ・ロミンサ（ リムサ・ロミンサの地図を確認 ） / レベル36以上の漁師で漁師ギルドにいる ン・ンムリカ （下甲板層 X: 6, Y: 6）に話し、選択肢『うはうは期間』「受注する」を選ぶとインスタンス。 / 階段を上るとイベント。 / ン・ンムリカ （下甲板層 X: 6, Y: 6）に話し、選択肢『うはうは期間』を選ぶ。提示される品はランダム。 / 品薄の魚 / 「ノーチラス」「ハンマーヘッド」「ビアナックブリーム」「ロズリトオイスター」 / 提示された品を所持している状態で ン・ンムリカ （下甲板層 X: 6, Y: 6）に話し、選択肢『うはうは期間』を選ぶ。1,000ギルを入手。 / ン・ンムリカ （下甲板層 X: 6, Y: 6）に話すとイベント。 / シシプ （インスタンス 下甲板層 X: 6, Y: 6）に話すとイベント。 / シシプ （インスタンス 下甲板層 X: 6, Y: 6）に話し、選択肢「はい」を選ぶとイベント。 / マイシー （インスタンス 下甲板層 X: 6, Y: 6）に話し、選択肢「はい」を選ぶとイベント。 / ン・ンムリカ （インスタンス 下甲板層 X: 6, Y: 6）に話し、選択肢『うはうは期間』を選ぶとクエスト『うはうは期間』をコンプリート。36,000ギルを入手。経験値：～4720を入手。 / pagetop / FFXIV The Lodestone / FFXIV Forum / Twitter Facebook / FF14 - 装備品 / メイン/サブ/投擲/携帯 / 頭 胴 （インナー） 手 / 帯 脚 （インナー） 足 / 首 耳 腕 指 / FF14 - クラス / アクション / 付加効果を持つ戦術 / レベル/経験値 / FF14 - モンスター / モンスター一覧 / NM / FF14 - コンテンツ / グランドカンパニー / インスタンスレイド / 蛮神バトル / 攻略型フィールド / マテリア / その他のコンテンツ / FF14 - クエスト / メインクエスト / サブクエスト / グランドカンパニークエスト / クラスクエスト / ジョブクエスト / FF14 - ギルドリーヴ / リージョナルリーヴ / ローカルリーヴ / FF14 - その他 / エリア（マップ/ショップ） / アイテム販売場所一覧 / プレイガイド / ヒストリー / アチーブメント / 食事効果 / 薬品効果 / マクロ/コマンド / 定型文 / 操作方法",
class,Gladiator,噛ませ犬,All Bark and No Bite,110080,剣術士レベル20以上   /  メインクエスト『 別想 』『 招かれざる客 』『 災厄来たれり 』のいずれかをクリア,1760,-,自由の権利,（パッチ1.20で報酬が追加） / （パッチ1.20で報酬に経験値が追加） / （パッチ1.20で報酬から「剣術士ギルドトークン」×2000が削除）,"### ウルダハ（ ウルダハの地図を確認 ） / レベル20以上の剣術士で剣術士ギルドにいる ルルツ （商業層 X: 5, Y: 5）に話し、選択肢『噛ませ犬』「はい」「受注する」を選ぶ。剣術士ギルドのリンクパールを入手。 / 剣術士ギルドの南にあるドアの前に行くと選択肢。選択肢「はい」「はい」を選ぶとイベント。 / 敵と戦闘。制限時間30分。1人用。（別記 : 『アラミゴ出身の挑戦者』戦 ） / 倒すとイベント。 / ルルツ （商業層 X: 5, Y: 5）に話すとイベントがありクエスト『噛ませ犬』をコンプリート。20,000ギルを入手。 ショートソード を入手。経験値：～1760を入手。 / pagetop / FFXIV The Lodestone / FFXIV Forum / Twitter Facebook / FF14 - 装備品 / メイン/サブ/投擲/携帯 / 頭 胴 （インナー） 手 / 帯 脚 （インナー） 足 / 首 耳 腕 指 / FF14 - クラス / アクション / 付加効果を持つ戦術 / レベル/経験値 / FF14 - モンスター / モンスター一覧 / NM / FF14 - コンテンツ / グランドカンパニー / インスタンスレイド / 蛮神バトル / 攻略型フィールド / マテリア / その他のコンテンツ / FF14 - クエスト / メインクエスト / サブクエスト / グランドカンパニークエスト / クラスクエスト / ジョブクエスト / FF14 - ギルドリーヴ / リージョナルリーヴ / ローカルリーヴ / FF14 - その他 / エリア（マップ/ショップ） / アイテム販売場所一覧 / プレイガイド / ヒストリー / アチーブメント / 食事効果 / 薬品効果 / マクロ/コマンド / 定型文 / 操作方法",
class,Gladiator,自由の権利,Unalienable Rights,110081,剣術士レベル30以上,3420,噛ませ犬,興奮の代償,（パッチ1.20で報酬に経験値が追加） / （パッチ1.20で報酬から「剣術士ギルドトークン」×3000が削除）,"### ウルダハ（ ウルダハの地図を確認 ） / レベル30以上の剣術士で剣術士ギルドにいる ルルツ （商業層 X: 5, Y: 5）に話し、選択肢『自由の権利』を選ぶとイベント。選択肢「受注する」を選ぶ。 / ### グリダニア（ グリダニアの地図を確認 ） / ミューヌ （X: 6, Y: 6）に話し、選択肢『自由の権利』を選ぶとイベント。選択肢はどれでもOK。 / ウィレルダ （X: 7, Y: 2）に話し、選択肢『自由の権利』「はい」を選ぶとイベント。 / 敵と戦闘。制限時間30分。1人用。（別記 : 『ジャ・モルバ』戦 ） / 倒すとイベント。 / ジャ・モルバ （X: 8, Y: 2）に話し、選択肢『自由の権利』「はい」を選ぶとイベント。 / メインメニューの「クエストリンクパール」の「剣術士ギルド」を確認する。 / ### ウルダハ（ ウルダハの地図を確認 ） / ルルツ （商業層 X: 5, Y: 5）に話すとイベント。 / ヨヨビナ （インスタンス 商業層 X: 5, Y: 5）に話し、選択肢「はい」を選ぶとイベント。 / ヨヨビナ （インスタンス 商業層 X: 5, Y: 5）か シェルリネー （インスタンス 商業層 X: 5, Y: 5）に話すとイベント。 / ルルツ （商業層 X: 5, Y: 5）に話すとクエスト『自由の権利』をコンプリート。30,000ギルを入手。経験値：～3420を入手。 / pagetop / FFXIV The Lodestone / FFXIV Forum / Twitter Facebook / FF14 - 装備品 / メイン/サブ/投擲/携帯 / 頭 胴 （インナー） 手 / 帯 脚 （インナー） 足 / 首 耳 腕 指 / FF14 - クラス / アクション / 付加効果を持つ戦術 / レベル/経験値 / FF14 - モンスター / モンスター一覧 / NM / FF14 - コンテンツ / グランドカンパニー / インスタンスレイド / 蛮神バトル / 攻略型フィールド / マテリア / その他のコンテンツ / FF14 - クエスト / メインクエスト / サブクエスト / グランドカンパニークエスト / クラスクエスト / ジョブクエスト / FF14 - ギルドリーヴ / リージョナルリーヴ / ローカルリーヴ / FF14 - その他 / エリア（マップ/ショップ） / アイテム販売場所一覧 / プレイガイド / ヒストリー / アチーブメント / 食事効果 / 薬品効果 / マクロ/コマンド / 定型文 / 操作方法",
class,Gladiator,興奮の代償,Thrill of the Fight,110082,剣術士レベル36以上,4720,自由の権利,-,（パッチ1.20で報酬に経験値が追加） / （パッチ1.20で報酬から「剣術士ギルドトークン」×3600が削除） / （パッチ1.20で報酬から剣術のウェポンスキル「レイジオブハルオーネ」が削除）,"### ウルダハ（ ウルダハの地図を確認 ） / レベル36以上の剣術士で剣術士ギルドにいる ルルツ （商業層 X: 5, Y: 5）に話し、選択肢『興奮の代償』「受注する」を選ぶ。 / ヨヨビナ （インスタンス 商業層 X: 5, Y: 5）に話す。 / ヨヨビナ （インスタンス 商業層 X: 5, Y: 5）に話し、選択肢「はい」「はい」を選ぶとイベント。 / 敵と戦闘。制限時間30分。1人用。（別記 : 『アラミゴの斧術士』戦 ） / 倒すとイベント。 / ヨヨビナ （インスタンス 商業層 X: 5, Y: 5）に話す。 / アラミゴ出身の挑戦者 （インスタンス 商業層 X: 5, Y: 5）に話し、選択肢「はい」を選ぶ。 / 敵と戦闘。制限時間30分。1人用。（別記 : 『アラミゴ出身の挑戦者』戦 ） / ヨヨビナ （インスタンス 商業層 X: 5, Y: 5）に話すとイベント。 / 入口の方に行くとイベント。 / アラミゴ出身の挑戦者 （インスタンス 商業層 X: 5, Y: 5）に話し、選択肢「はい」を選ぶ。 / ### ザナラーン（ ザナラーンの地図を確認 ） / 入口の方に行くとイベント。 / ### ウルダハ（ ウルダハの地図を確認 ） / ルルツ （商業層 X: 5, Y: 5）に話すとクエスト『興奮の代償』をコンプリート。36,000ギルを入手。経験値：～4720を入手。 / pagetop / FFXIV The Lodestone / FFXIV Forum / Twitter Facebook / FF14 - 装備品 / メイン/サブ/投擲/携帯 / 頭 胴 （インナー） 手 / 帯 脚 （インナー） 足 / 首 耳 腕 指 / FF14 - クラス / アクション / 付加効果を持つ戦術 / レベル/経験値 / FF14 - モンスター / モンスター一覧 / NM / FF14 - コンテンツ / グランドカンパニー / インスタンスレイド / 蛮神バトル / 攻略型フィールド / マテリア / その他のコンテンツ / FF14 - クエスト / メインクエスト / サブクエスト / グランドカンパニークエスト / クラスクエスト / ジョブクエスト / FF14 - ギルドリーヴ / リージョナルリーヴ / ローカルリーヴ / FF14 - その他 / エリア（マップ/ショップ） / アイテム販売場所一覧 / プレイガイド / ヒストリー / アチーブメント / 食事効果 / 薬品効果 / マクロ/コマンド / 定型文 / 操作方法",
class,Goldsmith,貴方のかたち,She Walks in Beauty,110360,彫金師レベル20以上   /  メインクエスト『 別想 』『 招かれざる客 』『 災厄来たれり 』のいずれかをクリア,1760,-,フ・ラミンの花,（パッチ1.20で報酬が追加） / （パッチ1.20で報酬に経験値が追加） / （パッチ1.20で報酬から「彫金師ギルドトークン」×2000が削除）,"### ウルダハ（ ウルダハの地図を確認 ） / レベル20以上の彫金師で彫金師ギルドにいる エレコット （商業層 X: 6, Y: 6）に話し、選択肢『貴方のかたち』「はい」「受注する」を選ぶ。彫金師ギルドのリンクパールを入手。 / コルベルヌ （インスタンス 商業層 X: 6, Y: 6）に話す。 / ### ザナラーン（ ザナラーンの地図を確認 ） / ジョ・サパ （X: 27, Y: 20）に話すとイベント。 アマジナシルバーの塊 を入手。 / ### ウルダハ（ ウルダハの地図を確認 ） / 彫金師ギルド（商業層 X: 6, Y: 6）に行くとインスタンス。 / コルベルヌ （インスタンス 商業層 X: 6, Y: 6）に話すとイベント。 バネ式ブローチピン を入手。「ジョ・サパのブローチ」のレシピを入手。 / 「ジョ・サパのブローチ」のレシピ / 「バネ式ブローチピン」＋「理想の採掘師のスケッチ」＋「アマジナシルバーの塊」 / ナウフリッド （商業層 X: 6, Y: 6）に話し、選択肢『貴方のかたち』を選ぶ。 / 採掘師ギルド（商業層 X: 6, Y: 6）に行くとインスタンス。 / ふさぎ込んでいる採掘師 （インスタンス 商業層 X: 6, Y: 6）と 張り切っている採掘師 （インスタンス 商業層 X: 6, Y: 6）と 慌てている採掘師 （インスタンス 商業層 X: 6, Y: 6）に話すと交渉が可能になる。 / 採掘師をターゲットした状態でシステムメニューの「交渉」を選び交渉をする。 / ふさぎ込んでいる採掘師 （インスタンス 商業層 X: 6, Y: 6）との交渉に成功すると 優美な採掘師のスケッチ を入手。 / 張り切っている採掘師 （インスタンス 商業層 X: 6, Y: 6）との交渉に成功すると 素敵な採掘師のスケッチ を入手。 / 慌てている採掘師 （インスタンス 商業層 X: 6, Y: 6）との交渉に成功すると 可憐な採掘師のスケッチ を入手。 / 3人の採掘師との交渉に成功すると 理想の採掘師のスケッチ を入手。 / システムメニューの「製作」の「注文書」の中から、「クエスト」の『貴方のかたち』「開始する」を選ぶと自動で ◆ バネ式ブローチピン と ◆ 理想の採掘師のスケッチ と ◆ アマジナシルバーの塊 がセットされ、クエストの製作品を作れるようになるので、 ◆ ジョ・サパのブローチ を製作する。 / 彫金師ギルド（商業層 X: 6, Y: 6）に行くとインスタンス。 / コルベルヌ （インスタンス 商業層 X: 6, Y: 6）に話すとイベント。1,000ギルを入手。 / フ・ラミン （インスタンス 商業層 X: 6, Y: 6）をターゲットすると選択肢。選択肢「はい」を選ぶとイベント。 / エレコット （インスタンス 商業層 X: 6, Y: 6）に話すとクエスト『貴方のかたち』をコンプリート。20,000ギルを入手。 アイアンオーナメンタルハンマー を入手。経験値：～1760を入手。 / pagetop / FFXIV The Lodestone / FFXIV Forum / Twitter Facebook / FF14 - 装備品 / メイン/サブ/投擲/携帯 / 頭 胴 （インナー） 手 / 帯 脚 （インナー） 足 / 首 耳 腕 指 / FF14 - クラス / アクション / 付加効果を持つ戦術 / レベル/経験値 / FF14 - モンスター / モンスター一覧 / NM / FF14 - コンテンツ / グランドカンパニー / インスタンスレイド / 蛮神バトル / 攻略型フィールド / マテリア / その他のコンテンツ / FF14 - クエスト / メインクエスト / サブクエスト / グランドカンパニークエスト / クラスクエスト / ジョブクエスト / FF14 - ギルドリーヴ / リージョナルリーヴ / ローカルリーヴ / FF14 - その他 / エリア（マップ/ショップ） / アイテム販売場所一覧 / プレイガイド / ヒストリー / アチーブメント / 食事効果 / 薬品効果 / マクロ/コマンド / 定型文 / 操作方法",
class,Goldsmith,フ・ラミンの花,F'lhaminn's Flower,110361,彫金師レベル30以上,3420,貴方のかたち,心の臓の刃,（パッチ1.20で報酬に経験値が追加） / （パッチ1.20で報酬から「彫金師ギルドトークン」×3000が削除）,"### ウルダハ（ ウルダハの地図を確認 ） / レベル30以上の彫金師で彫金師ギルドにいる エレコット （商業層 X: 6, Y: 6）に話し、選択肢『フ・ラミンの花』「受注する」を選ぶ。 / ### グリダニア（ グリダニアの地図を確認 ） / オピルティル （X: 4, Y: 3）に話し、選択肢『フ・ラミンの花』を選ぶとイベント。 / ヴァ・コロロン （X: 6, Y: 6）に話し、選択肢『フ・ラミンの花』を選ぶとイベント。 壊れたブローチ を入手。 紫光の輝石 を入手。「紫光の輝石」のレシピを入手。 / 「紫光の輝石」のレシピ / 「不揃いな野面石」＋「不揃いな野面石」 / ### 黒衣森（ 黒衣森の地図を確認 ） / キャンプ・トランキル（X: 38, Y: 49）に行くと選択肢。選択肢「はい」を選ぶとコンテンツ開始。 / スプリガン と一緒に移動する。制限時間30分。1人用。 / スプリガン から離れすぎるとコンテンツ強制終了になる。 / インスタンス内の道中の地面の光を調べると 不揃いな野面石 を入手。 / インスタンス内の道中 フォレストファミラー （インスタンス X: 40, Y: 48）と ザルモクセズ （インスタンス X: 43, Y: 49）と サンバー・ドゥ （インスタンス X: 44, Y: 49）が現れ自動で スプリガン と戦闘を始める。 スプリガン のHPが無くなるとコンテンツ強制終了になる。 / スプリガン をターゲットした状態でシステムメニューの「紫光の輝石」を選ぶと、 スプリガン に「物理攻撃＋」の効果がかかるので必要に応じて使用する。 / システムメニューの「製作」の「注文書」の中から、「クエスト」の『フ・ラミンの花』「開始する」を選ぶと自動で ◆ 不揃いな野面石 と ◆ 不揃いな野面石 がセットされるので、必要に応じて ◆ 紫光の輝石 を製作する。 / 地面の光（インスタンス X: 46, Y: 51）を調べると パールクローバーの花 を入手。 / クプル・コポ （インスタンス X: 46, Y: 51）をターゲットした状態でシステムメニューの「交渉」を選び交渉をする。 / クプル・コポ （インスタンス X: 46, Y: 51）に話すとイベント。 パールクローバーの花 を入手。 / ### グリダニア（ グリダニアの地図を確認 ） / ヴァ・コロロン （X: 6, Y: 6）に話すとインスタンス。 / コルベルヌ （インスタンス）に話す。 / ### ウルダハ（ ウルダハの地図を確認 ） / エレコット （商業層 X: 6, Y: 6）に話すとイベント。 / コルベルヌ （インスタンス 商業層 X: 6, Y: 6）に話すと フ・ラミンの花 を入手。 / 採掘師ギルド（商業層 X: 6, Y: 6）に行くとインスタンス。 / フ・ラミン （インスタンス 商業層 X: 6, Y: 6）に話す。 / フ・ラミン （インスタンス 商業層 X: 6, Y: 6）に話し、選択肢「はい」を選ぶとイベント。 / 彫金師ギルド（商業層 X: 6, Y: 6）に行くとインスタンス。 / コルベルヌ （インスタンス 商業層 X: 6, Y: 6）に話すとクエスト『フ・ラミンの花』をコンプリート。30,000ギルを入手。経験値：～3420を入手。 / pagetop / FFXIV The Lodestone / FFXIV Forum / Twitter Facebook / FF14 - 装備品 / メイン/サブ/投擲/携帯 / 頭 胴 （インナー） 手 / 帯 脚 （インナー） 足 / 首 耳 腕 指 / FF14 - クラス / アクション / 付加効果を持つ戦術 / レベル/経験値 / FF14 - モンスター / モンスター一覧 / NM / FF14 - コンテンツ / グランドカンパニー / インスタンスレイド / 蛮神バトル / 攻略型フィールド / マテリア / その他のコンテンツ / FF14 - クエスト / メインクエスト / サブクエスト / グランドカンパニークエスト / クラスクエスト / ジョブクエスト / FF14 - ギルドリーヴ / リージョナルリーヴ / ローカルリーヴ / FF14 - その他 / エリア（マップ/ショップ） / アイテム販売場所一覧 / プレイガイド / ヒストリー / アチーブメント / 食事効果 / 薬品効果 / マクロ/コマンド / 定型文 / 操作方法",
class,Goldsmith,心の臓の刃,Struck Through the Heart,110362,彫金師レベル36以上,4720,フ・ラミンの花,-,（パッチ1.20で報酬に経験値が追加） / （パッチ1.20で報酬から「彫金師ギルドトークン」×2520～3600が削除）,"### ウルダハ（ ウルダハの地図を確認 ） / レベル36以上の彫金師で彫金師ギルドにいる エレコット （商業層 X: 6, Y: 6）に話し、選択肢『心の臓の刃』を選ぶとイベント。選択肢「受注する」を選ぶ。「短剣｢心の臓の刃｣レプリカ」のレシピを入手。 / 「短剣｢心の臓の刃｣レプリカ」のレシピ / 「鈍色の金属塊」＋「色とりどりのガラス片」＋「銀色の水」 / 彫金師ギルドの南にあるドアの前に行くと選択肢。選択肢「はい」を選ぶとインスタンス。 / センス （インスタンス 商業層）に話すと交渉が可能になる。 / センス （インスタンス 商業層）をターゲットした状態でシステムメニューの「交渉」を選び交渉をする。 / センス （インスタンス 商業層）に話す。 / 3箇所にある????を調べる。 / センス （インスタンス 商業層）に話すと 鈍色の金属塊 と 色とりどりのガラス片 と 銀色の水 を入手。 / システムメニューの「製作」の「注文書」の中から、「クエスト」の『心の臓の刃』「開始する」を選ぶと自動で ◆ 鈍色の金属塊 と ◆ 色とりどりのガラス片 と ◆ 銀色の水 がセットされ、クエストの製作品を作れるようになるので、 ◆ 短剣｢心の臓の刃｣レプリカ を 3個 製作する。 / センス （インスタンス 商業層）に話す。 / エレコット （商業層 X: 6, Y: 6）に話すとイベント。 / エラリグ墓地（商業層 X: 4, Y: 5）に行くと選択肢。選択肢「はい」を選ぶとインスタンス。 / コルベルヌ （インスタンス 商業層 X: 5, Y: 5）に話すとイベント。 / コルベルヌ （インスタンス 商業層 X: 5, Y: 5）に話し、選択肢「はい」を選ぶとイベント。 / 彫金師ギルド（商業層 X: 6, Y: 6）に行くとインスタンス。 / コルベルヌ （インスタンス 商業層 X: 6, Y: 6）に話すとクエスト『心の臓の刃』をコンプリート。25,200～36,000ギルを入手。経験値：～4720を入手。 / pagetop / FFXIV The Lodestone / FFXIV Forum / Twitter Facebook / FF14 - 装備品 / メイン/サブ/投擲/携帯 / 頭 胴 （インナー） 手 / 帯 脚 （インナー） 足 / 首 耳 腕 指 / FF14 - クラス / アクション / 付加効果を持つ戦術 / レベル/経験値 / FF14 - モンスター / モンスター一覧 / NM / FF14 - コンテンツ / グランドカンパニー / インスタンスレイド / 蛮神バトル / 攻略型フィールド / マテリア / その他のコンテンツ / FF14 - クエスト / メインクエスト / サブクエスト / グランドカンパニークエスト / クラスクエスト / ジョブクエスト / FF14 - ギルドリーヴ / リージョナルリーヴ / ローカルリーヴ / FF14 - その他 / エリア（マップ/ショップ） / アイテム販売場所一覧 / プレイガイド / ヒストリー / アチーブメント / 食事効果 / 薬品効果 / マクロ/コマンド / 定型文 / 操作方法",
class,Lancer,鬼哭隊,A Wailing Welcome,110180,槍術士レベル20以上   /  メインクエスト『 別想 』『 招かれざる客 』『 災厄来たれり 』のいずれかをクリア,1760,-,石と黄金,（パッチ1.20で報酬が追加） / （パッチ1.20で報酬に経験値が追加） / （パッチ1.20で報酬から「槍術士ギルドトークン」×2000が削除）,"### グリダニア（ グリダニアの地図を確認 ） / レベル20以上の槍術士で槍術士ギルドにいる ウィレルダ （X: 7, Y: 2）に話し、選択肢『鬼哭隊』「はい」「受注する」を選ぶ。槍術士ギルドのリンクパールを入手。 / ジャ・モルバ （X: 7, Y: 2）に話すとイベント。 / ### 黒衣森（ 黒衣森の地図を確認 ） / 黒衣森（X: 24, Y: 27）に行くと選択肢。選択肢「はい」を選ぶ。 / 敵と戦闘。制限時間30分。1人用。（別記 : 『オーチャード・チゴー』戦 ） / 倒すとイベント。 / ### グリダニア（ グリダニアの地図を確認 ） / ウィレルダ （X: 7, Y: 2）に話す。 / ジャ・モルバ （X: 7, Y: 2）に話すとイベント。 / ウィレルダ （X: 7, Y: 2）に話すとクエスト『鬼哭隊』をコンプリート。20,000ギルを入手。 ギザルメ を入手。経験値：～1760を入手。 / pagetop / FFXIV The Lodestone / FFXIV Forum / Twitter Facebook / FF14 - 装備品 / メイン/サブ/投擲/携帯 / 頭 胴 （インナー） 手 / 帯 脚 （インナー） 足 / 首 耳 腕 指 / FF14 - クラス / アクション / 付加効果を持つ戦術 / レベル/経験値 / FF14 - モンスター / モンスター一覧 / NM / FF14 - コンテンツ / グランドカンパニー / インスタンスレイド / 蛮神バトル / 攻略型フィールド / マテリア / その他のコンテンツ / FF14 - クエスト / メインクエスト / サブクエスト / グランドカンパニークエスト / クラスクエスト / ジョブクエスト / FF14 - ギルドリーヴ / リージョナルリーヴ / ローカルリーヴ / FF14 - その他 / エリア（マップ/ショップ） / アイテム販売場所一覧 / プレイガイド / ヒストリー / アチーブメント / 食事効果 / 薬品効果 / マクロ/コマンド / 定型文 / 操作方法",
class,Lancer,石と黄金,Culture Shock,110181,槍術士レベル30以上,3420,鬼哭隊,したたかに,（パッチ1.20で報酬に経験値が追加） / （パッチ1.20で報酬から「槍術士ギルドトークン」×3000が削除）,"### グリダニア（ グリダニアの地図を確認 ） / レベル30以上の槍術士で槍術士ギルドにいる ウィレルダ （X: 7, Y: 2）に話し、選択肢『石と黄金』を選ぶ。 / ジャ・モルバ （X: 8, Y: 2）に話し、選択肢『石と黄金』を選ぶとイベント。選択肢「受注する」を選ぶ。 / ### ウルダハ（ ウルダハの地図を確認 ） / ガガルナ （商業層 X: 5, Y: 4）に話し、選択肢『石と黄金』を選ぶとイベント。 / ドルーエス （インスタンス 商業層 X: 5, Y: 4）に話すとイベント。選択肢「はい」を選ぶ。 / ### グリダニア（ グリダニアの地図を確認 ） / ジャ・モルバ （X: 8, Y: 2）に話すとイベント。 / ### 黒衣森（ 黒衣森の地図を確認 ） / 黒衣森（X: 34, Y: 37）に行くと選択肢。選択肢「はい」を選ぶとイベント。コンテンツ開始。 / 敵と戦闘。制限時間30分。1人用。（別記 : 『ウッドセント・テロック』戦 ） / 倒すとイベント。 / 敵と戦闘。制限時間30分。1人用。（別記 : 『ウッドセント・ドゥ』戦 ） / 倒すとイベント。 / ### グリダニア（ グリダニアの地図を確認 ） / 槍術士ギルド（X: 7, Y: 2）に行くとインスタンス。 / 鉄面皮の商人 （インスタンス X: 7, Y: 2）に話す。 / ジャ・モルバ （インスタンス X: 8, Y: 2）に話すとイベント。 / ウィレルダ （X: 7, Y: 2）に話すとクエスト『石と黄金』をコンプリート。30,000ギルを入手。経験値：～3420を入手。 / pagetop / FFXIV The Lodestone / FFXIV Forum / Twitter Facebook / FF14 - 装備品 / メイン/サブ/投擲/携帯 / 頭 胴 （インナー） 手 / 帯 脚 （インナー） 足 / 首 耳 腕 指 / FF14 - クラス / アクション / 付加効果を持つ戦術 / レベル/経験値 / FF14 - モンスター / モンスター一覧 / NM / FF14 - コンテンツ / グランドカンパニー / インスタンスレイド / 蛮神バトル / 攻略型フィールド / マテリア / その他のコンテンツ / FF14 - クエスト / メインクエスト / サブクエスト / グランドカンパニークエスト / クラスクエスト / ジョブクエスト / FF14 - ギルドリーヴ / リージョナルリーヴ / ローカルリーヴ / FF14 - その他 / エリア（マップ/ショップ） / アイテム販売場所一覧 / プレイガイド / ヒストリー / アチーブメント / 食事効果 / 薬品効果 / マクロ/コマンド / 定型文 / 操作方法",
class,Lancer,したたかに,Necessary Evils,110182,槍術士レベル36以上,4720,石と黄金,-,（パッチ1.20で報酬に経験値が追加） / （パッチ1.20で報酬から「槍術士ギルドトークン」×3600が削除）,"### グリダニア（ グリダニアの地図を確認 ） / レベル36以上の槍術士で槍術士ギルドにいる ウィレルダ （X: 7, Y: 2）に話し、選択肢『したたかに』「受注する」を選ぶ。 / ジャ・モルバ （X: 8, Y: 2）に話すとイベント。選択肢はどれでもOK。 / ### 黒衣森（ 黒衣森の地図を確認 ） / 黒衣森（X: 34, Y: 30）に行くと選択肢。選択肢「はい」を選ぶとイベント。コンテンツ開始。 / 敵と戦闘。制限時間30分。1人用。（別記 : 『ウッドセント・エレメンタル』戦 ） / 倒すとイベント。 / 鉄面皮の商人 （インスタンス X: 34, Y: 32）に話し、選択肢「はい」を選ぶとイベント。 / ### グリダニア（ グリダニアの地図を確認 ） / ジャ・モルバ （X: 8, Y: 2）に話すとイベント。 / ウィレルダ （X: 7, Y: 2）に話すとクエスト『したたかに』をコンプリート。36,000ギルを入手。経験値：～4720を入手。 / pagetop / FFXIV The Lodestone / FFXIV Forum / Twitter Facebook / FF14 - 装備品 / メイン/サブ/投擲/携帯 / 頭 胴 （インナー） 手 / 帯 脚 （インナー） 足 / 首 耳 腕 指 / FF14 - クラス / アクション / 付加効果を持つ戦術 / レベル/経験値 / FF14 - モンスター / モンスター一覧 / NM / FF14 - コンテンツ / グランドカンパニー / インスタンスレイド / 蛮神バトル / 攻略型フィールド / マテリア / その他のコンテンツ / FF14 - クエスト / メインクエスト / サブクエスト / グランドカンパニークエスト / クラスクエスト / ジョブクエスト / FF14 - ギルドリーヴ / リージョナルリーヴ / ローカルリーヴ / FF14 - その他 / エリア（マップ/ショップ） / アイテム販売場所一覧 / プレイガイド / ヒストリー / アチーブメント / 食事効果 / 薬品効果 / マクロ/コマンド / 定型文 / 操作方法",
class,Leatherworker,物言わぬもの,The Silent Partners,110380,革細工師レベル20以上   /  メインクエスト『 別想 』『 招かれざる客 』『 災厄来たれり 』のいずれかをクリア,1760,-,第二のアトリエ,（パッチ1.20で報酬が追加） / （パッチ1.20で報酬に経験値が追加） / （パッチ1.20で報酬から「革細工師ギルドトークン」×2000が削除）,"### グリダニア（ グリダニアの地図を確認 ） / レベル20以上の革細工師で革細工師ギルドにいる ヒアーワード （X: 7, Y: 3）に話し、選択肢『物言わぬもの』「はい」「受注する」を選ぶ。革細工師ギルドのリンクパールを入手。 / 黒檀商店街（X: 8, Y: 4）に行くとイベント。 / ララッタ （インスタンス X: 8, Y: 3）に話すとイベント。 ぼろぼろの鬼哭隊制式鎧 を入手。「修繕された鬼哭隊制式鎧」のレシピを入手。 / 「修繕された鬼哭隊制式鎧」のレシピ （パッチ1.20でレシピが変更） / 「ぼろぼろの鬼哭隊制式鎧」＋「アルドゴートレザー」 / システムメニューの「製作」の「注文書」の中から、「クエスト」の『物言わぬもの』「開始する」を選ぶと自動で ◆ ぼろぼろの鬼哭隊制式鎧 がセットされる。その状態で材料を選択するとクエストの製作品を作れるようになるので、 ◆ 修繕された鬼哭隊制式鎧 を製作する。 / クエストアイテム以外の材料は全て自前で用意する。 / インスタンスの外に材料を取りに行った場合、 ◆ 修繕された鬼哭隊制式鎧 を製作後に黒檀商店街に行くとインスタンスに戻る事ができる。 / ララッタ （インスタンス X: 8, Y: 3）に話すとイベント。 見る影もない鎧の残骸 を入手。 / ヒアーワード （X: 7, Y: 3）に話すと「Ｗ．Ｗ．ジャケット」のレシピを入手。 / 「Ｗ．Ｗ．ジャケット」のレシピ / 「見る影もない鎧の残骸」＋「見る影もない鎧の残骸」＋「見る影もない鎧の残骸」 / ？？？ （X: 7, Y: 3）を調べると 見る影もない鎧の残骸 を入手。 / レフワイン （X: 7, Y: 4）に話し、選択肢『物言わぬもの』を選ぶと 見る影もない鎧の残骸 を入手。 / システムメニューの「製作」の「注文書」の中から、「クエスト」の『物言わぬもの』「開始する」を選ぶと自動で ◆ 見る影もない鎧の残骸 と ◆ 見る影もない鎧の残骸 と ◆ 見る影もない鎧の残骸 がセットされ、クエストの製作品を作れるようになるので、 ◆ ◆ Ｗ．Ｗ．ジャケット を製作する。 / ヒアーワード （X: 7, Y: 3）に話すと ◆ ◆ Ｗ．Ｗ．ジャケット を入手。 / ◆ ◆ Ｗ．Ｗ．ジャケット を装備した状態でチョコボ留（X: 6, Y: 5）までを一往復する。 / ヒアーワード （X: 7, Y: 3）に話すと Ｗ．Ｗ．ジャケット を入手。 / ### 黒衣森（ 黒衣森の地図を確認 ） / ギルバルト （X: 44, Y: 47）に話し、選択肢『物言わぬもの』を選ぶとイベント。 / ### グリダニア（ グリダニアの地図を確認 ） / ヒアーワード （X: 7, Y: 3）に話すとイベントがありクエスト『物言わぬもの』をコンプリート。20,000ギルを入手。 ラウンドナイフ を入手。経験値：～1760を入手。 / pagetop / FFXIV The Lodestone / FFXIV Forum / Twitter Facebook / FF14 - 装備品 / メイン/サブ/投擲/携帯 / 頭 胴 （インナー） 手 / 帯 脚 （インナー） 足 / 首 耳 腕 指 / FF14 - クラス / アクション / 付加効果を持つ戦術 / レベル/経験値 / FF14 - モンスター / モンスター一覧 / NM / FF14 - コンテンツ / グランドカンパニー / インスタンスレイド / 蛮神バトル / 攻略型フィールド / マテリア / その他のコンテンツ / FF14 - クエスト / メインクエスト / サブクエスト / グランドカンパニークエスト / クラスクエスト / ジョブクエスト / FF14 - ギルドリーヴ / リージョナルリーヴ / ローカルリーヴ / FF14 - その他 / エリア（マップ/ショップ） / アイテム販売場所一覧 / プレイガイド / ヒストリー / アチーブメント / 食事効果 / 薬品効果 / マクロ/コマンド / 定型文 / 操作方法",
class,Leatherworker,第二のアトリエ,Designer Imposters,110381,革細工師レベル30以上,3420,物言わぬもの,師弟評価制度,（パッチ1.20で報酬に経験値が追加） / （パッチ1.20で報酬から「革細工師ギルドトークン」×3000が削除）,"### グリダニア（ グリダニアの地図を確認 ） / レベル30以上の革細工師で革細工師ギルドにいる ヒアーワード （X: 7, Y: 3）に話し、選択肢『第二のアトリエ』「受注する」を選ぶ。 水牛革の騎士用鞍 を入手。 / ### クルザス（ クルザスの地図を確認 ） / クルザス（X: 59, Y: 31）に行くとイベント。選択肢はどれでもOK。 / アウルネスト（X: 61, Y: 33）に行くとイベント。 / 「革細工師ギルドのリンクパールが光を放ち始めた。」と出るのでメインメニューの「クエストリンクパール」の「革細工師ギルド」を確認する。「フェン・イルの新作鞄」のレシピを入手。 / 「フェン・イルの新作鞄」のレシピ （パッチ1.20でレシピが変更） / 「ギガントードレザー」＋「ブラスインゴット」 / システムメニューの「製作」の「注文書」の中から、「クエスト」の『第二のアトリエ』「開始する」を選ぶ。その状態で材料を選択するとクエストの製作品を作れるようになるので、 ◆ フェン・イルの新作鞄 を製作する。 / 材料は全て自前で用意する。 / クルザス（X: 60, Y: 28）に行くと選択肢。選択肢「はい」を選ぶとイベント。 / ヴィエール （インスタンス X: 60, Y: 28）をターゲットした状態でシステムメニューの「交渉」を選び交渉をする。 / ヴィエール （インスタンス X: 60, Y: 28）に話すとイベント。 / ### グリダニア（ グリダニアの地図を確認 ） / ヒアーワード （X: 7, Y: 3）に話すとイベントがありクエスト『第二のアトリエ』をコンプリート。選択肢はどれでもOK。30,000ギルを入手。経験値：～3420を入手。 / pagetop / FFXIV The Lodestone / FFXIV Forum / Twitter Facebook / FF14 - 装備品 / メイン/サブ/投擲/携帯 / 頭 胴 （インナー） 手 / 帯 脚 （インナー） 足 / 首 耳 腕 指 / FF14 - クラス / アクション / 付加効果を持つ戦術 / レベル/経験値 / FF14 - モンスター / モンスター一覧 / NM / FF14 - コンテンツ / グランドカンパニー / インスタンスレイド / 蛮神バトル / 攻略型フィールド / マテリア / その他のコンテンツ / FF14 - クエスト / メインクエスト / サブクエスト / グランドカンパニークエスト / クラスクエスト / ジョブクエスト / FF14 - ギルドリーヴ / リージョナルリーヴ / ローカルリーヴ / FF14 - その他 / エリア（マップ/ショップ） / アイテム販売場所一覧 / プレイガイド / ヒストリー / アチーブメント / 食事効果 / 薬品効果 / マクロ/コマンド / 定型文 / 操作方法",
class,Leatherworker,師弟評価制度,Head of the Class,110382,革細工師レベル36以上,4720,第二のアトリエ,-,（パッチ1.20で報酬に経験値が追加） / （パッチ1.20で報酬から「革細工師ギルドトークン」×3600が削除）,"### グリダニア（ グリダニアの地図を確認 ） / レベル36以上の革細工師で革細工師ギルドにいる ヒアーワード （X: 7, Y: 3）に話し、選択肢『師弟評価制度』「受注する」を選ぶ。 / 年季の入った冒険者 （インスタンス X: 7, Y: 3）と 意地の悪そうな冒険者 （インスタンス X: 7, Y: 3）と 純情そうな冒険者 （インスタンス X: 7, Y: 3）に話すとイベント。 / ### 黒衣森（ 黒衣森の地図を確認 ） / 再生の根株（X: 23, Y: 27）に行くとイベント。 / ### グリダニア（ グリダニアの地図を確認 ） / 革細工師ギルド（X: 7, Y: 3）に行くとインスタンス。 / 意地の悪そうな冒険者 （インスタンス X: 7, Y: 3）に話すと交渉が可能になる。 / 意地の悪そうな冒険者 （インスタンス X: 7, Y: 3）をターゲットした状態でシステムメニューの「交渉」を選び交渉をする。 / 意地の悪そうな冒険者 （インスタンス X: 7, Y: 3）に話すと 傷んだフェン・イルのブーツ を入手。 / マッデリーヌ （X: 6, Y: 3）に話す。提示される品はランダム。 （パッチ1.19で集めるアイテムが変更） / 提示された品を5つ所持している状態で マッデリーヌ （X: 6, Y: 3）に話すと「フェン・イルのヴィンテージブーツ」のレシピを入手。 / 「フェン・イルのヴィンテージブーツ」のレシピ （パッチ1.20でレシピが変更） / 「傷んだフェン・イルのブーツ」＋「ボアレザー」 / システムメニューの「製作」の「注文書」の中から、「クエスト」の『師弟評価制度』「開始する」を選ぶと自動で ◆ 傷んだフェン・イルのブーツ がセットされる。その状態で材料を選択するとクエストの製作品を作れるようになるので、 ◆ フェン・イルのヴィンテージブーツ を製作する。 / クエストアイテム以外の材料は全て自前で用意する。 / ヒアーワード （X: 7, Y: 3）に話すとイベント。 / ララッタ （X: 7, Y: 3）に話し、選択肢「はい」を選ぶとイベント。 / ヒアーワード （X: 7, Y: 3）に話すとイベントがありクエスト『師弟評価制度』をコンプリート。選択肢はどれでもOK。36,000ギルを入手。経験値：～4720を入手。 / pagetop / FFXIV The Lodestone / FFXIV Forum / Twitter Facebook / FF14 - 装備品 / メイン/サブ/投擲/携帯 / 頭 胴 （インナー） 手 / 帯 脚 （インナー） 足 / 首 耳 腕 指 / FF14 - クラス / アクション / 付加効果を持つ戦術 / レベル/経験値 / FF14 - モンスター / モンスター一覧 / NM / FF14 - コンテンツ / グランドカンパニー / インスタンスレイド / 蛮神バトル / 攻略型フィールド / マテリア / その他のコンテンツ / FF14 - クエスト / メインクエスト / サブクエスト / グランドカンパニークエスト / クラスクエスト / ジョブクエスト / FF14 - ギルドリーヴ / リージョナルリーヴ / ローカルリーヴ / FF14 - その他 / エリア（マップ/ショップ） / アイテム販売場所一覧 / プレイガイド / ヒストリー / アチーブメント / 食事効果 / 薬品効果 / マクロ/コマンド / 定型文 / 操作方法",
class,Marauder,断罪党の洗礼,Bloody Baptism,110100,斧術士レベル20以上   /  メインクエスト『 別想 』『 招かれざる客 』『 災厄来たれり 』のいずれかをクリア,1760,-,俺たちの海賊,（パッチ1.20で報酬が追加） / （パッチ1.20で報酬に経験値が追加） / （パッチ1.20で報酬から「斧術士ギルドトークン」×2000が削除）,"### リムサ・ロミンサ（ リムサ・ロミンサの地図を確認 ） / レベル20以上の斧術士で斧術士ギルドにいる ヴェークビルト （下甲板層 X: 4, Y: 7）に話し、選択肢『断罪党の洗礼』「はい」を選ぶとイベント。選択肢「受注する」を選ぶ。斧術士ギルドのリンクパールを入手。 / ヌヌバ （下甲板層 X: 4, Y: 7）に話し、選択肢「はい」を選ぶ。 トライデント・ランドコースの地図 を入手。 / ### ラノシア（ ラノシアの地図を確認 ） / ラノシア（X: 17, Y: 23）に行くと選択肢。選択肢「はい」を選ぶとイベント。 / 敵と戦闘。制限時間30分。1人用。（別記 : 『タワーレミング』戦 ） / 倒すとイベント。 / ### リムサ・ロミンサ（ リムサ・ロミンサの地図を確認 ） / ヌヌバ （下甲板層 X: 4, Y: 7）に話すとイベントがありクエスト『断罪党の洗礼』をコンプリート。20,000ギルを入手。 ビル を入手。経験値：～1760を入手。 / pagetop / FFXIV The Lodestone / FFXIV Forum / Twitter Facebook / FF14 - 装備品 / メイン/サブ/投擲/携帯 / 頭 胴 （インナー） 手 / 帯 脚 （インナー） 足 / 首 耳 腕 指 / FF14 - クラス / アクション / 付加効果を持つ戦術 / レベル/経験値 / FF14 - モンスター / モンスター一覧 / NM / FF14 - コンテンツ / グランドカンパニー / インスタンスレイド / 蛮神バトル / 攻略型フィールド / マテリア / その他のコンテンツ / FF14 - クエスト / メインクエスト / サブクエスト / グランドカンパニークエスト / クラスクエスト / ジョブクエスト / FF14 - ギルドリーヴ / リージョナルリーヴ / ローカルリーヴ / FF14 - その他 / エリア（マップ/ショップ） / アイテム販売場所一覧 / プレイガイド / ヒストリー / アチーブメント / 食事効果 / 薬品効果 / マクロ/コマンド / 定型文 / 操作方法",
class,Marauder,俺たちの海賊,Two-man Crew,110101,斧術士レベル30以上,3420,断罪党の洗礼,笑って見てろ,（パッチ1.20で報酬に経験値が追加） / （パッチ1.20で報酬から「斧術士ギルドトークン」×2400～3000が削除）,"### リムサ・ロミンサ（ リムサ・ロミンサの地図を確認 ） / レベル30以上の斧術士で斧術士ギルドにいる ヴェークビルト （下甲板層 X: 4, Y: 7）に話し、選択肢『俺たちの海賊』を選ぶとイベント。選択肢「受注する」を選ぶ。 / ロスティンスタル （インスタンス 下甲板層 X: 4, Y: 7）に話すとイベント。選択肢「はい」を選ぶ。次の選択肢はどれでもOK。 / リムサ・ロミンサ（上甲板層 X: 8, Y: 7）で「水兵区」に移動すると選択肢。選択肢「はい」を選ぶとコンテンツ開始。 / 制限時間30分。1人用。 / 物音をできるだけ立てないように行動する。 / 物音を立てると『[Your Name]は物音を立ててしまった！』と表示され、4回物音を立てるとコンテンツ強制終了になる。 / 物音が立つ条件は以下の通り。 / マップの緑色の点を踏む / エスケープド・レミング に触れる / エスケープド・レミング を倒す / 宝箱からクエストアイテムを入手する / 宝箱をシステムメニューの「調べる」を選んで確認するとクエストアイテムを入手。 / 北の宝箱に プラチナミラージュのコイン 、西（北側）の宝箱に 真紅のルビー 、南の宝箱 『ドクロ島』初版本 、西（南側）の宝箱に 年代物のラム酒 が入っている。 / 宝箱1つを開けると、東に木箱が出現する。 / 東の木箱をシステムメニューの「調べる」を選んで確認すると 夢路のレイモンド が出るので倒す。 / 倒すと 東方の香草 を入手。 / 失敗をするか、 東方の香草 を入手していない場合はクエスト報酬が減少する？ / 5種類のクエストアイテムの内4種類を入手するとコンテンツ終了。 / 斧術士ギルド（下甲板層 X: 4, Y: 6）に行くとインスタンス。 / ロスティンスタル （インスタンス 下甲板層 X: 4, Y: 7）に話す。 / ### ウルダハ（ ウルダハの地図を確認 ） / ロロジャル （商業層 X: 7, Y: 4）に話し、選択肢『俺たちの海賊』を選ぶ。 海賊船の支度金 を入手。 / ### リムサ・ロミンサ（ リムサ・ロミンサの地図を確認 ） / ヴェークビルト （下甲板層 X: 4, Y: 7）に話すとイベントがありクエスト『俺たちの海賊』をコンプリート。24,000～30,000ギルを入手。経験値：～3420を入手。 / pagetop / FFXIV The Lodestone / FFXIV Forum / Twitter Facebook / FF14 - 装備品 / メイン/サブ/投擲/携帯 / 頭 胴 （インナー） 手 / 帯 脚 （インナー） 足 / 首 耳 腕 指 / FF14 - クラス / アクション / 付加効果を持つ戦術 / レベル/経験値 / FF14 - モンスター / モンスター一覧 / NM / FF14 - コンテンツ / グランドカンパニー / インスタンスレイド / 蛮神バトル / 攻略型フィールド / マテリア / その他のコンテンツ / FF14 - クエスト / メインクエスト / サブクエスト / グランドカンパニークエスト / クラスクエスト / ジョブクエスト / FF14 - ギルドリーヴ / リージョナルリーヴ / ローカルリーヴ / FF14 - その他 / エリア（マップ/ショップ） / アイテム販売場所一覧 / プレイガイド / ヒストリー / アチーブメント / 食事効果 / 薬品効果 / マクロ/コマンド / 定型文 / 操作方法",
class,Marauder,笑って見てろ,Captain's Orders,110102,斧術士レベル36以上,4720,俺たちの海賊,-,（パッチ1.20で報酬に経験値が追加） / （パッチ1.20で報酬から「斧術士ギルドトークン」×3600が削除）,"### リムサ・ロミンサ（ リムサ・ロミンサの地図を確認 ） / レベル36以上の斧術士で斧術士ギルドにいる ヴェークビルト （下甲板層 X: 4, Y: 7）に話し、選択肢『笑って見てろ』「受注する」を選ぶ。 / 南にあるドアの前に行くと選択肢。選択肢「はい」を選ぶとイベント。コンテンツ開始。 / 敵と戦闘。制限時間5分。1人用。（別記 : 『ムーンスケート』戦 ） / 時間切れになるかPCのHPが0になると戦闘終了。戦闘終了するとイベント。 / ????（樽）を調べるとイベント。 / 斧術士ギルド（下甲板層 X: 4, Y: 6）に行くとインスタンス。 / ヴェークビルト （インスタンス 下甲板層 X: 4, Y: 7）に話す。 / 奥のラウンジに行くとイベント。 / 甲板に行くとイベント。 百鬼夜行の裏帳簿 を入手。 / 甲板にあるドアの前に行くと選択肢。選択肢「はい」を選ぶとコンテンツ開始。 / 敵と戦闘。制限時間30分。1人用。（別記 : 『ムーンスケート達』戦 ） / 倒すとイベント。 / ロスティンスタル （インスタンス 下甲板層 X: 4, Y: 7）に話し、選択肢「はい」を選ぶとイベント。 / ヴェークビルト （インスタンス 下甲板層 X: 4, Y: 7）に話すとクエスト『笑って見てろ』をコンプリート。36,000ギルを入手。経験値：～4720を入手。 / pagetop / FFXIV The Lodestone / FFXIV Forum / Twitter Facebook / FF14 - 装備品 / メイン/サブ/投擲/携帯 / 頭 胴 （インナー） 手 / 帯 脚 （インナー） 足 / 首 耳 腕 指 / FF14 - クラス / アクション / 付加効果を持つ戦術 / レベル/経験値 / FF14 - モンスター / モンスター一覧 / NM / FF14 - コンテンツ / グランドカンパニー / インスタンスレイド / 蛮神バトル / 攻略型フィールド / マテリア / その他のコンテンツ / FF14 - クエスト / メインクエスト / サブクエスト / グランドカンパニークエスト / クラスクエスト / ジョブクエスト / FF14 - ギルドリーヴ / リージョナルリーヴ / ローカルリーヴ / FF14 - その他 / エリア（マップ/ショップ） / アイテム販売場所一覧 / プレイガイド / ヒストリー / アチーブメント / 食事効果 / 薬品効果 / マクロ/コマンド / 定型文 / 操作方法",
class,Miner,時のかけら,A Piece of History,110460,採掘師レベル20以上   /  メインクエスト『 別想 』『 招かれざる客 』『 災厄来たれり 』のいずれかをクリア,1760,-,とっておき大作戦,（パッチ1.20で報酬が追加） / （パッチ1.20で報酬に経験値が追加） / （パッチ1.20で報酬から「採掘師ギルドトークン」×2000が削除）,"### ウルダハ（ ウルダハの地図を確認 ） / レベル20以上の採掘師で採掘師ギルドにいる リネット （商業層 X: 6, Y: 6）に話し、選択肢『時のかけら』「はい」「受注する」を選ぶ。採掘師ギルドのリンクパールを入手。 / ### ザナラーン（ ザナラーンの地図を確認 ） / ジョ・サパ （X: 27, Y: 20）に話し、選択肢『時のかけら』を選ぶとイベント。選択肢はどれでもOK。 / ジョ・サパ （X: 27, Y: 20）に話す。 / ？？？（X: 37, Y: 27）の近くの採掘場（グレード2）で採掘をして 羊目石 を入手。 / ？？？（X: 15, Y: 28）の近くの採掘場（グレード3）で採掘をして 珪化木 を入手。 / ？？？（X: 25, Y: 27）の近くの採掘場（グレード1）で採掘をして 白磁の水差の欠片 を入手。 / ジョ・サパ （X: 27, Y: 20）に話すとイベント。 / ネネッコ （インスタンス X: 27, Y: 20）に話すとイベント。 / ネネッコ （インスタンス X: 27, Y: 20）に話すとイベント。 / ### ウルダハ（ ウルダハの地図を確認 ） / リネット （商業層 X: 6, Y: 6）に話すとクエスト『時のかけら』をコンプリート。20,000ギルを入手。 ドラブラ を入手。経験値：～1760を入手。 / pagetop / FFXIV The Lodestone / FFXIV Forum / Twitter Facebook / FF14 - 装備品 / メイン/サブ/投擲/携帯 / 頭 胴 （インナー） 手 / 帯 脚 （インナー） 足 / 首 耳 腕 指 / FF14 - クラス / アクション / 付加効果を持つ戦術 / レベル/経験値 / FF14 - モンスター / モンスター一覧 / NM / FF14 - コンテンツ / グランドカンパニー / インスタンスレイド / 蛮神バトル / 攻略型フィールド / マテリア / その他のコンテンツ / FF14 - クエスト / メインクエスト / サブクエスト / グランドカンパニークエスト / クラスクエスト / ジョブクエスト / FF14 - ギルドリーヴ / リージョナルリーヴ / ローカルリーヴ / FF14 - その他 / エリア（マップ/ショップ） / アイテム販売場所一覧 / プレイガイド / ヒストリー / アチーブメント / 食事効果 / 薬品効果 / マクロ/コマンド / 定型文 / 操作方法",
class,Miner,とっておき大作戦,Little Saboteurs,110461,採掘師レベル30以上,3420,時のかけら,彼女の逃避行,（パッチ1.20で報酬に経験値が追加） / （パッチ1.20で報酬から「採掘師ギルドトークン」×3000が削除）,"### ウルダハ（ ウルダハの地図を確認 ） / レベル30以上の採掘師で採掘師ギルドにいる リネット （商業層 X: 6, Y: 6）に話し、選択肢『とっておき大作戦』「受注する」を選ぶ。 / ### グリダニア（ グリダニアの地図を確認 ） / ヴァ・コロロン （X: 6, Y: 6）に話し、選択肢『とっておき大作戦』を選ぶとイベント。 / チョコボ留（X: 6, Y: 5）に行くとインスタンス。 / チョコボキャリッジの御者 （インスタンス X: 6, Y: 5）に話すと交渉が可能になる。 / チョコボキャリッジの御者 （インスタンス X: 6, Y: 5）をターゲットした状態でシステムメニューの「交渉」を選び交渉をする。 / チョコボキャリッジの御者 （インスタンス X: 6, Y: 5）に話す。 / 「採掘師ギルドのリンクパールが光を放ち始めた。」と出るのでメインメニューの「クエストリンクパール」の「採掘師ギルド」を確認する。 / ### 黒衣森（ 黒衣森の地図を確認 ） / 黒衣森（X: 46, Y: 51）に行くとインスタンス。 / ？？？ （X: 46, Y: 51）を調べるとイベント。 / ### ウルダハ（ ウルダハの地図を確認 ） / リネット （商業層 X: 6, Y: 6）に話す。 / 彫金師ギルド（商業層 X: 6, Y: 6）に行くとイベント。 / ネネッコ （インスタンス 商業層 X: 6, Y: 6）に話すとイベント。選択肢はどれでもOK。 / リネット （商業層 X: 6, Y: 6）に話すとイベント。 / ポポックリ （インスタンス 商業層 X: 6, Y: 6）に話し、選択肢「はい」を選ぶとイベント。 / セセルッカ （インスタンス 商業層 X: 6, Y: 6）に話し、選択肢「はい」を選ぶとイベントがありクエスト『とっておき大作戦』をコンプリート。30,000ギルを入手。経験値：～3420を入手。 / pagetop / FFXIV The Lodestone / FFXIV Forum / Twitter Facebook / FF14 - 装備品 / メイン/サブ/投擲/携帯 / 頭 胴 （インナー） 手 / 帯 脚 （インナー） 足 / 首 耳 腕 指 / FF14 - クラス / アクション / 付加効果を持つ戦術 / レベル/経験値 / FF14 - モンスター / モンスター一覧 / NM / FF14 - コンテンツ / グランドカンパニー / インスタンスレイド / 蛮神バトル / 攻略型フィールド / マテリア / その他のコンテンツ / FF14 - クエスト / メインクエスト / サブクエスト / グランドカンパニークエスト / クラスクエスト / ジョブクエスト / FF14 - ギルドリーヴ / リージョナルリーヴ / ローカルリーヴ / FF14 - その他 / エリア（マップ/ショップ） / アイテム販売場所一覧 / プレイガイド / ヒストリー / アチーブメント / 食事効果 / 薬品効果 / マクロ/コマンド / 定型文 / 操作方法",
class,Miner,彼女の逃避行,Runaway Little Girl,110462,採掘師レベル36以上,4720,とっておき大作戦,-,（パッチ1.20で報酬に経験値が追加） / （パッチ1.20で報酬から「採掘師ギルドトークン」×3600が削除）,"### ウルダハ（ ウルダハの地図を確認 ） / レベル36以上の採掘師で採掘師ギルドにいる リネット （商業層 X: 6, Y: 6）に話し、選択肢『彼女の逃避行』「受注する」を選ぶ。 / モモディ （商業層 X: 6, Y: 4）に話し、選択肢『彼女の逃避行』を選ぶとイベント。選択肢はどれでもOK。 / 「採掘師ギルドのリンクパールが光を放ち始めた。」と出るのでメインメニューの「クエストリンクパール」の「採掘師ギルド」を確認する。 / ### ザナラーン（ ザナラーンの地図を確認 ） / ザナラーン（X: 28, Y: 35）に行くとイベント。 / ザナラーン（X: 19, Y: 27）に行くと選択肢。選択肢「はい」を選ぶとコンテンツ開始。 / ネネッコ と一緒に移動する。制限時間30分。1人用。 / ネネッコ から離れすぎるとコンテンツ強制終了になる。 / インスタンス内の道中で長時間移動しないでいると追っ手に追いつかれてコンテンツ強制終了になる。 / ザナラーン（インスタンス X: 15, Y: 29）（インスタンス X: 13, Y: 27）（インスタンス X: 10, Y: 27）（インスタンス X: 7, Y: 28）で採掘（採掘場（グレード4））をして落とし穴を掘る。 / ベスパーベイ（インスタンス X: 6, Y: 27）に行くとイベント。 / 「採掘師ギルドのリンクパールが光を放ち始めた。」と出るのでメインメニューの「クエストリンクパール」の「採掘師ギルド」を確認する。 / ネネッコ （X: 4, Y: 26）に話す。 / ### ウルダハ（ ウルダハの地図を確認 ） / リネット （商業層 X: 6, Y: 6）に話すとイベントがありクエスト『彼女の逃避行』をコンプリート。36,000ギルを入手。経験値：～4720を入手。 / pagetop / FFXIV The Lodestone / FFXIV Forum / Twitter Facebook / FF14 - 装備品 / メイン/サブ/投擲/携帯 / 頭 胴 （インナー） 手 / 帯 脚 （インナー） 足 / 首 耳 腕 指 / FF14 - クラス / アクション / 付加効果を持つ戦術 / レベル/経験値 / FF14 - モンスター / モンスター一覧 / NM / FF14 - コンテンツ / グランドカンパニー / インスタンスレイド / 蛮神バトル / 攻略型フィールド / マテリア / その他のコンテンツ / FF14 - クエスト / メインクエスト / サブクエスト / グランドカンパニークエスト / クラスクエスト / ジョブクエスト / FF14 - ギルドリーヴ / リージョナルリーヴ / ローカルリーヴ / FF14 - その他 / エリア（マップ/ショップ） / アイテム販売場所一覧 / プレイガイド / ヒストリー / アチーブメント / 食事効果 / 薬品効果 / マクロ/コマンド / 定型文 / 操作方法",
class,Pugilist,債鬼繁盛記,The House Always Wins,110060,格闘士レベル20以上   /  メインクエスト『 別想 』『 招かれざる客 』『 災厄来たれり 』のいずれかをクリア,1760,-,守護者の旅立ち,（パッチ1.20で報酬が追加） / （パッチ1.20で報酬に経験値が追加） / （パッチ1.20で報酬から「格闘士ギルドトークン」×2000が削除）,"### ウルダハ（ ウルダハの地図を確認 ） / レベル20以上の格闘士で格闘士ギルドにいる ガガルナ （商業層 X: 5, Y: 4）に話し、選択肢『債鬼繁盛記』「はい」「受注する」を選ぶ。格闘士ギルドのリンクパールを入手。 / ティティニン （商業層 X: 5, Y: 4）に話すとイベント。 プラチナミラージュの貸付簿 を入手。 / 彫金師ギルド（商業層 X: 6, Y: 6）に行くとインスタンス。 / エスペランス （インスタンス 商業層 X: 6, Y: 6）に3回話すとイベント。コンテンツ開始。 / 制限時間30分。地面の光を調べると ピカピカのコイン を入手。 / 5個集めた後 エスペランス （インスタンス 商業層 X: 6, Y: 6）に話すとイベント。 不動産王からの取立金 を入手。 / ティティニン （商業層 X: 5, Y: 4）に話す。 / ナイダ・ザマイダ （商業層 X: 7, Y: 4）に話し、選択肢『債鬼繁盛記』「はい」を選ぶとイベント。 吝嗇王からの取立金 を入手。 / ティティニン （商業層 X: 5, Y: 4）に話す。 / 格闘士ギルド（商業層 X: 5, Y: 4）に行くとイベント。 / シングルトン （商業層 X: 5, Y: 5）に話し、選択肢「はい」を選ぶ。 / 敵と戦闘。制限時間30分。1人用。（別記 : 『トゥースレス・グラディエーター』戦 ） / 倒すとイベント。 レウェナからの取立金 を入手。 / ティティニン （商業層 X: 5, Y: 4）に話すとイベントがありクエスト『債鬼繁盛記』をコンプリート。20,000ギルを入手。 スパイクナックル を入手。経験値：～1760を入手。 / pagetop / FFXIV The Lodestone / FFXIV Forum / Twitter Facebook / FF14 - 装備品 / メイン/サブ/投擲/携帯 / 頭 胴 （インナー） 手 / 帯 脚 （インナー） 足 / 首 耳 腕 指 / FF14 - クラス / アクション / 付加効果を持つ戦術 / レベル/経験値 / FF14 - モンスター / モンスター一覧 / NM / FF14 - コンテンツ / グランドカンパニー / インスタンスレイド / 蛮神バトル / 攻略型フィールド / マテリア / その他のコンテンツ / FF14 - クエスト / メインクエスト / サブクエスト / グランドカンパニークエスト / クラスクエスト / ジョブクエスト / FF14 - ギルドリーヴ / リージョナルリーヴ / ローカルリーヴ / FF14 - その他 / エリア（マップ/ショップ） / アイテム販売場所一覧 / プレイガイド / ヒストリー / アチーブメント / 食事効果 / 薬品効果 / マクロ/コマンド / 定型文 / 操作方法",
class,Pugilist,守護者の旅立ち,Here There Be Pirates,110061,格闘士レベル30以上,3420,債鬼繁盛記,コインの裏と表と,（パッチ1.20で報酬に経験値が追加 ※ メールフォーム にて経験値の情報を募集中です / （パッチ1.20で報酬から「格闘士ギルドトークン」×3000が削除）,"### ウルダハ（ ウルダハの地図を確認 ） / レベル30以上の格闘士で格闘士ギルドにいる ガガルナ （商業層 X: 5, Y: 4）に話し、選択肢『守護者の旅立ち』を選ぶとイベント。選択肢「受注する」を選ぶ。 / ### リムサ・ロミンサ（ リムサ・ロミンサの地図を確認 ） / ヴェークビルト （下甲板層 X: 4, Y: 7）に話し、選択肢『守護者の旅立ち』を選ぶとイベント。 / メインメニューの「クエストリンクパール」の「格闘士ギルド」を確認する。 / ミートシン （上甲板層 X: 7, Y: 5）に話し、選択肢『守護者の旅立ち』を選ぶとイベント。 百鬼夜行の青銅の鍵 を入手。 / リムサ・ロミンサ（上甲板層 X: 8, Y: 7）で「水兵区」に移動する。 / 下にあるドアの前に行くと選択肢。選択肢「はい」「はい」を選ぶとコンテンツ開始。 / 敵と戦闘。制限時間30分。1人用。（別記 : 『クラーケン・デックハンド』戦 ） / 当たりの ？？？ （宝箱）を調べるとイベント。 偽造コインの金型 を入手。 / メインメニューの「クエストリンクパール」の「格闘士ギルド」を確認する。 / ### ウルダハ（ ウルダハの地図を確認 ） / ティティニン （商業層 X: 5, Y: 4）に話すとイベント。 / ヒュリー （インスタンス 商業層 X: 5, Y: 4）か ハルスタイン （インスタンス 商業層 X: 5, Y: 4）か メリジ （インスタンス 商業層 X: 5, Y: 4）に話し、選択肢「はい」を選ぶとイベント。 / 他の係員（ ヒュリー か ハルスタイン か メリジ ）に話し、選択肢「はい」を選ぶとイベント。 / 他の係員（ ヒュリー か ハルスタイン か メリジ ）に話し、選択肢「はい」を選ぶとイベント。 / ガガルナ （商業層 X: 5, Y: 4）に話すとクエスト『守護者の旅立ち』をコンプリート。30,000ギルを入手。経験値：～3420を入手。 / pagetop / FFXIV The Lodestone / FFXIV Forum / Twitter Facebook / FF14 - 装備品 / メイン/サブ/投擲/携帯 / 頭 胴 （インナー） 手 / 帯 脚 （インナー） 足 / 首 耳 腕 指 / FF14 - クラス / アクション / 付加効果を持つ戦術 / レベル/経験値 / FF14 - モンスター / モンスター一覧 / NM / FF14 - コンテンツ / グランドカンパニー / インスタンスレイド / 蛮神バトル / 攻略型フィールド / マテリア / その他のコンテンツ / FF14 - クエスト / メインクエスト / サブクエスト / グランドカンパニークエスト / クラスクエスト / ジョブクエスト / FF14 - ギルドリーヴ / リージョナルリーヴ / ローカルリーヴ / FF14 - その他 / エリア（マップ/ショップ） / アイテム販売場所一覧 / プレイガイド / ヒストリー / アチーブメント / 食事効果 / 薬品効果 / マクロ/コマンド / 定型文 / 操作方法",
class,Pugilist,コインの裏と表と,Two Sides to Every Chip,110062,格闘士レベル36以上,4720,守護者の旅立ち,-,（パッチ1.20で報酬に経験値が追加） / （パッチ1.20で報酬から「格闘士ギルドトークン」×3600が削除）,"### ウルダハ（ ウルダハの地図を確認 ） / レベル36以上の格闘士で格闘士ギルドにいる ガガルナ （商業層 X: 5, Y: 4）に話し、選択肢『コインの裏と表と』を選ぶとイベント。選択肢「受注する」を選ぶ。 / プラチナミラージュ（商業層 X: 5, Y: 4）に行くとイベント。 / ヒュリー （インスタンス 商業層 X: 5, Y: 4）に話し、選択肢「はい」を選ぶとイベント。 / レウェナの使用人 （インスタンス 商業層 X: 5, Y: 4）に話し、選択肢「はい」を選ぶとイベント。 / ### ザナラーン（ ザナラーンの地図を確認 ） / ザナラーン（X: 12, Y: 33）に行くと選択肢。選択肢「はい」を選ぶとイベント。コンテンツ開始。 / 敵と戦闘。制限時間30分。1人用。（別記 : 『アルダネス聖櫃堂の債務回収者』戦 ） / 倒すとイベント。 / ### ウルダハ（ ウルダハの地図を確認 ） / ティティニン （商業層 X: 5, Y: 4）に話すとイベント。 / ガガルナ （商業層 X: 5, Y: 4）に話すとクエスト『コインの裏と表と』をコンプリート。36,000ギルを入手。経験値：～4720を入手。 / pagetop / FFXIV The Lodestone / FFXIV Forum / Twitter Facebook / FF14 - 装備品 / メイン/サブ/投擲/携帯 / 頭 胴 （インナー） 手 / 帯 脚 （インナー） 足 / 首 耳 腕 指 / FF14 - クラス / アクション / 付加効果を持つ戦術 / レベル/経験値 / FF14 - モンスター / モンスター一覧 / NM / FF14 - コンテンツ / グランドカンパニー / インスタンスレイド / 蛮神バトル / 攻略型フィールド / マテリア / その他のコンテンツ / FF14 - クエスト / メインクエスト / サブクエスト / グランドカンパニークエスト / クラスクエスト / ジョブクエスト / FF14 - ギルドリーヴ / リージョナルリーヴ / ローカルリーヴ / FF14 - その他 / エリア（マップ/ショップ） / アイテム販売場所一覧 / プレイガイド / ヒストリー / アチーブメント / 食事効果 / 薬品効果 / マクロ/コマンド / 定型文 / 操作方法",
class,Thaumaturge,復讐依頼,The Big Payback,110240,呪術士レベル20以上   /  メインクエスト『 別想 』『 招かれざる客 』『 災厄来たれり 』のいずれかをクリア,1760,-,やっつけ伝道師,（パッチ1.20で報酬が追加） / （パッチ1.20で報酬に経験値が追加） / （パッチ1.20で報酬から「呪術士ギルドトークン」×2000が削除）,"### ウルダハ（ ウルダハの地図を確認 ） / レベル20以上の呪術士で呪術士ギルドにいる ヤヤケ （商業層 X: 4, Y: 5）に話し、選択肢『復讐依頼』「はい」を選ぶとイベント。選択肢「受注する」を選ぶ。呪術士ギルドのリンクパールを入手。 / イ・ロフィー （商業層 X: 4, Y: 5）に話すとイベント。 / ### ザナラーン（ ザナラーンの地図を確認 ） / ザナラーン（X: 14, Y: 27）に行くと選択肢。選択肢「はい」を選ぶとコンテンツ開始。 / 敵と戦闘。制限時間30分。1人用。（別記 : 『サックリング・ナニー』戦 ） / デスマークド・ビリーゴート を倒すと デスマークド・ビリーの血塊 を入手。 / ### ウルダハ（ ウルダハの地図を確認 ） / イ・ロフィー （商業層 X: 4, Y: 5）に話すとイベントがありクエスト『復讐依頼』をコンプリート。20,000ギルを入手。 ウィンドブランド を入手。経験値：～1760を入手。 / pagetop / FFXIV The Lodestone / FFXIV Forum / Twitter Facebook / FF14 - 装備品 / メイン/サブ/投擲/携帯 / 頭 胴 （インナー） 手 / 帯 脚 （インナー） 足 / 首 耳 腕 指 / FF14 - クラス / アクション / 付加効果を持つ戦術 / レベル/経験値 / FF14 - モンスター / モンスター一覧 / NM / FF14 - コンテンツ / グランドカンパニー / インスタンスレイド / 蛮神バトル / 攻略型フィールド / マテリア / その他のコンテンツ / FF14 - クエスト / メインクエスト / サブクエスト / グランドカンパニークエスト / クラスクエスト / ジョブクエスト / FF14 - ギルドリーヴ / リージョナルリーヴ / ローカルリーヴ / FF14 - その他 / エリア（マップ/ショップ） / アイテム販売場所一覧 / プレイガイド / ヒストリー / アチーブメント / 食事効果 / 薬品効果 / マクロ/コマンド / 定型文 / 操作方法",
class,Thaumaturge,やっつけ伝道師,Revelry in Rivalry,110241,呪術士レベル30以上,3420,復讐依頼,ナル・ザル教団特約,（パッチ1.20で報酬に経験値が追加） / （パッチ1.20で報酬から「呪術士ギルドトークン」×3000が削除）,"### ウルダハ（ ウルダハの地図を確認 ） / レベル30以上の呪術士で呪術士ギルドにいる ヤヤケ （商業層 X: 4, Y: 5）に話し、選択肢『やっつけ伝道師』を選ぶとイベント。選択肢「受注する」を選ぶ。 / 高慢そうな呪術士 （インスタンス 商業層 X: 3, Y: 5）に話すとイベント。 / ### リムサ・ロミンサ（ リムサ・ロミンサの地図を確認 ） / バデロン （上甲板層 X: 7, Y: 5）に話し、選択肢『やっつけ伝道師』を選ぶ。 / ### ラノシア（ ラノシアの地図を確認 ） / ラノシア（X: 20, Y: 26）に行くと選択肢。選択肢「はい」を選ぶとコンテンツ開始。 / 敵と戦闘。制限時間30分。1人用。（別記 : 『イグニス・ファトゥス』戦 ） / 倒すと ナルディク＆ヴィメリー社社員証 を入手。 / ### リムサ・ロミンサ（ リムサ・ロミンサの地図を確認 ） / ボデノルフ （上甲板層 X: 7, Y: 7）に話し、選択肢『やっつけ伝道師』を選ぶ。 / ボデノルフ （上甲板層 X: 7, Y: 7）に話し、選択肢『やっつけ伝道師』「はい」を選ぶとイベント。 / ### ウルダハ（ ウルダハの地図を確認 ） / ヤヤケ （商業層 X: 4, Y: 5）に話し、選択肢『やっつけ伝道師』を選ぶ。 / 高慢そうな呪術士 （インスタンス 商業層 X: 3, Y: 5）に話すとイベント。 / ヤヤケ （商業層 X: 4, Y: 5）に話し、選択肢『やっつけ伝道師』を選ぶとクエスト『やっつけ伝道師』をコンプリート。30,000ギルを入手。経験値：～3420を入手。 / pagetop / FFXIV The Lodestone / FFXIV Forum / Twitter Facebook / FF14 - 装備品 / メイン/サブ/投擲/携帯 / 頭 胴 （インナー） 手 / 帯 脚 （インナー） 足 / 首 耳 腕 指 / FF14 - クラス / アクション / 付加効果を持つ戦術 / レベル/経験値 / FF14 - モンスター / モンスター一覧 / NM / FF14 - コンテンツ / グランドカンパニー / インスタンスレイド / 蛮神バトル / 攻略型フィールド / マテリア / その他のコンテンツ / FF14 - クエスト / メインクエスト / サブクエスト / グランドカンパニークエスト / クラスクエスト / ジョブクエスト / FF14 - ギルドリーヴ / リージョナルリーヴ / ローカルリーヴ / FF14 - その他 / エリア（マップ/ショップ） / アイテム販売場所一覧 / プレイガイド / ヒストリー / アチーブメント / 食事効果 / 薬品効果 / マクロ/コマンド / 定型文 / 操作方法",
class,Thaumaturge,ナル・ザル教団特約,Law and the Order,110242,呪術士レベル36以上,4720,やっつけ伝道師,-,（パッチ1.20で報酬に経験値が追加） / （パッチ1.20で報酬から「呪術士ギルドトークン」×3600が削除）,"### ウルダハ（ ウルダハの地図を確認 ） / レベル36以上の呪術士で呪術士ギルドにいる ヤヤケ （商業層 X: 4, Y: 5）に話し、選択肢『ナル・ザル教団特約』を選ぶとイベント。選択肢「受注する」を選ぶ。 / イ・ロフィー （商業層 X: 4, Y: 5）に話すとイベント。 / ### ザナラーン（ ザナラーンの地図を確認 ） / ザナラーン（X: 8, Y: 28）に行くとインスタンス。 / 高慢そうな呪術士 （インスタンス X: 8, Y: 27）に話すとイベント。 / 高慢そうな呪術士 （インスタンス X: 8, Y: 27）に話し、選択肢「はい」を選ぶとイベント。選択肢はどれでもOK。 / 敵と戦闘。制限時間30分。1人用。（別記 : 『高慢そうな呪術士』戦 ） / 倒すとイベント。 / ### ウルダハ（ ウルダハの地図を確認 ） / イ・ロフィー （商業層 X: 4, Y: 5）に話すとイベントがありクエスト『ナル・ザル教団特約』をコンプリート。36,000ギルを入手。経験値：～4720を入手。 / pagetop / FFXIV The Lodestone / FFXIV Forum / Twitter Facebook / FF14 - 装備品 / メイン/サブ/投擲/携帯 / 頭 胴 （インナー） 手 / 帯 脚 （インナー） 足 / 首 耳 腕 指 / FF14 - クラス / アクション / 付加効果を持つ戦術 / レベル/経験値 / FF14 - モンスター / モンスター一覧 / NM / FF14 - コンテンツ / グランドカンパニー / インスタンスレイド / 蛮神バトル / 攻略型フィールド / マテリア / その他のコンテンツ / FF14 - クエスト / メインクエスト / サブクエスト / グランドカンパニークエスト / クラスクエスト / ジョブクエスト / FF14 - ギルドリーヴ / リージョナルリーヴ / ローカルリーヴ / FF14 - その他 / エリア（マップ/ショップ） / アイテム販売場所一覧 / プレイガイド / ヒストリー / アチーブメント / 食事効果 / 薬品効果 / マクロ/コマンド / 定型文 / 操作方法",
class,Weaver,赤の章,Hoodwinked,110400,裁縫師レベル20以上   /  メインクエスト『 別想 』『 招かれざる客 』『 災厄来たれり 』のいずれかをクリア,1760,-,灰の章,（パッチ1.20で報酬が追加） / （パッチ1.20で報酬に経験値が追加） / （パッチ1.20で報酬から「裁縫師ギルドトークン」×2000が削除）,"### ウルダハ（ ウルダハの地図を確認 ） / レベル20以上の裁縫師で裁縫師ギルドにいる ドスティ （商業層 X: 7, Y: 6）に話し、選択肢『赤の章』「はい」「受注する」を選ぶ。裁縫師ギルドのリンクパールを入手。 / ### ザナラーン（ ザナラーンの地図を確認 ） / ゴールドバザー（X: 38, Y: 20）に行くとイベント。 破れた赤ずきん を入手。 / ### ウルダハ（ ウルダハの地図を確認 ） / ドスティ （商業層 X: 7, Y: 6）に話し、選択肢『赤の章』を選ぶ。「赤ずきん」のレシピを入手。 / 「赤ずきん」のレシピ （パッチ1.20でレシピが変更） / 「破れた赤ずきん」＋「綿布」＋「レッドカララント」＋「綿糸」 / システムメニューの「製作」の「注文書」の中から、「クエスト」の『赤の章』「開始する」を選ぶと自動で ◆ 破れた赤ずきん がセットされる。その状態で材料を選択するとクエストの製作品を作れるようになるので、 ◆ 赤ずきん を製作する。 / クエストアイテム以外の材料は全て自前で用意する。 / ### ザナラーン（ ザナラーンの地図を確認 ） / ゴールドバザー（X: 38, Y: 20）に行くとイベント。 / ### ウルダハ（ ウルダハの地図を確認 ） / ドスティ （商業層 X: 7, Y: 6）に話し、選択肢『赤の章』を選ぶとイベントがありクエスト『赤の章』をコンプリート。20,000ギルを入手。 ブラスニードル を入手。経験値：～1760を入手。 / pagetop / FFXIV The Lodestone / FFXIV Forum / Twitter Facebook / FF14 - 装備品 / メイン/サブ/投擲/携帯 / 頭 胴 （インナー） 手 / 帯 脚 （インナー） 足 / 首 耳 腕 指 / FF14 - クラス / アクション / 付加効果を持つ戦術 / レベル/経験値 / FF14 - モンスター / モンスター一覧 / NM / FF14 - コンテンツ / グランドカンパニー / インスタンスレイド / 蛮神バトル / 攻略型フィールド / マテリア / その他のコンテンツ / FF14 - クエスト / メインクエスト / サブクエスト / グランドカンパニークエスト / クラスクエスト / ジョブクエスト / FF14 - ギルドリーヴ / リージョナルリーヴ / ローカルリーヴ / FF14 - その他 / エリア（マップ/ショップ） / アイテム販売場所一覧 / プレイガイド / ヒストリー / アチーブメント / 食事効果 / 薬品効果 / マクロ/コマンド / 定型文 / 操作方法",
class,Weaver,灰の章,Dance the Night Away,110401,裁縫師レベル30以上,3420,赤の章,白の章,（パッチ1.20で報酬に経験値が追加） / （パッチ1.20で報酬から「裁縫師ギルドトークン」×3000が削除）,"### ウルダハ（ ウルダハの地図を確認 ） / レベル30以上の裁縫師で裁縫師ギルドにいる ドスティ （商業層 X: 7, Y: 6）に話し、選択肢『灰の章』を選ぶとイベント。選択肢「受注する」を選ぶ。 / チュチュム （インスタンス 商業層 X: 7, Y: 6）に話す。 / ### グリダニア（ グリダニアの地図を確認 ） / ソアレヌ （X: 2, Y: 1）に話し、選択肢『灰の章』を選ぶ。 / 黒檀商店街（X: 8, Y: 4）に行くとインスタンス。 / セルドリー （インスタンス X: 8, Y: 3）に話す。 / シセリー （インスタンス X: 8, Y: 3）に話し、選択肢「品物の質がとても上がったらしい」を選ぶと交渉が可能になる。 / ネスタ （インスタンス X: 8, Y: 3）に話し、選択肢「品物の質がとても上がったらしい」を選ぶと交渉が可能になる。 / キールティ （インスタンス X: 8, Y: 3）に話し、選択肢「大売り出しをやっているらしい」を選ぶと交渉が可能になる。 / ミューヌ （インスタンス X: 7, Y: 3）に話し、選択肢「売り上げの一部を無償で寄付しているらしい」を選ぶと交渉が可能になる。 / それぞれ、NPCをターゲットした状態でシステムメニューの「交渉」を選び交渉をする。 / 4人と交渉をした後 セルドリー （インスタンス X: 8, Y: 3）に話すと カラスの靴 を入手。 / ### ウルダハ（ ウルダハの地図を確認 ） / 裁縫師ギルド（商業層 X: 7, Y: 5）に行くとインスタンス。 / チュチュム （インスタンス 商業層 X: 7, Y: 6）に話すとイベント。 / ドスティ （商業層 X: 7, Y: 6）に話し、選択肢『灰の章』を選ぶとクエスト『灰の章』をコンプリート。30,000ギルを入手。経験値：～3420を入手。 / pagetop / FFXIV The Lodestone / FFXIV Forum / Twitter Facebook / FF14 - 装備品 / メイン/サブ/投擲/携帯 / 頭 胴 （インナー） 手 / 帯 脚 （インナー） 足 / 首 耳 腕 指 / FF14 - クラス / アクション / 付加効果を持つ戦術 / レベル/経験値 / FF14 - モンスター / モンスター一覧 / NM / FF14 - コンテンツ / グランドカンパニー / インスタンスレイド / 蛮神バトル / 攻略型フィールド / マテリア / その他のコンテンツ / FF14 - クエスト / メインクエスト / サブクエスト / グランドカンパニークエスト / クラスクエスト / ジョブクエスト / FF14 - ギルドリーヴ / リージョナルリーヴ / ローカルリーヴ / FF14 - その他 / エリア（マップ/ショップ） / アイテム販売場所一覧 / プレイガイド / ヒストリー / アチーブメント / 食事効果 / 薬品効果 / マクロ/コマンド / 定型文 / 操作方法",
class,Weaver,白の章,A Fruitful Murder,110402,裁縫師レベル36以上,4720,灰の章,-,（パッチ1.20で報酬に経験値が追加） / （パッチ1.20で報酬から「裁縫師ギルドトークン」×3600が削除）,"### ウルダハ（ ウルダハの地図を確認 ） / レベル36以上の裁縫師で裁縫師ギルドにいる ドスティ （商業層 X: 7, Y: 6）に話し、選択肢『白の章』「受注する」を選ぶ。 / チュチュム （インスタンス 商業層 X: 7, Y: 6）に話すと「フォスティジャンの血晶膏」のレシピを入手。 / 「ラグジュアリーグローブ」のレシピ （パッチ1.20でレシピが変更） / 「ザナラーンスパイダーの露糸」＋「別珍」＋「綿糸」 / ### ザナラーン（ ザナラーンの地図を確認 ） / ザナラーン（X: 18, Y: 30）に行くと選択肢。選択肢「はい」を選ぶとインスタンス。 / チュチュム （インスタンス X: 19, Y: 29）に話す。 / チュチュム （インスタンス X: 19, Y: 29）に話すと ザナラーンスパイダーの露糸 を入手。 / システムメニューの「製作」の「注文書」の中から、「クエスト」の『白の章』「開始する」を選ぶと自動で ◆ ザナラーンスパイダーの露糸 がセットされる。その状態で材料を選択するとクエストの製作品を作れるようになるので、 ◆ ラグジュアリーグローブ を 10個 製作する。 / クエストアイテム以外の材料は全て自前で用意する。 / ◆ ラグジュアリーグローブ を1つ作るたびに チュチュム （インスタンス X: 19, Y: 29）に話し、 ザナラーンスパイダーの露糸 を入手する。 / チュチュム （インスタンス X: 19, Y: 29）に話すとインスタンス。 / チュチュム （インスタンス X: 19, Y: 29）に話す。 / ### ウルダハ（ ウルダハの地図を確認 ） / ドスティ （商業層 X: 7, Y: 6）に話すとイベント。 / ゴールドコート（政庁層 X: 6, Y: 5）に行くとイベント。 / ドスティ （商業層 X: 7, Y: 6）に話すとイベントがありクエスト『白の章』をコンプリート。36,000ギルを入手。経験値：～4720を入手。 / pagetop / FFXIV The Lodestone / FFXIV Forum / Twitter Facebook / FF14 - 装備品 / メイン/サブ/投擲/携帯 / 頭 胴 （インナー） 手 / 帯 脚 （インナー） 足 / 首 耳 腕 指 / FF14 - クラス / アクション / 付加効果を持つ戦術 / レベル/経験値 / FF14 - モンスター / モンスター一覧 / NM / FF14 - コンテンツ / グランドカンパニー / インスタンスレイド / 蛮神バトル / 攻略型フィールド / マテリア / その他のコンテンツ / FF14 - クエスト / メインクエスト / サブクエスト / グランドカンパニークエスト / クラスクエスト / ジョブクエスト / FF14 - ギルドリーヴ / リージョナルリーヴ / ローカルリーヴ / FF14 - その他 / エリア（マップ/ショップ） / アイテム販売場所一覧 / プレイガイド / ヒストリー / アチーブメント / 食事効果 / 薬品効果 / マクロ/コマンド / 定型文 / 操作方法",
job,Bard,吟遊詩人の調べ,A Song of Bards and Bowmen,111301,弓術士限定／弓術士 レベル30 及び 幻術士 レベル15,2661,-,吟遊詩人クエスト『弓兵の戦歌』,,"### グリダニア（ グリダニアの地図を確認 ） / レベル30以上の弓術士で弓術士ギルドにいる ジョルジョー （X: 8, Y: 5）に話し、選択肢『吟遊詩人の調べ』「引き受ける」を選ぶ。 / ### 黒衣森（ 黒衣森の地図を確認 ） / ジェアンテル （X: 38, Y: 48）に話す。 / プクノ・ポキ （X: 42, Y: 48）に話し、選択肢『吟遊詩人の調べ』を選ぶ。 / 黒衣森（X: 46, Y: 48）に行くと選択肢。選択肢「はい」を選ぶとコンテンツ開始。 / 敵と戦闘。制限時間30分。（別記 : 『キキルンシャラー達』戦 ） / ジェアンテル （X: 38, Y: 48）に話すとクエスト『吟遊詩人の調べ』をコンプリート。 ◆ 時神の護符 を入手。吟遊詩人の魔法「賢人のバラード」を修得。 吟遊詩人の証 を入手。経験値（弓術）：～2661を入手。 / pagetop / FFXIV The Lodestone / FFXIV Forum / Twitter Facebook / FF14 - 装備品 / メイン/サブ/投擲/携帯 / 頭 胴 （インナー） 手 / 帯 脚 （インナー） 足 / 首 耳 腕 指 / FF14 - クラス / アクション / 付加効果を持つ戦術 / レベル/経験値 / FF14 - モンスター / モンスター一覧 / NM / FF14 - コンテンツ / グランドカンパニー / インスタンスレイド / 蛮神バトル / 攻略型フィールド / マテリア / その他のコンテンツ / FF14 - クエスト / メインクエスト / サブクエスト / グランドカンパニークエスト / クラスクエスト / ジョブクエスト / FF14 - ギルドリーヴ / リージョナルリーヴ / ローカルリーヴ / FF14 - その他 / エリア（マップ/ショップ） / アイテム販売場所一覧 / プレイガイド / ヒストリー / アチーブメント / 食事効果 / 薬品効果 / マクロ/コマンド / 定型文 / 操作方法",
job,Bard,弓兵の戦歌,The Archer's Anthem,111302,吟遊詩人限定／吟遊詩人 レベル35 及び 幻術士 レベル15,3360,吟遊詩人クエスト『吟遊詩人の調べ』,吟遊詩人クエスト『時神の境地』,,"### 黒衣森（ 黒衣森の地図を確認 ） / レベル35以上の吟遊詩人で ジェアンテル （X: 38, Y: 48）に話し、選択肢『弓兵の戦歌』「引き受ける」を選ぶ。『吟遊詩人』のリンクパールを入手。 / ### ナナワ銀山（ ナナワ銀山の地図を確認 ） / 吟遊詩人でNM『 バルディ 』を倒すとクエスト『弓兵の戦歌』をコンプリート。吟遊詩人の魔法「厳命のメヌエット」を修得。経験値（弓術）：～3360を入手。 / pagetop / FFXIV The Lodestone / FFXIV Forum / Twitter Facebook / FF14 - 装備品 / メイン/サブ/投擲/携帯 / 頭 胴 （インナー） 手 / 帯 脚 （インナー） 足 / 首 耳 腕 指 / FF14 - クラス / アクション / 付加効果を持つ戦術 / レベル/経験値 / FF14 - モンスター / モンスター一覧 / NM / FF14 - コンテンツ / グランドカンパニー / インスタンスレイド / 蛮神バトル / 攻略型フィールド / マテリア / その他のコンテンツ / FF14 - クエスト / メインクエスト / サブクエスト / グランドカンパニークエスト / クラスクエスト / ジョブクエスト / FF14 - ギルドリーヴ / リージョナルリーヴ / ローカルリーヴ / FF14 - その他 / エリア（マップ/ショップ） / アイテム販売場所一覧 / プレイガイド / ヒストリー / アチーブメント / 食事効果 / 薬品効果 / マクロ/コマンド / 定型文 / 操作方法",
job,Bard,時神の境地,Bard's-Eye View,111303,吟遊詩人限定／吟遊詩人 レベル40 及び 幻術士 レベル15,4260,吟遊詩人クエスト『弓兵の戦歌』,吟遊詩人クエスト『罪深き愚者』,,"### 黒衣森（ 黒衣森の地図を確認 ） / レベル40以上の吟遊詩人で ジェアンテル （X: 38, Y: 48）に話し、選択肢『時神の境地』「引き受ける」を選ぶ。 / 吟遊詩人でNM『 パイア 』を倒すとクエスト『時神の境地』をコンプリート。吟遊詩人の魔法「軍神のパイオン」を修得。経験値（弓術）：～4260を入手。 / pagetop / FFXIV The Lodestone / FFXIV Forum / Twitter Facebook / FF14 - 装備品 / メイン/サブ/投擲/携帯 / 頭 胴 （インナー） 手 / 帯 脚 （インナー） 足 / 首 耳 腕 指 / FF14 - クラス / アクション / 付加効果を持つ戦術 / レベル/経験値 / FF14 - モンスター / モンスター一覧 / NM / FF14 - コンテンツ / グランドカンパニー / インスタンスレイド / 蛮神バトル / 攻略型フィールド / マテリア / その他のコンテンツ / FF14 - クエスト / メインクエスト / サブクエスト / グランドカンパニークエスト / クラスクエスト / ジョブクエスト / FF14 - ギルドリーヴ / リージョナルリーヴ / ローカルリーヴ / FF14 - その他 / エリア（マップ/ショップ） / アイテム販売場所一覧 / プレイガイド / ヒストリー / アチーブメント / 食事効果 / 薬品効果 / マクロ/コマンド / 定型文 / 操作方法",
job,Bard,罪深き愚者,Doing It the Bard Way,111304,吟遊詩人限定／吟遊詩人 レベル45 及び 幻術士 レベル15,5340,吟遊詩人クエスト『時神の境地』,吟遊詩人クエスト『浄罪の地を求めて』,,"### 黒衣森（ 黒衣森の地図を確認 ） / レベル45以上の吟遊詩人で ジェアンテル （X: 38, Y: 48）に話し、選択肢『罪深き愚者』「引き受ける」を選ぶ。 / 黒衣森（X: 26, Y: 11）に行くと選択肢。選択肢「はい」を選ぶとイベント。コンテンツ開始。 / 敵と戦闘。制限時間30分。（別記 : 『イクサル・スカウト達』戦 ） / 倒すとクエスト『時神の境地』をコンプリート。吟遊詩人の魔法「軍神のパイオン」を修得。経験値（弓術）：～4260を入手。 / 倒すとイベントがありクエスト『時神の境地』をコンプリート。吟遊詩人のウェポンスキル「レインオブデス」を体得。経験値（弓術）：～5340を入手。 / pagetop / FFXIV The Lodestone / FFXIV Forum / Twitter Facebook / FF14 - 装備品 / メイン/サブ/投擲/携帯 / 頭 胴 （インナー） 手 / 帯 脚 （インナー） 足 / 首 耳 腕 指 / FF14 - クラス / アクション / 付加効果を持つ戦術 / レベル/経験値 / FF14 - モンスター / モンスター一覧 / NM / FF14 - コンテンツ / グランドカンパニー / インスタンスレイド / 蛮神バトル / 攻略型フィールド / マテリア / その他のコンテンツ / FF14 - クエスト / メインクエスト / サブクエスト / グランドカンパニークエスト / クラスクエスト / ジョブクエスト / FF14 - ギルドリーヴ / リージョナルリーヴ / ローカルリーヴ / FF14 - その他 / エリア（マップ/ショップ） / アイテム販売場所一覧 / プレイガイド / ヒストリー / アチーブメント / 食事効果 / 薬品効果 / マクロ/コマンド / 定型文 / 操作方法",
job,Bard,浄罪の地を求めて,Pieces of the Past,111305,吟遊詩人限定／吟遊詩人 レベル45 及び 幻術士 レベル15,5340,吟遊詩人クエスト『罪深き愚者』,吟遊詩人クエスト『命の賛歌』,,"### 黒衣森（ 黒衣森の地図を確認 ） / レベル45以上の吟遊詩人で ジェアンテル （X: 38, Y: 48）に話し、選択肢『浄罪の地を求めて』「引き受ける」を選ぶ。 / ### 各エリア（ 各エリアの地図を確認 ） / カッターズクライ（（map2） X: 7, Y: 4）にある????（箱）を調べると ◆ ◆ コラルタイツ を入手。 / ザハラク戦陣（ザナラーン X: 49, Y: 39）にある????（箱）を調べると ◆ ◆ コラルリングバンド を入手。 / 黒衣森（X: 16, Y: 39）にある????（箱）を調べると ◆ ◆ コラルサンダル を入手。 / ラノシア（X: 20, Y: 15）にある????（箱）を調べると ◆ ◆ コラルシャポー を入手。 / 以上の全ての装備を入手するとクエスト『浄罪の地を求めて』をコンプリート。経験値（弓術）：～5340を入手。 / pagetop / FFXIV The Lodestone / FFXIV Forum / Twitter Facebook / FF14 - 装備品 / メイン/サブ/投擲/携帯 / 頭 胴 （インナー） 手 / 帯 脚 （インナー） 足 / 首 耳 腕 指 / FF14 - クラス / アクション / 付加効果を持つ戦術 / レベル/経験値 / FF14 - モンスター / モンスター一覧 / NM / FF14 - コンテンツ / グランドカンパニー / インスタンスレイド / 蛮神バトル / 攻略型フィールド / マテリア / その他のコンテンツ / FF14 - クエスト / メインクエスト / サブクエスト / グランドカンパニークエスト / クラスクエスト / ジョブクエスト / FF14 - ギルドリーヴ / リージョナルリーヴ / ローカルリーヴ / FF14 - その他 / エリア（マップ/ショップ） / アイテム販売場所一覧 / プレイガイド / ヒストリー / アチーブメント / 食事効果 / 薬品効果 / マクロ/コマンド / 定型文 / 操作方法",
job,Bard,命の賛歌,Requiem for the Fallen,111306,吟遊詩人限定／吟遊詩人 レベル50 及び 幻術士 レベル15,,吟遊詩人クエスト『浄罪の地を求めて』,-,,"### 黒衣森（ 黒衣森の地図を確認 ） / レベル50以上の吟遊詩人で ジェアンテル （X: 38, Y: 48）に話し、選択肢『命の賛歌』「引き受ける」を選ぶ。 / ### クルザス（ クルザスの地図を確認 ） / クルザス（X: 41, Y: 27）に行くと選択肢。選択肢「はい」を選ぶとコンテンツ開始。 / 敵と戦闘。制限時間30分。（別記 : 『英明のヨトリ・フェロック達』戦 ） / 倒すとイベントがありクエスト『命の賛歌』をコンプリート。 ◆ ◆ コラルシャツ を入手。吟遊詩人のアビリティ「バトルボイス」を会得。 / pagetop / FFXIV The Lodestone / FFXIV Forum / Twitter Facebook / FF14 - 装備品 / メイン/サブ/投擲/携帯 / 頭 胴 （インナー） 手 / 帯 脚 （インナー） 足 / 首 耳 腕 指 / FF14 - クラス / アクション / 付加効果を持つ戦術 / レベル/経験値 / FF14 - モンスター / モンスター一覧 / NM / FF14 - コンテンツ / グランドカンパニー / インスタンスレイド / 蛮神バトル / 攻略型フィールド / マテリア / その他のコンテンツ / FF14 - クエスト / メインクエスト / サブクエスト / グランドカンパニークエスト / クラスクエスト / ジョブクエスト / FF14 - ギルドリーヴ / リージョナルリーヴ / ローカルリーヴ / FF14 - その他 / エリア（マップ/ショップ） / アイテム販売場所一覧 / プレイガイド / ヒストリー / アチーブメント / 食事効果 / 薬品効果 / マクロ/コマンド / 定型文 / 操作方法",
job,BlackMage,黒魔道士と黒の石,Hearing Voices,111261,呪術士限定／呪術士 レベル30 及び 格闘士 レベル15,2661,-,黒魔道士クエスト『時を告げし血』,,"### ウルダハ（ ウルダハの地図を確認 ） / レベル30以上の呪術師で呪術師ギルドにいる ヤヤケ （商業層 X: 4, Y: 5）に話し、選択肢『黒魔道士と黒の石』「引き受ける」を選ぶ。 / ### ザナラーン（ ザナラーンの地図を確認 ） / ザナラーン（X: 18, Y: 30）に行くと選択肢。選択肢「はい」を選ぶとコンテンツ開始。 / 敵と戦闘。制限時間30分。（別記 : 『グアノナット達』戦 ） / 倒すとイベント。 シャトトの魔石 を入手。 / ### ウルダハ（ ウルダハの地図を確認 ） / ヤヤケ （商業層 X: 4, Y: 5）に話し、選択肢『黒魔道士と黒の石』を選ぶとイベントがありクエスト『黒魔道士と黒の石』をコンプリート。 ◆ 時神の護符 を入手。黒魔道士のアビリティ「コンバート」を会得。 黒魔道士の証 を入手。経験値（呪術）：～2661を入手。 / pagetop / FFXIV The Lodestone / FFXIV Forum / Twitter Facebook / FF14 - 装備品 / メイン/サブ/投擲/携帯 / 頭 胴 （インナー） 手 / 帯 脚 （インナー） 足 / 首 耳 腕 指 / FF14 - クラス / アクション / 付加効果を持つ戦術 / レベル/経験値 / FF14 - モンスター / モンスター一覧 / NM / FF14 - コンテンツ / グランドカンパニー / インスタンスレイド / 蛮神バトル / 攻略型フィールド / マテリア / その他のコンテンツ / FF14 - クエスト / メインクエスト / サブクエスト / グランドカンパニークエスト / クラスクエスト / ジョブクエスト / FF14 - ギルドリーヴ / リージョナルリーヴ / ローカルリーヴ / FF14 - その他 / エリア（マップ/ショップ） / アイテム販売場所一覧 / プレイガイド / ヒストリー / アチーブメント / 食事効果 / 薬品効果 / マクロ/コマンド / 定型文 / 操作方法",
job,BlackMage,時を告げし血,A Time to Kill,111262,黒魔道士限定／黒魔道士 レベル35 及び 格闘士 レベル15,3360,黒魔道士クエスト『黒魔道士と黒の石』,黒魔道士クエスト『異郷なる友』,,"### ウルダハ（ ウルダハの地図を確認 ） / レベル35以上の黒魔道士で ラライ （商業層 X: 7, Y: 6）に話し、選択肢『時を告げし血』「引き受ける」を選ぶ。『黒魔道士』のリンクパールを入手。 / ### ザナラーン（ ザナラーンの地図を確認 ） / 黒魔道士でNM『 ダディーロングレッグ 』を倒すとクエスト『時を告げし血』をコンプリート。黒魔道士の魔法「フリーズ」を修得。経験値（呪術）：～3360を入手。 / pagetop / FFXIV The Lodestone / FFXIV Forum / Twitter Facebook / FF14 - 装備品 / メイン/サブ/投擲/携帯 / 頭 胴 （インナー） 手 / 帯 脚 （インナー） 足 / 首 耳 腕 指 / FF14 - クラス / アクション / 付加効果を持つ戦術 / レベル/経験値 / FF14 - モンスター / モンスター一覧 / NM / FF14 - コンテンツ / グランドカンパニー / インスタンスレイド / 蛮神バトル / 攻略型フィールド / マテリア / その他のコンテンツ / FF14 - クエスト / メインクエスト / サブクエスト / グランドカンパニークエスト / クラスクエスト / ジョブクエスト / FF14 - ギルドリーヴ / リージョナルリーヴ / ローカルリーヴ / FF14 - その他 / エリア（マップ/ショップ） / アイテム販売場所一覧 / プレイガイド / ヒストリー / アチーブメント / 食事効果 / 薬品効果 / マクロ/コマンド / 定型文 / 操作方法",
job,BlackMage,異郷なる友,International Relations,111263,黒魔道士限定／黒魔道士 レベル40 及び 格闘士 レベル15,4260,黒魔道士クエスト『時を告げし血』,黒魔道士クエスト『いざないの霧』,,"### ウルダハ（ ウルダハの地図を確認 ） / レベル40以上の黒魔道士で ラライ （商業層 X: 7, Y: 6）に話し、選択肢『異郷なる友』「引き受ける」を選ぶ。 / ### ザナラーン（ ザナラーンの地図を確認 ） / カザグ・チャー （X: 11, Y: 28）に話す。 / カザグ・チャー / ザナラーン（X: 8, Y: 28）から地下を通って カザグ・チャー （X: 11, Y: 28）のいる場所へ。 / ### ラノシア（ ラノシアの地図を確認 ） / ラノシア（X: 4, Y: 19）に行くと選択肢。選択肢「はい」を選ぶとコンテンツ開始。 / 敵と戦闘。制限時間30分。（別記 : 『ラゲッドヒッポセルフ達』戦 ） / ### ザナラーン（ ザナラーンの地図を確認 ） / カザグ・チャー （X: 11, Y: 28）に話すとクエスト『異郷なる友』をコンプリート。黒魔道士の魔法「フレア」を修得。経験値（呪術）：～4260を入手。 / pagetop / FFXIV The Lodestone / FFXIV Forum / Twitter Facebook / FF14 - 装備品 / メイン/サブ/投擲/携帯 / 頭 胴 （インナー） 手 / 帯 脚 （インナー） 足 / 首 耳 腕 指 / FF14 - クラス / アクション / 付加効果を持つ戦術 / レベル/経験値 / FF14 - モンスター / モンスター一覧 / NM / FF14 - コンテンツ / グランドカンパニー / インスタンスレイド / 蛮神バトル / 攻略型フィールド / マテリア / その他のコンテンツ / FF14 - クエスト / メインクエスト / サブクエスト / グランドカンパニークエスト / クラスクエスト / ジョブクエスト / FF14 - ギルドリーヴ / リージョナルリーヴ / ローカルリーヴ / FF14 - その他 / エリア（マップ/ショップ） / アイテム販売場所一覧 / プレイガイド / ヒストリー / アチーブメント / 食事効果 / 薬品効果 / マクロ/コマンド / 定型文 / 操作方法",
job,BlackMage,いざないの霧,The Voidgate Breathes Gloomy,111264,黒魔道士限定／黒魔道士 レベル45 及び 格闘士 レベル15,5340,黒魔道士クエスト『異郷なる友』,黒魔道士クエスト『道を求むる旅』,,"### ザナラーン（ ザナラーンの地図を確認 ） / レベル45以上の黒魔道士で ドゾル・メロック （X: 11, Y: 28）に話し、選択肢『いざないの霧』を選ぶと選択肢。次の選択肢はどれでもOK。選択肢「引き受ける」を選ぶ。 / ドゾル・メロック / ザナラーン（X: 8, Y: 28）から地下を通って ドゾル・メロック （X: 11, Y: 28）のいる場所へ。 / ### 黒衣森（ 黒衣森の地図を確認 ） / 黒衣森（X: 14, Y: 39）にある????（石塔）を調べるとクエスト『いざないの霧』をコンプリート。黒魔道士の魔法「スリプガ」を修得。経験値（呪術）：～5340を入手。 / pagetop / FFXIV The Lodestone / FFXIV Forum / Twitter Facebook / FF14 - 装備品 / メイン/サブ/投擲/携帯 / 頭 胴 （インナー） 手 / 帯 脚 （インナー） 足 / 首 耳 腕 指 / FF14 - クラス / アクション / 付加効果を持つ戦術 / レベル/経験値 / FF14 - モンスター / モンスター一覧 / NM / FF14 - コンテンツ / グランドカンパニー / インスタンスレイド / 蛮神バトル / 攻略型フィールド / マテリア / その他のコンテンツ / FF14 - クエスト / メインクエスト / サブクエスト / グランドカンパニークエスト / クラスクエスト / ジョブクエスト / FF14 - ギルドリーヴ / リージョナルリーヴ / ローカルリーヴ / FF14 - その他 / エリア（マップ/ショップ） / アイテム販売場所一覧 / プレイガイド / ヒストリー / アチーブメント / 食事効果 / 薬品効果 / マクロ/コマンド / 定型文 / 操作方法",
job,BlackMage,道を求むる旅,Gearing Up,111265,黒魔道士限定／黒魔道士 レベル45 及び 格闘士 レベル15,5340,黒魔道士クエスト『いざないの霧』,黒魔道士クエスト『黒魔法の導き手』,,"### ザナラーン（ ザナラーンの地図を確認 ） / レベル45以上の黒魔道士で メンディカント269 ダ・ザ （X: 11, Y: 28）に話し、選択肢『道を求むる旅』を選ぶと選択肢。次の選択肢はどれでもOK。選択肢「引き受ける」を選ぶ。 / メンディカント269 ダ・ザ / ザナラーン（X: 8, Y: 28）から地下を通って メンディカント269 ダ・ザ （X: 11, Y: 28）のいる場所へ。 / ### 各エリア（ 各エリアの地図を確認 ） / オーラムヴェイル（（map1） X: 6, Y: 4）にある????（箱）を調べると ◆ ◆ ウィザードトンバン を入手。 / クルザス（X: 19, Y: 14）にある????（箱）を調べると ◆ ◆ ウィザードグローブ を入手。 / モードゥナ（X: 15, Y: 19）にある????（箱）を調べると ◆ ◆ ウィザードクラコー を入手。 / ザナラーン（X: 45, Y: 45）にある????（箱）を調べると ◆ ◆ ウィザードペタソス を入手。 / 以上の全ての装備を入手するとクエスト『道を求むる旅』をコンプリート。経験値（呪術）：～5340を入手。 / pagetop / FFXIV The Lodestone / FFXIV Forum / Twitter Facebook / FF14 - 装備品 / メイン/サブ/投擲/携帯 / 頭 胴 （インナー） 手 / 帯 脚 （インナー） 足 / 首 耳 腕 指 / FF14 - クラス / アクション / 付加効果を持つ戦術 / レベル/経験値 / FF14 - モンスター / モンスター一覧 / NM / FF14 - コンテンツ / グランドカンパニー / インスタンスレイド / 蛮神バトル / 攻略型フィールド / マテリア / その他のコンテンツ / FF14 - クエスト / メインクエスト / サブクエスト / グランドカンパニークエスト / クラスクエスト / ジョブクエスト / FF14 - ギルドリーヴ / リージョナルリーヴ / ローカルリーヴ / FF14 - その他 / エリア（マップ/ショップ） / アイテム販売場所一覧 / プレイガイド / ヒストリー / アチーブメント / 食事効果 / 薬品効果 / マクロ/コマンド / 定型文 / 操作方法",
job,BlackMage,黒魔法の導き手,Always Bet on Black,111266,黒魔道士限定／黒魔道士 レベル50 及び 格闘士 レベル15,,黒魔道士クエスト『道を求むる旅』,-,,"### ザナラーン（ ザナラーンの地図を確認 ） / レベル50以上の黒魔道士で メンディカント269 ダ・ザ （X: 11, Y: 28）に話し、選択肢『黒魔法の導き手』「引き受ける」を選ぶ。 / メンディカント269 ダ・ザ / ザナラーン（X: 8, Y: 28）から地下を通って メンディカント269 ダ・ザ （X: 11, Y: 28）のいる場所へ。 / ドゾル・メロック （X: 11, Y: 28）に話す。 / カザグ・チャー （X: 11, Y: 28）に話す。 / メインメニューの「クエストリンクパール」の「『黒魔道士』」を確認する。 / ### ウルダハ（ ウルダハの地図を確認 ） / ラライ （商業層 X: 7, Y: 6）に話す。 / ### ザナラーン（ ザナラーンの地図を確認 ） / ザナラーン（X: 35, Y: 37）に行くと選択肢。選択肢「はい」を選ぶとイベント。コンテンツ開始。 / 敵と戦闘。制限時間30分。（別記 : 『バルバトス達』戦 ） / 倒すとイベントがありクエスト『黒魔法の導き手』をコンプリート。 ◆ ◆ ウィザードコート を入手。黒魔道士の魔法「バースト」を修得。 / pagetop / FFXIV The Lodestone / FFXIV Forum / Twitter Facebook / FF14 - 装備品 / メイン/サブ/投擲/携帯 / 頭 胴 （インナー） 手 / 帯 脚 （インナー） 足 / 首 耳 腕 指 / FF14 - クラス / アクション / 付加効果を持つ戦術 / レベル/経験値 / FF14 - モンスター / モンスター一覧 / NM / FF14 - コンテンツ / グランドカンパニー / インスタンスレイド / 蛮神バトル / 攻略型フィールド / マテリア / その他のコンテンツ / FF14 - クエスト / メインクエスト / サブクエスト / グランドカンパニークエスト / クラスクエスト / ジョブクエスト / FF14 - ギルドリーヴ / リージョナルリーヴ / ローカルリーヴ / FF14 - その他 / エリア（マップ/ショップ） / アイテム販売場所一覧 / プレイガイド / ヒストリー / アチーブメント / 食事効果 / 薬品効果 / マクロ/コマンド / 定型文 / 操作方法",
job,Dragoon,目覚めし竜騎士,Eye of the Dragon,111321,槍術士限定／槍術士 レベル30 及び 格闘士 レベル15,2661,-,竜騎士クエスト『戦神の槍』,,"### グリダニア（ グリダニアの地図を確認 ） / レベル30以上の槍術士で槍術士ギルドにいる オルトゥフェル （X: 8, Y: 2）に話し、選択肢『目覚めし竜騎士』「引き受ける」を選ぶ。 / ### クルザス（ クルザスの地図を確認 ） / アルベリク （X: 35, Y: 18）に話す。 / ### 黒衣森（ 黒衣森の地図を確認 ） / 黒衣森（X: 45, Y: 29）に行くと選択肢。選択肢「はい」を選ぶとコンテンツ開始。 / 敵と戦闘。制限時間30分。（別記 : 『クラブフィッシャー達』戦 ） / 倒すとイベント。 / ### クルザス（ クルザスの地図を確認 ） / アルベリク （X: 35, Y: 18）に話すとクエスト『目覚めし竜騎士』をコンプリート。 ◆ 時神の護符 を入手。竜騎士のアビリティ「ジャンプ」を会得。 竜騎士の証 を入手。経験値（槍術）：～2661を入手。 / pagetop / FFXIV The Lodestone / FFXIV Forum / Twitter Facebook / FF14 - 装備品 / メイン/サブ/投擲/携帯 / 頭 胴 （インナー） 手 / 帯 脚 （インナー） 足 / 首 耳 腕 指 / FF14 - クラス / アクション / 付加効果を持つ戦術 / レベル/経験値 / FF14 - モンスター / モンスター一覧 / NM / FF14 - コンテンツ / グランドカンパニー / インスタンスレイド / 蛮神バトル / 攻略型フィールド / マテリア / その他のコンテンツ / FF14 - クエスト / メインクエスト / サブクエスト / グランドカンパニークエスト / クラスクエスト / ジョブクエスト / FF14 - ギルドリーヴ / リージョナルリーヴ / ローカルリーヴ / FF14 - その他 / エリア（マップ/ショップ） / アイテム販売場所一覧 / プレイガイド / ヒストリー / アチーブメント / 食事効果 / 薬品効果 / マクロ/コマンド / 定型文 / 操作方法",
job,Dragoon,戦神の槍,Lance of Fury,111322,竜騎士限定／竜騎士 レベル35 及び 格闘士 レベル15,3360,竜騎士クエスト『目覚めし竜騎士』,竜騎士クエスト『消えぬ爪痕』,,"### クルザス（ クルザスの地図を確認 ） / レベル35以上の竜騎士で アルベリク （X: 35, Y: 18）に話し、選択肢『戦神の槍』「引き受ける」を選ぶ。『竜騎士』のリンクパールを入手。 / ### 浮海月の巌穴（ 浮海月の巌穴の地図を確認 ） / 竜騎士でNM『 ボムバロン 』を倒すとクエスト『戦神の槍』をコンプリート。竜騎士のウェポンスキル「ディセムボウル」を体得。経験値（槍術）：～3360を入手。 / pagetop / FFXIV The Lodestone / FFXIV Forum / Twitter Facebook / FF14 - 装備品 / メイン/サブ/投擲/携帯 / 頭 胴 （インナー） 手 / 帯 脚 （インナー） 足 / 首 耳 腕 指 / FF14 - クラス / アクション / 付加効果を持つ戦術 / レベル/経験値 / FF14 - モンスター / モンスター一覧 / NM / FF14 - コンテンツ / グランドカンパニー / インスタンスレイド / 蛮神バトル / 攻略型フィールド / マテリア / その他のコンテンツ / FF14 - クエスト / メインクエスト / サブクエスト / グランドカンパニークエスト / クラスクエスト / ジョブクエスト / FF14 - ギルドリーヴ / リージョナルリーヴ / ローカルリーヴ / FF14 - その他 / エリア（マップ/ショップ） / アイテム販売場所一覧 / プレイガイド / ヒストリー / アチーブメント / 食事効果 / 薬品効果 / マクロ/コマンド / 定型文 / 操作方法",
job,Dragoon,消えぬ爪痕,Unfading Scars,111323,竜騎士限定／竜騎士 レベル40 及び 格闘士 レベル15,4260,竜騎士クエスト『戦神の槍』,竜騎士クエスト『双竜の邂逅』,,"### クルザス（ クルザスの地図を確認 ） / レベル40以上の竜騎士で アルベリク （X: 35, Y: 18）に話し、選択肢『消えぬ爪痕』「引き受ける」を選ぶ。 / 竜騎士でNM『 スピットファイア 』を倒すとクエスト『消えぬ爪痕』をコンプリート。竜騎士のアビリティ「イルーシブジャンプ」を会得。経験値（槍術）：～4260を入手。 / pagetop / FFXIV The Lodestone / FFXIV Forum / Twitter Facebook / FF14 - 装備品 / メイン/サブ/投擲/携帯 / 頭 胴 （インナー） 手 / 帯 脚 （インナー） 足 / 首 耳 腕 指 / FF14 - クラス / アクション / 付加効果を持つ戦術 / レベル/経験値 / FF14 - モンスター / モンスター一覧 / NM / FF14 - コンテンツ / グランドカンパニー / インスタンスレイド / 蛮神バトル / 攻略型フィールド / マテリア / その他のコンテンツ / FF14 - クエスト / メインクエスト / サブクエスト / グランドカンパニークエスト / クラスクエスト / ジョブクエスト / FF14 - ギルドリーヴ / リージョナルリーヴ / ローカルリーヴ / FF14 - その他 / エリア（マップ/ショップ） / アイテム販売場所一覧 / プレイガイド / ヒストリー / アチーブメント / 食事効果 / 薬品効果 / マクロ/コマンド / 定型文 / 操作方法",
job,Dragoon,双竜の邂逅,Double Dragoon,111324,竜騎士限定／竜騎士 レベル45 及び 格闘士 レベル15,5340,竜騎士クエスト『消えぬ爪痕』,竜騎士クエスト『邪竜の声』,,"### クルザス（ クルザスの地図を確認 ） / レベル45以上の竜騎士で アルベリク （X: 35, Y: 18）に話し、選択肢『双竜の邂逅』「引き受ける」を選ぶ。 / クルザス（X: 38, Y: 26）に行くと選択肢。選択肢「はい」を選ぶとイベント。 / ### 各エリア（ 各エリアの地図を確認 ） / オーラムヴェイル（（map1） X: 6, Y: 4）にある????（箱）を調べると ◆ ◆ ドラケンブリーチ を入手。 / モードゥナ（X: 18, Y: 18）にある????（箱）を調べると ◆ ◆ ドラケングリーヴ を入手。 / ウ・ガマロ武装鉱山（X: 5, Y: 3）にある????（箱）を調べると ◆ ◆ ドラケンガントレット を入手。 / ザナラーン（X: 25, Y: 5）にある????（箱）を調べると ◆ ◆ ドラケンアーメット を入手。 / 以上の全ての装備を入手するとクエスト『双竜の邂逅』をコンプリート。経験値（槍術）：～5340を入手。 / pagetop / FFXIV The Lodestone / FFXIV Forum / Twitter Facebook / FF14 - 装備品 / メイン/サブ/投擲/携帯 / 頭 胴 （インナー） 手 / 帯 脚 （インナー） 足 / 首 耳 腕 指 / FF14 - クラス / アクション / 付加効果を持つ戦術 / レベル/経験値 / FF14 - モンスター / モンスター一覧 / NM / FF14 - コンテンツ / グランドカンパニー / インスタンスレイド / 蛮神バトル / 攻略型フィールド / マテリア / その他のコンテンツ / FF14 - クエスト / メインクエスト / サブクエスト / グランドカンパニークエスト / クラスクエスト / ジョブクエスト / FF14 - ギルドリーヴ / リージョナルリーヴ / ローカルリーヴ / FF14 - その他 / エリア（マップ/ショップ） / アイテム販売場所一覧 / プレイガイド / ヒストリー / アチーブメント / 食事効果 / 薬品効果 / マクロ/コマンド / 定型文 / 操作方法",
job,Dragoon,邪竜の声,Fatal Seduction,111325,竜騎士限定／竜騎士 レベル45 及び 格闘士 レベル15,5340,竜騎士クエスト『双竜の邂逅』,竜騎士クエスト『蒼の竜騎士』,,"### クルザス（ クルザスの地図を確認 ） / レベル45以上の竜騎士で アルベリク （X: 35, Y: 18）に話し、選択肢『邪竜の声』を選ぶと選択肢。次の選択肢はどれでもOK。選択肢「引き受ける」を選ぶ。 / クルザス（X: 17～18, Y: 21～22）にいる ストレンヴルム （レベル53）を倒すとクエスト『邪竜の声』をコンプリート。竜騎士のウェポンスキル「リングオブタロン」を体得。経験値（槍術）：～5340を入手。 / pagetop / FFXIV The Lodestone / FFXIV Forum / Twitter Facebook / FF14 - 装備品 / メイン/サブ/投擲/携帯 / 頭 胴 （インナー） 手 / 帯 脚 （インナー） 足 / 首 耳 腕 指 / FF14 - クラス / アクション / 付加効果を持つ戦術 / レベル/経験値 / FF14 - モンスター / モンスター一覧 / NM / FF14 - コンテンツ / グランドカンパニー / インスタンスレイド / 蛮神バトル / 攻略型フィールド / マテリア / その他のコンテンツ / FF14 - クエスト / メインクエスト / サブクエスト / グランドカンパニークエスト / クラスクエスト / ジョブクエスト / FF14 - ギルドリーヴ / リージョナルリーヴ / ローカルリーヴ / FF14 - その他 / エリア（マップ/ショップ） / アイテム販売場所一覧 / プレイガイド / ヒストリー / アチーブメント / 食事効果 / 薬品効果 / マクロ/コマンド / 定型文 / 操作方法",
job,Dragoon,蒼の竜騎士,Into the Dragon's Maw,111326,竜騎士限定／竜騎士 レベル50 及び 格闘士 レベル15,,竜騎士クエスト『邪竜の声』,-,,"レベル50以上の竜騎士で アルベリク （X: 35, Y: 18）に話し、選択肢『蒼の竜騎士』を選ぶと選択肢。次の選択肢はどれでもOK。選択肢「引き受ける」を選ぶ。 / クルザス（X: 43, Y: 27）に行くと選択肢。選択肢「はい」を選ぶとイベント。コンテンツ開始。 / 敵と戦闘。制限時間30分。（別記 : 『屠龍のエスティニアン達』戦 ） / 倒すとイベント。 / アルベリク （X: 35, Y: 18）に話すとクエスト『蒼の竜騎士』をコンプリート。 ◆ ◆ ドラケンメイル を入手。竜騎士のアビリティ「ドラゴンダイブ」を会得。 / pagetop / FFXIV The Lodestone / FFXIV Forum / Twitter Facebook / FF14 - 装備品 / メイン/サブ/投擲/携帯 / 頭 胴 （インナー） 手 / 帯 脚 （インナー） 足 / 首 耳 腕 指 / FF14 - クラス / アクション / 付加効果を持つ戦術 / レベル/経験値 / FF14 - モンスター / モンスター一覧 / NM / FF14 - コンテンツ / グランドカンパニー / インスタンスレイド / 蛮神バトル / 攻略型フィールド / マテリア / その他のコンテンツ / FF14 - クエスト / メインクエスト / サブクエスト / グランドカンパニークエスト / クラスクエスト / ジョブクエスト / FF14 - ギルドリーヴ / リージョナルリーヴ / ローカルリーヴ / FF14 - その他 / エリア（マップ/ショップ） / アイテム販売場所一覧 / プレイガイド / ヒストリー / アチーブメント / 食事効果 / 薬品効果 / マクロ/コマンド / 定型文 / 操作方法",
job,Monk,さすらいのモンク,Brother from Another Mother,111221,格闘士限定／格闘士 レベル30 及び 槍術士 レベル15,2661,-,モンククエスト『青き古戦場』,,"### ウルダハ（ ウルダハの地図を確認 ） / レベル30以上の格闘士で格闘士ギルドにいる ガガルナ （商業層 X: 5, Y: 4）に話し、選択肢『さすらいのモンク』「引き受ける」を選ぶ。 / エリック （商業層 X: 7, Y: 3）に話し、選択肢『さすらいのモンク』を選ぶ。 / ### ザナラーン（ ザナラーンの地図を確認 ） / ザナラーン（X: 39, Y: 29）に行くと選択肢。選択肢「はい」を選ぶとコンテンツ開始。 / 敵と戦闘。制限時間30分。（別記 : 『ラナゲートインプ達』戦 ） / 倒すとイベントがありクエスト『さすらいのモンク』をコンプリート。 ◆ 時神の護符 を入手。モンクのアビリティ「羅刹衝」を会得。 モンクの証 を入手。経験値（闘術）：～2661を入手。『モンク』のリンクパールを入手。 / pagetop / FFXIV The Lodestone / FFXIV Forum / Twitter Facebook / FF14 - 装備品 / メイン/サブ/投擲/携帯 / 頭 胴 （インナー） 手 / 帯 脚 （インナー） 足 / 首 耳 腕 指 / FF14 - クラス / アクション / 付加効果を持つ戦術 / レベル/経験値 / FF14 - モンスター / モンスター一覧 / NM / FF14 - コンテンツ / グランドカンパニー / インスタンスレイド / 蛮神バトル / 攻略型フィールド / マテリア / その他のコンテンツ / FF14 - クエスト / メインクエスト / サブクエスト / グランドカンパニークエスト / クラスクエスト / ジョブクエスト / FF14 - ギルドリーヴ / リージョナルリーヴ / ローカルリーヴ / FF14 - その他 / エリア（マップ/ショップ） / アイテム販売場所一覧 / プレイガイド / ヒストリー / アチーブメント / 食事効果 / 薬品効果 / マクロ/コマンド / 定型文 / 操作方法",
job,Monk,青き古戦場,Insulted Intelligence,111222,モンク限定／モンク レベル35 及び 槍術士 レベル15,3360,モンククエスト『さすらいのモンク』,モンククエスト『不和から至る旋律』,,"### ウルダハ（ ウルダハの地図を確認 ） / レベル35以上のモンクで エリック （商業層 X: 7, Y: 3）に話し、選択肢『青き古戦場』「引き受ける」を選ぶ。 新式エーテル流測針 を入手。 / ### ラノシア（ ラノシアの地図を確認 ） / モンクでNM『 グルタナスガーティ 』を倒すとクエスト『青き古戦場』をコンプリート。モンクのアビリティ「蹴撃」を会得。経験値（闘術）：～3360を入手。 / pagetop / FFXIV The Lodestone / FFXIV Forum / Twitter Facebook / FF14 - 装備品 / メイン/サブ/投擲/携帯 / 頭 胴 （インナー） 手 / 帯 脚 （インナー） 足 / 首 耳 腕 指 / FF14 - クラス / アクション / 付加効果を持つ戦術 / レベル/経験値 / FF14 - モンスター / モンスター一覧 / NM / FF14 - コンテンツ / グランドカンパニー / インスタンスレイド / 蛮神バトル / 攻略型フィールド / マテリア / その他のコンテンツ / FF14 - クエスト / メインクエスト / サブクエスト / グランドカンパニークエスト / クラスクエスト / ジョブクエスト / FF14 - ギルドリーヴ / リージョナルリーヴ / ローカルリーヴ / FF14 - その他 / エリア（マップ/ショップ） / アイテム販売場所一覧 / プレイガイド / ヒストリー / アチーブメント / 食事効果 / 薬品効果 / マクロ/コマンド / 定型文 / 操作方法",
job,Monk,不和から至る旋律,The Pursuit of Power,111223,モンク限定／モンク レベル40 及び 槍術士 レベル15,4260,モンククエスト『青き古戦場』,モンククエスト『チャクラの波紋』,,"### ウルダハ（ ウルダハの地図を確認 ） / レベル40以上のモンクで エリック （商業層 X: 7, Y: 3）に話し、選択肢『不和から至る旋律』「引き受ける」を選ぶ。 旧式エーテル流測針 を入手。 / ### ザナラーン（ ザナラーンの地図を確認 ） / ウィダルゲルト （X: 39, Y: 31）に話す。 / ### ムントゥイ醸造庫（ ムントゥイ醸造庫の地図を確認 ） / モンクでNM『 プリンスオブペスト 』を倒す。 / ムントゥイ醸造庫（X: 7, Y: 4）にある????を調べるとイベントがありクエスト『不和から至る旋律』をコンプリート。モンクのアビリティ「疾風の構え」を会得。経験値（闘術）：～4260を入手。 / pagetop / FFXIV The Lodestone / FFXIV Forum / Twitter Facebook / FF14 - 装備品 / メイン/サブ/投擲/携帯 / 頭 胴 （インナー） 手 / 帯 脚 （インナー） 足 / 首 耳 腕 指 / FF14 - クラス / アクション / 付加効果を持つ戦術 / レベル/経験値 / FF14 - モンスター / モンスター一覧 / NM / FF14 - コンテンツ / グランドカンパニー / インスタンスレイド / 蛮神バトル / 攻略型フィールド / マテリア / その他のコンテンツ / FF14 - クエスト / メインクエスト / サブクエスト / グランドカンパニークエスト / クラスクエスト / ジョブクエスト / FF14 - ギルドリーヴ / リージョナルリーヴ / ローカルリーヴ / FF14 - その他 / エリア（マップ/ショップ） / アイテム販売場所一覧 / プレイガイド / ヒストリー / アチーブメント / 食事効果 / 薬品効果 / マクロ/コマンド / 定型文 / 操作方法",
job,Monk,チャクラの波紋,Good Vibrations,111224,モンク限定／モンク レベル45 及び 槍術士 レベル15,5340,モンククエスト『不和から至る旋律』,モンククエスト『無明の内地』,,"### ウルダハ（ ウルダハの地図を確認 ） / レベル45以上のモンクで エリック （商業層 X: 7, Y: 3）に話し、選択肢『チャクラの波紋』「引き受ける」を選ぶ。 試製エーテル流測針 を入手。 / ### ザナラーン（ ザナラーンの地図を確認 ） / ザナラーン（X: 10, Y: 18）にいる アペプ （レベル53）を倒すとクエスト『チャクラの波紋』をコンプリート。モンクのウェポンスキル「双竜脚」を体得。経験値（闘術）：～5340を入手。 / pagetop / FFXIV The Lodestone / FFXIV Forum / Twitter Facebook / FF14 - 装備品 / メイン/サブ/投擲/携帯 / 頭 胴 （インナー） 手 / 帯 脚 （インナー） 足 / 首 耳 腕 指 / FF14 - クラス / アクション / 付加効果を持つ戦術 / レベル/経験値 / FF14 - モンスター / モンスター一覧 / NM / FF14 - コンテンツ / グランドカンパニー / インスタンスレイド / 蛮神バトル / 攻略型フィールド / マテリア / その他のコンテンツ / FF14 - クエスト / メインクエスト / サブクエスト / グランドカンパニークエスト / クラスクエスト / ジョブクエスト / FF14 - ギルドリーヴ / リージョナルリーヴ / ローカルリーヴ / FF14 - その他 / エリア（マップ/ショップ） / アイテム販売場所一覧 / プレイガイド / ヒストリー / アチーブメント / 食事効果 / 薬品効果 / マクロ/コマンド / 定型文 / 操作方法",
job,Monk,無明の内地,Five Easy Pieces,111225,モンク限定／モンク レベル45 及び 槍術士 レベル15,5340,モンククエスト『チャクラの波紋』,モンククエスト『廃王の帰還』,,"### ザナラーン（ ザナラーンの地図を確認 ） / レベル45以上のモンクで ウィダルゲルト （X: 39, Y: 31）に話し、選択肢『無明の内地』「引き受ける」を選ぶ。 / ### 各エリア（ 各エリアの地図を確認 ） / ゼーメル要塞（（map2/（ ディープヴォイドスレイヴ 後）） X: 6, Y: 5）にある????（箱）を調べると ◆ ◆ テンプルグローブ を入手。 / ウ・ガマロ武装鉱山（X: 5, Y: 3）にある????（箱）を調べると ◆ ◆ テンプルガスキン を入手。 / 黒衣森（X: 15, Y: 40）にある????（箱）を調べると ◆ ◆ テンプルサークレット を入手。 / ザナラーン（X: 28, Y: 36）にある????（箱）を調べると ◆ ◆ テンプルブーツ を入手。 / 以上の全ての装備を入手するとクエスト『無明の内地』をコンプリート。経験値（闘術）：～5340を入手。 / pagetop / FFXIV The Lodestone / FFXIV Forum / Twitter Facebook / FF14 - 装備品 / メイン/サブ/投擲/携帯 / 頭 胴 （インナー） 手 / 帯 脚 （インナー） 足 / 首 耳 腕 指 / FF14 - クラス / アクション / 付加効果を持つ戦術 / レベル/経験値 / FF14 - モンスター / モンスター一覧 / NM / FF14 - コンテンツ / グランドカンパニー / インスタンスレイド / 蛮神バトル / 攻略型フィールド / マテリア / その他のコンテンツ / FF14 - クエスト / メインクエスト / サブクエスト / グランドカンパニークエスト / クラスクエスト / ジョブクエスト / FF14 - ギルドリーヴ / リージョナルリーヴ / ローカルリーヴ / FF14 - その他 / エリア（マップ/ショップ） / アイテム販売場所一覧 / プレイガイド / ヒストリー / アチーブメント / 食事効果 / 薬品効果 / マクロ/コマンド / 定型文 / 操作方法",
job,Monk,廃王の帰還,Return of the King...of Ruin,111226,モンク限定／モンク レベル50 及び 槍術士 レベル15,,モンククエスト『無明の内地』,-,,"### ウルダハ（ ウルダハの地図を確認 ） / レベル50以上のモンクで エリック （商業層 X: 7, Y: 3）に話し、選択肢『廃王の帰還』「引き受ける」を選ぶ。 / ### モードゥナ（ モードゥナの地図を確認 ） / モードゥナ（X: 11, Y: 16）に行くと選択肢。選択肢「はい」を選ぶとイベント。コンテンツ開始。 / 敵と戦闘。制限時間30分。（別記 : 『紫電のウィダルゲルト達』戦 ） / 倒すとイベントがありインスタンス。 / ウィダルゲルト （インスタンス X: 11, Y: 16）に話すとクエスト『廃王の帰還』をコンプリート。 ◆ ◆ テンプルシクラス を入手。モンクのアビリティ「百烈拳」を会得。 / pagetop / FFXIV The Lodestone / FFXIV Forum / Twitter Facebook / FF14 - 装備品 / メイン/サブ/投擲/携帯 / 頭 胴 （インナー） 手 / 帯 脚 （インナー） 足 / 首 耳 腕 指 / FF14 - クラス / アクション / 付加効果を持つ戦術 / レベル/経験値 / FF14 - モンスター / モンスター一覧 / NM / FF14 - コンテンツ / グランドカンパニー / インスタンスレイド / 蛮神バトル / 攻略型フィールド / マテリア / その他のコンテンツ / FF14 - クエスト / メインクエスト / サブクエスト / グランドカンパニークエスト / クラスクエスト / ジョブクエスト / FF14 - ギルドリーヴ / リージョナルリーヴ / ローカルリーヴ / FF14 - その他 / エリア（マップ/ショップ） / アイテム販売場所一覧 / プレイガイド / ヒストリー / アチーブメント / 食事効果 / 薬品効果 / マクロ/コマンド / 定型文 / 操作方法",
job,Paladin,ナイトの誓約,Paladin's Pledge,111281,剣術士限定／剣術士 レベル30 及び 幻術士 レベル15,2661,-,ナイトクエスト『慕いし背中』,,"### ウルダハ（ ウルダハの地図を確認 ） / レベル30以上の剣術士で剣術士ギルドにいる ルルツ （商業層 X: 5, Y: 5）に話し、選択肢『ナイトの誓約』「引き受ける」を選ぶ。 / ジェンリンス （政庁層 X: 6, Y: 5）に話す。 / ### ザナラーン（ ザナラーンの地図を確認 ） / ザナラーン（X: 8, Y: 30）に行くと選択肢。選択肢「はい」を選ぶとコンテンツ開始。 / 敵と戦闘。制限時間30分。（別記 : 『ワンダリングウィスプ達』戦 ） / 倒すとイベント。 亡者の遺灰 ×4を入手。 神秘的なクリスタル ×4を入手。 / ### ウルダハ（ ウルダハの地図を確認 ） / ジェンリンス （政庁層 X: 6, Y: 5）に話すとクエスト『ナイトの誓約』をコンプリート。 ◆ 時神の護符 を入手。ナイトのアビリティ「かばう」を会得。 ナイトの証 を入手。経験値（剣術）：～2661を入手。 / pagetop / FFXIV The Lodestone / FFXIV Forum / Twitter Facebook / FF14 - 装備品 / メイン/サブ/投擲/携帯 / 頭 胴 （インナー） 手 / 帯 脚 （インナー） 足 / 首 耳 腕 指 / FF14 - クラス / アクション / 付加効果を持つ戦術 / レベル/経験値 / FF14 - モンスター / モンスター一覧 / NM / FF14 - コンテンツ / グランドカンパニー / インスタンスレイド / 蛮神バトル / 攻略型フィールド / マテリア / その他のコンテンツ / FF14 - クエスト / メインクエスト / サブクエスト / グランドカンパニークエスト / クラスクエスト / ジョブクエスト / FF14 - ギルドリーヴ / リージョナルリーヴ / ローカルリーヴ / FF14 - その他 / エリア（マップ/ショップ） / アイテム販売場所一覧 / プレイガイド / ヒストリー / アチーブメント / 食事効果 / 薬品効果 / マクロ/コマンド / 定型文 / 操作方法",
job,Paladin,慕いし背中,Honor Lost,111282,ナイト限定／ナイト レベル35 及び 幻術士 レベル15,,ナイトクエスト『ナイトの誓約』,ナイトクエスト『失望と怒りと責任と』,,"### ウルダハ（ ウルダハの地図を確認 ） / レベル35以上のナイトで ジェンリンス （政庁層 X: 6, Y: 5）に話し、選択肢『慕いし背中』「引き受ける」を選ぶ。『ナイト』のリンクパールを入手。 / ### ムントゥイ醸造庫（ ムントゥイ醸造庫の地図を確認 ） / ナイトでNM『 アルシュ 』を倒すとクエスト『壁をぶち壊せ』をコンプリート。ナイトのアビリティ「ディヴァインヴェール」を会得。経験値（剣術）：～3360を入手。 / pagetop / FFXIV The Lodestone / FFXIV Forum / Twitter Facebook / FF14 - 装備品 / メイン/サブ/投擲/携帯 / 頭 胴 （インナー） 手 / 帯 脚 （インナー） 足 / 首 耳 腕 指 / FF14 - クラス / アクション / 付加効果を持つ戦術 / レベル/経験値 / FF14 - モンスター / モンスター一覧 / NM / FF14 - コンテンツ / グランドカンパニー / インスタンスレイド / 蛮神バトル / 攻略型フィールド / マテリア / その他のコンテンツ / FF14 - クエスト / メインクエスト / サブクエスト / グランドカンパニークエスト / クラスクエスト / ジョブクエスト / FF14 - ギルドリーヴ / リージョナルリーヴ / ローカルリーヴ / FF14 - その他 / エリア（マップ/ショップ） / アイテム販売場所一覧 / プレイガイド / ヒストリー / アチーブメント / 食事効果 / 薬品効果 / マクロ/コマンド / 定型文 / 操作方法",
job,Paladin,失望と怒りと責任と,Power Struggles,111283,ナイト限定／ナイト レベル40 及び 幻術士 レベル15,4260,ナイトクエスト『慕いし背中』,ナイトクエスト『交わる毒心』,,"### ウルダハ（ ウルダハの地図を確認 ） / レベル40以上のナイトで ジェンリンス （政庁層 X: 6, Y: 5）に話し、選択肢『失望と怒りと責任と』「引き受ける」を選ぶ。 / ### ラノシア（ ラノシアの地図を確認 ） / ナイトでNM『 オールドシックスアームズ 』を倒すとクエスト『失望と怒りと責任と』をコンプリート。ナイトの魔法「ホーリーサカー」を修得。経験値（剣術）：～4260を入手。 / pagetop / FFXIV The Lodestone / FFXIV Forum / Twitter Facebook / FF14 - 装備品 / メイン/サブ/投擲/携帯 / 頭 胴 （インナー） 手 / 帯 脚 （インナー） 足 / 首 耳 腕 指 / FF14 - クラス / アクション / 付加効果を持つ戦術 / レベル/経験値 / FF14 - モンスター / モンスター一覧 / NM / FF14 - コンテンツ / グランドカンパニー / インスタンスレイド / 蛮神バトル / 攻略型フィールド / マテリア / その他のコンテンツ / FF14 - クエスト / メインクエスト / サブクエスト / グランドカンパニークエスト / クラスクエスト / ジョブクエスト / FF14 - ギルドリーヴ / リージョナルリーヴ / ローカルリーヴ / FF14 - その他 / エリア（マップ/ショップ） / アイテム販売場所一覧 / プレイガイド / ヒストリー / アチーブメント / 食事効果 / 薬品効果 / マクロ/コマンド / 定型文 / 操作方法",
job,Paladin,交わる毒心,Poisoned Hearts,111284,ナイト限定／ナイト レベル45 及び 幻術士 レベル15,5340,ナイトクエスト『失望と怒りと責任と』,ナイトクエスト『交わらぬ心慮』,,"### ウルダハ（ ウルダハの地図を確認 ） / レベル45以上のナイトで ジェンリンス （政庁層 X: 6, Y: 5）に話し、選択肢『交わる毒心』「引き受ける」を選ぶ。 / ### 各エリア（ 各エリアの地図を確認 ） / オーラムヴェイル（（map1） X: 6, Y: 4）にある????（箱）を調べると ◆ ◆ ガラントクウィス を入手。 / ナタラン入植地（クルザス X: 44, Y: 21）にある????（箱）を調べると ◆ ◆ ガラントガントレット を入手。 / モードゥナ（X: 16, Y: 16）にある????（箱）を調べると ◆ ◆ ガラントソルレット を入手。 / 黒衣森（X: 18, Y: 29）にある????（箱）を調べると ◆ ◆ ガラントコロネット を入手。 / 以上の全ての装備を入手するとクエスト『交わる毒心』をコンプリート。経験値（剣術）：～5340を入手。 / pagetop / FFXIV The Lodestone / FFXIV Forum / Twitter Facebook / FF14 - 装備品 / メイン/サブ/投擲/携帯 / 頭 胴 （インナー） 手 / 帯 脚 （インナー） 足 / 首 耳 腕 指 / FF14 - クラス / アクション / 付加効果を持つ戦術 / レベル/経験値 / FF14 - モンスター / モンスター一覧 / NM / FF14 - コンテンツ / グランドカンパニー / インスタンスレイド / 蛮神バトル / 攻略型フィールド / マテリア / その他のコンテンツ / FF14 - クエスト / メインクエスト / サブクエスト / グランドカンパニークエスト / クラスクエスト / ジョブクエスト / FF14 - ギルドリーヴ / リージョナルリーヴ / ローカルリーヴ / FF14 - その他 / エリア（マップ/ショップ） / アイテム販売場所一覧 / プレイガイド / ヒストリー / アチーブメント / 食事効果 / 薬品効果 / マクロ/コマンド / 定型文 / 操作方法",
job,Paladin,交わらぬ心慮,Parley on High Ground,111285,ナイト限定／ナイト レベル45 及び 幻術士 レベル15,5340,ナイトクエスト『交わる毒心』,ナイトクエスト『かざすは騎士の聖剣』,,"### ウルダハ（ ウルダハの地図を確認 ） / レベル45以上のナイトで ジェンリンス （政庁層 X: 6, Y: 5）に話し、選択肢『交わらぬ心慮』「引き受ける」を選ぶ。 / ### ザナラーン（ ザナラーンの地図を確認 ） / ザナラーン（X: 29, Y: 21）に行くと選択肢。選択肢「はい」を選ぶとイベント。コンテンツ開始。 / 敵と戦闘。制限時間30分。（別記 : 『秋水のジェンリンス達』戦 ） / 倒すとイベントがありクエスト『交わらぬ心慮』をコンプリート。ナイトのウェポンスキル「スピリッツウィズイン」を体得。経験値（剣術）：～5340を入手。 / pagetop / FFXIV The Lodestone / FFXIV Forum / Twitter Facebook / FF14 - 装備品 / メイン/サブ/投擲/携帯 / 頭 胴 （インナー） 手 / 帯 脚 （インナー） 足 / 首 耳 腕 指 / FF14 - クラス / アクション / 付加効果を持つ戦術 / レベル/経験値 / FF14 - モンスター / モンスター一覧 / NM / FF14 - コンテンツ / グランドカンパニー / インスタンスレイド / 蛮神バトル / 攻略型フィールド / マテリア / その他のコンテンツ / FF14 - クエスト / メインクエスト / サブクエスト / グランドカンパニークエスト / クラスクエスト / ジョブクエスト / FF14 - ギルドリーヴ / リージョナルリーヴ / ローカルリーヴ / FF14 - その他 / エリア（マップ/ショップ） / アイテム販売場所一覧 / プレイガイド / ヒストリー / アチーブメント / 食事効果 / 薬品効果 / マクロ/コマンド / 定型文 / 操作方法",
job,Paladin,かざすは騎士の聖剣,Keeping the Oath,111286,ナイト限定／ナイト レベル50 及び 幻術士 レベル15,,ナイトクエスト『交わらぬ心慮』,-,,"### ウルダハ（ ウルダハの地図を確認 ） / レベル50以上のナイトで ジェンリンス （政庁層 X: 6, Y: 5）に話し、選択肢『かざすは騎士の聖剣』「引き受ける」を選ぶ。 / ### ザナラーン（ ザナラーンの地図を確認 ） / ザナラーン（X: 28, Y: 14）に行くと選択肢。選択肢「はい」を選ぶとイベント。コンテンツ開始。 / 敵と戦闘。制限時間30分。（別記 : 『マニピュレイテッドオーガ達』戦 ） / 倒すとイベント。 / ### ウルダハ（ ウルダハの地図を確認 ） / ジェンリンス （政庁層 X: 6, Y: 5）に話すとクエスト『かざすは騎士の聖剣』をコンプリート。 ◆ ◆ ガラントサーコート を入手。ナイトのアビリティ「インビンシブル」を会得。 / pagetop / FFXIV The Lodestone / FFXIV Forum / Twitter Facebook / FF14 - 装備品 / メイン/サブ/投擲/携帯 / 頭 胴 （インナー） 手 / 帯 脚 （インナー） 足 / 首 耳 腕 指 / FF14 - クラス / アクション / 付加効果を持つ戦術 / レベル/経験値 / FF14 - モンスター / モンスター一覧 / NM / FF14 - コンテンツ / グランドカンパニー / インスタンスレイド / 蛮神バトル / 攻略型フィールド / マテリア / その他のコンテンツ / FF14 - クエスト / メインクエスト / サブクエスト / グランドカンパニークエスト / クラスクエスト / ジョブクエスト / FF14 - ギルドリーヴ / リージョナルリーヴ / ローカルリーヴ / FF14 - その他 / エリア（マップ/ショップ） / アイテム販売場所一覧 / プレイガイド / ヒストリー / アチーブメント / 食事効果 / 薬品効果 / マクロ/コマンド / 定型文 / 操作方法",
job,Warrior,アバラシアから来た戦士,Pride and Duty (Will Take You from the Mountain),111201,斧術士限定／斧術士 レベル30 及び 剣術士 レベル15,2661,-,戦士クエスト『壁をぶち壊せ』,,"### リムサ・ロミンサ（ リムサ・ロミンサの地図を確認 ） / レベル30以上の斧術士で斧術士ギルドにいる ニール （下甲板層 X: 4, Y: 7）に話し、選択肢『アバラシアから来た戦士』「引き受ける」を選ぶ。 / ### ザナラーン（ ザナラーンの地図を確認 ） / キュリアス・ゴージ （X: 15, Y: 33）に話す。 / ザナラーン（X: 15, Y: 31）に行くと選択肢。選択肢「はい」を選ぶとコンテンツ開始。 / 敵と戦闘。制限時間30分。（別記 : 『アントリング・ワーカー達』戦 ） / キュリアス・ゴージ （X: 15, Y: 33）に話すとクエスト『アバラシアから来た戦士』をコンプリート。 ◆ 時神の護符 を入手。戦士のアビリティ「ヴェンジェンス」を会得。 戦士の証 を入手。経験値（斧術）：～2661を入手。 / pagetop / FFXIV The Lodestone / FFXIV Forum / Twitter Facebook / FF14 - 装備品 / メイン/サブ/投擲/携帯 / 頭 胴 （インナー） 手 / 帯 脚 （インナー） 足 / 首 耳 腕 指 / FF14 - クラス / アクション / 付加効果を持つ戦術 / レベル/経験値 / FF14 - モンスター / モンスター一覧 / NM / FF14 - コンテンツ / グランドカンパニー / インスタンスレイド / 蛮神バトル / 攻略型フィールド / マテリア / その他のコンテンツ / FF14 - クエスト / メインクエスト / サブクエスト / グランドカンパニークエスト / クラスクエスト / ジョブクエスト / FF14 - ギルドリーヴ / リージョナルリーヴ / ローカルリーヴ / FF14 - その他 / エリア（マップ/ショップ） / アイテム販売場所一覧 / プレイガイド / ヒストリー / アチーブメント / 食事効果 / 薬品効果 / マクロ/コマンド / 定型文 / 操作方法",
job,Warrior,壁をぶち壊せ,Embracing the Beast,111202,戦士限定／戦士 レベル35 及び 剣術士 レベル15,3360,戦士クエスト『アバラシアから来た戦士』,戦士クエスト『原初のマグマ』,,"### ザナラーン（ ザナラーンの地図を確認 ） / レベル35以上の戦士で キュリアス・ゴージ （X: 15, Y: 33）に話し、選択肢『壁をぶち壊せ』「引き受ける」を選ぶ。『戦士』のリンクパールを入手。 / ### 黒衣森（ 黒衣森の地図を確認 ） / 戦士でNM『 シロッコ 』を倒すとクエスト『壁をぶち壊せ』をコンプリート。戦士のアビリティ「アンタゴナイズ」を会得。経験値（斧術）：～3360を入手。 / pagetop / FFXIV The Lodestone / FFXIV Forum / Twitter Facebook / FF14 - 装備品 / メイン/サブ/投擲/携帯 / 頭 胴 （インナー） 手 / 帯 脚 （インナー） 足 / 首 耳 腕 指 / FF14 - クラス / アクション / 付加効果を持つ戦術 / レベル/経験値 / FF14 - モンスター / モンスター一覧 / NM / FF14 - コンテンツ / グランドカンパニー / インスタンスレイド / 蛮神バトル / 攻略型フィールド / マテリア / その他のコンテンツ / FF14 - クエスト / メインクエスト / サブクエスト / グランドカンパニークエスト / クラスクエスト / ジョブクエスト / FF14 - ギルドリーヴ / リージョナルリーヴ / ローカルリーヴ / FF14 - その他 / エリア（マップ/ショップ） / アイテム販売場所一覧 / プレイガイド / ヒストリー / アチーブメント / 食事効果 / 薬品効果 / マクロ/コマンド / 定型文 / 操作方法",
job,Warrior,原初のマグマ,Curious Gorge Goes to the Bazaar,111203,戦士限定／戦士 レベル40 及び 剣術士 レベル15,4260,戦士クエスト『壁をぶち壊せ』,戦士クエスト『英雄巡礼』,,"### ザナラーン（ ザナラーンの地図を確認 ） / レベル40以上の戦士で キュリアス・ゴージ （X: 15, Y: 33）に話し、選択肢『原初のマグマ』「引き受ける」を選ぶ。 / ザナラーン（X: 13, Y: 34）に行くと選択肢。選択肢「はい」を選ぶとコンテンツ開始。 / 敵と戦闘。制限時間30分。（別記 : 『キャニオンコンドル達』戦 ） / ザナラーン（X: 13, Y: 34）に行くとイベント。 / キュリアス・ゴージ （X: 15, Y: 33）に話すとクエスト『原初のマグマ』をコンプリート。戦士のアビリティ「コルーション」を会得。経験値（斧術）：～4260を入手。 / pagetop / FFXIV The Lodestone / FFXIV Forum / Twitter Facebook / FF14 - 装備品 / メイン/サブ/投擲/携帯 / 頭 胴 （インナー） 手 / 帯 脚 （インナー） 足 / 首 耳 腕 指 / FF14 - クラス / アクション / 付加効果を持つ戦術 / レベル/経験値 / FF14 - モンスター / モンスター一覧 / NM / FF14 - コンテンツ / グランドカンパニー / インスタンスレイド / 蛮神バトル / 攻略型フィールド / マテリア / その他のコンテンツ / FF14 - クエスト / メインクエスト / サブクエスト / グランドカンパニークエスト / クラスクエスト / ジョブクエスト / FF14 - ギルドリーヴ / リージョナルリーヴ / ローカルリーヴ / FF14 - その他 / エリア（マップ/ショップ） / アイテム販売場所一覧 / プレイガイド / ヒストリー / アチーブメント / 食事効果 / 薬品効果 / マクロ/コマンド / 定型文 / 操作方法",
job,Warrior,英雄巡礼,Looking the Part,111204,戦士限定／戦士 レベル45 及び 剣術士 レベル15,5340,戦士クエスト『原初のマグマ』,戦士クエスト『腕くらべ』,,"### ザナラーン（ ザナラーンの地図を確認 ） / レベル45以上の戦士で キュリアス・ゴージ （X: 15, Y: 33）に話し、選択肢『英雄巡礼』「引き受ける」を選ぶ。 / ### 各エリア（ 各エリアの地図を確認 ） / カッターズクライ（（map2） X: 7, Y: 4）にある????（箱）を調べると ◆ ◆ ファイターブリーチ を入手。 / ナタラン入植地（クルザス X: 43, Y: 20）にある????（箱）を調べると ◆ ◆ ファイターガントレット を入手。 / 黒衣森（X: 15, Y: 39）にある????（箱）を調べると ◆ ◆ ファイタージャックブーツ を入手。 / ラノシア（X: 32, Y: 35）にある????（箱）を調べると ◆ ◆ ファイターバーゴネット を入手。 / 以上の全ての装備を入手するとクエスト『英雄巡礼』をコンプリート。経験値（斧術）：～5340を入手。 / pagetop / FFXIV The Lodestone / FFXIV Forum / Twitter Facebook / FF14 - 装備品 / メイン/サブ/投擲/携帯 / 頭 胴 （インナー） 手 / 帯 脚 （インナー） 足 / 首 耳 腕 指 / FF14 - クラス / アクション / 付加効果を持つ戦術 / レベル/経験値 / FF14 - モンスター / モンスター一覧 / NM / FF14 - コンテンツ / グランドカンパニー / インスタンスレイド / 蛮神バトル / 攻略型フィールド / マテリア / その他のコンテンツ / FF14 - クエスト / メインクエスト / サブクエスト / グランドカンパニークエスト / クラスクエスト / ジョブクエスト / FF14 - ギルドリーヴ / リージョナルリーヴ / ローカルリーヴ / FF14 - その他 / エリア（マップ/ショップ） / アイテム販売場所一覧 / プレイガイド / ヒストリー / アチーブメント / 食事効果 / 薬品効果 / マクロ/コマンド / 定型文 / 操作方法",
job,Warrior,腕くらべ,Proof is in the Pudding,111205,戦士限定／戦士 レベル45 及び 剣術士 レベル15,5340,戦士クエスト『英雄巡礼』,戦士クエスト『いちばんの戦士』,,"### ザナラーン（ ザナラーンの地図を確認 ） / レベル45以上の戦士で キュリアス・ゴージ （X: 15, Y: 33）に話し、選択肢『腕くらべ』「引き受ける」を選ぶ。 / ### ラノシア（ ラノシアの地図を確認 ） / ラノシア（X: 27, Y: 12）にいる アウドムラ （レベル53）を倒すとクエスト『腕くらべ』をコンプリート。戦士のウェポンスキル「スチールサイクロン」を体得。経験値（斧術）：～5340を入手。 / pagetop / FFXIV The Lodestone / FFXIV Forum / Twitter Facebook / FF14 - 装備品 / メイン/サブ/投擲/携帯 / 頭 胴 （インナー） 手 / 帯 脚 （インナー） 足 / 首 耳 腕 指 / FF14 - クラス / アクション / 付加効果を持つ戦術 / レベル/経験値 / FF14 - モンスター / モンスター一覧 / NM / FF14 - コンテンツ / グランドカンパニー / インスタンスレイド / 蛮神バトル / 攻略型フィールド / マテリア / その他のコンテンツ / FF14 - クエスト / メインクエスト / サブクエスト / グランドカンパニークエスト / クラスクエスト / ジョブクエスト / FF14 - ギルドリーヴ / リージョナルリーヴ / ローカルリーヴ / FF14 - その他 / エリア（マップ/ショップ） / アイテム販売場所一覧 / プレイガイド / ヒストリー / アチーブメント / 食事効果 / 薬品効果 / マクロ/コマンド / 定型文 / 操作方法",
job,Warrior,いちばんの戦士,How to Quit You,111206,戦士限定／戦士 レベル50 及び 剣術士 レベル15,,戦士クエスト『腕くらべ』,-,,"### ザナラーン（ ザナラーンの地図を確認 ） / レベル50以上の戦士で キュリアス・ゴージ （X: 15, Y: 33）に話し、選択肢『いちばんの戦士』「引き受ける」を選ぶ。 / シルバーバザー（X: 13, Y: 35）に行くと選択肢。選択肢「はい」を選ぶとイベント。コンテンツ開始。 / 敵と戦闘。制限時間30分。（別記 : 『極北のキュリアス・ゴージ達』戦 ） / 倒すとイベントがありクエスト『いちばんの戦士』をコンプリート。 ◆ ◆ ファイターキュイラス を入手。戦士のアビリティ「マイティストライク」を会得。 / pagetop / FFXIV The Lodestone / FFXIV Forum / Twitter Facebook / FF14 - 装備品 / メイン/サブ/投擲/携帯 / 頭 胴 （インナー） 手 / 帯 脚 （インナー） 足 / 首 耳 腕 指 / FF14 - クラス / アクション / 付加効果を持つ戦術 / レベル/経験値 / FF14 - モンスター / モンスター一覧 / NM / FF14 - コンテンツ / グランドカンパニー / インスタンスレイド / 蛮神バトル / 攻略型フィールド / マテリア / その他のコンテンツ / FF14 - クエスト / メインクエスト / サブクエスト / グランドカンパニークエスト / クラスクエスト / ジョブクエスト / FF14 - ギルドリーヴ / リージョナルリーヴ / ローカルリーヴ / FF14 - その他 / エリア（マップ/ショップ） / アイテム販売場所一覧 / プレイガイド / ヒストリー / アチーブメント / 食事効果 / 薬品効果 / マクロ/コマンド / 定型文 / 操作方法",
job,WhiteMage,白魔道士が導くもの,Seeds of Initiative,111241,幻術士限定／幻術士 レベル30 及び 剣術士 レベル15,2661,-,白魔道士クエスト『光のあとに残るもの』,,"### グリダニア（ グリダニアの地図を確認 ） / レベル30以上の幻術士で幻術士ギルドにいる ソアレヌ （X: 2, Y: 1）に話し、選択肢『白魔道士が導くもの』「引き受ける」を選ぶ。 / ### 黒衣森（ 黒衣森の地図を確認 ） / ラヤ・オ・センナ （X: 15, Y: 22）に話す。 / ### ムントゥイ醸造庫（ ムントゥイ醸造庫の地図を確認 ） / ムントゥイ醸造庫（X: 4, Y: 5）に行くと選択肢。選択肢「はい」を選ぶとコンテンツ開始。 / 敵と戦闘。制限時間30分。（別記 : 『ダイアマイトストラグラー達』戦 ） / 倒すと ニルヴァーナ を入手。 / ### 黒衣森（ 黒衣森の地図を確認 ） / ラヤ・オ・センナ （X: 15, Y: 22）に話すとイベントがありクエスト『白魔道士が導くもの』をコンプリート。 ◆ 時神の護符 を入手。白魔道士のアビリティ「神速魔」を会得。 白魔道士の証 を入手。経験値（幻術）：～2661を入手。『白魔道士』のリンクパールを入手。 / pagetop / FFXIV The Lodestone / FFXIV Forum / Twitter Facebook / FF14 - 装備品 / メイン/サブ/投擲/携帯 / 頭 胴 （インナー） 手 / 帯 脚 （インナー） 足 / 首 耳 腕 指 / FF14 - クラス / アクション / 付加効果を持つ戦術 / レベル/経験値 / FF14 - モンスター / モンスター一覧 / NM / FF14 - コンテンツ / グランドカンパニー / インスタンスレイド / 蛮神バトル / 攻略型フィールド / マテリア / その他のコンテンツ / FF14 - クエスト / メインクエスト / サブクエスト / グランドカンパニークエスト / クラスクエスト / ジョブクエスト / FF14 - ギルドリーヴ / リージョナルリーヴ / ローカルリーヴ / FF14 - その他 / エリア（マップ/ショップ） / アイテム販売場所一覧 / プレイガイド / ヒストリー / アチーブメント / 食事効果 / 薬品効果 / マクロ/コマンド / 定型文 / 操作方法",
job,WhiteMage,光のあとに残るもの,When Sheep Attack,111242,白魔道士限定／白魔道士 レベル35 及び 剣術士 レベル15,3360,白魔道士クエスト『白魔道士が導くもの』,白魔道士クエスト『続く明日を語るもの』,,"### 黒衣森（ 黒衣森の地図を確認 ） / レベル35以上の幻術士で ラヤ・オ・センナ （X: 15, Y: 22）に話し、選択肢『光のあとに残るもの』を選ぶとイベント。選択肢「引き受ける」を選ぶ。 / ### クルザス（ クルザスの地図を確認 ） / 白魔道士でNM『 ダウニーダンスタン 』を倒す。 / メインメニューの「クエストリンクパール」の「『白魔道士』」を確認する。 / ### 黒衣森（ 黒衣森の地図を確認 ） / ラヤ・オ・センナ （X: 15, Y: 22）に話すとクエスト『光のあとに残るもの』をコンプリート。白魔道士の魔法「リジェネ」を修得。経験値（幻術）：～3360を入手。 / pagetop / FFXIV The Lodestone / FFXIV Forum / Twitter Facebook / FF14 - 装備品 / メイン/サブ/投擲/携帯 / 頭 胴 （インナー） 手 / 帯 脚 （インナー） 足 / 首 耳 腕 指 / FF14 - クラス / アクション / 付加効果を持つ戦術 / レベル/経験値 / FF14 - モンスター / モンスター一覧 / NM / FF14 - コンテンツ / グランドカンパニー / インスタンスレイド / 蛮神バトル / 攻略型フィールド / マテリア / その他のコンテンツ / FF14 - クエスト / メインクエスト / サブクエスト / グランドカンパニークエスト / クラスクエスト / ジョブクエスト / FF14 - ギルドリーヴ / リージョナルリーヴ / ローカルリーヴ / FF14 - その他 / エリア（マップ/ショップ） / アイテム販売場所一覧 / プレイガイド / ヒストリー / アチーブメント / 食事効果 / 薬品効果 / マクロ/コマンド / 定型文 / 操作方法",
job,WhiteMage,続く明日を語るもの,Lost in Rage,111243,白魔道士限定／白魔道士 レベル40 及び 剣術士 レベル15,4260,白魔道士クエスト『光のあとに残るもの』,白魔道士クエスト『瞬く希望を願うもの』,,"### 黒衣森（ 黒衣森の地図を確認 ） / レベル40以上の幻術士で ラヤ・オ・センナ （X: 15, Y: 22）に話し、選択肢『続く明日を語るもの』「引き受ける」を選ぶ。 / ### ザナラーン（ ザナラーンの地図を確認 ） / 白魔道士でNM『 カクタージャック 』を倒す。 / ### 黒衣森（ 黒衣森の地図を確認 ） / ラヤ・オ・センナ （X: 15, Y: 22）に話すとクエスト『続く明日を語るもの』をコンプリート。白魔道士の魔法「エスナ」を修得。経験値（幻術）：～4260を入手。 / pagetop / FFXIV The Lodestone / FFXIV Forum / Twitter Facebook / FF14 - 装備品 / メイン/サブ/投擲/携帯 / 頭 胴 （インナー） 手 / 帯 脚 （インナー） 足 / 首 耳 腕 指 / FF14 - クラス / アクション / 付加効果を持つ戦術 / レベル/経験値 / FF14 - モンスター / モンスター一覧 / NM / FF14 - コンテンツ / グランドカンパニー / インスタンスレイド / 蛮神バトル / 攻略型フィールド / マテリア / その他のコンテンツ / FF14 - クエスト / メインクエスト / サブクエスト / グランドカンパニークエスト / クラスクエスト / ジョブクエスト / FF14 - ギルドリーヴ / リージョナルリーヴ / ローカルリーヴ / FF14 - その他 / エリア（マップ/ショップ） / アイテム販売場所一覧 / プレイガイド / ヒストリー / アチーブメント / 食事効果 / 薬品効果 / マクロ/コマンド / 定型文 / 操作方法",
job,WhiteMage,瞬く希望を願うもの,The Wheel of Disaster,111244,白魔道士限定／白魔道士 レベル45 及び 剣術士 レベル15,5340,白魔道士クエスト『続く明日を語るもの』,白魔道士クエスト『怒りの底に眠るもの』,,"### 黒衣森（ 黒衣森の地図を確認 ） / レベル45以上の幻術士で ラヤ・オ・センナ （X: 15, Y: 22）に話し、選択肢『瞬く希望を願うもの』「引き受ける」を選ぶ。 / ### ラノシア（ ラノシアの地図を確認 ） / ラノシア（X: 27, Y: 34）に行くと選択肢。選択肢「はい」を選ぶとコンテンツ開始。 / 敵と戦闘。制限時間30分。（別記 : 『刀狩のローランド達』戦 ） / 倒すとイベント。 / ### 黒衣森（ 黒衣森の地図を確認 ） / ラヤ・オ・センナ （X: 15, Y: 22）に話すとクエスト『瞬く希望を願うもの』をコンプリート。白魔道士の魔法「ホーリー」を修得。経験値（幻術）：～5340を入手。 / pagetop / FFXIV The Lodestone / FFXIV Forum / Twitter Facebook / FF14 - 装備品 / メイン/サブ/投擲/携帯 / 頭 胴 （インナー） 手 / 帯 脚 （インナー） 足 / 首 耳 腕 指 / FF14 - クラス / アクション / 付加効果を持つ戦術 / レベル/経験値 / FF14 - モンスター / モンスター一覧 / NM / FF14 - コンテンツ / グランドカンパニー / インスタンスレイド / 蛮神バトル / 攻略型フィールド / マテリア / その他のコンテンツ / FF14 - クエスト / メインクエスト / サブクエスト / グランドカンパニークエスト / クラスクエスト / ジョブクエスト / FF14 - ギルドリーヴ / リージョナルリーヴ / ローカルリーヴ / FF14 - その他 / エリア（マップ/ショップ） / アイテム販売場所一覧 / プレイガイド / ヒストリー / アチーブメント / 食事効果 / 薬品効果 / マクロ/コマンド / 定型文 / 操作方法",
job,WhiteMage,怒りの底に眠るもの,In Search of Succor,111245,白魔道士限定／白魔道士 レベル45 及び 剣術士 レベル15,5340,白魔道士クエスト『瞬く希望を願うもの』,白魔道士クエスト『無垢より満つるもの』,,"### 黒衣森（ 黒衣森の地図を確認 ） / レベル45以上の幻術士で ラヤ・オ・センナ （X: 15, Y: 22）に話し、選択肢『怒りの底に眠るもの』を選ぶとイベント。選択肢「引き受ける」を選ぶ。 / ### 各エリア（ 各エリアの地図を確認 ） / ゼーメル要塞（（map2/（ ディープヴォイドスレイヴ 後）） X: 6, Y: 5）にある????（箱）を調べると ◆ ◆ ヒーラーキュロット を入手。 / ザハラク戦陣（ザナラーン X: 48, Y: 40）にある????（箱）を調べると ◆ ◆ ヒーラーグローブ を入手。 / 黒衣森（X: 18, Y: 40）にある????（箱）を調べると ◆ ◆ ヒーラーブーツ を入手。 / ラノシア（X: 41, Y: 28）にある????（箱）を調べると ◆ ◆ ヒーラーサークレット を入手。 / 以上の全ての装備を入手する。 / ### 黒衣森（ 黒衣森の地図を確認 ） / ラヤ・オ・センナ （X: 15, Y: 22）に話すとクエスト『怒りの底に眠るもの』をコンプリート。経験値（幻術）：～5340を入手。 / pagetop / FFXIV The Lodestone / FFXIV Forum / Twitter Facebook / FF14 - 装備品 / メイン/サブ/投擲/携帯 / 頭 胴 （インナー） 手 / 帯 脚 （インナー） 足 / 首 耳 腕 指 / FF14 - クラス / アクション / 付加効果を持つ戦術 / レベル/経験値 / FF14 - モンスター / モンスター一覧 / NM / FF14 - コンテンツ / グランドカンパニー / インスタンスレイド / 蛮神バトル / 攻略型フィールド / マテリア / その他のコンテンツ / FF14 - クエスト / メインクエスト / サブクエスト / グランドカンパニークエスト / クラスクエスト / ジョブクエスト / FF14 - ギルドリーヴ / リージョナルリーヴ / ローカルリーヴ / FF14 - その他 / エリア（マップ/ショップ） / アイテム販売場所一覧 / プレイガイド / ヒストリー / アチーブメント / 食事効果 / 薬品効果 / マクロ/コマンド / 定型文 / 操作方法",
job,WhiteMage,無垢より満つるもの,The Chorus of Cataclysm,111246,白魔道士限定／白魔道士 レベル50 及び 剣術士 レベル15,,白魔道士クエスト『怒りの底に眠るもの』,-,,"### 黒衣森（ 黒衣森の地図を確認 ） / レベル50以上の幻術士で ラヤ・オ・センナ （X: 15, Y: 22）に話し、選択肢『無垢より満つるもの』を選ぶとイベント。選択肢「引き受ける」を選ぶ。 / 黒衣森（X: 27, Y: 38）に行くと選択肢。選択肢「はい」を選ぶとイベント。コンテンツ開始。 / 敵と戦闘。制限時間30分。（別記 : 『ファイアエレメンタル達』戦 ） / 倒すとイベント。 ◆ ◆ ヒーラーローブ を入手。 / ラヤ・オ・センナ （X: 15, Y: 22）に話すとクエスト『無垢より満つるもの』をコンプリート。白魔道士のアビリティ「ベネディクション」を会得。 / pagetop / FFXIV The Lodestone / FFXIV Forum / Twitter Facebook / FF14 - 装備品 / メイン/サブ/投擲/携帯 / 頭 胴 （インナー） 手 / 帯 脚 （インナー） 足 / 首 耳 腕 指 / FF14 - クラス / アクション / 付加効果を持つ戦術 / レベル/経験値 / FF14 - モンスター / モンスター一覧 / NM / FF14 - コンテンツ / グランドカンパニー / インスタンスレイド / 蛮神バトル / 攻略型フィールド / マテリア / その他のコンテンツ / FF14 - クエスト / メインクエスト / サブクエスト / グランドカンパニークエスト / クラスクエスト / ジョブクエスト / FF14 - ギルドリーヴ / リージョナルリーヴ / ローカルリーヴ / FF14 - その他 / エリア（マップ/ショップ） / アイテム販売場所一覧 / プレイガイド / ヒストリー / アチーブメント / 食事効果 / 薬品効果 / マクロ/コマンド / 定型文 / 操作方法",
