row_index,capture,scenario_id,wire_index,lane_index,frame_index,outer_timestamp_or_seq_hex,subevent_index,subevent_offset,opcode,shape,row_index_in_packet,row_count,source_actor_id,target_actor_id,effect_or_animation_id,command_id,numeric_value,world_master_text_id,message_class,effect_id,text_param,row_ordinal_or_filter,header_control_value,presentation_flags
0,action_and_traits.pcapng,action-mechanic-combat-and-actions,53,0,22,4ae890ee3b010000,5,608,0x0139,X01,0,1,43723073,43723073,2080374882,12010,0,0,unknown,1,0,1,0,2064
1,action_and_traits.pcapng,action-mechanic-combat-and-actions,68,0,27,20ef90ee3b010000,5,608,0x0139,X01,0,1,43723073,43723073,2080374882,12010,0,0,unknown,1,0,1,0,2064
2,battle_mode_passive_mode.pcapng,action-mechanic-combat-and-actions,14,0,4,59a497ee3b010000,1,40,0x0139,X01,0,1,43723073,43723073,2080374882,21001,0,0,unknown,1,0,1,0,2064
3,battle_mode_passive_mode.pcapng,action-mechanic-combat-and-actions,33,0,12,a8ac97ee3b010000,1,40,0x0139,X01,0,1,43723073,43723073,2080374882,21002,0,0,unknown,1,0,1,0,2064
4,change_bodyarmor.pcapng,inventory-mechanic-bags-and-gear,59,0,20,c732a3ee3b010000,6,952,0x0139,X01,0,1,43723073,43723073,2080374882,12009,0,0,unknown,1,0,1,0,2064
5,change_helm.pcapng,inventory-mechanic-bags-and-gear,46,0,15,c265a2ee3b010000,6,952,0x0139,X01,0,1,43723073,43723073,2080374882,12009,0,0,unknown,1,0,1,0,2064
6,change_helm.pcapng,inventory-mechanic-bags-and-gear,85,0,29,d981a2ee3b010000,6,952,0x0139,X01,0,1,43723073,43723073,2080374882,12009,0,0,unknown,1,0,1,0,2064
7,change_to_botanist.pcapng,character-mechanic-attributes-and-class,84,0,22,c3a3e2ee3b010000,8,1096,0x0139,X01,0,1,43723073,43723073,2080374882,12009,0,0,unknown,1,0,1,0,2064
8,change_to_botanist.pcapng,character-mechanic-attributes-and-class,141,0,35,3cbbe2ee3b010000,7,992,0x0139,X01,0,1,43723073,43723073,2080374882,12009,0,0,unknown,1,0,1,0,2064
9,combat_autoattack.pcapng,action-mechanic-combat-and-actions,27,0,7,d71c98ee3b010000,1,40,0x0139,X01,0,1,43723073,43723073,2080374882,21001,0,0,unknown,1,0,1,0,2064
10,combat_autoattack.pcapng,action-mechanic-combat-and-actions,64,0,20,252d98ee3b010000,1,64,0x0139,X01,0,1,43723073,1154495952,419434496,22104,88,30301,normal_damage,134219268,4,1,0,2064
11,combat_autoattack.pcapng,action-mechanic-combat-and-actions,67,0,22,cf2e98ee3b010000,1,40,0x0139,X01,0,1,1154495952,1154495952,2080374882,21001,0,0,unknown,1,0,1,0,2064
12,combat_autoattack.pcapng,action-mechanic-combat-and-actions,86,0,31,3c3498ee3b010000,0,0,0x0139,X01,0,1,1154495952,43723073,285216768,23003,28,30301,normal_damage,134219276,1,1,0,2064
13,combat_autoattack.pcapng,action-mechanic-combat-and-actions,103,0,39,333e98ee3b010000,0,0,0x0139,X01,0,1,43723073,1154495952,419434496,22104,94,30301,normal_damage,134219268,1,1,0,2064
14,combat_autoattack.pcapng,action-mechanic-combat-and-actions,119,0,46,9a4698ee3b010000,0,0,0x0139,X01,0,1,1154495952,43723073,285216768,23005,38,30302,critical_damage,134219279,1,1,0,2064
15,combat_autoattack.pcapng,action-mechanic-combat-and-actions,155,0,53,c34e98ee3b010000,0,0,0x0139,X01,0,1,43723073,1154495952,419434496,22104,81,30301,normal_damage,134219268,1,1,0,2064
16,combat_autoattack.pcapng,action-mechanic-combat-and-actions,182,0,60,e55998ee3b010000,0,0,0x0139,X01,0,1,1154495952,43723073,285216768,23003,30,30301,normal_damage,134219276,1,1,0,2064
17,combat_autoattack.pcapng,action-mechanic-combat-and-actions,187,0,65,675f98ee3b010000,0,0,0x0139,X01,0,1,43723073,1154495952,419434496,22104,89,30301,normal_damage,134219268,1,1,0,2064
18,combat_autoattack.pcapng,action-mechanic-combat-and-actions,253,0,91,3b8198ee3b010000,0,0,0x0139,X01,0,1,43723073,1154495952,419434496,22104,84,30301,normal_damage,134219268,4,1,0,2064
19,combat_autoattack.pcapng,action-mechanic-combat-and-actions,265,0,92,c78198ee3b010000,1,40,0x0139,X01,0,1,1154495952,43723073,1862270987,23079,0,30126,non_fit,1,0,1,0,2064
20,combat_autoattack.pcapng,action-mechanic-combat-and-actions,474,0,104,ef8698ee3b010000,1,40,0x0139,X01,0,1,1154495952,43723073,553660416,23079,49,30301,normal_damage,134225420,1,1,0,2064
21,combat_autoattack.pcapng,action-mechanic-combat-and-actions,534,0,115,f49198ee3b010000,7,536,0x013A,X10,0,3,43723073,1154495952,419434496,22104,80,30301,normal_damage,134743556,4,1,0,2064
22,combat_autoattack.pcapng,action-mechanic-combat-and-actions,534,0,115,f49198ee3b010000,7,536,0x013A,X10,1,3,43723073,1154495952,419434496,22104,0,30116,non_fit,0,0,1,0,2064
23,combat_autoattack.pcapng,action-mechanic-combat-and-actions,534,0,115,f49198ee3b010000,7,536,0x013A,X10,2,3,43723073,43723073,419434496,22104,135,33936,non_fit,0,50,1,0,2064
24,combat_autoattack.pcapng,action-mechanic-combat-and-actions,857,0,142,4ba398ee3b010000,1,40,0x0139,X01,0,1,43723073,43723073,2080374882,21002,0,0,unknown,1,0,1,0,2064
25,combat_skills.pcapng,action-mechanic-combat-and-actions,17,0,5,3d2999ee3b010000,1,40,0x0139,X01,0,1,43723073,43723073,2080374882,21001,0,0,unknown,1,0,1,0,2064
26,combat_skills.pcapng,action-mechanic-combat-and-actions,56,0,19,7a3899ee3b010000,3,504,0x0139,X01,0,1,43723073,43723073,234889791,27260,0,30328,non_fit,537094006,0,1,0,2064
27,combat_skills.pcapng,action-mechanic-combat-and-actions,86,0,27,734299ee3b010000,0,0,0x0139,X01,0,1,43723073,1154495957,419434496,22104,81,30301,normal_damage,134219268,1,1,0,2064
28,combat_skills.pcapng,action-mechanic-combat-and-actions,88,0,28,4b4399ee3b010000,1,40,0x0139,X01,0,1,1154495957,1154495957,2080374882,21001,0,0,unknown,1,0,1,0,2064
29,combat_skills.pcapng,action-mechanic-combat-and-actions,95,0,30,784399ee3b010000,3,504,0x0139,X01,0,1,43723073,43723073,234889905,27264,0,30328,non_fit,537094131,0,1,0,2064
30,combat_skills.pcapng,action-mechanic-combat-and-actions,116,0,41,e54999ee3b010000,0,0,0x0139,X01,0,1,1154495957,43723073,285216768,23005,23,30308,parry_damage,134221324,1,1,0,2064
31,combat_skills.pcapng,action-mechanic-combat-and-actions,126,0,48,0b5199ee3b010000,0,0,0x013A,X10,0,2,43723073,43723073,301993998,27190,0,30331,non_fit,671311859,0,1,0,2064
32,combat_skills.pcapng,action-mechanic-combat-and-actions,126,0,48,0b5199ee3b010000,0,0,0x013A,X10,1,2,43723073,1154495957,301993998,27190,175,30301,normal_damage,134252038,1,1,0,2064
33,combat_skills.pcapng,action-mechanic-combat-and-actions,157,0,57,4b5c99ee3b010000,0,0,0x0139,X01,0,1,1154495957,43723073,285216768,23005,23,30308,parry_damage,134221324,1,1,0,2064
34,combat_skills.pcapng,action-mechanic-combat-and-actions,164,0,63,085e99ee3b010000,0,0,0x0139,X01,0,1,43723073,1154495957,301994027,27191,161,30301,normal_damage,134284804,1,1,0,2064
35,combat_skills.pcapng,action-mechanic-combat-and-actions,233,0,76,0d6b99ee3b010000,7,536,0x013A,X10,0,3,43723073,1154495957,302002218,27198,119,30301,normal_damage,134743556,1,1,0,2064
36,combat_skills.pcapng,action-mechanic-combat-and-actions,233,0,76,0d6b99ee3b010000,7,536,0x013A,X10,1,3,43723073,1154495957,302002218,27198,0,30116,non_fit,0,0,1,0,2064
37,combat_skills.pcapng,action-mechanic-combat-and-actions,233,0,76,0d6b99ee3b010000,7,536,0x013A,X10,2,3,43723073,43723073,302002218,27198,135,33936,non_fit,0,50,1,0,2064
38,combat_skills.pcapng,action-mechanic-combat-and-actions,504,0,105,f08999ee3b010000,1,40,0x0139,X01,0,1,43723073,43723073,2080374882,21002,0,0,unknown,1,0,1,0,2064
39,gather_wood.pcapng,gathering-node-wood-and-harvest,169,0,62,ab46eeee3b010000,0,0,0x0139,X01,0,1,43723073,1152385073,335552512,0,0,0,unknown,1744830667,0,1,0,2048
40,gather_wood.pcapng,gathering-node-wood-and-harvest,240,0,86,f76beeee3b010000,0,0,0x0139,X01,0,1,43723073,1152385073,335548416,0,0,0,unknown,1744830604,0,1,0,2048
41,gather_wood.pcapng,gathering-node-wood-and-harvest,284,0,100,687ceeee3b010000,0,0,0x0139,X01,0,1,43723073,43723073,2080374882,0,218,33954,non_fit,0,50,1,0,2064
42,gather_wood.pcapng,gathering-node-wood-and-harvest,421,0,142,09c8eeee3b010000,0,0,0x0139,X01,0,1,43723073,1152385073,335548416,0,0,0,unknown,1744830667,0,1,0,2048
43,gather_wood.pcapng,gathering-node-wood-and-harvest,487,0,168,88efeeee3b010000,0,0,0x0139,X01,0,1,43723073,1152385073,335556608,0,0,0,unknown,1744830667,0,1,0,2048
44,gather_wood.pcapng,gathering-node-wood-and-harvest,547,0,190,320cefee3b010000,0,0,0x0139,X01,0,1,43723073,1152385073,335552512,0,0,0,unknown,1744830602,0,1,0,2048
45,gather_wood.pcapng,gathering-node-wood-and-harvest,596,0,205,b61eefee3b010000,0,0,0x0139,X01,0,1,43723073,43723073,2080374882,0,110,33954,non_fit,0,50,1,0,2064
46,gear_changesoul.pcapng,inventory-mechanic-bags-and-gear,33,0,14,2b30aaee3b010000,6,664,0x0139,X01,0,1,43723073,43723073,2080374882,12017,0,0,unknown,1,0,1,0,2064
47,gear_changeweapon.pcapng,inventory-mechanic-bags-and-gear,46,0,15,3512a9ee3b010000,7,1032,0x0139,X01,0,1,43723073,43723073,2080374882,12009,0,0,unknown,1,0,1,0,2064
48,gridania_to_coerthas.pcapng,zone-mechanic-cross-zone-travel,620,0,203,b1a5b5ee3b010000,6,664,0x0139,X01,0,1,43723073,43723073,2080374882,12014,0,0,unknown,1,0,1,0,2064
49,gridania_to_coerthas.pcapng,zone-mechanic-cross-zone-travel,6854,0,1357,73a8bbee3b010000,6,664,0x0139,X01,0,1,43723073,43723073,2080374882,12015,0,0,unknown,1,0,1,0,2064
50,harvest.pcapng,gathering-node-wood-and-harvest,44,0,15,d297ecee3b010000,1,72,0x0139,X01,0,1,43723073,1152385081,83500972,0,0,0,unknown,0,0,1,0,2048
51,harvest.pcapng,gathering-node-wood-and-harvest,294,0,32,fdaaecee3b010000,2,128,0x013A,X10,0,2,43723073,43723073,2080374882,0,114,33954,non_fit,0,50,1,0,2064
52,harvest.pcapng,gathering-node-wood-and-harvest,294,0,32,fdaaecee3b010000,2,128,0x013A,X10,1,2,43723073,43723073,2080374882,0,5,33909,non_fit,0,40,1,0,2064
53,harvest.pcapng,gathering-node-wood-and-harvest,393,0,63,f1dcecee3b010000,1,72,0x0139,X01,0,1,43723073,1152385081,83500972,0,0,0,unknown,0,0,1,0,2048
54,harvest.pcapng,gathering-node-wood-and-harvest,633,0,79,aeefecee3b010000,4,368,0x0139,X01,0,1,43723073,43723073,2080374882,0,111,33954,non_fit,0,50,1,0,2064
55,local_leve_complete.pcapng,battlecraft-leve-accept-and-complete,305,0,98,6ed1dcee3b010000,1,40,0x0139,X01,0,1,43723073,43723073,268443648,0,0,0,unknown,1610613760,0,1,0,2048
56,local_leve_complete.pcapng,battlecraft-leve-accept-and-complete,353,0,114,1feddcee3b010000,1,40,0x0139,X01,0,1,43723073,43723073,268443663,0,0,0,unknown,1610613248,0,1,0,2048
57,local_leve_complete.pcapng,battlecraft-leve-accept-and-complete,401,0,129,a706ddee3b010000,1,40,0x0139,X01,0,1,43723073,43723073,268443663,0,0,0,unknown,1610613248,0,1,0,2048
58,local_leve_complete.pcapng,battlecraft-leve-accept-and-complete,459,0,143,b81eddee3b010000,1,40,0x0139,X01,0,1,43723073,43723073,268443648,0,0,0,unknown,1610613504,0,1,0,2048
59,local_leve_complete.pcapng,battlecraft-leve-accept-and-complete,506,0,158,3937ddee3b010000,1,40,0x0139,X01,0,1,43723073,43723073,268443648,0,0,0,unknown,1610613504,0,1,0,2048
60,local_leve_complete.pcapng,battlecraft-leve-accept-and-complete,552,0,173,0450ddee3b010000,0,0,0x0139,X01,0,1,43723073,43723073,268439552,0,0,0,unknown,1610612774,0,1,0,2048
61,local_leve_complete.pcapng,battlecraft-leve-accept-and-complete,582,0,182,6e63ddee3b010000,1,40,0x0139,X01,0,1,43723073,43723073,2130707333,0,0,0,unknown,1610612769,0,1,0,2048
62,local_leve_complete.pcapng,battlecraft-leve-accept-and-complete,784,0,190,3c66ddee3b010000,25,3240,0x013A,X10,0,2,43723073,43723073,2080374882,0,446,33950,non_fit,0,50,1,0,2064
63,local_leve_complete.pcapng,battlecraft-leve-accept-and-complete,784,0,190,3c66ddee3b010000,25,3240,0x013A,X10,1,2,43723073,43723073,2080374882,0,3,33909,non_fit,0,34,1,0,2064
64,local_leve_complete.pcapng,battlecraft-leve-accept-and-complete,892,0,222,b592ddee3b010000,1,40,0x0139,X01,0,1,43723073,43723073,268443648,0,0,0,unknown,1610612992,0,1,0,2048
65,local_leve_complete.pcapng,battlecraft-leve-accept-and-complete,925,0,231,4ca5ddee3b010000,1,40,0x0139,X01,0,1,43723073,43723073,268447744,0,0,0,unknown,1610613248,0,1,0,2048
66,local_leve_complete.pcapng,battlecraft-leve-accept-and-complete,973,0,246,07baddee3b010000,1,40,0x0139,X01,0,1,43723073,43723073,268439552,0,0,0,unknown,1610613504,0,1,0,2048
67,local_leve_complete.pcapng,battlecraft-leve-accept-and-complete,1016,0,259,6ad0ddee3b010000,0,0,0x0139,X01,0,1,43723073,43723073,268443648,0,0,0,unknown,1610613760,0,1,0,2048
68,local_leve_complete.pcapng,battlecraft-leve-accept-and-complete,1126,0,292,e716deee3b010000,1,40,0x0139,X01,0,1,43723073,43723073,2130707333,0,0,0,unknown,1610614528,0,1,0,2048
69,local_leve_complete.pcapng,battlecraft-leve-accept-and-complete,1175,0,301,a221deee3b010000,1,40,0x0139,X01,0,1,43723073,43723073,268443648,0,0,0,unknown,1610612992,0,1,0,2048
70,local_leve_complete.pcapng,battlecraft-leve-accept-and-complete,1222,0,315,8a39deee3b010000,1,40,0x0139,X01,0,1,43723073,43723073,268443648,0,0,0,unknown,1610612992,0,1,0,2048
71,local_leve_complete.pcapng,battlecraft-leve-accept-and-complete,1257,0,326,e449deee3b010000,1,40,0x0139,X01,0,1,43723073,43723073,268443663,0,0,0,unknown,1610613248,0,1,0,2048
72,local_leve_complete.pcapng,battlecraft-leve-accept-and-complete,1303,0,339,645fdeee3b010000,1,40,0x0139,X01,0,1,43723073,43723073,268443648,0,0,0,unknown,1610612774,0,1,0,2048
73,local_leve_complete.pcapng,battlecraft-leve-accept-and-complete,1336,0,349,0773deee3b010000,1,40,0x0139,X01,0,1,43723073,43723073,2130707333,0,0,0,unknown,1610612769,0,1,0,2048
74,local_leve_complete.pcapng,battlecraft-leve-accept-and-complete,1537,0,356,e775deee3b010000,25,3240,0x013A,X10,0,2,43723073,43723073,2080374882,0,542,33950,non_fit,0,50,1,0,2064
75,local_leve_complete.pcapng,battlecraft-leve-accept-and-complete,1537,0,356,e775deee3b010000,25,3240,0x013A,X10,1,2,43723073,43723073,2080374882,0,4,33909,non_fit,0,34,1,0,2064
76,local_leve_complete.pcapng,battlecraft-leve-accept-and-complete,1646,0,387,1da5deee3b010000,1,40,0x0139,X01,0,1,43723073,43723073,268443648,0,0,0,unknown,1610613248,0,1,0,2048
77,local_leve_complete.pcapng,battlecraft-leve-accept-and-complete,1706,0,405,3dbfdeee3b010000,1,40,0x0139,X01,0,1,43723073,43723073,268443663,0,0,0,unknown,1610613248,0,1,0,2048
78,local_leve_complete.pcapng,battlecraft-leve-accept-and-complete,1729,0,413,65cedeee3b010000,1,40,0x0139,X01,0,1,43723073,43723073,268443648,0,0,0,unknown,1610613504,0,1,0,2048
79,local_leve_complete.pcapng,battlecraft-leve-accept-and-complete,1786,0,429,4cebdeee3b010000,1,40,0x0139,X01,0,1,43723073,43723073,268443663,0,0,0,unknown,1610613248,0,1,0,2048
80,local_leve_complete.pcapng,battlecraft-leve-accept-and-complete,1832,0,441,c303dfee3b010000,1,40,0x0139,X01,0,1,43723073,43723073,268439552,0,0,0,unknown,1610612774,0,1,0,2048
81,local_leve_complete.pcapng,battlecraft-leve-accept-and-complete,1874,0,453,5217dfee3b010000,1,40,0x0139,X01,0,1,43723073,43723073,2130707333,0,0,0,unknown,1610612769,0,1,0,2048
82,local_leve_complete.pcapng,battlecraft-leve-accept-and-complete,2075,0,461,051adfee3b010000,5,520,0x0139,X01,0,1,43723073,43723073,2080374882,0,347,33950,non_fit,0,50,1,0,2064
83,local_leve_complete.pcapng,battlecraft-leve-accept-and-complete,2224,0,502,205ddfee3b010000,4,256,0x0139,X01,0,1,43723073,43723073,2080374882,0,100,33921,non_fit,0,34,1,0,2064
84,mount_unmount_chocobo.pcapng,chocobo-mechanic-mount-unmount,9,0,3,af4d95ee3b010000,6,664,0x0139,X01,0,1,43723073,43723073,2080374882,12014,0,0,unknown,1,0,1,0,2064
85,mount_unmount_chocobo.pcapng,chocobo-mechanic-mount-unmount,28,0,14,5a6895ee3b010000,6,664,0x0139,X01,0,1,43723073,43723073,2080374882,12015,0,0,unknown,1,0,1,0,2064
86,move_out_of_room.pcapng,zone-mechanic-inn-room,61,0,30,458191ee3b010000,1,48,0x0139,X01,0,1,43723073,43723073,2080374882,0,0,30331,non_fit,671311903,0,1,0,2064
87,party_battle_leve.pcapng,battlecraft-leve-accept-and-complete,1,0,1,799952ef3b010000,0,0,0x013A,X10,0,2,43722707,43722707,2080374882,0,0,0,unknown,0,0,1,0,2064
88,party_battle_leve.pcapng,battlecraft-leve-accept-and-complete,1,0,1,799952ef3b010000,0,0,0x013A,X10,1,2,43722707,43722707,2080374882,0,0,30331,non_fit,671311734,0,1,0,2064
89,party_battle_leve.pcapng,battlecraft-leve-accept-and-complete,98,0,40,cbc852ef3b010000,1,40,0x0139,X01,0,1,43722707,43722707,1862270979,27351,0,30128,non_fit,1,0,1,0,2064
90,party_battle_leve.pcapng,battlecraft-leve-accept-and-complete,162,0,55,e3d752ef3b010000,7,1048,0x013A,X10,0,2,43722707,43722707,16782397,27351,0,30328,non_fit,537094041,0,1,0,2064
91,party_battle_leve.pcapng,battlecraft-leve-accept-and-complete,162,0,55,e3d752ef3b010000,7,1048,0x013A,X10,1,2,43722707,43723073,16782397,27351,0,30328,non_fit,537094041,0,1,0,2064
92,party_battle_leve.pcapng,battlecraft-leve-accept-and-complete,191,0,68,2bdf52ef3b010000,3,504,0x0139,X01,0,1,43722707,43722707,234889791,27260,0,30328,non_fit,537094006,0,1,0,2064
93,party_battle_leve.pcapng,battlecraft-leve-accept-and-complete,967,0,256,8f5853ef3b010000,0,0,0x013A,X10,0,2,43722707,43722707,2080374882,0,0,0,unknown,0,0,1,0,2064
94,party_battle_leve.pcapng,battlecraft-leve-accept-and-complete,967,0,256,8f5853ef3b010000,0,0,0x013A,X10,1,2,43722707,43722707,2080374882,0,0,30331,non_fit,671311734,0,1,0,2064
95,party_battle_leve.pcapng,battlecraft-leve-accept-and-complete,1426,0,380,4fb153ef3b010000,1,40,0x0139,X01,0,1,1158679889,1158679889,2080374882,21001,0,0,unknown,1,0,1,0,2064
96,party_battle_leve.pcapng,battlecraft-leve-accept-and-complete,1482,0,395,a0b653ef3b010000,0,0,0x0139,X01,0,1,1158679889,43722707,285216768,23003,56,30301,normal_damage,134219332,4,1,0,2064
97,party_battle_leve.pcapng,battlecraft-leve-accept-and-complete,1490,0,398,d2b653ef3b010000,1,40,0x0139,X01,0,1,43722707,43722707,2080374882,21001,0,0,unknown,1,0,1,0,2064
98,party_battle_leve.pcapng,battlecraft-leve-accept-and-complete,1491,0,398,d2b653ef3b010000,2,128,0x0139,X01,0,1,1158679890,43722707,285216768,23005,57,30301,normal_damage,134219332,8,1,0,2064
99,party_battle_leve.pcapng,battlecraft-leve-accept-and-complete,1525,0,418,f0c053ef3b010000,0,0,0x0139,X01,0,1,43722707,1158679890,419434496,22104,23,30301,normal_damage,134219268,1,1,0,2064
100,party_battle_leve.pcapng,battlecraft-leve-accept-and-complete,1553,0,430,44c653ef3b010000,2,336,0x013A,X10,0,2,43722707,1158679890,302096389,27156,53,30301,normal_damage,134219268,1,1,0,2064
101,party_battle_leve.pcapng,battlecraft-leve-accept-and-complete,1553,0,430,44c653ef3b010000,2,336,0x013A,X10,1,2,43722707,1158679890,302096389,27156,0,30335,non_fit,537093927,1,1,0,2064
102,party_battle_leve.pcapng,battlecraft-leve-accept-and-complete,1558,0,434,f7c753ef3b010000,0,0,0x0139,X01,0,1,1158679889,43722707,285216768,23005,38,30306,block_damage,134221892,8,1,0,2064
103,party_battle_leve.pcapng,battlecraft-leve-accept-and-complete,1580,0,446,edd053ef3b010000,0,0,0x0139,X01,0,1,43722707,1158679890,301994016,27158,56,30301,normal_damage,134252036,1,1,0,2064
104,party_battle_leve.pcapng,battlecraft-leve-accept-and-complete,1584,0,448,a1d253ef3b010000,1,40,0x0139,X01,0,1,43723073,43723073,2080374882,21001,0,0,unknown,1,0,1,0,2064
105,party_battle_leve.pcapng,battlecraft-leve-accept-and-complete,1604,0,456,02d953ef3b010000,0,0,0x0139,X01,0,1,43722707,43722707,234971719,27141,0,30328,non_fit,537093970,0,1,0,2064
106,party_battle_leve.pcapng,battlecraft-leve-accept-and-complete,1608,0,459,c2da53ef3b010000,0,0,0x013A,X10,0,3,1158679889,43722707,285216768,23003,0,30306,block_damage,134221892,8,1,0,2064
107,party_battle_leve.pcapng,battlecraft-leve-accept-and-complete,1608,0,459,c2da53ef3b010000,0,0,0x013A,X10,1,3,1158679889,43722707,285216768,23003,136,33008,hp_recovery,805306626,8,1,0,2064
108,party_battle_leve.pcapng,battlecraft-leve-accept-and-complete,1608,0,459,c2da53ef3b010000,0,0,0x013A,X10,2,3,1158679889,43722707,285216768,23003,0,30331,non_fit,671311698,8,1,0,2064
109,party_battle_leve.pcapng,battlecraft-leve-accept-and-complete,1629,0,468,8de153ef3b010000,0,0,0x0139,X01,0,1,1158679890,1158679890,2080374882,0,0,30338,non_fit,671311655,0,1,0,2064
110,party_battle_leve.pcapng,battlecraft-leve-accept-and-complete,1633,0,470,f2e253ef3b010000,0,0,0x0139,X01,0,1,43723073,1158679890,419434496,22104,49,30301,normal_damage,134219268,1,1,0,2064
111,party_battle_leve.pcapng,battlecraft-leve-accept-and-complete,1650,0,474,24e653ef3b010000,0,0,0x0139,X01,0,1,43722707,1158679890,419434496,22104,19,30301,normal_damage,134219268,1,1,0,2064
112,party_battle_leve.pcapng,battlecraft-leve-accept-and-complete,1655,0,478,f6e753ef3b010000,0,0,0x0139,X01,0,1,43722707,1158679890,301994016,27158,0,30311,miss,134217732,1,1,0,2064
113,party_battle_leve.pcapng,battlecraft-leve-accept-and-complete,1660,0,483,8deb53ef3b010000,0,0,0x0139,X01,0,1,1158679889,43722707,285216768,23005,0,30311,miss,134217732,8,1,0,2064
114,party_battle_leve.pcapng,battlecraft-leve-accept-and-complete,1672,0,486,0fef53ef3b010000,0,0,0x0139,X01,0,1,1158679890,43722707,285216768,23005,35,30306,block_damage,134221892,1,1,0,2064
115,party_battle_leve.pcapng,battlecraft-leve-accept-and-complete,1683,0,491,0bf153ef3b010000,3,504,0x0139,X01,0,1,43723073,43723073,234889791,27260,0,30328,non_fit,537094006,0,1,0,2064
116,party_battle_leve.pcapng,battlecraft-leve-accept-and-complete,1710,0,505,56fb53ef3b010000,0,0,0x0139,X01,0,1,1158679889,43722707,285216768,23005,61,30301,normal_damage,134219332,8,1,0,2064
117,party_battle_leve.pcapng,battlecraft-leve-accept-and-complete,1711,0,506,bcfb53ef3b010000,0,0,0x0139,X01,0,1,43723073,1158679890,419434496,22104,46,30301,normal_damage,134219268,1,1,0,2064
118,party_battle_leve.pcapng,battlecraft-leve-accept-and-complete,1727,0,510,dcfc53ef3b010000,0,0,0x0139,X01,0,1,43722707,1158679890,419434496,22104,22,30301,normal_damage,134219268,1,1,0,2064
119,party_battle_leve.pcapng,battlecraft-leve-accept-and-complete,1735,0,518,aa0154ef3b010000,0,0,0x0139,X01,0,1,1158679890,43722707,285216768,23005,61,30301,normal_damage,134219332,1,1,0,2064
120,party_battle_leve.pcapng,battlecraft-leve-accept-and-complete,1751,0,524,150554ef3b010000,0,0,0x0139,X01,0,1,43723073,1158679890,301993998,27190,0,30311,miss,134217732,1,1,0,2064
121,party_battle_leve.pcapng,battlecraft-leve-accept-and-complete,1755,0,526,d60654ef3b010000,0,0,0x0139,X01,0,1,43722707,1158679890,419434496,22104,23,30301,normal_damage,134219268,1,1,0,2064
122,party_battle_leve.pcapng,battlecraft-leve-accept-and-complete,1765,0,534,820b54ef3b010000,0,0,0x0139,X01,0,1,1158679889,43722707,285216768,23005,56,30301,normal_damage,134219332,8,1,0,2064
123,party_battle_leve.pcapng,battlecraft-leve-accept-and-complete,1770,0,538,940c54ef3b010000,0,0,0x0139,X01,0,1,43722707,1158679890,301995007,27150,65,30301,normal_damage,134252036,1,1,0,2064
124,party_battle_leve.pcapng,battlecraft-leve-accept-and-complete,1803,0,547,6d1554ef3b010000,1,40,0x0139,X01,0,1,1158679890,1158679890,1862270987,23061,0,30126,non_fit,1,0,1,0,2064
125,party_battle_leve.pcapng,battlecraft-leve-accept-and-complete,1806,0,550,5e1654ef3b010000,0,0,0x0139,X01,0,1,43722707,1158679890,301995009,27152,64,30301,normal_damage,134284804,1,1,0,2064
126,party_battle_leve.pcapng,battlecraft-leve-accept-and-complete,1816,0,554,471854ef3b010000,3,376,0x0139,X01,0,1,1158679890,1158679890,553656320,23061,0,30328,non_fit,537094072,0,1,0,2064
127,party_battle_leve.pcapng,battlecraft-leve-accept-and-complete,1819,0,555,ca1854ef3b010000,0,0,0x0139,X01,0,1,43723073,1158679890,419434496,22104,49,30301,normal_damage,134219268,1,1,0,2064
128,party_battle_leve.pcapng,battlecraft-leve-accept-and-complete,1840,0,565,241e54ef3b010000,0,0,0x0139,X01,0,1,1158679889,43722707,285216768,23005,35,30306,block_damage,134221892,8,1,0,2064
129,party_battle_leve.pcapng,battlecraft-leve-accept-and-complete,1862,0,577,9a2554ef3b010000,0,0,0x0139,X01,0,1,43722707,1158679890,419434496,22104,21,30301,normal_damage,134219268,1,1,0,2064
130,party_battle_leve.pcapng,battlecraft-leve-accept-and-complete,1867,0,582,252954ef3b010000,0,0,0x0139,X01,0,1,43722707,1158679890,301994016,27158,57,30301,normal_damage,134252036,1,1,0,2064
131,party_battle_leve.pcapng,battlecraft-leve-accept-and-complete,1870,0,583,382954ef3b010000,0,0,0x0139,X01,0,1,1158679890,43722707,285216768,23005,43,30306,block_damage,134221892,1,1,0,2064
132,party_battle_leve.pcapng,battlecraft-leve-accept-and-complete,1884,0,586,bf2954ef3b010000,4,160,0x0139,X01,0,1,43723073,1158679890,2080374882,0,0,0,unknown,671311800,0,1,0,2064
133,party_battle_leve.pcapng,battlecraft-leve-accept-and-complete,1888,0,586,bf2954ef3b010000,8,624,0x013A,X10,0,4,43723073,1158679890,419434496,22104,51,30301,normal_damage,134743556,1,1,0,2064
134,party_battle_leve.pcapng,battlecraft-leve-accept-and-complete,1888,0,586,bf2954ef3b010000,8,624,0x013A,X10,1,4,43723073,1158679890,419434496,22104,0,30116,non_fit,0,0,1,0,2064
135,party_battle_leve.pcapng,battlecraft-leve-accept-and-complete,1888,0,586,bf2954ef3b010000,8,624,0x013A,X10,2,4,43723073,43723073,419434496,22104,475,33936,non_fit,0,53,1,0,2064
136,party_battle_leve.pcapng,battlecraft-leve-accept-and-complete,1888,0,586,bf2954ef3b010000,8,624,0x013A,X10,3,4,43723073,43722707,419434496,22104,423,33935,non_fit,0,53,1,0,2064
137,party_battle_leve.pcapng,battlecraft-leve-accept-and-complete,2113,0,602,682f54ef3b010000,0,0,0x0139,X01,0,1,1158679889,43722707,285216768,23005,38,30306,block_damage,134221892,8,1,0,2064
138,party_battle_leve.pcapng,battlecraft-leve-accept-and-complete,2140,0,617,da3b54ef3b010000,0,0,0x0139,X01,0,1,43722707,1158679889,419434496,22104,20,30301,normal_damage,134219268,1,1,0,2064
139,party_battle_leve.pcapng,battlecraft-leve-accept-and-complete,2158,0,623,9f3e54ef3b010000,0,0,0x0139,X01,0,1,43723073,1158679889,419434496,22104,51,30301,normal_damage,134219268,2,1,0,2064
140,party_battle_leve.pcapng,battlecraft-leve-accept-and-complete,2162,0,627,384154ef3b010000,0,0,0x0139,X01,0,1,43722707,1158679889,301994016,27158,57,30301,normal_damage,134252036,1,1,0,2064
141,party_battle_leve.pcapng,battlecraft-leve-accept-and-complete,2164,0,628,514154ef3b010000,1,40,0x0139,X01,0,1,1158679889,1158679889,1862270987,23061,0,30126,non_fit,1,0,1,0,2064
142,party_battle_leve.pcapng,battlecraft-leve-accept-and-complete,2183,0,635,bf4654ef3b010000,3,376,0x0139,X01,0,1,1158679889,1158679889,553656320,23061,0,30328,non_fit,537094072,0,1,0,2064
143,party_battle_leve.pcapng,battlecraft-leve-accept-and-complete,2189,0,638,9e4854ef3b010000,0,0,0x0139,X01,0,1,43723073,1158679889,301993998,27190,85,30301,normal_damage,134252036,1,1,0,2064
144,party_battle_leve.pcapng,battlecraft-leve-accept-and-complete,2212,0,648,445254ef3b010000,0,0,0x0139,X01,0,1,43722707,1158679889,419434496,22104,22,30301,normal_damage,134219268,1,1,0,2064
145,party_battle_leve.pcapng,battlecraft-leve-accept-and-complete,2235,0,655,325554ef3b010000,3,504,0x0139,X01,0,1,43723073,43723073,234889905,27264,0,30328,non_fit,537094131,0,1,0,2064
146,party_battle_leve.pcapng,battlecraft-leve-accept-and-complete,2239,0,658,c85654ef3b010000,0,0,0x0139,X01,0,1,1158679889,43722707,285216768,23005,77,30301,normal_damage,134219332,1,1,0,2064
147,party_battle_leve.pcapng,battlecraft-leve-accept-and-complete,2246,0,664,5f5c54ef3b010000,1,64,0x0139,X01,0,1,43722707,1158679889,419434496,22104,21,30301,normal_damage,134219268,1,1,0,2064
148,party_battle_leve.pcapng,battlecraft-leve-accept-and-complete,2264,0,669,3a5e54ef3b010000,2,336,0x013A,X10,0,2,43722707,1158679889,302096389,27156,53,30301,normal_damage,134219268,1,1,0,2064
149,party_battle_leve.pcapng,battlecraft-leve-accept-and-complete,2264,0,669,3a5e54ef3b010000,2,336,0x013A,X10,1,2,43722707,1158679889,302096389,27156,0,30335,non_fit,537093927,1,1,0,2064
150,party_battle_leve.pcapng,battlecraft-leve-accept-and-complete,2270,0,671,5c5e54ef3b010000,0,0,0x013A,X10,0,2,43723073,43723073,301994027,27191,0,30331,non_fit,671311859,0,1,0,2064
151,party_battle_leve.pcapng,battlecraft-leve-accept-and-complete,2270,0,671,5c5e54ef3b010000,0,0,0x013A,X10,1,2,43723073,1158679889,301994027,27191,0,30311,miss,134217732,1,1,0,2064
152,party_battle_leve.pcapng,battlecraft-leve-accept-and-complete,2291,0,679,486754ef3b010000,0,0,0x0139,X01,0,1,43722707,43722707,234889735,27100,210,30320,hp_recovery,805306626,0,1,0,2064
153,party_battle_leve.pcapng,battlecraft-leve-accept-and-complete,2295,0,683,466a54ef3b010000,0,0,0x013A,X10,0,2,43723073,43723073,2080374882,0,0,0,unknown,0,0,1,0,2064
154,party_battle_leve.pcapng,battlecraft-leve-accept-and-complete,2295,0,683,466a54ef3b010000,0,0,0x013A,X10,1,2,43723073,43723073,2080374882,0,0,30331,non_fit,671311734,0,1,0,2064
155,party_battle_leve.pcapng,battlecraft-leve-accept-and-complete,2310,0,689,4d6e54ef3b010000,0,0,0x0139,X01,0,1,1158679889,1158679889,2080374882,0,0,30338,non_fit,671311655,0,1,0,2064
156,party_battle_leve.pcapng,battlecraft-leve-accept-and-complete,2314,0,690,3c6f54ef3b010000,0,0,0x0139,X01,0,1,43723073,1158679889,419434496,22104,48,30301,normal_damage,134219268,1,1,0,2064
157,party_battle_leve.pcapng,battlecraft-leve-accept-and-complete,2321,0,695,ca7254ef3b010000,0,0,0x0139,X01,0,1,1158679889,43722707,285216768,23003,60,30306,block_damage,134221892,1,1,0,2064
158,party_battle_leve.pcapng,battlecraft-leve-accept-and-complete,2337,0,702,147854ef3b010000,0,0,0x0139,X01,0,1,43722707,1158679889,419434496,22104,0,30311,miss,134217732,1,1,0,2064
159,party_battle_leve.pcapng,battlecraft-leve-accept-and-complete,2356,0,710,7a7e54ef3b010000,0,0,0x0139,X01,0,1,43723073,1158679889,301993998,27190,85,30301,normal_damage,134252036,1,1,0,2064
160,party_battle_leve.pcapng,battlecraft-leve-accept-and-complete,2364,0,714,258254ef3b010000,0,0,0x0139,X01,0,1,43722707,1158679889,419434496,22104,21,30301,normal_damage,134219268,1,1,0,2064
161,party_battle_leve.pcapng,battlecraft-leve-accept-and-complete,2370,0,718,f48354ef3b010000,1,64,0x0139,X01,0,1,1158679889,43722707,285216768,23005,79,30301,normal_damage,134219332,1,1,0,2064
162,party_battle_leve.pcapng,battlecraft-leve-accept-and-complete,2387,0,723,a18754ef3b010000,1,64,0x0139,X01,0,1,43722707,1158679889,301994016,27158,54,30301,normal_damage,134252036,1,1,0,2064
163,party_battle_leve.pcapng,battlecraft-leve-accept-and-complete,2417,0,730,da8c54ef3b010000,4,160,0x0139,X01,0,1,43723073,1158679889,2080374882,0,0,0,unknown,671311800,0,1,0,2064
164,party_battle_leve.pcapng,battlecraft-leve-accept-and-complete,2421,0,730,da8c54ef3b010000,8,624,0x013A,X10,0,6,43723073,1158679889,419434496,22104,52,30301,normal_damage,134743556,1,1,0,2064
165,party_battle_leve.pcapng,battlecraft-leve-accept-and-complete,2421,0,730,da8c54ef3b010000,8,624,0x013A,X10,1,6,43723073,1158679889,419434496,22104,0,30116,non_fit,0,0,1,0,2064
166,party_battle_leve.pcapng,battlecraft-leve-accept-and-complete,2421,0,730,da8c54ef3b010000,8,624,0x013A,X10,2,6,43723073,43723073,419434496,22104,1,33919,non_fit,0,80,1,0,2064
167,party_battle_leve.pcapng,battlecraft-leve-accept-and-complete,2421,0,730,da8c54ef3b010000,8,624,0x013A,X10,3,6,43723073,43723073,419434496,22104,538,33936,non_fit,0,73,1,0,2064
168,party_battle_leve.pcapng,battlecraft-leve-accept-and-complete,2421,0,730,da8c54ef3b010000,8,624,0x013A,X10,4,6,43723073,43722707,419434496,22104,1,33919,non_fit,0,80,1,0,2064
169,party_battle_leve.pcapng,battlecraft-leve-accept-and-complete,2421,0,730,da8c54ef3b010000,8,624,0x013A,X10,5,6,43723073,43722707,419434496,22104,479,33935,non_fit,0,73,1,0,2064
170,party_battle_leve.pcapng,battlecraft-leve-accept-and-complete,2666,0,753,089d54ef3b010000,1,40,0x0139,X01,0,1,43722707,43722707,2080374882,21002,0,0,unknown,1,0,1,0,2064
171,party_battle_leve.pcapng,battlecraft-leve-accept-and-complete,2725,0,775,e4b154ef3b010000,0,0,0x0139,X01,0,1,43723073,43723073,2080374882,0,0,30331,non_fit,671311845,0,1,0,2064
172,party_battle_leve.pcapng,battlecraft-leve-accept-and-complete,2734,0,778,9cb354ef3b010000,1,40,0x0139,X01,0,1,43723073,43723073,2080374882,21002,0,0,unknown,1,0,1,0,2064
173,party_battle_leve.pcapng,battlecraft-leve-accept-and-complete,2795,0,802,13c154ef3b010000,1,40,0x0139,X01,0,1,43722707,43722707,1862270979,27346,0,30128,non_fit,1,0,1,0,2064
174,party_battle_leve.pcapng,battlecraft-leve-accept-and-complete,2811,0,810,dcc954ef3b010000,1,40,0x0139,X01,0,1,43722707,43722707,16781413,27346,151,30320,hp_recovery,805306626,0,1,0,2064
175,party_battle_leve.pcapng,battlecraft-leve-accept-and-complete,2818,0,815,d1cb54ef3b010000,1,40,0x0139,X01,0,1,43723073,43722707,1862270979,27346,0,30128,non_fit,1,0,1,0,2064
176,party_battle_leve.pcapng,battlecraft-leve-accept-and-complete,2839,0,822,76d554ef3b010000,1,40,0x0139,X01,0,1,43723073,43722707,16781413,27346,166,30320,hp_recovery,805306627,0,1,0,2064
177,party_battle_leve.pcapng,battlecraft-leve-accept-and-complete,4048,0,1119,f89855ef3b010000,1,40,0x0139,X01,0,1,43723073,43723073,2080374882,21001,0,0,unknown,1,0,1,0,2064
178,party_battle_leve.pcapng,battlecraft-leve-accept-and-complete,4896,0,1367,0d6a57ef3b010000,1,40,0x0139,X01,0,1,1158679892,1158679892,2080374882,21001,0,0,unknown,1,0,1,0,2064
179,party_battle_leve.pcapng,battlecraft-leve-accept-and-complete,4915,0,1369,856a57ef3b010000,0,0,0x0139,X01,0,1,1158679892,1158679892,2080374882,21001,0,0,unknown,1,0,1,0,2064
180,party_battle_leve.pcapng,battlecraft-leve-accept-and-complete,4947,0,1386,af6f57ef3b010000,0,0,0x0139,X01,0,1,1158679893,43722707,285216768,23005,59,30301,normal_damage,134219332,4,1,0,2064
181,party_battle_leve.pcapng,battlecraft-leve-accept-and-complete,4951,0,1388,d06f57ef3b010000,2,160,0x0139,X01,0,1,1158679892,43722707,285216768,23003,85,30302,critical_damage,134219335,4,1,0,2064
182,party_battle_leve.pcapng,battlecraft-leve-accept-and-complete,4958,0,1392,877157ef3b010000,2,104,0x0139,X01,0,1,43722707,43722707,2080374882,21001,0,0,unknown,1,0,1,0,2064
183,party_battle_leve.pcapng,battlecraft-leve-accept-and-complete,4960,0,1394,627257ef3b010000,0,0,0x0139,X01,0,1,43723073,43723073,2080374882,0,0,30331,non_fit,671311769,0,1,0,2064
184,party_battle_leve.pcapng,battlecraft-leve-accept-and-complete,4980,0,1399,547357ef3b010000,0,0,0x0139,X01,0,1,43722707,43722707,2080374882,0,0,30331,non_fit,671311769,0,1,0,2064
185,party_battle_leve.pcapng,battlecraft-leve-accept-and-complete,5001,0,1409,b77857ef3b010000,0,0,0x0139,X01,0,1,43723073,1158679893,419434496,22104,0,30311,miss,134217732,1,1,0,2064
186,party_battle_leve.pcapng,battlecraft-leve-accept-and-complete,5030,0,1418,dd7b57ef3b010000,0,0,0x0139,X01,0,1,43722707,1158679893,419434496,22104,19,30301,normal_damage,134219268,1,1,0,2064
187,party_battle_leve.pcapng,battlecraft-leve-accept-and-complete,5043,0,1428,288257ef3b010000,0,0,0x0139,X01,0,1,1158679892,43722707,285216768,23003,66,30301,normal_damage,134219268,1,1,0,2064
188,party_battle_leve.pcapng,battlecraft-leve-accept-and-complete,5046,0,1430,688257ef3b010000,0,0,0x0139,X01,0,1,1158679893,43722707,285216768,23003,89,30302,critical_damage,134219271,1,1,0,2064
189,party_battle_leve.pcapng,battlecraft-leve-accept-and-complete,5060,0,1434,b58557ef3b010000,0,0,0x0139,X01,0,1,43722707,1158679893,419434496,22104,22,30301,normal_damage,134219268,1,1,0,2064
190,party_battle_leve.pcapng,battlecraft-leve-accept-and-complete,5073,0,1443,cc8857ef3b010000,4,568,0x0139,X01,0,1,43722707,43722707,234889791,27260,0,30328,non_fit,537094006,0,1,0,2064
191,party_battle_leve.pcapng,battlecraft-leve-accept-and-complete,5076,0,1445,9e8957ef3b010000,0,0,0x0139,X01,0,1,43723073,1158679893,419434496,22104,51,30301,normal_damage,134219268,1,1,0,2064
192,party_battle_leve.pcapng,battlecraft-leve-accept-and-complete,5120,0,1460,289057ef3b010000,2,336,0x013A,X10,0,2,43722707,1158679893,302096389,27156,55,30301,normal_damage,134219268,1,1,0,2064
193,party_battle_leve.pcapng,battlecraft-leve-accept-and-complete,5120,0,1460,289057ef3b010000,2,336,0x013A,X10,1,2,43722707,1158679893,302096389,27156,0,30335,non_fit,537093927,1,1,0,2064
194,party_battle_leve.pcapng,battlecraft-leve-accept-and-complete,5124,0,1464,3b9357ef3b010000,0,0,0x0139,X01,0,1,1158679892,43722707,285216768,23005,66,30301,normal_damage,134219268,1,1,0,2064
195,party_battle_leve.pcapng,battlecraft-leve-accept-and-complete,5143,0,1470,069a57ef3b010000,0,0,0x0139,X01,0,1,43723073,1158679893,419434496,22104,50,30301,normal_damage,134219268,1,1,0,2064
196,party_battle_leve.pcapng,battlecraft-leve-accept-and-complete,5166,0,1483,f2a257ef3b010000,0,0,0x0139,X01,0,1,43722707,1158679893,419434496,22104,20,30301,normal_damage,134219268,1,1,0,2064
197,party_battle_leve.pcapng,battlecraft-leve-accept-and-complete,5185,0,1490,9aa557ef3b010000,0,0,0x0139,X01,0,1,1158679892,43722707,285216768,23003,44,30306,block_damage,134221828,1,1,0,2064
198,party_battle_leve.pcapng,battlecraft-leve-accept-and-complete,5189,0,1492,0fa657ef3b010000,0,0,0x0139,X01,0,1,1158679893,1158679893,2080374882,0,0,30338,non_fit,671311655,0,1,0,2064
199,party_battle_leve.pcapng,battlecraft-leve-accept-and-complete,5197,0,1497,13ab57ef3b010000,0,0,0x0139,X01,0,1,43723073,1158679893,419434496,22104,53,30301,normal_damage,134219268,1,1,0,2064
200,party_battle_leve.pcapng,battlecraft-leve-accept-and-complete,5214,0,1502,0cac57ef3b010000,0,0,0x0139,X01,0,1,43722707,1158679893,301994016,27158,50,30301,normal_damage,134252036,1,1,0,2064
201,party_battle_leve.pcapng,battlecraft-leve-accept-and-complete,5218,0,1502,0cac57ef3b010000,4,592,0x0139,X01,0,1,43723073,43723073,234889791,27260,0,30328,non_fit,537094006,0,1,0,2064
202,party_battle_leve.pcapng,battlecraft-leve-accept-and-complete,5234,0,1513,76b257ef3b010000,0,0,0x0139,X01,0,1,43723073,1158679893,301993998,27190,82,30301,normal_damage,134252036,1,1,0,2064
203,party_battle_leve.pcapng,battlecraft-leve-accept-and-complete,5255,0,1521,ffb557ef3b010000,0,0,0x0139,X01,0,1,43722707,43722707,234971719,27141,0,30328,non_fit,537093970,0,1,0,2064
204,party_battle_leve.pcapng,battlecraft-leve-accept-and-complete,5258,0,1523,16b657ef3b010000,0,0,0x0139,X01,0,1,1158679892,43722707,285216768,23005,0,30311,miss,134217732,1,1,0,2064
205,party_battle_leve.pcapng,battlecraft-leve-accept-and-complete,5263,0,1528,bab857ef3b010000,0,0,0x0139,X01,0,1,1158679893,43723073,285216768,23005,47,30301,normal_damage,134219268,1,1,0,2064
206,party_battle_leve.pcapng,battlecraft-leve-accept-and-complete,5281,0,1535,98bb57ef3b010000,0,0,0x0139,X01,0,1,43723073,1158679893,301994027,27191,102,30301,normal_damage,134284804,1,1,0,2064
207,party_battle_leve.pcapng,battlecraft-leve-accept-and-complete,5292,0,1541,22bf57ef3b010000,0,0,0x0139,X01,0,1,43722707,1158679893,419434496,22104,21,30301,normal_damage,134219268,1,1,0,2064
208,party_battle_leve.pcapng,battlecraft-leve-accept-and-complete,5312,0,1550,42c657ef3b010000,0,0,0x013A,X10,0,3,1158679892,43722707,285216768,23003,0,30306,block_damage,134221828,1,1,0,2064
209,party_battle_leve.pcapng,battlecraft-leve-accept-and-complete,5312,0,1550,42c657ef3b010000,0,0,0x013A,X10,1,3,1158679892,43722707,285216768,23003,161,33008,hp_recovery,805306626,1,1,0,2064
210,party_battle_leve.pcapng,battlecraft-leve-accept-and-complete,5312,0,1550,42c657ef3b010000,0,0,0x013A,X10,2,3,1158679892,43722707,285216768,23003,0,30331,non_fit,671311698,1,1,0,2064
211,party_battle_leve.pcapng,battlecraft-leve-accept-and-complete,5319,0,1555,e6c857ef3b010000,1,40,0x0139,X01,0,1,1158679893,1158679893,1862270987,23061,0,30126,non_fit,1,0,1,0,2064
212,party_battle_leve.pcapng,battlecraft-leve-accept-and-complete,5320,0,1556,fec857ef3b010000,0,0,0x0139,X01,0,1,43722707,1158679893,419434496,22104,20,30301,normal_damage,134219268,1,1,0,2064
213,party_battle_leve.pcapng,battlecraft-leve-accept-and-complete,5340,0,1565,08cb57ef3b010000,5,200,0x0139,X01,0,1,1158679893,1158679893,2130706531,23061,0,0,unknown,0,0,1,0,2064
214,party_battle_leve.pcapng,battlecraft-leve-accept-and-complete,5344,0,1565,08cb57ef3b010000,9,664,0x013A,X10,0,4,43722707,1158679893,301995007,27150,65,30301,normal_damage,134776324,1,1,0,2064
215,party_battle_leve.pcapng,battlecraft-leve-accept-and-complete,5344,0,1565,08cb57ef3b010000,9,664,0x013A,X10,1,4,43722707,1158679893,301995007,27150,0,30116,non_fit,0,0,1,0,2064
216,party_battle_leve.pcapng,battlecraft-leve-accept-and-complete,5344,0,1565,08cb57ef3b010000,9,664,0x013A,X10,2,4,43722707,43723073,301995007,27150,475,33936,non_fit,0,53,1,0,2064
217,party_battle_leve.pcapng,battlecraft-leve-accept-and-complete,5344,0,1565,08cb57ef3b010000,9,664,0x013A,X10,3,4,43722707,43722707,301995007,27150,423,33935,non_fit,0,53,1,0,2064
218,party_battle_leve.pcapng,battlecraft-leve-accept-and-complete,5585,0,1586,23d857ef3b010000,0,0,0x0139,X01,0,1,1158679892,43722707,285216768,23003,94,30302,critical_damage,134219271,1,1,0,2064
219,party_battle_leve.pcapng,battlecraft-leve-accept-and-complete,5604,0,1592,b6db57ef3b010000,0,0,0x0139,X01,0,1,43723073,1158679892,419434496,22104,53,30301,normal_damage,134219268,1,1,0,2064
220,party_battle_leve.pcapng,battlecraft-leve-accept-and-complete,5651,0,1609,a0e657ef3b010000,0,0,0x0139,X01,0,1,43722707,1158679892,301995009,27152,0,30311,miss,134217732,1,1,0,2064
221,party_battle_leve.pcapng,battlecraft-leve-accept-and-complete,5657,0,1612,55e857ef3b010000,0,0,0x0139,X01,0,1,1158679892,43723073,285216768,23005,59,30308,parry_damage,134221316,1,1,0,2064
222,party_battle_leve.pcapng,battlecraft-leve-accept-and-complete,5673,0,1616,ebeb57ef3b010000,1,64,0x0139,X01,0,1,43723073,1158679892,419434496,22104,47,30301,normal_damage,134219268,1,1,0,2064
223,party_battle_leve.pcapng,battlecraft-leve-accept-and-complete,5680,0,1618,04ec57ef3b010000,3,504,0x0139,X01,0,1,43723073,43723073,234889905,27264,0,30328,non_fit,537094131,0,1,0,2064
224,party_battle_leve.pcapng,battlecraft-leve-accept-and-complete,5691,0,1626,58f157ef3b010000,0,0,0x013A,X10,0,3,43723073,43723073,302002218,27198,0,30331,non_fit,671311859,0,1,0,2064
225,party_battle_leve.pcapng,battlecraft-leve-accept-and-complete,5691,0,1626,58f157ef3b010000,0,0,0x013A,X10,1,3,43723073,1158679892,302002218,27198,85,30301,normal_damage,134219268,1,1,0,2064
226,party_battle_leve.pcapng,battlecraft-leve-accept-and-complete,5691,0,1626,58f157ef3b010000,0,0,0x013A,X10,2,3,43723073,1158679892,302002218,27198,0,30335,non_fit,537093925,1,1,0,2064
227,party_battle_leve.pcapng,battlecraft-leve-accept-and-complete,5710,0,1632,e2f357ef3b010000,0,0,0x0139,X01,0,1,43722707,1158679892,419434496,22104,19,30301,normal_damage,134219268,1,1,0,2064
228,party_battle_leve.pcapng,battlecraft-leve-accept-and-complete,5716,0,1636,d0f457ef3b010000,0,0,0x0139,X01,0,1,43722707,43722707,234889735,27100,204,30320,hp_recovery,805306626,0,1,0,2064
229,party_battle_leve.pcapng,battlecraft-leve-accept-and-complete,5722,0,1641,41fa57ef3b010000,1,40,0x0139,X01,0,1,1158679892,1158679892,1862270987,23061,0,30126,non_fit,1,0,1,0,2064
230,party_battle_leve.pcapng,battlecraft-leve-accept-and-complete,5739,0,1646,f0fc57ef3b010000,3,376,0x0139,X01,0,1,1158679892,1158679892,553656320,23061,0,30328,non_fit,537094072,0,1,0,2064
231,party_battle_leve.pcapng,battlecraft-leve-accept-and-complete,5751,0,1654,910358ef3b010000,0,0,0x013A,X10,0,2,43722707,43722707,2080374882,0,0,0,unknown,0,0,1,0,2064
232,party_battle_leve.pcapng,battlecraft-leve-accept-and-complete,5751,0,1654,910358ef3b010000,0,0,0x013A,X10,1,2,43722707,43722707,2080374882,0,0,30331,non_fit,671311734,0,1,0,2064
233,party_battle_leve.pcapng,battlecraft-leve-accept-and-complete,5764,0,1658,e40558ef3b010000,0,0,0x0139,X01,0,1,43722707,1158679892,419434496,22104,22,30301,normal_damage,134219268,1,1,0,2064
234,party_battle_leve.pcapng,battlecraft-leve-accept-and-complete,5770,0,1663,b50858ef3b010000,0,0,0x0139,X01,0,1,43723073,1158679892,301993998,27190,84,30301,normal_damage,134252036,1,1,0,2064
235,party_battle_leve.pcapng,battlecraft-leve-accept-and-complete,5792,0,1672,fc0e58ef3b010000,0,0,0x0139,X01,0,1,1158679892,43723073,285216768,23003,71,30301,normal_damage,134219268,1,1,0,2064
236,party_battle_leve.pcapng,battlecraft-leve-accept-and-complete,5794,0,1674,8a1058ef3b010000,0,0,0x0139,X01,0,1,43722707,1158679892,419434496,22104,19,30301,normal_damage,134219268,1,1,0,2064
237,party_battle_leve.pcapng,battlecraft-leve-accept-and-complete,5812,0,1683,4e1a58ef3b010000,0,0,0x0139,X01,0,1,43723073,1158679892,419434496,22104,48,30301,normal_damage,134219268,1,1,0,2064
238,party_battle_leve.pcapng,battlecraft-leve-accept-and-complete,5815,0,1684,5b1a58ef3b010000,1,64,0x0139,X01,0,1,43722707,1158679892,419434496,22104,19,30301,normal_damage,134219268,1,1,0,2064
239,party_battle_leve.pcapng,battlecraft-leve-accept-and-complete,5827,0,1687,5f1b58ef3b010000,0,0,0x0139,X01,0,1,1158679892,1158679892,2080374882,0,0,30338,non_fit,671311653,0,1,0,2064
240,party_battle_leve.pcapng,battlecraft-leve-accept-and-complete,5833,0,1693,ac2058ef3b010000,0,0,0x0139,X01,0,1,1158679892,43723073,285216768,23005,0,30311,miss,134217732,1,1,0,2064
241,party_battle_leve.pcapng,battlecraft-leve-accept-and-complete,5846,0,1697,582458ef3b010000,0,0,0x0139,X01,0,1,43722707,1158679892,419434496,22104,0,30311,miss,134217732,1,1,0,2064
242,party_battle_leve.pcapng,battlecraft-leve-accept-and-complete,5849,0,1700,a22558ef3b010000,0,0,0x013A,X10,0,2,43723073,43723073,2080374882,0,0,0,unknown,0,0,1,0,2064
243,party_battle_leve.pcapng,battlecraft-leve-accept-and-complete,5849,0,1700,a22558ef3b010000,0,0,0x013A,X10,1,2,43723073,43723073,2080374882,0,0,30331,non_fit,671311734,0,1,0,2064
244,party_battle_leve.pcapng,battlecraft-leve-accept-and-complete,5865,0,1706,a62a58ef3b010000,0,0,0x0139,X01,0,1,43723073,1158679892,419434496,22104,47,30301,normal_damage,134219268,1,1,0,2064
245,party_battle_leve.pcapng,battlecraft-leve-accept-and-complete,5881,0,1713,c62e58ef3b010000,0,0,0x0139,X01,0,1,43722707,1158679892,419434496,22104,19,30301,normal_damage,134219268,1,1,0,2064
246,party_battle_leve.pcapng,battlecraft-leve-accept-and-complete,5884,0,1716,d33058ef3b010000,0,0,0x0139,X01,0,1,1158679892,43723073,285216768,23005,71,30301,normal_damage,134219268,1,1,0,2064
247,party_battle_leve.pcapng,battlecraft-leve-accept-and-complete,6101,0,1726,8d3358ef3b010000,0,0,0x0139,X01,0,1,43722707,1158679892,301995007,27150,62,30301,normal_damage,134252036,1,1,0,2064
248,party_battle_leve.pcapng,battlecraft-leve-accept-and-complete,6132,0,1736,bf3b58ef3b010000,4,160,0x0139,X01,0,1,43723073,1158679892,2080374882,0,0,0,unknown,671311800,0,1,0,2064
249,party_battle_leve.pcapng,battlecraft-leve-accept-and-complete,6136,0,1736,bf3b58ef3b010000,8,624,0x013A,X10,0,6,43723073,1158679892,419434496,22104,50,30301,normal_damage,134743556,1,1,0,2064
250,party_battle_leve.pcapng,battlecraft-leve-accept-and-complete,6136,0,1736,bf3b58ef3b010000,8,624,0x013A,X10,1,6,43723073,1158679892,419434496,22104,0,30116,non_fit,0,0,1,0,2064
251,party_battle_leve.pcapng,battlecraft-leve-accept-and-complete,6136,0,1736,bf3b58ef3b010000,8,624,0x013A,X10,2,6,43723073,43723073,419434496,22104,1,33919,non_fit,0,80,1,0,2064
252,party_battle_leve.pcapng,battlecraft-leve-accept-and-complete,6136,0,1736,bf3b58ef3b010000,8,624,0x013A,X10,3,6,43723073,43723073,419434496,22104,538,33936,non_fit,0,73,1,0,2064
253,party_battle_leve.pcapng,battlecraft-leve-accept-and-complete,6136,0,1736,bf3b58ef3b010000,8,624,0x013A,X10,4,6,43723073,43722707,419434496,22104,1,33919,non_fit,0,80,1,0,2064
254,party_battle_leve.pcapng,battlecraft-leve-accept-and-complete,6136,0,1736,bf3b58ef3b010000,8,624,0x013A,X10,5,6,43723073,43722707,419434496,22104,479,33935,non_fit,0,73,1,0,2064
255,party_battle_leve.pcapng,battlecraft-leve-accept-and-complete,6345,0,1746,5c3e58ef3b010000,26,3440,0x0139,X01,0,1,43723073,43723073,2080374882,0,0,30331,non_fit,671311845,0,1,0,2064
256,party_battle_leve.pcapng,battlecraft-leve-accept-and-complete,6377,0,1759,2a4858ef3b010000,1,40,0x0139,X01,0,1,43722707,43722707,2080374882,21002,0,0,unknown,1,0,1,0,2064
257,party_battle_leve.pcapng,battlecraft-leve-accept-and-complete,6580,0,1820,306f58ef3b010000,0,0,0x0139,X01,0,1,43722707,43722707,2080374882,0,0,30331,non_fit,671311845,0,1,0,2064
258,party_battle_leve.pcapng,battlecraft-leve-accept-and-complete,6589,0,1824,077158ef3b010000,1,40,0x0139,X01,0,1,43723073,43723073,2080374882,21002,0,0,unknown,1,0,1,0,2064
259,party_battle_leve.pcapng,battlecraft-leve-accept-and-complete,6631,0,1841,c67d58ef3b010000,1,40,0x0139,X01,0,1,43723073,43723073,2080374882,21001,0,0,unknown,1,0,1,0,2064
260,party_battle_leve.pcapng,battlecraft-leve-accept-and-complete,6682,0,1862,2e8e58ef3b010000,1,40,0x0139,X01,0,1,43722707,43722707,1862270979,27351,0,30128,non_fit,1,0,1,0,2064
261,party_battle_leve.pcapng,battlecraft-leve-accept-and-complete,6697,0,1871,869558ef3b010000,1,40,0x0139,X01,0,1,43723073,43723073,2080374882,21002,0,0,unknown,1,0,1,0,2064
262,party_battle_leve.pcapng,battlecraft-leve-accept-and-complete,6723,0,1878,5e9b58ef3b010000,7,1048,0x013A,X10,0,2,43722707,43722707,16782397,27351,0,30328,non_fit,537094041,0,1,0,2064
263,party_battle_leve.pcapng,battlecraft-leve-accept-and-complete,6723,0,1878,5e9b58ef3b010000,7,1048,0x013A,X10,1,2,43722707,43723073,16782397,27351,0,30328,non_fit,537094041,0,1,0,2064
264,party_battle_leve.pcapng,battlecraft-leve-accept-and-complete,6742,0,1890,3ea758ef3b010000,0,0,0x0139,X01,0,1,43723073,43723073,234889735,27100,201,30320,hp_recovery,805306626,0,1,0,2064
265,party_battle_leve.pcapng,battlecraft-leve-accept-and-complete,7057,0,1973,64dc58ef3b010000,1,40,0x0139,X01,0,1,43723073,43723073,2080374882,21001,0,0,unknown,1,0,1,0,2064
266,party_battle_leve.pcapng,battlecraft-leve-accept-and-complete,7153,0,1992,1ae858ef3b010000,1,40,0x0139,X01,0,1,43723073,43723073,2080374882,21002,0,0,unknown,1,0,1,0,2064
267,party_battle_leve.pcapng,battlecraft-leve-accept-and-complete,7646,0,2080,071f59ef3b010000,1,40,0x0139,X01,0,1,43722707,43722707,2080374882,21001,0,0,unknown,1,0,1,0,2064
268,party_battle_leve.pcapng,battlecraft-leve-accept-and-complete,7676,0,2093,142659ef3b010000,1,40,0x0139,X01,0,1,1158679843,1158679843,2080374882,21001,0,0,unknown,1,0,1,0,2064
269,party_battle_leve.pcapng,battlecraft-leve-accept-and-complete,7717,0,2102,f32a59ef3b010000,1,40,0x0139,X01,0,1,43723073,43723073,2080374882,21001,0,0,unknown,1,0,1,0,2064
270,party_battle_leve.pcapng,battlecraft-leve-accept-and-complete,7722,0,2104,5a2b59ef3b010000,0,0,0x0139,X01,0,1,1158679843,43722707,285216768,23005,51,30301,normal_damage,134219332,1,1,0,2064
271,party_battle_leve.pcapng,battlecraft-leve-accept-and-complete,7731,0,2111,452d59ef3b010000,0,0,0x0139,X01,0,1,43722707,1158679843,419434496,22104,30,30301,normal_damage,134219268,1,1,0,2064
272,party_battle_leve.pcapng,battlecraft-leve-accept-and-complete,7752,0,2121,e13659ef3b010000,0,0,0x0139,X01,0,1,43722707,1158679843,419434496,22104,27,30301,normal_damage,134219268,1,1,0,2064
273,party_battle_leve.pcapng,battlecraft-leve-accept-and-complete,7767,0,2127,743b59ef3b010000,0,0,0x0139,X01,0,1,43723073,1158679843,419434496,22104,83,30302,critical_damage,134219271,2,1,0,2064
274,party_battle_leve.pcapng,battlecraft-leve-accept-and-complete,7771,0,2130,163d59ef3b010000,0,0,0x0139,X01,0,1,1158679843,43723073,285216768,23005,38,30301,normal_damage,134219332,1,1,0,2064
275,party_battle_leve.pcapng,battlecraft-leve-accept-and-complete,7779,0,2137,e44059ef3b010000,0,0,0x0139,X01,0,1,43722707,1158679843,419434496,22104,26,30301,normal_damage,134219268,1,1,0,2064
276,party_battle_leve.pcapng,battlecraft-leve-accept-and-complete,7812,0,2148,bd4b59ef3b010000,0,0,0x0139,X01,0,1,43722707,1158679843,419434496,22104,27,30301,normal_damage,134219268,1,1,0,2064
277,party_battle_leve.pcapng,battlecraft-leve-accept-and-complete,7816,0,2152,a44c59ef3b010000,0,0,0x0139,X01,0,1,43723073,1158679843,419434496,22104,66,30301,normal_damage,134219268,1,1,0,2064
278,party_battle_leve.pcapng,battlecraft-leve-accept-and-complete,7821,0,2156,b44d59ef3b010000,0,0,0x0139,X01,0,1,1158679843,43723073,285216768,23005,38,30301,normal_damage,134219332,1,1,0,2064
279,party_battle_leve.pcapng,battlecraft-leve-accept-and-complete,7845,0,2166,3d5359ef3b010000,3,504,0x0139,X01,0,1,43723073,43723073,234889791,27260,0,30328,non_fit,537094006,0,1,0,2064
280,party_battle_leve.pcapng,battlecraft-leve-accept-and-complete,7848,0,2168,8a5559ef3b010000,0,0,0x0139,X01,0,1,43722707,1158679843,419434496,22104,28,30301,normal_damage,134219268,1,1,0,2064
281,party_battle_leve.pcapng,battlecraft-leve-accept-and-complete,7865,0,2177,b75f59ef3b010000,0,0,0x0139,X01,0,1,43722707,1158679843,419434496,22104,27,30301,normal_damage,134219268,1,1,0,2064
282,party_battle_leve.pcapng,battlecraft-leve-accept-and-complete,7874,0,2182,b16059ef3b010000,0,0,0x0139,X01,0,1,43723073,1158679843,301993998,27190,122,30301,normal_damage,134252036,1,1,0,2064
283,party_battle_leve.pcapng,battlecraft-leve-accept-and-complete,7881,0,2184,6a6159ef3b010000,0,0,0x0139,X01,0,1,1158679843,43723073,285216768,23003,0,30311,miss,134217732,1,1,0,2064
284,party_battle_leve.pcapng,battlecraft-leve-accept-and-complete,7903,0,2196,ae6959ef3b010000,1,64,0x0139,X01,0,1,43722707,1158679843,419434496,22104,25,30301,normal_damage,134219268,1,1,0,2064
285,party_battle_leve.pcapng,battlecraft-leve-accept-and-complete,7917,0,2201,787159ef3b010000,0,0,0x0139,X01,0,1,43723073,1158679843,419434496,22104,66,30301,normal_damage,134219268,1,1,0,2064
286,party_battle_leve.pcapng,battlecraft-leve-accept-and-complete,7931,0,2205,8b7259ef3b010000,0,0,0x0139,X01,0,1,1158679843,43723073,285216768,23003,38,30301,normal_damage,134219332,1,1,0,2064
287,party_battle_leve.pcapng,battlecraft-leve-accept-and-complete,7938,0,2208,837359ef3b010000,3,504,0x0139,X01,0,1,43723073,43723073,234889905,27264,0,30328,non_fit,537094131,0,1,0,2064
288,party_battle_leve.pcapng,battlecraft-leve-accept-and-complete,7940,0,2208,837359ef3b010000,5,672,0x0139,X01,0,1,43722707,1158679843,419434496,22104,25,30301,normal_damage,134219268,1,1,0,2064
289,party_battle_leve.pcapng,battlecraft-leve-accept-and-complete,7971,0,2217,1e7959ef3b010000,8,576,0x013A,X10,0,6,43723073,43723073,301994027,27191,0,30331,non_fit,671311859,0,1,0,2064
290,party_battle_leve.pcapng,battlecraft-leve-accept-and-complete,7971,0,2217,1e7959ef3b010000,8,576,0x013A,X10,1,6,43723073,1158679843,301994027,27191,146,30303,normal_damage,134809092,45,1,0,2064
291,party_battle_leve.pcapng,battlecraft-leve-accept-and-complete,7971,0,2217,1e7959ef3b010000,8,576,0x013A,X10,2,6,43723073,1158679843,301994027,27191,0,30112,non_fit,0,45,1,0,2064
292,party_battle_leve.pcapng,battlecraft-leve-accept-and-complete,7971,0,2217,1e7959ef3b010000,8,576,0x013A,X10,3,6,43723073,1158679843,301994027,27191,0,30116,non_fit,0,0,1,0,2064
293,party_battle_leve.pcapng,battlecraft-leve-accept-and-complete,7971,0,2217,1e7959ef3b010000,8,576,0x013A,X10,4,6,43723073,43723073,301994027,27191,227,33936,non_fit,0,53,1,0,2064
294,party_battle_leve.pcapng,battlecraft-leve-accept-and-complete,7971,0,2217,1e7959ef3b010000,8,576,0x013A,X10,5,6,43723073,43722707,301994027,27191,203,33935,non_fit,0,53,1,0,2064
295,party_battle_leve.pcapng,battlecraft-leve-accept-and-complete,8243,0,2248,239959ef3b010000,1,40,0x0139,X01,0,1,43723073,43723073,2080374882,21002,0,0,unknown,1,0,1,0,2064
296,party_battle_leve.pcapng,battlecraft-leve-accept-and-complete,8258,0,2252,59a059ef3b010000,1,40,0x0139,X01,0,1,43722707,43722707,2080374882,21002,0,0,unknown,1,0,1,0,2064
297,party_battle_leve.pcapng,battlecraft-leve-accept-and-complete,8397,0,2292,e3bb59ef3b010000,1,40,0x0139,X01,0,1,1158679894,1158679894,2080374882,21001,0,0,unknown,1,0,1,0,2064
298,party_battle_leve.pcapng,battlecraft-leve-accept-and-complete,8426,0,2301,fdbe59ef3b010000,1,40,0x0139,X01,0,1,43722707,43722707,2080374882,21001,0,0,unknown,1,0,1,0,2064
299,party_battle_leve.pcapng,battlecraft-leve-accept-and-complete,8436,0,2308,8dc159ef3b010000,0,0,0x0139,X01,0,1,1158679895,43722707,285216768,23005,63,30301,normal_damage,134219340,8,1,0,2064
300,party_battle_leve.pcapng,battlecraft-leve-accept-and-complete,8452,0,2313,6cc359ef3b010000,1,80,0x0139,X01,0,1,1158679894,43722707,285216768,23005,58,30301,normal_damage,134219340,2,1,0,2064
301,party_battle_leve.pcapng,battlecraft-leve-accept-and-complete,8460,0,2317,5bc559ef3b010000,1,40,0x0139,X01,0,1,43723073,43723073,2080374882,21001,0,0,unknown,1,0,1,0,2064
302,party_battle_leve.pcapng,battlecraft-leve-accept-and-complete,8466,0,2321,3dc759ef3b010000,0,0,0x013A,X10,0,2,43723073,43723073,2080374882,0,0,0,unknown,0,0,1,0,2064
303,party_battle_leve.pcapng,battlecraft-leve-accept-and-complete,8466,0,2321,3dc759ef3b010000,0,0,0x013A,X10,1,2,43723073,43723073,2080374882,0,0,30331,non_fit,671311734,0,1,0,2064
304,party_battle_leve.pcapng,battlecraft-leve-accept-and-complete,8473,0,2325,71c959ef3b010000,0,0,0x0139,X01,0,1,43722707,1158679894,419434496,22104,19,30301,normal_damage,134219268,1,1,0,2064
305,party_battle_leve.pcapng,battlecraft-leve-accept-and-complete,8508,0,2340,6fcf59ef3b010000,2,336,0x013A,X10,0,2,43722707,1158679894,302096389,27156,49,30301,normal_damage,134219268,1,1,0,2064
306,party_battle_leve.pcapng,battlecraft-leve-accept-and-complete,8508,0,2340,6fcf59ef3b010000,2,336,0x013A,X10,1,2,43722707,1158679894,302096389,27156,0,30335,non_fit,537093927,1,1,0,2064
307,party_battle_leve.pcapng,battlecraft-leve-accept-and-complete,8523,0,2346,e5d259ef3b010000,0,0,0x0139,X01,0,1,1158679895,43722707,285216768,23005,58,30301,normal_damage,134219340,1,1,0,2064
308,party_battle_leve.pcapng,battlecraft-leve-accept-and-complete,8533,0,2352,c3d559ef3b010000,0,0,0x0139,X01,0,1,43723073,1158679894,419434496,22104,45,30301,normal_damage,134219268,2,1,0,2064
309,party_battle_leve.pcapng,battlecraft-leve-accept-and-complete,8551,0,2358,41da59ef3b010000,0,0,0x0139,X01,0,1,43722707,43722707,234971719,27141,0,30328,non_fit,537093970,0,1,0,2064
310,party_battle_leve.pcapng,battlecraft-leve-accept-and-complete,8562,0,2367,63e159ef3b010000,0,0,0x0139,X01,0,1,43723073,1158679894,301993998,27190,77,30301,normal_damage,134252036,1,1,0,2064
311,party_battle_leve.pcapng,battlecraft-leve-accept-and-complete,8582,0,2374,e7e359ef3b010000,0,0,0x013A,X10,0,3,1158679895,43722707,285216768,23005,0,30306,block_damage,134221900,1,1,0,2064
312,party_battle_leve.pcapng,battlecraft-leve-accept-and-complete,8582,0,2374,e7e359ef3b010000,0,0,0x013A,X10,1,3,1158679895,43722707,285216768,23005,148,33008,hp_recovery,805306626,1,1,0,2064
313,party_battle_leve.pcapng,battlecraft-leve-accept-and-complete,8582,0,2374,e7e359ef3b010000,0,0,0x013A,X10,2,3,1158679895,43722707,285216768,23005,0,30331,non_fit,671311698,1,1,0,2064
314,party_battle_leve.pcapng,battlecraft-leve-accept-and-complete,8586,0,2378,99e659ef3b010000,0,0,0x0139,X01,0,1,43722707,1158679894,419434496,22104,25,30302,critical_damage,134219271,1,1,0,2064
315,party_battle_leve.pcapng,battlecraft-leve-accept-and-complete,8602,0,2384,21ea59ef3b010000,0,0,0x0139,X01,0,1,1158679894,1158679894,2080374882,0,0,30338,non_fit,671311655,0,1,0,2064
316,party_battle_leve.pcapng,battlecraft-leve-accept-and-complete,8607,0,2385,2fea59ef3b010000,1,64,0x0139,X01,0,1,43722707,1158679894,301994016,27158,0,30311,miss,134217732,1,1,0,2064
317,party_battle_leve.pcapng,battlecraft-leve-accept-and-complete,8624,0,2393,0bf359ef3b010000,0,0,0x0139,X01,0,1,43723073,1158679894,419434496,22104,57,30302,critical_damage,134219271,1,1,0,2064
318,party_battle_leve.pcapng,battlecraft-leve-accept-and-complete,8628,0,2396,fff359ef3b010000,0,0,0x0139,X01,0,1,43722707,1158679894,301995007,27150,60,30301,normal_damage,134252036,1,1,0,2064
319,party_battle_leve.pcapng,battlecraft-leve-accept-and-complete,8637,0,2399,bdf559ef3b010000,0,0,0x0139,X01,0,1,43723073,43723073,234889797,27182,0,30328,non_fit,537093993,0,1,0,2064
320,party_battle_leve.pcapng,battlecraft-leve-accept-and-complete,8639,0,2399,bdf559ef3b010000,2,168,0x0139,X01,0,1,1158679895,43722707,285216768,23005,0,30311,miss,134217740,1,1,0,2064
321,party_battle_leve.pcapng,battlecraft-leve-accept-and-complete,8642,0,2402,4cf959ef3b010000,0,0,0x0139,X01,0,1,1158679894,43723073,285216768,23003,33,30308,parry_damage,134221388,1,1,0,2064
322,party_battle_leve.pcapng,battlecraft-leve-accept-and-complete,8655,0,2406,95f959ef3b010000,3,376,0x013A,X10,0,4,43723073,1158679894,301994027,27191,97,30303,normal_damage,134284804,42,1,0,2064
323,party_battle_leve.pcapng,battlecraft-leve-accept-and-complete,8655,0,2406,95f959ef3b010000,3,376,0x013A,X10,1,4,43723073,1158679894,301994027,27191,73,30332,non_fit,1207960576,1,1,0,2064
324,party_battle_leve.pcapng,battlecraft-leve-accept-and-complete,8655,0,2406,95f959ef3b010000,3,376,0x013A,X10,2,4,43723073,43723073,301994027,27191,0,30331,non_fit,671311721,0,1,0,2064
325,party_battle_leve.pcapng,battlecraft-leve-accept-and-complete,8655,0,2406,95f959ef3b010000,3,376,0x013A,X10,3,4,43723073,1158679894,301994027,27191,0,30112,non_fit,0,42,1,0,2064
326,party_battle_leve.pcapng,battlecraft-leve-accept-and-complete,8678,0,2416,d3fd59ef3b010000,0,0,0x0139,X01,0,1,43722707,1158679894,301995009,27152,76,30302,critical_damage,134284807,1,1,0,2064
327,party_battle_leve.pcapng,battlecraft-leve-accept-and-complete,8701,0,2427,c0065aef3b010000,0,0,0x0139,X01,0,1,1158679895,43722707,285216768,23005,58,30301,normal_damage,134219340,2,1,0,2064
328,party_battle_leve.pcapng,battlecraft-leve-accept-and-complete,8705,0,2429,b9075aef3b010000,0,0,0x0139,X01,0,1,43723073,1158679894,302002218,27198,68,30301,normal_damage,134219268,1,1,0,2064
329,party_battle_leve.pcapng,battlecraft-leve-accept-and-complete,8713,0,2433,b3085aef3b010000,3,504,0x0139,X01,0,1,43722707,43722707,234889791,27260,0,30328,non_fit,537094006,0,1,0,2064
330,party_battle_leve.pcapng,battlecraft-leve-accept-and-complete,8715,0,2435,6e095aef3b010000,0,0,0x0139,X01,0,1,1158679894,43723073,285216768,23005,0,30311,miss,134217740,1,1,0,2064
331,party_battle_leve.pcapng,battlecraft-leve-accept-and-complete,8739,0,2446,ad115aef3b010000,1,64,0x0139,X01,0,1,43722707,43722707,234889742,27140,0,30328,non_fit,537093974,0,1,0,2064
332,party_battle_leve.pcapng,battlecraft-leve-accept-and-complete,8754,0,2452,2a175aef3b010000,0,0,0x0139,X01,0,1,1158679895,43722707,285216768,23005,27,30306,block_damage,134221900,2,1,0,2064
333,party_battle_leve.pcapng,battlecraft-leve-accept-and-complete,8764,0,2455,4f175aef3b010000,6,1008,0x013A,X10,0,2,43722707,43722707,234889752,27142,0,30328,non_fit,537093976,0,1,0,2064
334,party_battle_leve.pcapng,battlecraft-leve-accept-and-complete,8764,0,2455,4f175aef3b010000,6,1008,0x013A,X10,1,2,43722707,43723073,234889752,27142,0,30328,non_fit,537093976,0,1,0,2064
335,party_battle_leve.pcapng,battlecraft-leve-accept-and-complete,8770,0,2459,071a5aef3b010000,0,0,0x0139,X01,0,1,1158679894,43723073,285216768,23003,28,30301,normal_damage,134219340,1,1,0,2064
336,party_battle_leve.pcapng,battlecraft-leve-accept-and-complete,8790,0,2468,a11f5aef3b010000,0,0,0x0139,X01,0,1,43723073,1158679894,419434496,22104,44,30301,normal_damage,134219268,1,1,0,2064
337,party_battle_leve.pcapng,battlecraft-leve-accept-and-complete,8793,0,2471,6d215aef3b010000,0,0,0x0139,X01,0,1,43722707,1158679894,301994016,27158,49,30301,normal_damage,134252036,1,1,0,2064
338,party_battle_leve.pcapng,battlecraft-leve-accept-and-complete,9014,0,2486,25295aef3b010000,0,0,0x0139,X01,0,1,1158679895,43722707,285216768,23005,35,30301,normal_damage,134219340,2,1,0,2064
339,party_battle_leve.pcapng,battlecraft-leve-accept-and-complete,9029,0,2491,e12b5aef3b010000,1,40,0x0139,X01,0,1,1158679894,43723073,1862270987,23167,0,30126,non_fit,1,0,1,0,2064
340,party_battle_leve.pcapng,battlecraft-leve-accept-and-complete,9034,0,2495,81305aef3b010000,0,0,0x0139,X01,0,1,43723073,1158679894,419434496,22104,47,30301,normal_damage,134219268,1,1,0,2064
341,party_battle_leve.pcapng,battlecraft-leve-accept-and-complete,9037,0,2498,da315aef3b010000,0,0,0x0139,X01,0,1,43722707,1158679894,419434496,22104,18,30301,normal_damage,134219268,1,1,0,2064
342,party_battle_leve.pcapng,battlecraft-leve-accept-and-complete,9052,0,2501,0f345aef3b010000,1,40,0x0139,X01,0,1,1158679894,43723073,553656320,23167,39,30301,normal_damage,134223948,1,1,0,2064
343,party_battle_leve.pcapng,battlecraft-leve-accept-and-complete,9075,0,2510,513a5aef3b010000,7,536,0x013A,X10,0,4,43722707,1158679894,301995007,27150,56,30301,normal_damage,134776324,1,1,0,2064
344,party_battle_leve.pcapng,battlecraft-leve-accept-and-complete,9075,0,2510,513a5aef3b010000,7,536,0x013A,X10,1,4,43722707,1158679894,301995007,27150,0,30116,non_fit,0,0,1,0,2064
345,party_battle_leve.pcapng,battlecraft-leve-accept-and-complete,9075,0,2510,513a5aef3b010000,7,536,0x013A,X10,2,4,43722707,43723073,301995007,27150,475,33936,non_fit,0,53,1,0,2064
346,party_battle_leve.pcapng,battlecraft-leve-accept-and-complete,9075,0,2510,513a5aef3b010000,7,536,0x013A,X10,3,4,43722707,43722707,301995007,27150,423,33935,non_fit,0,53,1,0,2064
347,party_battle_leve.pcapng,battlecraft-leve-accept-and-complete,9092,0,2513,533b5aef3b010000,0,0,0x0139,X01,0,1,1158679895,43722707,285216768,23003,32,30301,normal_damage,134219340,2,1,0,2064
348,party_battle_leve.pcapng,battlecraft-leve-accept-and-complete,9430,0,2545,77495aef3b010000,0,0,0x0139,X01,0,1,43723073,1158679895,419434496,22104,0,30311,miss,134217732,1,1,0,2064
349,party_battle_leve.pcapng,battlecraft-leve-accept-and-complete,9453,0,2553,394c5aef3b010000,0,0,0x0139,X01,0,1,43722707,1158679895,301999104,27151,55,30302,critical_damage,134284807,1,1,0,2064
350,party_battle_leve.pcapng,battlecraft-leve-accept-and-complete,9457,0,2553,394c5aef3b010000,4,592,0x013A,X10,0,2,43722707,43722707,2080374882,0,0,0,unknown,0,0,1,0,2064
351,party_battle_leve.pcapng,battlecraft-leve-accept-and-complete,9457,0,2553,394c5aef3b010000,4,592,0x013A,X10,1,2,43722707,43722707,2080374882,0,0,30331,non_fit,671311702,0,1,0,2064
352,party_battle_leve.pcapng,battlecraft-leve-accept-and-complete,9463,0,2557,194d5aef3b010000,0,0,0x0139,X01,0,1,1158679895,43722707,285216768,23003,45,30301,normal_damage,134219340,1,1,0,2064
353,party_battle_leve.pcapng,battlecraft-leve-accept-and-complete,9486,0,2569,35555aef3b010000,2,336,0x013A,X10,0,2,43722707,1158679895,302096389,27156,51,30301,normal_damage,134219268,1,1,0,2064
354,party_battle_leve.pcapng,battlecraft-leve-accept-and-complete,9486,0,2569,35555aef3b010000,2,336,0x013A,X10,1,2,43722707,1158679895,302096389,27156,0,30335,non_fit,537093927,1,1,0,2064
355,party_battle_leve.pcapng,battlecraft-leve-accept-and-complete,9491,0,2573,855a5aef3b010000,0,0,0x0139,X01,0,1,43723073,1158679895,419434496,22104,43,30301,normal_damage,134219268,1,1,0,2064
356,party_battle_leve.pcapng,battlecraft-leve-accept-and-complete,9508,0,2580,65615aef3b010000,0,0,0x0139,X01,0,1,43722707,1158679895,419434496,22104,20,30301,normal_damage,134219268,1,1,0,2064
357,party_battle_leve.pcapng,battlecraft-leve-accept-and-complete,9548,0,2596,416b5aef3b010000,0,0,0x0139,X01,0,1,43722707,1158679895,419434496,22104,18,30301,normal_damage,134219268,4,1,0,2064
358,party_battle_leve.pcapng,battlecraft-leve-accept-and-complete,9549,0,2596,416b5aef3b010000,1,88,0x0139,X01,0,1,43723073,1158679895,419434496,22104,42,30301,normal_damage,134219268,1,1,0,2064
359,party_battle_leve.pcapng,battlecraft-leve-accept-and-complete,9559,0,2602,b76e5aef3b010000,0,0,0x0139,X01,0,1,1158679895,1158679895,2080374882,0,0,30338,non_fit,671311655,0,1,0,2064
360,party_battle_leve.pcapng,battlecraft-leve-accept-and-complete,9579,0,2610,d3755aef3b010000,0,0,0x0139,X01,0,1,43722707,1158679895,419434496,22104,19,30301,normal_damage,134219268,4,1,0,2064
361,party_battle_leve.pcapng,battlecraft-leve-accept-and-complete,9596,0,2618,407c5aef3b010000,0,0,0x0139,X01,0,1,43723073,1158679895,419434496,22104,0,30311,miss,134217732,1,1,0,2064
362,party_battle_leve.pcapng,battlecraft-leve-accept-and-complete,9601,0,2621,e97d5aef3b010000,1,40,0x0139,X01,0,1,1158679895,43722707,1862270987,23091,0,30126,non_fit,1,0,1,0,2064
363,party_battle_leve.pcapng,battlecraft-leve-accept-and-complete,9602,0,2622,0c7f5aef3b010000,0,0,0x0139,X01,0,1,43722707,1158679895,419434496,22104,20,30301,normal_damage,134219268,1,1,0,2064
364,party_battle_leve.pcapng,battlecraft-leve-accept-and-complete,9606,0,2625,c9805aef3b010000,1,40,0x0139,X01,0,1,1158679895,43722707,553656320,23091,85,30301,normal_damage,134225484,1,1,0,2064
365,party_battle_leve.pcapng,battlecraft-leve-accept-and-complete,9649,0,2631,b0825aef3b010000,0,0,0x0139,X01,0,1,43723073,1158679895,302002191,27193,83,30301,normal_damage,134219268,4,1,0,2064
366,party_battle_leve.pcapng,battlecraft-leve-accept-and-complete,9670,0,2638,49875aef3b010000,0,0,0x013A,X10,0,2,43722707,43722707,2080374882,0,0,0,unknown,0,0,1,0,2064
367,party_battle_leve.pcapng,battlecraft-leve-accept-and-complete,9670,0,2638,49875aef3b010000,0,0,0x013A,X10,1,2,43722707,43722707,2080374882,0,0,30331,non_fit,671311734,0,1,0,2064
368,party_battle_leve.pcapng,battlecraft-leve-accept-and-complete,9673,0,2641,19895aef3b010000,0,0,0x0139,X01,0,1,43722707,1158679895,419434496,22104,18,30301,normal_damage,134219268,1,1,0,2064
369,party_battle_leve.pcapng,battlecraft-leve-accept-and-complete,9689,0,2648,c58d5aef3b010000,0,0,0x0139,X01,0,1,43722707,43722707,234889735,27100,206,30320,hp_recovery,805306626,0,1,0,2064
370,party_battle_leve.pcapng,battlecraft-leve-accept-and-complete,9718,0,2656,27925aef3b010000,1,40,0x0139,X01,0,1,1158679895,43722707,1862270987,23091,0,30126,non_fit,1,0,1,0,2064
371,party_battle_leve.pcapng,battlecraft-leve-accept-and-complete,9753,0,2662,b3955aef3b010000,1,40,0x0139,X01,0,1,1158679895,43722707,553656320,23091,88,30301,normal_damage,134225484,1,1,0,2064
372,party_battle_leve.pcapng,battlecraft-leve-accept-and-complete,9760,0,2666,53965aef3b010000,0,0,0x0139,X01,0,1,43723073,1158679895,301993998,27190,88,30301,normal_damage,134252036,1,1,0,2064
373,party_battle_leve.pcapng,battlecraft-leve-accept-and-complete,9798,0,2680,e59f5aef3b010000,0,0,0x0139,X01,0,1,43722707,1158679895,419434496,22104,0,30311,miss,134217732,1,1,0,2064
374,party_battle_leve.pcapng,battlecraft-leve-accept-and-complete,9811,0,2685,e7a45aef3b010000,0,0,0x0139,X01,0,1,43723073,1158679895,419434496,22104,50,30301,normal_damage,134219268,8,1,0,2064
375,party_battle_leve.pcapng,battlecraft-leve-accept-and-complete,9818,0,2689,d9a55aef3b010000,0,0,0x0139,X01,0,1,43723073,1158679895,301994027,27191,87,30301,normal_damage,134284804,8,1,0,2064
376,party_battle_leve.pcapng,battlecraft-leve-accept-and-complete,9828,0,2693,91a75aef3b010000,2,120,0x0139,X01,0,1,1158679895,43722707,1862270987,23091,0,30126,non_fit,1,0,1,0,2064
377,party_battle_leve.pcapng,battlecraft-leve-accept-and-complete,10037,0,2701,3faa5aef3b010000,31,3872,0x0139,X01,0,1,1158679895,43722707,2130706531,23091,0,0,unknown,0,0,1,0,2064
378,party_battle_leve.pcapng,battlecraft-leve-accept-and-complete,10058,0,2710,73b25aef3b010000,0,0,0x0139,X01,0,1,43722707,1158679895,419434496,22104,19,30301,normal_damage,134219268,1,1,0,2064
379,party_battle_leve.pcapng,battlecraft-leve-accept-and-complete,10071,0,2714,2fb55aef3b010000,0,0,0x0139,X01,0,1,1158679895,43722707,285216768,23005,48,30301,normal_damage,134219340,1,1,0,2064
380,party_battle_leve.pcapng,battlecraft-leve-accept-and-complete,10084,0,2722,caba5aef3b010000,3,504,0x0139,X01,0,1,43723073,43723073,234889791,27260,0,30328,non_fit,537094006,0,1,0,2064
381,party_battle_leve.pcapng,battlecraft-leve-accept-and-complete,10095,0,2723,4dbc5aef3b010000,0,0,0x0139,X01,0,1,43722707,1158679895,419434496,22104,21,30301,normal_damage,134219268,1,1,0,2064
382,party_battle_leve.pcapng,battlecraft-leve-accept-and-complete,10107,0,2731,14c15aef3b010000,3,504,0x0139,X01,0,1,43723073,43723073,234889905,27264,0,30328,non_fit,537094131,0,1,0,2064
383,party_battle_leve.pcapng,battlecraft-leve-accept-and-complete,10122,0,2738,0fc65aef3b010000,0,0,0x0139,X01,0,1,43722707,1158679895,419434496,22104,20,30301,normal_damage,134219268,1,1,0,2064
384,party_battle_leve.pcapng,battlecraft-leve-accept-and-complete,10127,0,2742,81c75aef3b010000,1,40,0x0139,X01,0,1,1158679895,43722707,1862270987,23091,0,30126,non_fit,1,0,1,0,2064
385,party_battle_leve.pcapng,battlecraft-leve-accept-and-complete,10140,0,2747,27cb5aef3b010000,1,40,0x0139,X01,0,1,1158679895,43722707,553656320,23091,57,30306,block_damage,134221900,1,1,0,2064
386,party_battle_leve.pcapng,battlecraft-leve-accept-and-complete,10145,0,2750,88cf5aef3b010000,0,0,0x0139,X01,0,1,43723073,1158679895,419434496,22104,49,30301,normal_damage,134219268,1,1,0,2064
387,party_battle_leve.pcapng,battlecraft-leve-accept-and-complete,10146,0,2751,98cf5aef3b010000,0,0,0x0139,X01,0,1,43722707,1158679895,419434496,22104,21,30301,normal_damage,134219268,1,1,0,2064
388,party_battle_leve.pcapng,battlecraft-leve-accept-and-complete,10162,0,2756,b9d25aef3b010000,9,816,0x013A,X10,0,6,43722707,1158679895,301994016,27158,48,30301,normal_damage,134776324,1,1,0,2064
389,party_battle_leve.pcapng,battlecraft-leve-accept-and-complete,10162,0,2756,b9d25aef3b010000,9,816,0x013A,X10,1,6,43722707,1158679895,301994016,27158,0,30116,non_fit,0,0,1,0,2064
390,party_battle_leve.pcapng,battlecraft-leve-accept-and-complete,10162,0,2756,b9d25aef3b010000,9,816,0x013A,X10,2,6,43722707,43723073,301994016,27158,1,33919,non_fit,0,80,1,0,2064
391,party_battle_leve.pcapng,battlecraft-leve-accept-and-complete,10162,0,2756,b9d25aef3b010000,9,816,0x013A,X10,3,6,43722707,43723073,301994016,27158,538,33936,non_fit,0,73,1,0,2064
392,party_battle_leve.pcapng,battlecraft-leve-accept-and-complete,10162,0,2756,b9d25aef3b010000,9,816,0x013A,X10,4,6,43722707,43722707,301994016,27158,1,33919,non_fit,0,80,1,0,2064
393,party_battle_leve.pcapng,battlecraft-leve-accept-and-complete,10162,0,2756,b9d25aef3b010000,9,816,0x013A,X10,5,6,43722707,43722707,301994016,27158,479,33935,non_fit,0,73,1,0,2064
394,party_battle_leve.pcapng,battlecraft-leve-accept-and-complete,10406,0,2779,b8e65aef3b010000,1,40,0x0139,X01,0,1,43722707,43722707,2080374882,21002,0,0,unknown,1,0,1,0,2064
395,party_battle_leve.pcapng,battlecraft-leve-accept-and-complete,10437,0,2792,0ef45aef3b010000,1,40,0x0139,X01,0,1,43722707,43722707,1862270979,27346,0,30128,non_fit,1,0,1,0,2064
396,party_battle_leve.pcapng,battlecraft-leve-accept-and-complete,10451,0,2798,5bfb5aef3b010000,1,40,0x0139,X01,0,1,43722707,43722707,16781413,27346,152,30320,hp_recovery,805306626,0,1,0,2064
397,party_battle_leve.pcapng,battlecraft-leve-accept-and-complete,10460,0,2805,d1fe5aef3b010000,0,0,0x0139,X01,0,1,43722707,43722707,2080374882,0,0,30331,non_fit,671311704,0,1,0,2064
398,party_battle_leve.pcapng,battlecraft-leve-accept-and-complete,10481,0,2814,c8085bef3b010000,1,40,0x0139,X01,0,1,43723073,43723073,2080374882,21002,0,0,unknown,1,0,1,0,2064
399,party_battle_leve.pcapng,battlecraft-leve-accept-and-complete,10484,0,2816,3d095bef3b010000,0,0,0x013A,X10,0,2,43723073,43723073,2080374882,0,0,0,unknown,0,0,1,0,2064
400,party_battle_leve.pcapng,battlecraft-leve-accept-and-complete,10484,0,2816,3d095bef3b010000,0,0,0x013A,X10,1,2,43723073,43723073,2080374882,0,0,30331,non_fit,671311704,0,1,0,2064
401,party_battle_leve.pcapng,battlecraft-leve-accept-and-complete,10617,0,2850,021f5bef3b010000,1,40,0x0139,X01,0,1,43723073,43723073,2080374882,21001,0,0,unknown,1,0,1,0,2064
402,party_battle_leve.pcapng,battlecraft-leve-accept-and-complete,10705,0,2872,32265bef3b010000,1,40,0x0139,X01,0,1,1158679897,1158679897,2080374882,21001,0,0,unknown,1,0,1,0,2064
403,party_battle_leve.pcapng,battlecraft-leve-accept-and-complete,10743,0,2880,912a5bef3b010000,1,40,0x0139,X01,0,1,43722707,43722707,2080374882,21001,0,0,unknown,1,0,1,0,2064
404,party_battle_leve.pcapng,battlecraft-leve-accept-and-complete,10756,0,2885,192d5bef3b010000,0,0,0x0139,X01,0,1,1158679898,43722707,285216768,23003,89,30302,critical_damage,134219343,1,1,0,2064
405,party_battle_leve.pcapng,battlecraft-leve-accept-and-complete,10758,0,2886,302d5bef3b010000,0,0,0x013A,X10,0,2,43723073,43723073,2080374882,0,0,0,unknown,0,0,1,0,2064
406,party_battle_leve.pcapng,battlecraft-leve-accept-and-complete,10758,0,2886,302d5bef3b010000,0,0,0x013A,X10,1,2,43723073,43723073,2080374882,0,0,30331,non_fit,671311734,0,1,0,2064
407,party_battle_leve.pcapng,battlecraft-leve-accept-and-complete,10793,0,2891,c32f5bef3b010000,0,0,0x0139,X01,0,1,1158679897,43722707,285216768,23005,64,30301,normal_damage,134219340,1,1,0,2064
408,party_battle_leve.pcapng,battlecraft-leve-accept-and-complete,10811,0,2901,8c345bef3b010000,0,0,0x0139,X01,0,1,43722707,1158679897,419434496,22104,21,30301,normal_damage,134219268,1,1,0,2064
409,party_battle_leve.pcapng,battlecraft-leve-accept-and-complete,10821,0,2906,7c365bef3b010000,2,336,0x013A,X10,0,2,43722707,1158679897,302096389,27156,50,30301,normal_damage,134219268,1,1,0,2064
410,party_battle_leve.pcapng,battlecraft-leve-accept-and-complete,10821,0,2906,7c365bef3b010000,2,336,0x013A,X10,1,2,43722707,1158679897,302096389,27156,0,30335,non_fit,537093927,1,1,0,2064
411,party_battle_leve.pcapng,battlecraft-leve-accept-and-complete,10839,0,2914,843c5bef3b010000,0,0,0x0139,X01,0,1,43723073,1158679897,419434496,22104,42,30301,normal_damage,134219268,2,1,0,2064
412,party_battle_leve.pcapng,battlecraft-leve-accept-and-complete,10843,0,2918,873d5bef3b010000,0,0,0x0139,X01,0,1,1158679898,43722707,285216768,23005,89,30302,critical_damage,134219343,1,1,0,2064
413,party_battle_leve.pcapng,battlecraft-leve-accept-and-complete,10880,0,2930,c9435bef3b010000,0,0,0x0139,X01,0,1,43722707,43722707,234971719,27141,0,30328,non_fit,537093970,0,1,0,2064
414,party_battle_leve.pcapng,battlecraft-leve-accept-and-complete,10886,0,2936,45485bef3b010000,0,0,0x0139,X01,0,1,1158679897,1158679897,2080374882,0,0,30338,non_fit,671311655,0,1,0,2064
415,party_battle_leve.pcapng,battlecraft-leve-accept-and-complete,10920,0,2941,c94b5bef3b010000,0,0,0x013A,X10,0,3,1158679897,43722707,285216768,23005,0,30306,block_damage,134221900,1,1,0,2064
416,party_battle_leve.pcapng,battlecraft-leve-accept-and-complete,10920,0,2941,c94b5bef3b010000,0,0,0x013A,X10,1,3,1158679897,43722707,285216768,23005,144,33008,hp_recovery,805306626,1,1,0,2064
417,party_battle_leve.pcapng,battlecraft-leve-accept-and-complete,10920,0,2941,c94b5bef3b010000,0,0,0x013A,X10,2,3,1158679897,43722707,285216768,23005,0,30331,non_fit,671311698,1,1,0,2064
418,party_battle_leve.pcapng,battlecraft-leve-accept-and-complete,10929,0,2945,f34b5bef3b010000,0,0,0x013A,X10,0,2,43723073,43723073,301993998,27190,0,30331,non_fit,671311859,0,1,0,2064
419,party_battle_leve.pcapng,battlecraft-leve-accept-and-complete,10929,0,2945,f34b5bef3b010000,0,0,0x013A,X10,1,2,43723073,1158679897,301993998,27190,106,30301,normal_damage,134252036,1,1,0,2064
420,party_battle_leve.pcapng,battlecraft-leve-accept-and-complete,10940,0,2951,3a505bef3b010000,0,0,0x0139,X01,0,1,1158679898,43722707,285216768,23005,38,30306,block_damage,134221900,1,1,0,2064
421,party_battle_leve.pcapng,battlecraft-leve-accept-and-complete,10945,0,2955,fc515bef3b010000,0,0,0x0139,X01,0,1,43722707,1158679897,301994016,27158,53,30301,normal_damage,134252036,1,1,0,2064
422,party_battle_leve.pcapng,battlecraft-leve-accept-and-complete,10964,0,2963,06575bef3b010000,0,0,0x0139,X01,0,1,43723073,1158679897,301994027,27191,100,30301,normal_damage,134284804,1,1,0,2064
423,party_battle_leve.pcapng,battlecraft-leve-accept-and-complete,10982,0,2970,7c5d5bef3b010000,0,0,0x0139,X01,0,1,43722707,43722707,234889735,27100,215,30320,hp_recovery,805306626,0,1,0,2064
424,party_battle_leve.pcapng,battlecraft-leve-accept-and-complete,10986,0,2974,3e5f5bef3b010000,0,0,0x0139,X01,0,1,1158679897,43723073,285216768,23003,43,30301,normal_damage,134219340,1,1,0,2064
425,party_battle_leve.pcapng,battlecraft-leve-accept-and-complete,11001,0,2982,d0635bef3b010000,0,0,0x0139,X01,0,1,1158679898,43722707,285216768,23005,87,30302,critical_damage,134219343,2,1,0,2064
426,party_battle_leve.pcapng,battlecraft-leve-accept-and-complete,11002,0,2983,e4635bef3b010000,0,0,0x0139,X01,0,1,43723073,1158679897,419434496,22104,47,30301,normal_damage,134219268,1,1,0,2064
427,party_battle_leve.pcapng,battlecraft-leve-accept-and-complete,11007,0,2987,c5645bef3b010000,0,0,0x0139,X01,0,1,43722707,1158679897,301995007,27150,65,30301,normal_damage,134252036,1,1,0,2064
428,party_battle_leve.pcapng,battlecraft-leve-accept-and-complete,11030,0,2997,da6d5bef3b010000,0,0,0x0139,X01,0,1,43722707,1158679897,301995009,27152,66,30301,normal_damage,134284804,1,1,0,2064
429,party_battle_leve.pcapng,battlecraft-leve-accept-and-complete,11039,0,3002,58725bef3b010000,0,0,0x0139,X01,0,1,1158679897,43723073,285216768,23005,42,30301,normal_damage,134219340,1,1,0,2064
430,party_battle_leve.pcapng,battlecraft-leve-accept-and-complete,11051,0,3005,d8745bef3b010000,0,0,0x0139,X01,0,1,43723073,1158679897,419434496,22104,44,30301,normal_damage,134219268,1,1,0,2064
431,party_battle_leve.pcapng,battlecraft-leve-accept-and-complete,11056,0,3010,01785bef3b010000,0,0,0x0139,X01,0,1,1158679898,43722707,285216768,23003,59,30301,normal_damage,134219340,2,1,0,2064
432,party_battle_leve.pcapng,battlecraft-leve-accept-and-complete,11069,0,3015,207b5bef3b010000,0,0,0x0139,X01,0,1,43722707,1158679897,419434496,22104,21,30301,normal_damage,134219268,1,1,0,2064
433,party_battle_leve.pcapng,battlecraft-leve-accept-and-complete,11091,0,3027,e6845bef3b010000,2,104,0x0139,X01,0,1,1158679897,43723073,1862270987,23091,0,30126,non_fit,1,0,1,0,2064
434,party_battle_leve.pcapng,battlecraft-leve-accept-and-complete,11096,0,3030,0e855bef3b010000,0,0,0x0139,X01,0,1,43723073,1158679897,301993998,27190,83,30301,normal_damage,134252036,1,1,0,2064
435,party_battle_leve.pcapng,battlecraft-leve-accept-and-complete,11101,0,3030,0e855bef3b010000,5,672,0x0139,X01,0,1,43722707,1158679897,419434496,22104,21,30301,normal_damage,134219268,1,1,0,2064
436,party_battle_leve.pcapng,battlecraft-leve-accept-and-complete,11105,0,3033,9e875bef3b010000,1,40,0x0139,X01,0,1,1158679897,43723073,553656320,23091,81,30301,normal_damage,134225484,1,1,0,2064
437,party_battle_leve.pcapng,battlecraft-leve-accept-and-complete,11110,0,3037,7a8a5bef3b010000,0,0,0x0139,X01,0,1,1158679898,43722707,285216768,23003,58,30301,normal_damage,134219340,2,1,0,2064
438,party_battle_leve.pcapng,battlecraft-leve-accept-and-complete,11323,0,3048,968f5bef3b010000,0,0,0x0139,X01,0,1,43722707,1158679897,419434496,22104,22,30302,critical_damage,134219271,1,1,0,2064
439,party_battle_leve.pcapng,battlecraft-leve-accept-and-complete,11337,0,3054,77915bef3b010000,7,536,0x013A,X10,0,6,43723073,1158679897,419434496,22104,44,30301,normal_damage,134743556,1,1,0,2064
440,party_battle_leve.pcapng,battlecraft-leve-accept-and-complete,11337,0,3054,77915bef3b010000,7,536,0x013A,X10,1,6,43723073,1158679897,419434496,22104,0,30116,non_fit,0,0,1,0,2064
441,party_battle_leve.pcapng,battlecraft-leve-accept-and-complete,11337,0,3054,77915bef3b010000,7,536,0x013A,X10,2,6,43723073,43723073,419434496,22104,2,33919,non_fit,0,60,1,0,2064
442,party_battle_leve.pcapng,battlecraft-leve-accept-and-complete,11337,0,3054,77915bef3b010000,7,536,0x013A,X10,3,6,43723073,43723073,419434496,22104,553,33936,non_fit,0,78,1,0,2064
443,party_battle_leve.pcapng,battlecraft-leve-accept-and-complete,11337,0,3054,77915bef3b010000,7,536,0x013A,X10,4,6,43723073,43722707,419434496,22104,2,33919,non_fit,0,60,1,0,2064
444,party_battle_leve.pcapng,battlecraft-leve-accept-and-complete,11337,0,3054,77915bef3b010000,7,536,0x013A,X10,5,6,43723073,43722707,419434496,22104,493,33935,non_fit,0,78,1,0,2064
445,party_battle_leve.pcapng,battlecraft-leve-accept-and-complete,11572,0,3074,669c5bef3b010000,0,0,0x0139,X01,0,1,1158679898,43722707,285216768,23005,60,30301,normal_damage,134219340,2,1,0,2064
446,party_battle_leve.pcapng,battlecraft-leve-accept-and-complete,11580,0,3080,e3a15bef3b010000,0,0,0x0139,X01,0,1,43723073,1158679898,419434496,22104,44,30301,normal_damage,134219268,1,1,0,2064
447,party_battle_leve.pcapng,battlecraft-leve-accept-and-complete,11612,0,3093,ceac5bef3b010000,0,0,0x0139,X01,0,1,43723073,1158679898,302002191,27193,81,30301,normal_damage,134219268,1,1,0,2064
448,party_battle_leve.pcapng,battlecraft-leve-accept-and-complete,11617,0,3093,ceac5bef3b010000,5,672,0x0139,X01,0,1,1158679898,43723073,285216768,23005,40,30301,normal_damage,134219340,1,1,0,2064
449,party_battle_leve.pcapng,battlecraft-leve-accept-and-complete,11626,0,3101,84af5bef3b010000,1,80,0x0139,X01,0,1,43722707,1158679898,419434496,22104,20,30301,normal_damage,134219268,1,1,0,2064
450,party_battle_leve.pcapng,battlecraft-leve-accept-and-complete,11653,0,3115,45b95bef3b010000,3,376,0x013A,X10,0,2,43722707,1158679898,302096389,27156,51,30301,normal_damage,134219268,1,1,0,2064
451,party_battle_leve.pcapng,battlecraft-leve-accept-and-complete,11653,0,3115,45b95bef3b010000,3,376,0x013A,X10,1,2,43722707,1158679898,302096389,27156,0,30335,non_fit,537093927,1,1,0,2064
452,party_battle_leve.pcapng,battlecraft-leve-accept-and-complete,11666,0,3120,a3be5bef3b010000,0,0,0x0139,X01,0,1,43723073,1158679898,419434496,22104,0,30311,miss,134217732,1,1,0,2064
453,party_battle_leve.pcapng,battlecraft-leve-accept-and-complete,11672,0,3123,60c15bef3b010000,0,0,0x0139,X01,0,1,43723073,43723073,234889735,27100,199,30320,hp_recovery,805306626,0,1,0,2064
454,party_battle_leve.pcapng,battlecraft-leve-accept-and-complete,11685,0,3127,f6c55bef3b010000,0,0,0x0139,X01,0,1,43722707,1158679898,419434496,22104,21,30301,normal_damage,134219268,1,1,0,2064
455,party_battle_leve.pcapng,battlecraft-leve-accept-and-complete,11710,0,3138,d4cd5bef3b010000,0,0,0x0139,X01,0,1,1158679898,1158679898,2080374882,0,0,30338,non_fit,671311655,0,1,0,2064
456,party_battle_leve.pcapng,battlecraft-leve-accept-and-complete,11715,0,3140,c4ce5bef3b010000,1,40,0x0139,X01,0,1,1158679898,1158679898,1862270988,23092,0,30126,non_fit,1,0,1,0,2064
457,party_battle_leve.pcapng,battlecraft-leve-accept-and-complete,11718,0,3143,78d05bef3b010000,0,0,0x0139,X01,0,1,43722707,1158679898,419434496,22104,0,30311,miss,134217732,4,1,0,2064
458,party_battle_leve.pcapng,battlecraft-leve-accept-and-complete,11733,0,3148,e4d65bef3b010000,3,376,0x0139,X01,0,1,1158679898,1158679898,553660416,23092,0,30328,non_fit,537094072,0,1,0,2064
459,party_battle_leve.pcapng,battlecraft-leve-accept-and-complete,11736,0,3151,ded75bef3b010000,0,0,0x0139,X01,0,1,43723073,1158679898,419434496,22104,47,30301,normal_damage,134219268,1,1,0,2064
460,party_battle_leve.pcapng,battlecraft-leve-accept-and-complete,11738,0,3153,78da5bef3b010000,0,0,0x0139,X01,0,1,43722707,1158679898,419434496,22104,19,30301,normal_damage,134219268,4,1,0,2064
461,party_battle_leve.pcapng,battlecraft-leve-accept-and-complete,11762,0,3163,82e45bef3b010000,0,0,0x0139,X01,0,1,43722707,1158679898,419434496,22104,19,30301,normal_damage,134219268,4,1,0,2064
462,party_battle_leve.pcapng,battlecraft-leve-accept-and-complete,11767,0,3166,4ce75bef3b010000,1,40,0x0139,X01,0,1,1158679898,43723073,1862270987,23091,0,30126,non_fit,1,0,1,0,2064
463,party_battle_leve.pcapng,battlecraft-leve-accept-and-complete,11769,0,3168,14e95bef3b010000,0,0,0x0139,X01,0,1,43723073,1158679898,419434496,22104,49,30301,normal_damage,134219268,1,1,0,2064
464,party_battle_leve.pcapng,battlecraft-leve-accept-and-complete,11781,0,3172,03ec5bef3b010000,1,40,0x0139,X01,0,1,1158679898,43723073,553656320,23091,102,30301,normal_damage,134225484,1,1,0,2064
465,party_battle_leve.pcapng,battlecraft-leve-accept-and-complete,11787,0,3177,96ee5bef3b010000,0,0,0x0139,X01,0,1,43722707,1158679898,419434496,22104,21,30301,normal_damage,134219268,4,1,0,2064
466,party_battle_leve.pcapng,battlecraft-leve-accept-and-complete,12011,0,3191,cbf85bef3b010000,27,3520,0x0139,X01,0,1,43722707,1158679898,419434496,22104,21,30301,normal_damage,134219268,4,1,0,2064
467,party_battle_leve.pcapng,battlecraft-leve-accept-and-complete,12013,0,3192,54f95bef3b010000,0,0,0x0139,X01,0,1,43723073,1158679898,419434496,22104,44,30301,normal_damage,134219268,1,1,0,2064
468,party_battle_leve.pcapng,battlecraft-leve-accept-and-complete,12024,0,3197,b1fc5bef3b010000,0,0,0x0139,X01,0,1,1158679898,43723073,285216768,23005,0,30311,miss,134217740,1,1,0,2064
469,party_battle_leve.pcapng,battlecraft-leve-accept-and-complete,12055,0,3205,12035cef3b010000,2,160,0x0139,X01,0,1,43722707,1158679898,419434496,22104,19,30301,normal_damage,134219268,4,1,0,2064
470,party_battle_leve.pcapng,battlecraft-leve-accept-and-complete,12080,0,3219,eb085cef3b010000,0,0,0x0139,X01,0,1,43722707,1158679898,301995007,27150,57,30301,normal_damage,134252036,1,1,0,2064
471,party_battle_leve.pcapng,battlecraft-leve-accept-and-complete,12099,0,3228,c60d5cef3b010000,0,0,0x0139,X01,0,1,1158679898,43723073,285216768,23005,59,30301,normal_damage,134219340,4,1,0,2064
472,party_battle_leve.pcapng,battlecraft-leve-accept-and-complete,12104,0,3233,5e125cef3b010000,0,0,0x0139,X01,0,1,43723073,1158679898,419434496,22104,50,30301,normal_damage,134219268,1,1,0,2064
473,party_battle_leve.pcapng,battlecraft-leve-accept-and-complete,12137,0,3240,e9145cef3b010000,0,0,0x0139,X01,0,1,43722707,1158679898,301995009,27152,0,30311,miss,134217732,1,1,0,2064
474,party_battle_leve.pcapng,battlecraft-leve-accept-and-complete,12164,0,3250,4a1c5cef3b010000,0,0,0x0139,X01,0,1,43723073,1158679898,302002191,27193,0,30311,miss,134217732,1,1,0,2064
475,party_battle_leve.pcapng,battlecraft-leve-accept-and-complete,12170,0,3253,01205cef3b010000,2,120,0x0139,X01,0,1,1158679898,43723073,1862270987,23091,0,30126,non_fit,1,0,1,0,2064
476,party_battle_leve.pcapng,battlecraft-leve-accept-and-complete,12187,0,3259,ed245cef3b010000,0,0,0x0139,X01,0,1,43722707,1158679898,419434496,22104,21,30301,normal_damage,134219268,2,1,0,2064
477,party_battle_leve.pcapng,battlecraft-leve-accept-and-complete,12192,0,3262,5e265cef3b010000,1,40,0x0139,X01,0,1,1158679898,43723073,553656320,23091,103,30301,normal_damage,134225484,1,1,0,2064
478,party_battle_leve.pcapng,battlecraft-leve-accept-and-complete,12221,0,3275,b52e5cef3b010000,0,0,0x0139,X01,0,1,43722707,1158679898,419434496,22104,20,30301,normal_damage,134219268,8,1,0,2064
479,party_battle_leve.pcapng,battlecraft-leve-accept-and-complete,12224,0,3277,9a2f5cef3b010000,0,0,0x0139,X01,0,1,43723073,1158679898,419434496,22104,42,30301,normal_damage,134219268,1,1,0,2064
480,party_battle_leve.pcapng,battlecraft-leve-accept-and-complete,12253,0,3290,fc365cef3b010000,2,336,0x013A,X10,0,2,43722707,1158679898,302096389,27156,50,30301,normal_damage,134219268,4,1,0,2064
481,party_battle_leve.pcapng,battlecraft-leve-accept-and-complete,12253,0,3290,fc365cef3b010000,2,336,0x013A,X10,1,2,43722707,1158679898,302096389,27156,0,30335,non_fit,537093927,4,1,0,2064
482,party_battle_leve.pcapng,battlecraft-leve-accept-and-complete,12256,0,3291,34375cef3b010000,1,40,0x0139,X01,0,1,43723073,43723073,1862270979,27346,0,30128,non_fit,1,0,1,0,2064
483,party_battle_leve.pcapng,battlecraft-leve-accept-and-complete,12283,0,3297,ea3a5cef3b010000,1,40,0x0139,X01,0,1,43723073,43723073,2130706434,27346,0,30209,non_fit,0,0,1,0,2064
484,party_battle_leve.pcapng,battlecraft-leve-accept-and-complete,12300,0,3305,be435cef3b010000,0,0,0x0139,X01,0,1,43723073,43723073,234889797,27182,0,30328,non_fit,537093993,0,1,0,2064
485,party_battle_leve.pcapng,battlecraft-leve-accept-and-complete,12313,0,3308,fe445cef3b010000,0,0,0x0139,X01,0,1,43722707,1158679898,419434496,22104,19,30301,normal_damage,134219268,4,1,0,2064
486,party_battle_leve.pcapng,battlecraft-leve-accept-and-complete,12532,0,3322,444f5cef3b010000,0,0,0x0139,X01,0,1,43722707,1158679898,419434496,22104,21,30301,normal_damage,134219268,4,1,0,2064
487,party_battle_leve.pcapng,battlecraft-leve-accept-and-complete,12555,0,3329,5d515cef3b010000,6,440,0x0139,X01,0,1,43723073,1158679898,2080374882,0,0,0,unknown,671311800,0,1,0,2064
488,party_battle_leve.pcapng,battlecraft-leve-accept-and-complete,12556,0,3329,5d515cef3b010000,7,528,0x0139,X01,0,1,43723073,1158679898,2080374882,0,0,0,unknown,671311655,0,1,0,2064
489,party_battle_leve.pcapng,battlecraft-leve-accept-and-complete,12560,0,3329,5d515cef3b010000,11,992,0x013A,X10,0,8,43723073,1158679898,301993998,27190,87,30301,normal_damage,134252036,1,1,0,2064
490,party_battle_leve.pcapng,battlecraft-leve-accept-and-complete,12560,0,3329,5d515cef3b010000,11,992,0x013A,X10,1,8,43723073,1158679898,301993998,27190,65,30332,non_fit,1208484864,1,1,0,2064
491,party_battle_leve.pcapng,battlecraft-leve-accept-and-complete,12560,0,3329,5d515cef3b010000,11,992,0x013A,X10,2,8,43723073,43723073,301993998,27190,0,30331,non_fit,671311721,0,1,0,2064
492,party_battle_leve.pcapng,battlecraft-leve-accept-and-complete,12560,0,3329,5d515cef3b010000,11,992,0x013A,X10,3,8,43723073,1158679898,301993998,27190,0,30116,non_fit,0,0,1,0,2064
493,party_battle_leve.pcapng,battlecraft-leve-accept-and-complete,12560,0,3329,5d515cef3b010000,11,992,0x013A,X10,4,8,43723073,43723073,301993998,27190,3,33919,non_fit,0,40,1,0,2064
494,party_battle_leve.pcapng,battlecraft-leve-accept-and-complete,12560,0,3329,5d515cef3b010000,11,992,0x013A,X10,5,8,43723073,43723073,301993998,27190,569,33936,non_fit,0,83,1,0,2064
495,party_battle_leve.pcapng,battlecraft-leve-accept-and-complete,12560,0,3329,5d515cef3b010000,11,992,0x013A,X10,6,8,43723073,43722707,301993998,27190,3,33919,non_fit,0,40,1,0,2064
496,party_battle_leve.pcapng,battlecraft-leve-accept-and-complete,12560,0,3329,5d515cef3b010000,11,992,0x013A,X10,7,8,43723073,43722707,301993998,27190,506,33935,non_fit,0,83,1,0,2064
497,party_battle_leve.pcapng,battlecraft-leve-accept-and-complete,12822,0,3352,78615cef3b010000,1,40,0x0139,X01,0,1,43723073,43723073,2080374882,21002,0,0,unknown,1,0,1,0,2064
498,party_battle_leve.pcapng,battlecraft-leve-accept-and-complete,12840,0,3359,20695cef3b010000,3,336,0x0139,X01,0,1,43723073,43723073,2080374882,0,2611,33921,non_fit,0,4,1,0,2064
499,party_battle_leve.pcapng,battlecraft-leve-accept-and-complete,12841,0,3359,20695cef3b010000,4,424,0x0139,X01,0,1,43722707,43722707,2080374882,0,559,33921,non_fit,0,3,1,0,2064
500,party_battle_leve.pcapng,battlecraft-leve-accept-and-complete,12924,0,3386,c6865cef3b010000,0,0,0x0139,X01,0,1,43723073,43723073,2080374882,0,0,30331,non_fit,671311845,0,1,0,2064
501,party_battle_leve.pcapng,battlecraft-leve-accept-and-complete,12967,0,3404,3aa35cef3b010000,1,40,0x0139,X01,0,1,43722707,43722707,2080374882,21002,0,0,unknown,1,0,1,0,2064
502,return_to_inn.pcapng,aetheryte-mechanic-teleport-flows,65,0,37,ac38a1ee3b010000,1,48,0x0139,X01,0,1,43723073,43723073,2130706433,0,0,30330,non_fit,537094175,0,1,0,2064
503,switch_to_weaver.pcapng,character-mechanic-attributes-and-class,140,0,25,f2c5ccee3b010000,14,2000,0x0139,X01,0,1,43723073,43723073,2080374882,12009,0,0,unknown,1,0,1,0,2064
504,war_quest_update1.pcapng,job-quest-war-updates,19,0,9,a8d447f03b010000,1,72,0x0139,X01,0,1,43722707,43722707,100282488,21007,0,30330,non_fit,537094911,0,1,0,2064
505,war_quest_update2.pcapng,job-quest-war-updates,12,0,5,f2ef49f03b010000,1,72,0x0139,X01,0,1,43722707,43722707,100282488,21007,0,30330,non_fit,537094911,0,1,0,2064
506,war_quest_update2.pcapng,job-quest-war-updates,104,0,51,0f1c4af03b010000,1,40,0x0139,X01,0,1,43723073,43723073,2080374882,21001,0,0,unknown,1,0,1,0,2064
507,war_quest_update2.pcapng,job-quest-war-updates,115,0,54,7e1c4af03b010000,1,72,0x0139,X01,0,1,43722707,43722707,100282488,21007,0,30330,non_fit,537094911,0,1,0,2064
508,war_quest_update2.pcapng,job-quest-war-updates,168,0,82,fa394af03b010000,1,40,0x0139,X01,0,1,43722707,43722707,2080374882,21001,0,0,unknown,1,0,1,0,2064
509,war_quest_update2.pcapng,job-quest-war-updates,180,0,88,2f414af03b010000,1,40,0x0139,X01,0,1,43723073,43723073,2080374882,21002,0,0,unknown,1,0,1,0,2064
510,war_quest_update2.pcapng,job-quest-war-updates,199,0,95,9f454af03b010000,2,336,0x013A,X10,0,2,43722707,1163947559,302830616,27108,661,30301,normal_damage,134219276,8,1,0,2064
511,war_quest_update2.pcapng,job-quest-war-updates,199,0,95,9f454af03b010000,2,336,0x013A,X10,1,2,43722707,1163947559,302830616,27108,0,30335,non_fit,537093927,8,1,0,2064
512,war_quest_update2.pcapng,job-quest-war-updates,212,0,103,004a4af03b010000,1,40,0x0139,X01,0,1,43723073,43723073,2080374882,21001,0,0,unknown,1,0,1,0,2064
513,war_quest_update2.pcapng,job-quest-war-updates,230,0,110,ee4b4af03b010000,3,504,0x0139,X01,0,1,43722707,43722707,234889934,27107,0,30328,non_fit,537094157,0,1,0,2064
514,war_quest_update2.pcapng,job-quest-war-updates,245,0,118,0f554af03b010000,0,0,0x013A,X10,0,3,43722707,1163947559,419434496,22104,193,30302,critical_damage,268437007,8,1,0,6160
515,war_quest_update2.pcapng,job-quest-war-updates,245,0,118,0f554af03b010000,0,0,0x013A,X10,1,3,43722707,1163947559,419434496,22104,115,30301,normal_damage,134219278,8,2,0,6160
516,war_quest_update2.pcapng,job-quest-war-updates,245,0,118,0f554af03b010000,0,0,0x013A,X10,2,3,43722707,1163947559,419434496,22104,111,30301,normal_damage,134219278,8,3,0,6160
517,war_quest_update2.pcapng,job-quest-war-updates,256,0,125,8c594af03b010000,1,40,0x0139,X01,0,1,1163947558,1163947558,2080374882,21001,0,0,unknown,1,0,1,0,2064
518,war_quest_update2.pcapng,job-quest-war-updates,261,0,128,7c5a4af03b010000,1,40,0x0139,X01,0,1,1163947557,1163947557,2080374882,21001,0,0,unknown,1,0,1,0,2064
519,war_quest_update2.pcapng,job-quest-war-updates,281,0,139,7c5e4af03b010000,1,40,0x0139,X01,0,1,1163947556,1163947556,2080374882,21001,0,0,unknown,1,0,1,0,2064
520,war_quest_update2.pcapng,job-quest-war-updates,289,0,144,c1604af03b010000,0,0,0x013A,X10,0,3,43722707,1163947559,419434496,22104,124,30301,normal_damage,268437004,8,1,0,6160
521,war_quest_update2.pcapng,job-quest-war-updates,289,0,144,c1604af03b010000,0,0,0x013A,X10,1,3,43722707,1163947559,419434496,22104,106,30301,normal_damage,134219278,8,2,0,6160
522,war_quest_update2.pcapng,job-quest-war-updates,289,0,144,c1604af03b010000,0,0,0x013A,X10,2,3,43722707,1163947559,419434496,22104,111,30301,normal_damage,134219278,8,3,0,6160
523,war_quest_update2.pcapng,job-quest-war-updates,296,0,150,a2634af03b010000,0,0,0x0139,X01,0,1,1163947559,1163947559,2080374882,0,0,30338,non_fit,671311655,0,1,0,2064
524,war_quest_update2.pcapng,job-quest-war-updates,308,0,155,c4654af03b010000,1,40,0x0139,X01,0,1,1163947559,1163947559,2080374882,21001,0,0,unknown,1,0,1,0,2064
525,war_quest_update2.pcapng,job-quest-war-updates,312,0,158,2d674af03b010000,0,0,0x0139,X01,0,1,1163947557,43723073,285216768,23003,238,30301,normal_damage,134219272,1,1,0,2064
526,war_quest_update2.pcapng,job-quest-war-updates,320,0,165,98694af03b010000,0,0,0x0139,X01,0,1,1163947558,43723073,285216768,23003,244,30301,normal_damage,134219272,2,1,0,2064
527,war_quest_update2.pcapng,job-quest-war-updates,328,0,170,a26b4af03b010000,0,0,0x0139,X01,0,1,1163947556,43723073,285216768,23003,210,30301,normal_damage,134219272,1,1,0,2064
528,war_quest_update2.pcapng,job-quest-war-updates,337,0,174,926c4af03b010000,0,0,0x013A,X10,0,3,43722707,1163947559,419434496,22104,190,30302,critical_damage,268437007,8,1,0,6160
529,war_quest_update2.pcapng,job-quest-war-updates,337,0,174,926c4af03b010000,0,0,0x013A,X10,1,3,43722707,1163947559,419434496,22104,122,30301,normal_damage,134219278,8,2,0,6160
530,war_quest_update2.pcapng,job-quest-war-updates,337,0,174,926c4af03b010000,0,0,0x013A,X10,2,3,43722707,1163947559,419434496,22104,187,30302,critical_damage,134219279,8,3,0,6160
531,war_quest_update2.pcapng,job-quest-war-updates,365,0,188,61744af03b010000,0,0,0x0139,X01,0,1,1163947559,43722707,285216768,23003,0,30311,miss,134217736,1,1,0,2064
532,war_quest_update2.pcapng,job-quest-war-updates,375,0,194,b4774af03b010000,0,0,0x013A,X10,0,3,43722707,1163947559,419434496,22104,111,30301,normal_damage,268437004,1,1,0,6160
533,war_quest_update2.pcapng,job-quest-war-updates,375,0,194,b4774af03b010000,0,0,0x013A,X10,1,3,43722707,1163947559,419434496,22104,110,30301,normal_damage,134219278,1,2,0,6160
534,war_quest_update2.pcapng,job-quest-war-updates,375,0,194,b4774af03b010000,0,0,0x013A,X10,2,3,43722707,1163947559,419434496,22104,118,30301,normal_damage,134219278,1,3,0,6160
535,war_quest_update2.pcapng,job-quest-war-updates,381,0,198,7c784af03b010000,0,0,0x0139,X01,0,1,43723073,43723073,234889735,27100,241,30320,hp_recovery,805306626,0,1,0,2064
536,war_quest_update2.pcapng,job-quest-war-updates,392,0,206,7e7b4af03b010000,0,0,0x0139,X01,0,1,1163947558,43723073,285216768,23005,229,30301,normal_damage,134219272,4,1,0,2064
537,war_quest_update2.pcapng,job-quest-war-updates,399,0,209,287c4af03b010000,0,0,0x0139,X01,0,1,1163947557,43723073,285216768,23003,226,30301,normal_damage,134219272,4,1,0,2064
538,war_quest_update2.pcapng,job-quest-war-updates,433,0,224,27814af03b010000,7,536,0x013A,X10,0,3,43722707,1163947559,302813207,27119,1484,30302,critical_damage,134743567,1,1,0,2064
539,war_quest_update2.pcapng,job-quest-war-updates,433,0,224,27814af03b010000,7,536,0x013A,X10,1,3,43722707,1163947559,302813207,27119,0,30116,non_fit,0,0,1,0,2064
540,war_quest_update2.pcapng,job-quest-war-updates,433,0,224,27814af03b010000,7,536,0x013A,X10,2,3,43722707,43722707,302813207,27119,18,33934,non_fit,0,3,1,0,2064
541,war_quest_update2.pcapng,job-quest-war-updates,446,0,226,a6824af03b010000,8,704,0x013A,X10,0,2,1163947556,43723073,285216768,23005,239,30301,normal_damage,134743560,4,1,0,2064
542,war_quest_update2.pcapng,job-quest-war-updates,446,0,226,a6824af03b010000,8,704,0x013A,X10,1,2,1163947556,43723073,285216768,23005,0,30108,non_fit,0,0,1,0,2064
543,war_quest_update2.pcapng,job-quest-war-updates,454,0,230,95834af03b010000,1,40,0x0139,X01,0,1,1163947558,1163947558,2080374882,21002,0,0,unknown,1,0,1,0,2064
544,war_quest_update2.pcapng,job-quest-war-updates,667,0,239,60854af03b010000,1,40,0x0139,X01,0,1,1163947557,1163947557,2080374882,21002,0,0,unknown,1,0,1,0,2064
545,war_quest_update2.pcapng,job-quest-war-updates,685,0,251,6a8a4af03b010000,1,40,0x0139,X01,0,1,1163947556,1163947556,2080374882,21002,0,0,unknown,1,0,1,0,2064
546,war_quest_update2.pcapng,job-quest-war-updates,729,0,275,e0964af03b010000,1,40,0x0139,X01,0,1,1163947556,1163947556,2080374882,21001,0,0,unknown,1,0,1,0,2064
547,war_quest_update2.pcapng,job-quest-war-updates,735,0,278,cb974af03b010000,1,40,0x0139,X01,0,1,1163947558,1163947558,2080374882,21001,0,0,unknown,1,0,1,0,2064
548,war_quest_update2.pcapng,job-quest-war-updates,736,0,278,cb974af03b010000,2,128,0x013A,X10,0,3,43722707,1163947557,419434496,22104,119,30301,normal_damage,268437004,8,1,0,6160
549,war_quest_update2.pcapng,job-quest-war-updates,736,0,278,cb974af03b010000,2,128,0x013A,X10,1,3,43722707,1163947557,419434496,22104,110,30301,normal_damage,134219278,8,2,0,6160
550,war_quest_update2.pcapng,job-quest-war-updates,736,0,278,cb974af03b010000,2,128,0x013A,X10,2,3,43722707,1163947557,419434496,22104,107,30301,normal_damage,134219278,8,3,0,6160
551,war_quest_update2.pcapng,job-quest-war-updates,741,0,280,ed974af03b010000,1,40,0x0139,X01,0,1,1163947557,1163947557,2080374882,21001,0,0,unknown,1,0,1,0,2064
552,war_quest_update2.pcapng,job-quest-war-updates,770,0,296,6e9c4af03b010000,0,0,0x0139,X01,0,1,43722707,43722707,2080374882,0,0,30331,non_fit,671311885,0,1,0,2064
553,war_quest_update2.pcapng,job-quest-war-updates,779,0,301,eaa24af03b010000,0,0,0x013A,X10,0,2,43722707,1163947557,419434496,22104,173,30301,normal_damage,268437004,4,1,0,4112
554,war_quest_update2.pcapng,job-quest-war-updates,779,0,301,eaa24af03b010000,0,0,0x013A,X10,1,2,43722707,1163947557,419434496,22104,175,30301,normal_damage,134219278,4,2,0,4112
555,war_quest_update2.pcapng,job-quest-war-updates,789,0,303,bda34af03b010000,1,64,0x0139,X01,0,1,1163947558,43722707,285216768,23003,0,30311,miss,134217736,8,1,0,2064
556,war_quest_update2.pcapng,job-quest-war-updates,794,0,306,97a44af03b010000,0,0,0x0139,X01,0,1,1163947556,43722707,285216768,23003,64,30308,parry_damage,134221320,8,1,0,2064
557,war_quest_update2.pcapng,job-quest-war-updates,799,0,310,89a54af03b010000,0,0,0x0139,X01,0,1,1163947557,43722707,285216768,23005,0,30311,miss,134217736,1,1,0,2064
558,war_quest_update2.pcapng,job-quest-war-updates,829,0,329,b3ae4af03b010000,2,336,0x013A,X10,0,2,43722707,1163947557,302813207,27119,778,30301,normal_damage,134219276,1,1,0,2064
559,war_quest_update2.pcapng,job-quest-war-updates,829,0,329,b3ae4af03b010000,2,336,0x013A,X10,1,2,43722707,1163947557,302813207,27119,0,30335,non_fit,537093927,1,1,0,2064
560,war_quest_update2.pcapng,job-quest-war-updates,845,0,337,25b44af03b010000,0,0,0x0139,X01,0,1,1163947558,43722707,285216768,23005,87,30301,normal_damage,134219272,1,1,0,2064
561,war_quest_update2.pcapng,job-quest-war-updates,849,0,341,12b64af03b010000,0,0,0x0139,X01,0,1,1163947556,43722707,285216768,23005,0,30311,miss,134217736,8,1,0,2064
562,war_quest_update2.pcapng,job-quest-war-updates,857,0,347,fab84af03b010000,0,0,0x0139,X01,0,1,43722707,1163947557,301995011,27110,870,30301,normal_damage,134252044,1,1,0,2064
563,war_quest_update2.pcapng,job-quest-war-updates,892,0,362,2fc34af03b010000,5,200,0x0139,X01,0,1,43722707,1163947557,2080374882,0,0,0,unknown,671311655,0,1,0,2064
564,war_quest_update2.pcapng,job-quest-war-updates,896,0,362,2fc34af03b010000,9,664,0x013A,X10,0,4,43722707,1163947557,302002196,27111,903,30303,normal_damage,134743564,46,1,0,2064
565,war_quest_update2.pcapng,job-quest-war-updates,896,0,362,2fc34af03b010000,9,664,0x013A,X10,1,4,43722707,1163947557,302002196,27111,0,30112,non_fit,0,46,1,0,2064
566,war_quest_update2.pcapng,job-quest-war-updates,896,0,362,2fc34af03b010000,9,664,0x013A,X10,2,4,43722707,1163947557,302002196,27111,0,30116,non_fit,0,0,1,0,2064
567,war_quest_update2.pcapng,job-quest-war-updates,896,0,362,2fc34af03b010000,9,664,0x013A,X10,3,4,43722707,43722707,302002196,27111,18,33934,non_fit,0,3,1,0,2064
568,war_quest_update2.pcapng,job-quest-war-updates,910,0,367,66c44af03b010000,0,0,0x0139,X01,0,1,1163947558,43722707,285216768,23005,0,30311,miss,134217736,1,1,0,2064
569,war_quest_update2.pcapng,job-quest-war-updates,919,0,373,9dc94af03b010000,0,0,0x0139,X01,0,1,1163947556,43722707,285216768,23005,94,30301,normal_damage,134219272,8,1,0,2064
570,war_quest_update2.pcapng,job-quest-war-updates,955,0,394,64d64af03b010000,0,0,0x0139,X01,0,1,1163947558,43722707,285216768,23003,86,30301,normal_damage,134219272,8,1,0,2064
571,war_quest_update2.pcapng,job-quest-war-updates,958,0,397,01d84af03b010000,0,0,0x013A,X10,0,2,43722707,1163947558,419434496,22104,269,30302,critical_damage,268437007,1,1,0,4112
572,war_quest_update2.pcapng,job-quest-war-updates,958,0,397,01d84af03b010000,0,0,0x013A,X10,1,2,43722707,1163947558,419434496,22104,296,30302,critical_damage,134219279,1,2,0,4112
573,war_quest_update2.pcapng,job-quest-war-updates,975,0,406,91dc4af03b010000,0,0,0x0139,X01,0,1,1163947556,43722707,285216768,23005,0,30311,miss,134217736,8,1,0,2064
574,war_quest_update2.pcapng,job-quest-war-updates,995,0,413,3ae34af03b010000,0,0,0x013A,X10,0,2,43722707,1163947558,419434496,22104,172,30301,normal_damage,268437004,1,1,0,4112
575,war_quest_update2.pcapng,job-quest-war-updates,995,0,413,3ae34af03b010000,0,0,0x013A,X10,1,2,43722707,1163947558,419434496,22104,155,30301,normal_damage,134219278,1,2,0,4112
576,war_quest_update2.pcapng,job-quest-war-updates,1008,0,417,fae44af03b010000,2,336,0x013A,X10,0,2,43722707,1163947558,302813207,27119,828,30301,normal_damage,134219276,1,1,0,2064
577,war_quest_update2.pcapng,job-quest-war-updates,1008,0,417,fae44af03b010000,2,336,0x013A,X10,1,2,43722707,1163947558,302813207,27119,0,30335,non_fit,537093927,1,1,0,2064
578,war_quest_update2.pcapng,job-quest-war-updates,1028,0,429,d1ee4af03b010000,3,504,0x0139,X01,0,1,43722707,43722707,234889791,27260,0,30328,non_fit,537094006,0,1,0,2064
579,war_quest_update2.pcapng,job-quest-war-updates,1030,0,431,a5f04af03b010000,0,0,0x0139,X01,0,1,1163947556,43722707,285216768,23005,93,30301,normal_damage,134219272,8,1,0,2064
580,war_quest_update2.pcapng,job-quest-war-updates,1058,0,446,6c004bf03b010000,0,0,0x013A,X10,0,2,43722707,1163947558,419434496,22104,175,30301,normal_damage,268437004,1,1,0,4112
581,war_quest_update2.pcapng,job-quest-war-updates,1058,0,446,6c004bf03b010000,0,0,0x013A,X10,1,2,43722707,1163947558,419434496,22104,151,30301,normal_damage,134219278,1,2,0,4112
582,war_quest_update2.pcapng,job-quest-war-updates,1064,0,451,a2014bf03b010000,0,0,0x0139,X01,0,1,1163947556,43722707,285216768,23005,88,30301,normal_damage,134219272,8,1,0,2064
583,war_quest_update2.pcapng,job-quest-war-updates,1084,0,459,6a044bf03b010000,4,160,0x0139,X01,0,1,43722707,1163947558,2080374882,0,0,0,unknown,671311655,0,1,0,2064
584,war_quest_update2.pcapng,job-quest-war-updates,1088,0,459,6a044bf03b010000,8,624,0x013A,X10,0,3,43722707,1163947558,301995011,27110,1535,30302,critical_damage,134776335,1,1,0,2064
585,war_quest_update2.pcapng,job-quest-war-updates,1088,0,459,6a044bf03b010000,8,624,0x013A,X10,1,3,43722707,1163947558,301995011,27110,0,30116,non_fit,0,0,1,0,2064
586,war_quest_update2.pcapng,job-quest-war-updates,1088,0,459,6a044bf03b010000,8,624,0x013A,X10,2,3,43722707,43722707,301995011,27110,18,33934,non_fit,0,3,1,0,2064
587,war_quest_update2.pcapng,job-quest-war-updates,1127,0,476,0e134bf03b010000,1,40,0x0139,X01,0,1,1163947556,43722707,1862270987,23226,0,30126,non_fit,1,0,1,0,2064
588,war_quest_update2.pcapng,job-quest-war-updates,1134,0,482,90184bf03b010000,0,0,0x013A,X10,0,2,43722707,1163947556,419434496,22104,175,30301,normal_damage,268437004,1,1,0,4112
589,war_quest_update2.pcapng,job-quest-war-updates,1134,0,482,90184bf03b010000,0,0,0x013A,X10,1,2,43722707,1163947556,419434496,22104,166,30301,normal_damage,134219278,1,2,0,4112
590,war_quest_update2.pcapng,job-quest-war-updates,1142,0,486,7a1a4bf03b010000,1,40,0x0139,X01,0,1,1163947556,43722707,553656320,23226,76,30308,parry_damage,134221316,8,1,0,2064
591,war_quest_update2.pcapng,job-quest-war-updates,1172,0,499,67244bf03b010000,0,0,0x013A,X10,0,2,43722707,1163947556,419434496,22104,161,30301,normal_damage,268437004,1,1,0,4112
592,war_quest_update2.pcapng,job-quest-war-updates,1172,0,499,67244bf03b010000,0,0,0x013A,X10,1,2,43722707,1163947556,419434496,22104,175,30301,normal_damage,134219278,1,2,0,4112
593,war_quest_update2.pcapng,job-quest-war-updates,1186,0,509,b92b4bf03b010000,0,0,0x0139,X01,0,1,1163947556,43722707,285216768,23003,0,30311,miss,134217736,1,1,0,2064
594,war_quest_update2.pcapng,job-quest-war-updates,1192,0,514,822f4bf03b010000,0,0,0x013A,X10,0,2,43722707,1163947556,419434496,22104,167,30301,normal_damage,268437004,1,1,0,4112
595,war_quest_update2.pcapng,job-quest-war-updates,1192,0,514,822f4bf03b010000,0,0,0x013A,X10,1,2,43722707,1163947556,419434496,22104,174,30301,normal_damage,134219278,1,2,0,4112
596,war_quest_update2.pcapng,job-quest-war-updates,1200,0,521,d2314bf03b010000,0,0,0x0139,X01,0,1,43722707,1163947556,301995011,27110,780,30301,normal_damage,134252044,1,1,0,2064
597,war_quest_update2.pcapng,job-quest-war-updates,1224,0,534,733d4bf03b010000,0,0,0x0139,X01,0,1,1163947556,43722707,285216768,23005,66,30308,parry_damage,134221320,1,1,0,2064
598,war_quest_update2.pcapng,job-quest-war-updates,1249,0,546,af424bf03b010000,3,376,0x013A,X10,0,2,43722707,1163947556,302002196,27111,901,30303,normal_damage,134219276,46,1,0,2064
599,war_quest_update2.pcapng,job-quest-war-updates,1249,0,546,af424bf03b010000,3,376,0x013A,X10,1,2,43722707,1163947556,302002196,27111,0,30112,non_fit,0,46,1,0,2064
600,war_quest_update2.pcapng,job-quest-war-updates,1273,0,558,224f4bf03b010000,1,40,0x0139,X01,0,1,1163947556,43722707,1862270987,23226,0,30126,non_fit,1,0,1,0,2064
601,war_quest_update2.pcapng,job-quest-war-updates,1302,0,568,e8534bf03b010000,5,200,0x0139,X01,0,1,1163947556,43722707,2130706531,23226,0,0,unknown,0,0,1,0,2064
602,war_quest_update2.pcapng,job-quest-war-updates,1306,0,568,e8534bf03b010000,9,664,0x013A,X10,0,4,43722707,1163947556,419434496,22104,165,30301,normal_damage,268437004,1,1,0,4112
603,war_quest_update2.pcapng,job-quest-war-updates,1306,0,568,e8534bf03b010000,9,664,0x013A,X10,1,4,43722707,1163947556,419434496,22104,165,30301,normal_damage,134743566,1,2,0,4112
604,war_quest_update2.pcapng,job-quest-war-updates,1306,0,568,e8534bf03b010000,9,664,0x013A,X10,2,4,43722707,1163947556,419434496,22104,0,30116,non_fit,0,0,1,0,4112
605,war_quest_update2.pcapng,job-quest-war-updates,1306,0,568,e8534bf03b010000,9,664,0x013A,X10,3,4,43722707,43722707,419434496,22104,18,33934,non_fit,0,3,1,0,4112
606,war_quest_update2.pcapng,job-quest-war-updates,1336,0,584,bb614bf03b010000,1,40,0x0139,X01,0,1,43722707,43722707,2080374882,21002,0,0,unknown,1,0,1,0,2064
607,war_quest_update2.pcapng,job-quest-war-updates,1355,0,590,09674bf03b010000,0,0,0x013A,X10,0,2,43722707,43722707,2080374882,0,0,0,unknown,0,0,1,0,2064
608,war_quest_update2.pcapng,job-quest-war-updates,1355,0,590,09674bf03b010000,0,0,0x013A,X10,1,2,43722707,43722707,2080374882,0,0,30331,non_fit,671311734,0,1,0,2064
609,war_quest_update2.pcapng,job-quest-war-updates,1393,0,609,1f764bf03b010000,4,544,0x0139,X01,0,1,43723073,43723073,16781414,0,970,30109,non_fit,806355202,1,1,0,2064
610,war_quest_update2.pcapng,job-quest-war-updates,1799,0,656,37a14bf03b010000,1,72,0x0139,X01,0,1,43722707,43722707,100282488,21007,0,30330,non_fit,537094911,0,1,0,2064
611,war_quest_update3.pcapng,job-quest-war-updates,78,0,27,84fa4cf03b010000,1,72,0x0139,X01,0,1,43722707,43722707,100282488,21007,0,30330,non_fit,537094911,0,1,0,2064
612,war_quest_update3.pcapng,job-quest-war-updates,140,0,42,e60e4df03b010000,1,72,0x0139,X01,0,1,43722707,43722707,100282488,21007,0,30330,non_fit,537094911,0,1,0,2064
613,war_quest_update3.pcapng,job-quest-war-updates,197,0,60,832c4df03b010000,1,72,0x0139,X01,0,1,43722707,43722707,100282488,21007,0,30330,non_fit,537094911,0,1,0,2064
614,war_quest_update3.pcapng,job-quest-war-updates,243,0,76,83494df03b010000,1,72,0x0139,X01,0,1,43722707,43722707,100282488,21007,0,30330,non_fit,537094911,0,1,0,2064
615,war_quest_update3.pcapng,job-quest-war-updates,301,0,95,ad6a4df03b010000,1,40,0x0139,X01,0,1,43722707,43722707,2080374882,21001,0,0,unknown,1,0,1,0,2064
616,war_quest_update3.pcapng,job-quest-war-updates,316,0,100,916e4df03b010000,1,72,0x0139,X01,0,1,43722707,43722707,100282488,21007,0,30330,non_fit,537094911,0,1,0,2064
617,war_quest_update3.pcapng,job-quest-war-updates,349,0,112,5b814df03b010000,1,40,0x0139,X01,0,1,43722707,43722707,2080374882,21002,0,0,unknown,1,0,1,0,2064
618,war_quest_update3.pcapng,job-quest-war-updates,375,0,118,468b4df03b010000,1,72,0x0139,X01,0,1,43722707,43722707,100282488,21007,0,30330,non_fit,537094911,0,1,0,2064
619,war_quest_update3.pcapng,job-quest-war-updates,413,0,134,7ba24df03b010000,2,136,0x0139,X01,0,1,43722707,43722707,100282488,21007,0,30330,non_fit,537094911,0,1,0,2064
620,war_quest_update3.pcapng,job-quest-war-updates,437,0,139,1da84df03b010000,1,72,0x0139,X01,0,1,43723073,43723073,2080374882,0,2661,33921,non_fit,0,4,1,0,2064
621,war_quest_update3.pcapng,job-quest-war-updates,479,0,153,f5b84df03b010000,1,72,0x0139,X01,0,1,43722707,43722707,100282488,21007,0,30330,non_fit,537094911,0,1,0,2064
