item_jp,item_en_client,client_item_id,item_match_note,seller_npc_jp,seller_npc_en_client,client_npc_id,npc_match_note,seller_city_region,seller_area,x,y,source_price
アースクラスター,Earth Cluster,1000018,,主計要員ウックトレッド,Uchtred,1000344,,ラノシア,エールポート,12,23,"31,500/26,250/21,000（備蓄ランク0/1/2）"
アースクラスター,Earth Cluster,1000018,,主計要員オスカルレ,Oscarlet,1200125,,黒衣森,ハーストミル,25,13,"31,500/26,250/21,000（備蓄ランク0/1/2）"
アースクラスター,Earth Cluster,1000018,,主計要員セセリック,Seserikku,1400039,,ザナラーン,ゴールドバザー,39,19,"31,500/26,250/21,000（備蓄ランク0/1/2）"
アイスクラスター,Ice Cluster,1000016,,主計要員ウックトレッド,Uchtred,1000344,,ラノシア,エールポート,12,23,"31,500/26,250/21,000（備蓄ランク0/1/2）"
アイスクラスター,Ice Cluster,1000016,,主計要員オスカルレ,Oscarlet,1200125,,黒衣森,ハーストミル,25,13,"31,500/26,250/21,000（備蓄ランク0/1/2）"
アイスクラスター,Ice Cluster,1000016,,主計要員セセリック,Seserikku,1400039,,ザナラーン,ゴールドバザー,39,19,"31,500/26,250/21,000（備蓄ランク0/1/2）"
ウィンドクラスター,Wind Cluster,1000017,,主計要員ウックトレッド,Uchtred,1000344,,ラノシア,エールポート,12,23,"31,500/26,250/21,000（備蓄ランク0/1/2）"
ウィンドクラスター,Wind Cluster,1000017,,主計要員オスカルレ,Oscarlet,1200125,,黒衣森,ハーストミル,25,13,"31,500/26,250/21,000（備蓄ランク0/1/2）"
ウィンドクラスター,Wind Cluster,1000017,,主計要員セセリック,Seserikku,1400039,,ザナラーン,ゴールドバザー,39,19,"31,500/26,250/21,000（備蓄ランク0/1/2）"
ウォータークラスター,Water Cluster,1000020,,主計要員ウックトレッド,Uchtred,1000344,,ラノシア,エールポート,12,23,"31,500/26,250/21,000（備蓄ランク0/1/2）"
ウォータークラスター,Water Cluster,1000020,,主計要員オスカルレ,Oscarlet,1200125,,黒衣森,ハーストミル,25,13,"31,500/26,250/21,000（備蓄ランク0/1/2）"
ウォータークラスター,Water Cluster,1000020,,主計要員セセリック,Seserikku,1400039,,ザナラーン,ゴールドバザー,39,19,"31,500/26,250/21,000（備蓄ランク0/1/2）"
ファイアクラスター,Fire Cluster,1000015,,主計要員ウックトレッド,Uchtred,1000344,,ラノシア,エールポート,12,23,"31,500/26,250/21,000（備蓄ランク0/1/2）"
ファイアクラスター,Fire Cluster,1000015,,主計要員オスカルレ,Oscarlet,1200125,,黒衣森,ハーストミル,25,13,"31,500/26,250/21,000（備蓄ランク0/1/2）"
ファイアクラスター,Fire Cluster,1000015,,主計要員セセリック,Seserikku,1400039,,ザナラーン,ゴールドバザー,39,19,"31,500/26,250/21,000（備蓄ランク0/1/2）"
ライトニングクラスター,Lightning Cluster,1000019,,主計要員ウックトレッド,Uchtred,1000344,,ラノシア,エールポート,12,23,"31,500/26,250/21,000（備蓄ランク0/1/2）"
ライトニングクラスター,Lightning Cluster,1000019,,主計要員オスカルレ,Oscarlet,1200125,,黒衣森,ハーストミル,25,13,"31,500/26,250/21,000（備蓄ランク0/1/2）"
ライトニングクラスター,Lightning Cluster,1000019,,主計要員セセリック,Seserikku,1400039,,ザナラーン,ゴールドバザー,39,19,"31,500/26,250/21,000（備蓄ランク0/1/2）"
コークス,Coke,10009617,,主計要員オスカルレ,Oscarlet,1200125,,黒衣森,ハーストミル,25,13,"-/100,000/50,000（備蓄ランク0/1/2）"
斑銅鉱,Peacock Ore,10009618,,主計要員オスカルレ,Oscarlet,1200125,,黒衣森,ハーストミル,25,13,"-/100,000/50,000（備蓄ランク0/1/2）"
灰汁,Potash,10009620,,主計要員セセリック,Seserikku,1400039,,ザナラーン,ゴールドバザー,39,19,"-/100,000/50,000（備蓄ランク0/1/2）"
水成岩砥石,Aqueous Whetstone,10009622,,主計要員セセリック,Seserikku,1400039,,ザナラーン,ゴールドバザー,39,19,"-/100,000/50,000（備蓄ランク0/1/2）"
獣脂,Animal Fat,10009619,,主計要員ウックトレッド,Uchtred,1000344,,ラノシア,エールポート,12,23,"-/100,000/50,000（備蓄ランク0/1/2）"
樹液塊,Hardened Sap,10009623,,主計要員ウックトレッド,Uchtred,1000344,,ラノシア,エールポート,12,23,"-/100,000/50,000（備蓄ランク0/1/2）"
石灰硫黄合剤,Lime Sulfur,10009621,,主計要員ウックトレッド,Uchtred,1000344,,ラノシア,エールポート,12,23,"-/100,000/50,000（備蓄ランク0/1/2）"
クァールの粗皮,Coeurl Skin,10007210,,主計要員ウックトレッド,Uchtred,1000344,,ラノシア,エールポート,12,23,"-/27,000/18,000（備蓄ランク0/1/2）"
クァールの粗皮_1,Coeurl Skin,10007210,variant-base:クァールの粗皮,主計要員ウックトレッド,Uchtred,1000344,,ラノシア,エールポート,12,23,"-/-/180,000（備蓄ランク0/1/2）"
アイアンアレンビック,Iron Alembic,6070011,,道具商カンプラン,Quimperain,1200217,,ウルダハ,政庁層,5,6,"65,688"
アイアンアロー,Iron Arrow,3920006,,武器商ドエル,Doelle,1300157,,グリダニア,,8,5,24
アイアンアロー,Iron Arrow,3920006,,弓師トヴィルモト,Twyrmoht,1600206,,グリダニア,,7,2,24
アイアンインゴット,Iron Ingot,10002012,,鍛冶師スミドヘームル,Smydhaemr,1600172,,リムサ・ロミンサ,上甲板層,7,7,"5,000"
アイアンインゴット,Iron Ingot,10002012,,鍛冶師アルダイルン,Ahldiyrn,1600017,,グリダニア,,8,3,"5,000"
アイアンインゴット,Iron Ingot,10002012,,鍛冶師デュースドルン,Doesdornn,1600057,,ウルダハ,商業層,7,4,"5,000"
アイアンヴァンブレイス,Iron Vambraces,8070218,,武器商エイラード,Aylard,2200044,,リムサ・ロミンサ,下甲板層,4,7,"33,264"
アイアンヴァンブレイス,Iron Vambraces,8070218,,武器商ルストバン,Roustebant,1200219,,グリダニア,,7,2,"33,264"
アイアンヴァンブレイス,Iron Vambraces,8070218,,武器商スリドウルフ,Thrydwulf,1000241,,ウルダハ,商業層,5,5,"33,264"
アイアンエルモ,Iron Elmo,8011404,,武器商エイラード,Aylard,2200044,,リムサ・ロミンサ,下甲板層,4,7,"99,792"
アイアンエルモ,Iron Elmo,8011404,,武器商ルストバン,Roustebant,1200219,,グリダニア,,7,2,"99,792"
アイアンエルモ,Iron Elmo,8011404,,武器商スリドウルフ,Thrydwulf,1000241,,ウルダハ,商業層,5,5,"99,792"
アイアンオーナメンタルハンマー,Iron Ornamental Hammer,6040012,,道具商スレダ,Sreda,1100425,,ウルダハ,商業層,6,6,"69,600"
アイアンギグ,Iron Gig,7030105,,用具商ウンシンヴィルフ,Unsynwilf,1600212,,リムサ・ロミンサ,下甲板層,5,6,"39,000"
アイアンクラッドブーツ,Iron-plated Jackboots,8080819,,防具商ヴェーブアクト,Waebahct,1600215,,リムサ・ロミンサ,上甲板層,7,5,"7,862"
アイアンクラッドブーツ,Iron-plated Jackboots,8080819,,武器商エイラード,Aylard,2200044,,リムサ・ロミンサ,下甲板層,4,7,"7,862"
アイアンクラッドブーツ,Iron-plated Jackboots,8080819,,板金商フェーズギム,Faezghim,1600070,prefix-variant:client=甲冑商フェーズギム,リムサ・ロミンサ,商業区 アーマー街,,,"7,862"
アイアンクラッドブーツ,Iron-plated Jackboots,8080819,,防具商ナイ・カマゾン,Naih Khamazom,1900259,,グリダニア,,6,6,"7,862"
アイアンクラッドブーツ,Iron-plated Jackboots,8080819,,武器商ルストバン,Roustebant,1200219,,グリダニア,,7,2,"7,862"
アイアンクラッドブーツ,Iron-plated Jackboots,8080819,,板金商オディブランド,Odibrand,2200193,prefix-variant:client=甲冑商オディブランド,グリダニア,辻店区 アーマー通り,,,"7,862"
アイアンクラッドブーツ,Iron-plated Jackboots,8080819,,防具商ガネロン,Ganelon,1000116,,ウルダハ,商業層,6,4,"7,862"
アイアンクラッドブーツ,Iron-plated Jackboots,8080819,,武器商スリドウルフ,Thrydwulf,1000241,,ウルダハ,商業層,5,5,"7,862"
アイアンクラッドブーツ,Iron-plated Jackboots,8080819,,板金商イゾルド,Isaulde,1300119,prefix-variant:client=甲冑商イゾルド,ウルダハ,旅商区 アーマー横町,,,"7,862"
アイアンサイズ,Iron Scythe,7020105,,用具商デ・ボンジャ,D'bhonja,1900192,,グリダニア,,4,3,"42,000"
アイアンスキレット,Iron Skillet,6080010,,武器商ティルスヴェーン,Tylswaen,1600207,,リムサ・ロミンサ,上甲板層,7,5,"9,360"
アイアンスキレット,Iron Skillet,6080010,,道具商レレマキ,Reremaki,1400189,,リムサ・ロミンサ,上甲板層,6,3,"9,360"
アイアンスキレット,Iron Skillet,6080010,,道具商ソーラ,Thora,1100436,,リムサ・ロミンサ,商業区 クラフター街,,,"9,360"
アイアンスキレット,Iron Skillet,6080010,,武器商ザギルヘームル,Zagylhaemr,1600253,,グリダニア,,6,6,"9,360"
アイアンスキレット,Iron Skillet,6080010,,道具商テンペルトン,Templeton,1000238,,グリダニア,辻店区 クラフター通り,,,"9,360"
アイアンスキレット,Iron Skillet,6080010,,武器商エトガル,Etgar,1000105,,ウルダハ,商業層,6,4,"9,360"
アイアンスキレット,Iron Skillet,6080010,,道具商アムニ,Amenie,1300153,,ウルダハ,旅商区 クラフター横町,,,"9,360"
アイアンスクトゥム,Iron Scutum,4100307,,武器商スリドウルフ,Thrydwulf,1000241,,ウルダハ,商業層,5,5,"96,600"
アイアンスクトゥム,Iron Scutum,4100307,,武器商ザギルスヴェルド,Zagylswerd,1600254,,ウルダハ,商業層,4,5,"96,600"
アイアンスケイルメイル,Iron Scale Mail,8031609,,武器商エイラード,Aylard,2200044,,リムサ・ロミンサ,下甲板層,4,7,"142,560"
アイアンスケイルメイル,Iron Scale Mail,8031609,,武器商ルストバン,Roustebant,1200219,,グリダニア,,7,2,"142,560"
アイアンスケイルメイル,Iron Scale Mail,8031609,,武器商スリドウルフ,Thrydwulf,1000241,,ウルダハ,商業層,5,5,"142,560"
アイアンスピア,Iron Spear,4080206,,武器商ティルスヴェーン,Tylswaen,1600207,,リムサ・ロミンサ,上甲板層,7,5,"13,641"
アイアンスピア,Iron Spear,4080206,,武器商アイアンサンダー,Iron Thunder,1600295,,リムサ・ロミンサ,商業区 ファイター街,,,"13,641"
アイアンスピア,Iron Spear,4080206,,武器商ザギルヘームル,Zagylhaemr,1600253,,グリダニア,,6,6,"13,641"
アイアンスピア,Iron Spear,4080206,,武器商コネイン,Conayn,1000375,,グリダニア,辻店区 ファイター通り,,,"13,641"
アイアンスピア,Iron Spear,4080206,,武器商エトガル,Etgar,1000105,,ウルダハ,商業層,6,4,"13,641"
アイアンスピア,Iron Spear,4080206,,武器商リラクタントボア,Reluctant Boar,1600294,,ウルダハ,旅商区 ファイター横町,,,"13,641"
アイアンハチェット,Iron Hatchet,7020010,,武器商ティルスヴェーン,Tylswaen,1600207,,リムサ・ロミンサ,上甲板層,7,5,"9,540"
アイアンハチェット,Iron Hatchet,7020010,,用具商シンエイヒル,Syneyhil,1600193,,リムサ・ロミンサ,商業区 ギャザラー街,,,"9,540"
アイアンハチェット,Iron Hatchet,7020010,,武器商ザギルヘームル,Zagylhaemr,1600253,,グリダニア,,6,6,"9,540"
アイアンハチェット,Iron Hatchet,7020010,,用具商デ・ボンジャ,D'bhonja,1900192,,グリダニア,,4,3,"9,540"
アイアンハチェット,Iron Hatchet,7020010,,用具商グリエルメ,Grillairmais,1200202,,グリダニア,辻店区 ギャザラー通り,,,"9,540"
アイアンハチェット,Iron Hatchet,7020010,,武器商エトガル,Etgar,1000105,,ウルダハ,商業層,6,4,"9,540"
アイアンハチェット,Iron Hatchet,7020010,,用具商テテトカ,Tetetoka,1400188,,ウルダハ,旅商区 ギャザラー横町,,,"9,540"
アイアンプレート,Iron Plate,10002022,,甲冑師ジョエロー,Joellaut,1200058,,リムサ・ロミンサ,上甲板層,7,7,"11,000"
アイアンプレート,Iron Plate,10002022,,甲冑師マテオニアン,Matheonien,1200109,,グリダニア,,7,3,"11,000"
アイアンプレート,Iron Plate,10002022,,甲冑師アルノール,Allenaure,1300010,,ウルダハ,商業層,7,4,"11,000"
アイアンモール,Iron Sledgehammer,7010104,,用具商エミヌ,Eminne,1300162,,ウルダハ,商業層,6,6,"47,520"
アイアンリベット,Iron Rivets,10002072,,鍛冶師スミドヘームル,Smydhaemr,1600172,,リムサ・ロミンサ,上甲板層,7,7,"2,000"
アイアンリベット,Iron Rivets,10002072,,鍛冶師アルダイルン,Ahldiyrn,1600017,,グリダニア,,8,3,"2,000"
アイアンリベット,Iron Rivets,10002072,,鍛冶師デュースドルン,Doesdornn,1600057,,ウルダハ,商業層,7,4,"2,000"
アイアンリングズ,Iron Rings,10002052,,甲冑師ジョエロー,Joellaut,1200058,,リムサ・ロミンサ,上甲板層,7,7,"4,000"
アイアンリングズ,Iron Rings,10002052,,甲冑師マテオニアン,Matheonien,1200109,,グリダニア,,7,3,"4,000"
アイアンリングズ,Iron Rings,10002052,,甲冑師アルノール,Allenaure,1300010,,ウルダハ,商業層,7,4,"4,000"
アイアンレイジングハンマー,Iron Raising Hammer,6030012,,道具商マルスラン,Marcelain,1200209,,リムサ・ロミンサ,上甲板層,7,7,"69,600"
アイパッチ,Leather Eyepatch,8010304,,画屋ゴールディヴ,Goldyve,1100079,prefix-variant:client=面屋ゴールディヴ,グリダニア,,6,5,"34,260"
アウル,Bronze Awl,6051004,,革細工師アーナルド,Arnald,1000037,,リムサ・ロミンサ,下甲板層,6,5,"15,840"
アウル,Bronze Awl,6051004,,道具商ヴォイス,Voyce,1000249,,グリダニア,,7,3,"15,840"
アウル,Bronze Awl,6051004,,革細工師エルギヴァ,Elgiva,1100063,,ウルダハ,商業層,6,4,"15,840"
アクトン,Hempen Acton,8030819,,防具商ヴェーブアクト,Waebahct,1600215,,リムサ・ロミンサ,上甲板層,7,5,"8,611"
アクトン,Hempen Acton,8030819,,板金商フェーズギム,Faezghim,1600070,prefix-variant:client=甲冑商フェーズギム,リムサ・ロミンサ,商業区 アーマー街,,,"8,611"
アクトン,Hempen Acton,8030819,,防具商ナイ・カマゾン,Naih Khamazom,1900259,,グリダニア,,6,6,"8,611"
アクトン,Hempen Acton,8030819,,板金商オディブランド,Odibrand,2200193,prefix-variant:client=甲冑商オディブランド,グリダニア,辻店区 アーマー通り,,,"8,611"
アクトン,Hempen Acton,8030819,,防具商ガネロン,Ganelon,1000116,,ウルダハ,商業層,6,4,"8,611"
アクトン,Hempen Acton,8030819,,板金商イゾルド,Isaulde,1300119,prefix-variant:client=甲冑商イゾルド,ウルダハ,旅商区 アーマー横町,,,"8,611"
アッシュキャバルリーボウ,Ash Cavalry Bow,4070104,,武器商ドエル,Doelle,1300157,,グリダニア,,8,5,"175,232"
アッシュマスク,Ash Mask,8010703,,画屋ゴールディヴ,Goldyve,1100079,prefix-variant:client=面屋ゴールディヴ,グリダニア,,6,5,"11,760"
アッシュマスク,Ash Mask,8010703,,魔器商ノノス,Nonosu,1500161,,ウルダハ,商業層,4,5,"11,760"
アッシュ原木,Ash Log,10008005,,船乗りス・ナヤック,S'gnayak,1900048,,リムサ・ロミンサ,下甲板層,6,5,"2,822"
アッシュ原木,Ash Log,10008005,,木工師オスガル,Osgar,1000337,,グリダニア,,6,5,"2,822"
アッシュ材,Ash Lumber,10008205,,木工師シスリー,Sysley,1100429,,リムサ・ロミンサ,下甲板層,5,5,"3,024"
アッシュ材,Ash Lumber,10008205,,木工師オスガル,Osgar,1000337,,グリダニア,,6,5,"3,024"
アッシュ材,Ash Lumber,10008205,,木工師バリン,Barryn,1000043,,ウルダハ,商業層,7,4,"3,024"
アップルジュース,Apple Juice,3010607,,土産屋エドゥイン,Aeduin,1000267,,グリダニア,,6,6,"4,590"
アラミゴマスタード,Ala Mhigan Mustard,3011534,,八百屋ヴィスロール,Wysslorh,1600245,,ウルダハ,商業層,6,4,983
アリゲーターペア,Alligator Pear,3011459,,八百屋ヴィスロール,Wysslorh,1600245,,ウルダハ,商業層,6,4,"2,218"
アルドゴートの肩ロース,Aldgoat Chuck,3011001,,肉屋エオルメンギルド,Eormengild,1100065,,ウルダハ,商業層,6,4,"3,938"
アルドゴートの粗皮,Aldgoat Skin,10007016,,毛皮商ゼースウーヤ,Zaesoeya,1600252,,グリダニア,,6,4,"3,600"
アルドゴートレザー,Aldgoat Leather,10007126,,革細工師アーナルド,Arnald,1000037,,リムサ・ロミンサ,下甲板層,6,5,"4,000"
アルドゴートレザー,Aldgoat Leather,10007126,,革細工師スペールフェダル,Spaerfedar,1600176,,グリダニア,,7,3,"4,000"
アルドゴートレザー,Aldgoat Leather,10007126,,革細工師エルギヴァ,Elgiva,1100063,,ウルダハ,商業層,6,4,"4,000"
アルメン,Alumen,10009111,,革細工師スペールフェダル,Spaerfedar,1600176,,グリダニア,,7,3,640
アロエ,Aloe,3011318,,八百屋ヴィスロール,Wysslorh,1600245,,ウルダハ,商業層,6,4,"1,229"
アングラーハット,Angler's Hat,8012014,,用具商ウンシンヴィルフ,Unsynwilf,1600212,,リムサ・ロミンサ,下甲板層,5,6,"88,560"
アンダーシャツ,Hempen Undershirt,8040017,,服屋ロズレット,Roserette,1300062,,ウルダハ,商業層,6,4,360
アンダースリーヴ,Hempen Undersleeves,8040029,,服屋ヨレーヌ,Yolaine,1300095,,グリダニア,,6,4,360
アンテロープの腱,Antelope Sinew,10007504,,革細工師アーナルド,Arnald,1000037,,リムサ・ロミンサ,下甲板層,6,5,720
アンテロープの腱,Antelope Sinew,10007504,,革細工師スペールフェダル,Spaerfedar,1600176,,グリダニア,,7,3,720
アンテロープの腱,Antelope Sinew,10007504,,革細工師エルギヴァ,Elgiva,1100063,,ウルダハ,商業層,6,4,720
アーティチョーク,Maiden Artichoke,3011316,,調理師ヨッシー,Jossy,1100144,,リムサ・ロミンサ,上甲板層,7,3,"2,511"
アーティチョーク,Maiden Artichoke,3011316,,土産屋チャ・ノギヤ,T'noggya,1900194,,リムサ・ロミンサ,リムサ・ロミンサ・ランディング,1,1,"2,511"
アーティチョーク,Maiden Artichoke,3011316,,八百屋ヴィスロール,Wysslorh,1600245,,ウルダハ,商業層,6,4,"2,511"
アーモンド,Almonds,3011528,,旅商ヘレナ,Helena,1100327,,ウルダハ,商業層,7,4,"2,009"
ウィンドブランド,Wind Brand,5020210,,魔器商ノノス,Nonosu,1500161,,ウルダハ,商業層,4,5,"56,784"
ウェザード_クロスペインハンマー,Weathered Cross-pein Hammer,6020001,variant:ウェザード・クロスペインハンマー,武器商ティルスヴェーン,Tylswaen,1600207,,リムサ・ロミンサ,上甲板層,7,5,600
ウェザード_クロスペインハンマー,Weathered Cross-pein Hammer,6020001,variant:ウェザード・クロスペインハンマー,道具商アドリ,Adri,2200011,,リムサ・ロミンサ,上甲板層,7,7,600
ウェザード_クロスペインハンマー,Weathered Cross-pein Hammer,6020001,variant:ウェザード・クロスペインハンマー,道具商ソーラ,Thora,1100436,,リムサ・ロミンサ,商業区 クラフター街,,,600
ウェザード_クロスペインハンマー,Weathered Cross-pein Hammer,6020001,variant:ウェザード・クロスペインハンマー,武器商ザギルヘームル,Zagylhaemr,1600253,,グリダニア,,6,6,600
ウェザード_クロスペインハンマー,Weathered Cross-pein Hammer,6020001,variant:ウェザード・クロスペインハンマー,鍛冶師アルダイルン,Ahldiyrn,1600017,,グリダニア,,8,3,600
ウェザード_クロスペインハンマー,Weathered Cross-pein Hammer,6020001,variant:ウェザード・クロスペインハンマー,道具商テンペルトン,Templeton,1000238,,グリダニア,辻店区 クラフター通り,,,600
ウェザード_クロスペインハンマー,Weathered Cross-pein Hammer,6020001,variant:ウェザード・クロスペインハンマー,武器商エトガル,Etgar,1000105,,ウルダハ,商業層,6,4,600
ウェザード_クロスペインハンマー,Weathered Cross-pein Hammer,6020001,variant:ウェザード・クロスペインハンマー,鍛冶師デュースドルン,Doesdornn,1600057,,ウルダハ,商業層,7,4,600
ウェザード_クロスペインハンマー,Weathered Cross-pein Hammer,6020001,variant:ウェザード・クロスペインハンマー,道具商アムニ,Amenie,1300153,,ウルダハ,旅商区 クラフター横町,,,600
ウェザードアレンビック,Weathered Alembic,6070001,,武器商ティルスヴェーン,Tylswaen,1600207,,リムサ・ロミンサ,上甲板層,7,5,612
ウェザードアレンビック,Weathered Alembic,6070001,,錬金術師ズズデス,Zuzudesu,1400035,,リムサ・ロミンサ,下甲板層,6,5,612
ウェザードアレンビック,Weathered Alembic,6070001,,道具商ソーラ,Thora,1100436,,リムサ・ロミンサ,商業区 クラフター街,,,612
ウェザードアレンビック,Weathered Alembic,6070001,,武器商ザギルヘームル,Zagylhaemr,1600253,,グリダニア,,6,6,612
ウェザードアレンビック,Weathered Alembic,6070001,,錬金術師ムムコ,Mumuko,1500079,,グリダニア,,8,3,612
ウェザードアレンビック,Weathered Alembic,6070001,,道具商テンペルトン,Templeton,1000238,,グリダニア,辻店区 クラフター通り,,,612
ウェザードアレンビック,Weathered Alembic,6070001,,武器商エトガル,Etgar,1000105,,ウルダハ,商業層,6,4,612
ウェザードアレンビック,Weathered Alembic,6070001,,道具商カンプラン,Quimperain,1200217,,ウルダハ,政庁層,5,6,612
ウェザードアレンビック,Weathered Alembic,6070001,,道具商アムニ,Amenie,1300153,,ウルダハ,旅商区 クラフター横町,,,612
ウェザードウォーアクス,Weathered War Axe,4040001,,武器商ティルスヴェーン,Tylswaen,1600207,,リムサ・ロミンサ,上甲板層,7,5,840
ウェザードウォーアクス,Weathered War Axe,4040001,,武器商エイラード,Aylard,2200044,,リムサ・ロミンサ,下甲板層,4,7,840
ウェザードウォーアクス,Weathered War Axe,4040001,,武器商ケリッヒ,Kerrich,1000154,,リムサ・ロミンサ,上甲板層,7,6,840
ウェザードウォーアクス,Weathered War Axe,4040001,,武器商アイアンサンダー,Iron Thunder,1600295,,リムサ・ロミンサ,商業区 ファイター街,,,840
ウェザードウォーアクス,Weathered War Axe,4040001,,貿易商グルミ・ボルルミ,Gurumi Borlumi,1400181,,リムサ・ロミンサ,リムサ・ロミンサ交易商会,,,840
ウェザードウォーアクス,Weathered War Axe,4040001,,武器商ザギルヘームル,Zagylhaemr,1600253,,グリダニア,,6,6,840
ウェザードウォーアクス,Weathered War Axe,4040001,,貿易商ゼリア,Zelia,1300096,,グリダニア,,7,4,840
ウェザードウォーアクス,Weathered War Axe,4040001,,武器商コネイン,Conayn,1000375,,グリダニア,辻店区 ファイター通り,,,840
ウェザードウォーアクス,Weathered War Axe,4040001,,貿易商ワ・ジメイ,W'jhimei,1900209,,グリダニア,リムサ・ロミンサ交易商会,,,840
ウェザードウォーアクス,Weathered War Axe,4040001,,武器商エトガル,Etgar,1000105,,ウルダハ,商業層,6,4,840
ウェザードウォーアクス,Weathered War Axe,4040001,,貿易商ファブルレー,Fabrellet,1200099,,ウルダハ,商業層,6,4,840
ウェザードウォーアクス,Weathered War Axe,4040001,,武器商リラクタントボア,Reluctant Boar,1600294,,ウルダハ,旅商区 ファイター横町,,,840
ウェザードウォーアクス,Weathered War Axe,4040001,,貿易商ダイビング・イーグル,Diving Eagle,1600319,,ウルダハ,リムサ・ロミンサ交易商会,,,840
ウェザードギグ,Weathered Gig,7030108,,武器商ティルスヴェーン,Tylswaen,1600207,,リムサ・ロミンサ,上甲板層,7,5,468
ウェザードギグ,Weathered Gig,7030108,,用具商ウンシンヴィルフ,Unsynwilf,1600212,,リムサ・ロミンサ,下甲板層,5,6,468
ウェザードギグ,Weathered Gig,7030108,,用具商シンエイヒル,Syneyhil,1600193,,リムサ・ロミンサ,商業区 ギャザラー街,,,468
ウェザードギグ,Weathered Gig,7030108,,武器商ザギルヘームル,Zagylhaemr,1600253,,グリダニア,,6,6,468
ウェザードギグ,Weathered Gig,7030108,,用具商グリエルメ,Grillairmais,1200202,,グリダニア,辻店区 ギャザラー通り,,,468
ウェザードギグ,Weathered Gig,7030108,,武器商エトガル,Etgar,1000105,,ウルダハ,商業層,6,4,468
ウェザードギグ,Weathered Gig,7030108,,用具商テテトカ,Tetetoka,1400188,,ウルダハ,旅商区 ギャザラー横町,,,468
ウェザードキュロット,Weathered Culottes (Grey),8050450,,骨董屋ピメル,Pimelle,1300058,,ウルダハ,商業層,5,4,414
ウェザードグラディウス,Weathered Gladius,4030010,,武器商ティルスヴェーン,Tylswaen,1600207,,リムサ・ロミンサ,上甲板層,7,5,600
ウェザードグラディウス,Weathered Gladius,4030010,,貿易商ニストブルム,Nystbyrm,1600128,,リムサ・ロミンサ,下甲板層,5,5,600
ウェザードグラディウス,Weathered Gladius,4030010,,武器商アイアンサンダー,Iron Thunder,1600295,,リムサ・ロミンサ,商業区 ファイター街,,,600
ウェザードグラディウス,Weathered Gladius,4030010,,貿易商ピエヌ,Pienne,1300187,,リムサ・ロミンサ,ウルダハ交易商会,,,600
ウェザードグラディウス,Weathered Gladius,4030010,,武器商ザギルヘームル,Zagylhaemr,1600253,,グリダニア,,6,6,600
ウェザードグラディウス,Weathered Gladius,4030010,,貿易商ウルフスリス,Wulfthryth,1100117,,グリダニア,,7,3,600
ウェザードグラディウス,Weathered Gladius,4030010,,武器商コネイン,Conayn,1000375,,グリダニア,辻店区 ファイター通り,,,600
ウェザードグラディウス,Weathered Gladius,4030010,,貿易商ゴゴリヨ,Gogoriyo,1400203,,グリダニア,ウルダハ交易商会,,,600
ウェザードグラディウス,Weathered Gladius,4030010,,武器商エトガル,Etgar,1000105,,ウルダハ,商業層,6,4,600
ウェザードグラディウス,Weathered Gladius,4030010,,武器商スリドウルフ,Thrydwulf,1000241,,ウルダハ,商業層,5,5,600
ウェザードグラディウス,Weathered Gladius,4030010,,武器商ザギルスヴェルド,Zagylswerd,1600254,,ウルダハ,商業層,4,5,600
ウェザードグラディウス,Weathered Gladius,4030010,,武器商リラクタントボア,Reluctant Boar,1600294,,ウルダハ,旅商区 ファイター横町,,,600
ウェザードグラディウス,Weathered Gladius,4030010,,貿易商ザワワ,Zawawa,1500177,,ウルダハ,ウルダハ交易商会,,,600
ウェザードケーン,Weathered Cane,5030101,,武器商ティルスヴェーン,Tylswaen,1600207,,リムサ・ロミンサ,上甲板層,7,5,840
ウェザードケーン,Weathered Cane,5030101,,魔器商レフレダ,Lefleda,1100089,,リムサ・ロミンサ,上甲板層,7,6,840
ウェザードケーン,Weathered Cane,5030101,,魔器商ブルーンフォク,Broenfohc,1600048,,リムサ・ロミンサ,商業区 ソーサラー街,,,840
ウェザードケーン,Weathered Cane,5030101,,武器商ザギルヘームル,Zagylhaemr,1600253,,グリダニア,,6,6,840
ウェザードケーン,Weathered Cane,5030101,,魔器商ジュルラン,Jeulerand,1200207,,グリダニア,,2,1,840
ウェザードケーン,Weathered Cane,5030101,,木工師オスガル,Osgar,1000337,,グリダニア,,6,5,840
ウェザードケーン,Weathered Cane,5030101,,魔器商ドレスト,Drest,1000379,,グリダニア,辻店区 ソーサラー通り,,,840
ウェザードケーン,Weathered Cane,5030101,,武器商エトガル,Etgar,1000105,,ウルダハ,商業層,6,4,840
ウェザードケーン,Weathered Cane,5030101,,貿易商ヨハネス,Johannes,1000147,,ウルダハ,商業層,7,4,840
ウェザードケーン,Weathered Cane,5030101,,魔器商ル・ジレッコ,R'zalikko,1900032,,ウルダハ,旅商区 ソーサラー横町,,,840
ウェザードコイフ,Weathered Coif (Grey),8010545,,採掘師ノルトムーン,Nortmoen,1600127,,ウルダハ,商業層,6,6,546
ウェザードサイズ,Weathered Scythe,7020108,,武器商ティルスヴェーン,Tylswaen,1600207,,リムサ・ロミンサ,上甲板層,7,5,504
ウェザードサイズ,Weathered Scythe,7020108,,用具商シンエイヒル,Syneyhil,1600193,,リムサ・ロミンサ,商業区 ギャザラー街,,,504
ウェザードサイズ,Weathered Scythe,7020108,,武器商ザギルヘームル,Zagylhaemr,1600253,,グリダニア,,6,6,504
ウェザードサイズ,Weathered Scythe,7020108,,用具商デ・ボンジャ,D'bhonja,1900192,,グリダニア,,4,3,504
ウェザードサイズ,Weathered Scythe,7020108,,用具商グリエルメ,Grillairmais,1200202,,グリダニア,辻店区 ギャザラー通り,,,504
ウェザードサイズ,Weathered Scythe,7020108,,武器商エトガル,Etgar,1000105,,ウルダハ,商業層,6,4,504
ウェザードサイズ,Weathered Scythe,7020108,,用具商テテトカ,Tetetoka,1400188,,ウルダハ,旅商区 ギャザラー横町,,,504
ウェザードサイブーツ_GR,Weathered Thighboots (Grey),8080017,variant:ウェザードサイブーツ[GR],靴屋ア・ニミウィリ,A'nimuili,1900005,,グリダニア,,7,4,446
ウェザードサルエル,Weathered Sarouel (Brown),8050728,,骨董屋ピメル,Pimelle,1300058,,ウルダハ,商業層,5,4,280
ウェザードサンハット,Weathered Sun Hat,8012009,,園芸師グンゼリン,Gunzelin,2200132,,グリダニア,,4,3,966
ウェザードショートボウ,Weathered Shortbow,4070001,,武器商ティルスヴェーン,Tylswaen,1600207,,リムサ・ロミンサ,上甲板層,7,5,816
ウェザードショートボウ,Weathered Shortbow,4070001,,貿易商キキモ,Kikimo,1500058,,リムサ・ロミンサ,下甲板層,6,5,816
ウェザードショートボウ,Weathered Shortbow,4070001,,武器商アイアンサンダー,Iron Thunder,1600295,,リムサ・ロミンサ,商業区 ファイター街,,,816
ウェザードショートボウ,Weathered Shortbow,4070001,,貿易商ドゥビコロワ,Duvicauroix,1200107,,リムサ・ロミンサ,グリダニア交易商会,,,816
ウェザードショートボウ,Weathered Shortbow,4070001,,武器商ザギルヘームル,Zagylhaemr,1600253,,グリダニア,,6,6,816
ウェザードショートボウ,Weathered Shortbow,4070001,,武器商ドエル,Doelle,1300157,,グリダニア,,8,5,816
ウェザードショートボウ,Weathered Shortbow,4070001,,弓師トヴィルモト,Twyrmoht,1600206,,グリダニア,,7,2,816
ウェザードショートボウ,Weathered Shortbow,4070001,,武器商コネイン,Conayn,1000375,,グリダニア,辻店区 ファイター通り,,,816
ウェザードショートボウ,Weathered Shortbow,4070001,,貿易商ロエル,Roelle,1300183,,グリダニア,グリダニア交易商会,,,816
ウェザードショートボウ,Weathered Shortbow,4070001,,武器商エトガル,Etgar,1000105,,ウルダハ,商業層,6,4,816
ウェザードショートボウ,Weathered Shortbow,4070001,,貿易商ヨハネス,Johannes,1000147,,ウルダハ,商業層,7,4,816
ウェザードショートボウ,Weathered Shortbow,4070001,,武器商リラクタントボア,Reluctant Boar,1600294,,ウルダハ,旅商区 ファイター横町,,,816
ウェザードショートボウ,Weathered Shortbow,4070001,,貿易商ワ・ドヤガ,W'doyagha,1900208,,ウルダハ,グリダニア交易商会,,,816
ウェザードスキレット,Weathered Skillet,6080001,,武器商ティルスヴェーン,Tylswaen,1600207,,リムサ・ロミンサ,上甲板層,7,5,624
ウェザードスキレット,Weathered Skillet,6080001,,道具商レレマキ,Reremaki,1400189,,リムサ・ロミンサ,上甲板層,6,3,624
ウェザードスキレット,Weathered Skillet,6080001,,道具商ソーラ,Thora,1100436,,リムサ・ロミンサ,商業区 クラフター街,,,624
ウェザードスキレット,Weathered Skillet,6080001,,武器商ザギルヘームル,Zagylhaemr,1600253,,グリダニア,,6,6,624
ウェザードスキレット,Weathered Skillet,6080001,,調理師スタンイルド,Stanilde,1100107,,グリダニア,,8,4,624
ウェザードスキレット,Weathered Skillet,6080001,,道具商テンペルトン,Templeton,1000238,,グリダニア,辻店区 クラフター通り,,,624
ウェザードスキレット,Weathered Skillet,6080001,,武器商エトガル,Etgar,1000105,,ウルダハ,商業層,6,4,624
ウェザードスキレット,Weathered Skillet,6080001,,調理師ペ・ソンジャ,P'sonjha,1900008,,ウルダハ,商業層,6,4,624
ウェザードスキレット,Weathered Skillet,6080001,,道具商アムニ,Amenie,1300153,,ウルダハ,旅商区 クラフター横町,,,624
ウェザードスピア,Weathered Spear,4080201,,武器商ティルスヴェーン,Tylswaen,1600207,,リムサ・ロミンサ,上甲板層,7,5,840
ウェザードスピア,Weathered Spear,4080201,,貿易商キキモ,Kikimo,1500058,,リムサ・ロミンサ,下甲板層,6,5,840
ウェザードスピア,Weathered Spear,4080201,,武器商アイアンサンダー,Iron Thunder,1600295,,リムサ・ロミンサ,商業区 ファイター街,,,840
ウェザードスピア,Weathered Spear,4080201,,貿易商ドゥビコロワ,Duvicauroix,1200107,,リムサ・ロミンサ,グリダニア交易商会,,,840
ウェザードスピア,Weathered Spear,4080201,,武器商ザギルヘームル,Zagylhaemr,1600253,,グリダニア,,6,6,840
ウェザードスピア,Weathered Spear,4080201,,武器商ルストバン,Roustebant,1200219,,グリダニア,,7,2,840
ウェザードスピア,Weathered Spear,4080201,,弓師トヴィルモト,Twyrmoht,1600206,,グリダニア,,7,2,840
ウェザードスピア,Weathered Spear,4080201,,武器商コネイン,Conayn,1000375,,グリダニア,辻店区 ファイター通り,,,840
ウェザードスピア,Weathered Spear,4080201,,貿易商ロエル,Roelle,1300183,,グリダニア,グリダニア交易商会,,,840
ウェザードスピア,Weathered Spear,4080201,,武器商エトガル,Etgar,1000105,,ウルダハ,商業層,6,4,840
ウェザードスピア,Weathered Spear,4080201,,骨董屋ピメル,Pimelle,1300058,,ウルダハ,商業層,5,4,840
ウェザードスピア,Weathered Spear,4080201,,武器商リラクタントボア,Reluctant Boar,1600294,,ウルダハ,旅商区 ファイター横町,,,840
ウェザードスピア,Weathered Spear,4080201,,貿易商ワ・ドヤガ,W'doyagha,1900208,,ウルダハ,グリダニア交易商会,,,840
ウェザードセプター,Weathered Scepter,5020001,,武器商ティルスヴェーン,Tylswaen,1600207,,リムサ・ロミンサ,上甲板層,7,5,696
ウェザードセプター,Weathered Scepter,5020001,,魔器商レフレダ,Lefleda,1100089,,リムサ・ロミンサ,上甲板層,7,6,696
ウェザードセプター,Weathered Scepter,5020001,,魔器商ブルーンフォク,Broenfohc,1600048,,リムサ・ロミンサ,商業区 ソーサラー街,,,696
ウェザードセプター,Weathered Scepter,5020001,,武器商ザギルヘームル,Zagylhaemr,1600253,,グリダニア,,6,6,696
ウェザードセプター,Weathered Scepter,5020001,,貿易商ウルフスリス,Wulfthryth,1100117,,グリダニア,,7,3,696
ウェザードセプター,Weathered Scepter,5020001,,魔器商ドレスト,Drest,1000379,,グリダニア,辻店区 ソーサラー通り,,,696
ウェザードセプター,Weathered Scepter,5020001,,武器商エトガル,Etgar,1000105,,ウルダハ,商業層,6,4,696
ウェザードセプター,Weathered Scepter,5020001,,魔器商ノノス,Nonosu,1500161,,ウルダハ,商業層,4,5,696
ウェザードセプター,Weathered Scepter,5020001,,骨董屋ピメル,Pimelle,1300058,,ウルダハ,商業層,5,4,696
ウェザードセプター,Weathered Scepter,5020001,,魔器商ル・ジレッコ,R'zalikko,1900032,,ウルダハ,旅商区 ソーサラー横町,,,696
ウェザードソー,Weathered Saw,6010001,,武器商ティルスヴェーン,Tylswaen,1600207,,リムサ・ロミンサ,上甲板層,7,5,660
ウェザードソー,Weathered Saw,6010001,,木工師シスリー,Sysley,1100429,,リムサ・ロミンサ,下甲板層,5,5,660
ウェザードソー,Weathered Saw,6010001,,道具商ソーラ,Thora,1100436,,リムサ・ロミンサ,商業区 クラフター街,,,660
ウェザードソー,Weathered Saw,6010001,,武器商ザギルヘームル,Zagylhaemr,1600253,,グリダニア,,6,6,660
ウェザードソー,Weathered Saw,6010001,,道具商ウルリック,Ulric,1000245,,グリダニア,,6,5,660
ウェザードソー,Weathered Saw,6010001,,道具商テンペルトン,Templeton,1000238,,グリダニア,辻店区 クラフター通り,,,660
ウェザードソー,Weathered Saw,6010001,,武器商エトガル,Etgar,1000105,,ウルダハ,商業層,6,4,660
ウェザードソー,Weathered Saw,6010001,,木工師バリン,Barryn,1000043,,ウルダハ,商業層,7,4,660
ウェザードソー,Weathered Saw,6010001,,道具商アムニ,Amenie,1300153,,ウルダハ,旅商区 クラフター横町,,,660
ウェザードタイツ,Weathered Tights,8051015,,骨董屋ピメル,Pimelle,1300058,,ウルダハ,商業層,5,4,295
ウェザードチェーサーハンマー,Weathered Chaser Hammer,6040001,,武器商ティルスヴェーン,Tylswaen,1600207,,リムサ・ロミンサ,上甲板層,7,5,636
ウェザードチェーサーハンマー,Weathered Chaser Hammer,6040001,,彫金師テテウ,Teteu,1500023,,リムサ・ロミンサ,下甲板層,5,5,636
ウェザードチェーサーハンマー,Weathered Chaser Hammer,6040001,,道具商ソーラ,Thora,1100436,,リムサ・ロミンサ,商業区 クラフター街,,,636
ウェザードチェーサーハンマー,Weathered Chaser Hammer,6040001,,武器商ザギルヘームル,Zagylhaemr,1600253,,グリダニア,,6,6,636
ウェザードチェーサーハンマー,Weathered Chaser Hammer,6040001,,彫金師ガガウル,Gagaulu,1400052,,グリダニア,,8,4,636
ウェザードチェーサーハンマー,Weathered Chaser Hammer,6040001,,道具商テンペルトン,Templeton,1000238,,グリダニア,辻店区 クラフター通り,,,636
ウェザードチェーサーハンマー,Weathered Chaser Hammer,6040001,,武器商エトガル,Etgar,1000105,,ウルダハ,商業層,6,4,636
ウェザードチェーサーハンマー,Weathered Chaser Hammer,6040001,,道具商スレダ,Sreda,1100425,,ウルダハ,商業層,6,6,636
ウェザードチェーサーハンマー,Weathered Chaser Hammer,6040001,,道具商アムニ,Amenie,1300153,,ウルダハ,旅商区 クラフター横町,,,636
ウェザードドーミングハンマー,Weathered Doming Hammer,6030001,,武器商ティルスヴェーン,Tylswaen,1600207,,リムサ・ロミンサ,上甲板層,7,5,624
ウェザードドーミングハンマー,Weathered Doming Hammer,6030001,,道具商マルスラン,Marcelain,1200209,,リムサ・ロミンサ,上甲板層,7,7,624
ウェザードドーミングハンマー,Weathered Doming Hammer,6030001,,道具商ソーラ,Thora,1100436,,リムサ・ロミンサ,商業区 クラフター街,,,624
ウェザードドーミングハンマー,Weathered Doming Hammer,6030001,,武器商ザギルヘームル,Zagylhaemr,1600253,,グリダニア,,6,6,624
ウェザードドーミングハンマー,Weathered Doming Hammer,6030001,,甲冑師マテオニアン,Matheonien,1200109,,グリダニア,,7,3,624
ウェザードドーミングハンマー,Weathered Doming Hammer,6030001,,道具商テンペルトン,Templeton,1000238,,グリダニア,辻店区 クラフター通り,,,624
ウェザードドーミングハンマー,Weathered Doming Hammer,6030001,,武器商エトガル,Etgar,1000105,,ウルダハ,商業層,6,4,624
ウェザードドーミングハンマー,Weathered Doming Hammer,6030001,,甲冑師アルノール,Allenaure,1300010,,ウルダハ,商業層,7,4,624
ウェザードドーミングハンマー,Weathered Doming Hammer,6030001,,道具商アムニ,Amenie,1300153,,ウルダハ,旅商区 クラフター横町,,,624
ウェザードハチェット,Weathered Hatchet,7020002,,武器商ティルスヴェーン,Tylswaen,1600207,,リムサ・ロミンサ,上甲板層,7,5,636
ウェザードハチェット,Weathered Hatchet,7020002,,用具商ペ・ンドロボ,P'ndolobo,1900002,,リムサ・ロミンサ,下甲板層,5,5,636
ウェザードハチェット,Weathered Hatchet,7020002,,用具商シンエイヒル,Syneyhil,1600193,,リムサ・ロミンサ,商業区 ギャザラー街,,,636
ウェザードハチェット,Weathered Hatchet,7020002,,武器商ザギルヘームル,Zagylhaemr,1600253,,グリダニア,,6,6,636
ウェザードハチェット,Weathered Hatchet,7020002,,用具商デ・ボンジャ,D'bhonja,1900192,,グリダニア,,4,3,636
ウェザードハチェット,Weathered Hatchet,7020002,,用具商グリエルメ,Grillairmais,1200202,,グリダニア,辻店区 ギャザラー通り,,,636
ウェザードハチェット,Weathered Hatchet,7020002,,武器商エトガル,Etgar,1000105,,ウルダハ,商業層,6,4,636
ウェザードハチェット,Weathered Hatchet,7020002,,用具商タタロガ,Tataroga,1400030,,ウルダハ,商業層,7,4,636
ウェザードハチェット,Weathered Hatchet,7020002,,用具商テテトカ,Tetetoka,1400188,,ウルダハ,旅商区 ギャザラー横町,,,636
ウェザードピック,Weathered Pickaxe,7010005,,武器商ティルスヴェーン,Tylswaen,1600207,,リムサ・ロミンサ,上甲板層,7,5,600
ウェザードピック,Weathered Pickaxe,7010005,,用具商ペ・ンドロボ,P'ndolobo,1900002,,リムサ・ロミンサ,下甲板層,5,5,600
ウェザードピック,Weathered Pickaxe,7010005,,用具商シンエイヒル,Syneyhil,1600193,,リムサ・ロミンサ,商業区 ギャザラー街,,,600
ウェザードピック,Weathered Pickaxe,7010005,,武器商ザギルヘームル,Zagylhaemr,1600253,,グリダニア,,6,6,600
ウェザードピック,Weathered Pickaxe,7010005,,用具商ハンフリー,Humphrey,1000139,,グリダニア,,7,4,600
ウェザードピック,Weathered Pickaxe,7010005,,用具商グリエルメ,Grillairmais,1200202,,グリダニア,辻店区 ギャザラー通り,,,600
ウェザードピック,Weathered Pickaxe,7010005,,武器商エトガル,Etgar,1000105,,ウルダハ,商業層,6,4,600
ウェザードピック,Weathered Pickaxe,7010005,,用具商エミヌ,Eminne,1300162,,ウルダハ,商業層,6,6,600
ウェザードピック,Weathered Pickaxe,7010005,,用具商テテトカ,Tetetoka,1400188,,ウルダハ,旅商区 ギャザラー横町,,,600
ウェザードビーチハット,Weathered Beach Hat (Blue),8012010,,漁師ルヴィオヌ,Louviaune,1300050,,リムサ・ロミンサ,下甲板層,6,6,360
ウェザードフィッシングロッド,Weathered Fishing Rod,7030002,,武器商ティルスヴェーン,Tylswaen,1600207,,リムサ・ロミンサ,上甲板層,7,5,660
ウェザードフィッシングロッド,Weathered Fishing Rod,7030002,,用具商ウンシンヴィルフ,Unsynwilf,1600212,,リムサ・ロミンサ,下甲板層,5,6,660
ウェザードフィッシングロッド,Weathered Fishing Rod,7030002,,用具商シンエイヒル,Syneyhil,1600193,,リムサ・ロミンサ,商業区 ギャザラー街,,,660
ウェザードフィッシングロッド,Weathered Fishing Rod,7030002,,武器商ザギルヘームル,Zagylhaemr,1600253,,グリダニア,,6,6,660
ウェザードフィッシングロッド,Weathered Fishing Rod,7030002,,用具商ハンフリー,Humphrey,1000139,,グリダニア,,7,4,660
ウェザードフィッシングロッド,Weathered Fishing Rod,7030002,,用具商グリエルメ,Grillairmais,1200202,,グリダニア,辻店区 ギャザラー通り,,,660
ウェザードフィッシングロッド,Weathered Fishing Rod,7030002,,武器商エトガル,Etgar,1000105,,ウルダハ,商業層,6,4,660
ウェザードフィッシングロッド,Weathered Fishing Rod,7030002,,用具商タタロガ,Tataroga,1400030,,ウルダハ,商業層,7,4,660
ウェザードフィッシングロッド,Weathered Fishing Rod,7030002,,用具商テテトカ,Tetetoka,1400188,,ウルダハ,旅商区 ギャザラー横町,,,660
ウェザードヘッドナイフ,Weathered Head Knife,6050003,,武器商ティルスヴェーン,Tylswaen,1600207,,リムサ・ロミンサ,上甲板層,7,5,588
ウェザードヘッドナイフ,Weathered Head Knife,6050003,,革細工師アーナルド,Arnald,1000037,,リムサ・ロミンサ,下甲板層,6,5,588
ウェザードヘッドナイフ,Weathered Head Knife,6050003,,道具商ソーラ,Thora,1100436,,リムサ・ロミンサ,商業区 クラフター街,,,588
ウェザードヘッドナイフ,Weathered Head Knife,6050003,,武器商ザギルヘームル,Zagylhaemr,1600253,,グリダニア,,6,6,588
ウェザードヘッドナイフ,Weathered Head Knife,6050003,,道具商ヴォイス,Voyce,1000249,,グリダニア,,7,3,588
ウェザードヘッドナイフ,Weathered Head Knife,6050003,,道具商テンペルトン,Templeton,1000238,,グリダニア,辻店区 クラフター通り,,,588
ウェザードヘッドナイフ,Weathered Head Knife,6050003,,武器商エトガル,Etgar,1000105,,ウルダハ,商業層,6,4,588
ウェザードヘッドナイフ,Weathered Head Knife,6050003,,革細工師エルギヴァ,Elgiva,1100063,,ウルダハ,商業層,6,4,588
ウェザードヘッドナイフ,Weathered Head Knife,6050003,,道具商アムニ,Amenie,1300153,,ウルダハ,旅商区 クラフター横町,,,588
ウェザードホラ,Weathered Hora,4020001,,武器商ティルスヴェーン,Tylswaen,1600207,,リムサ・ロミンサ,上甲板層,7,5,636
ウェザードホラ,Weathered Hora,4020001,,武器商ケリッヒ,Kerrich,1000154,,リムサ・ロミンサ,上甲板層,7,6,636
ウェザードホラ,Weathered Hora,4020001,,武器商アイアンサンダー,Iron Thunder,1600295,,リムサ・ロミンサ,商業区 ファイター街,,,636
ウェザードホラ,Weathered Hora,4020001,,武器商ザギルヘームル,Zagylhaemr,1600253,,グリダニア,,6,6,636
ウェザードホラ,Weathered Hora,4020001,,貿易商ウルフスリス,Wulfthryth,1100117,,グリダニア,,7,3,636
ウェザードホラ,Weathered Hora,4020001,,武器商コネイン,Conayn,1000375,,グリダニア,辻店区 ファイター通り,,,636
ウェザードホラ,Weathered Hora,4020001,,武器商エトガル,Etgar,1000105,,ウルダハ,商業層,6,4,636
ウェザードホラ,Weathered Hora,4020001,,武器商グ・ワハイ,G'wahaii,1900191,,ウルダハ,商業層,5,4,636
ウェザードホラ,Weathered Hora,4020001,,武器商ザギルスヴェルド,Zagylswerd,1600254,,ウルダハ,商業層,4,5,636
ウェザードホラ,Weathered Hora,4020001,,武器商リラクタントボア,Reluctant Boar,1600294,,ウルダハ,旅商区 ファイター横町,,,636
ウェザードモール,Weathered Sledgehammer,7010108,,武器商ティルスヴェーン,Tylswaen,1600207,,リムサ・ロミンサ,上甲板層,7,5,480
ウェザードモール,Weathered Sledgehammer,7010108,,用具商シンエイヒル,Syneyhil,1600193,,リムサ・ロミンサ,商業区 ギャザラー街,,,480
ウェザードモール,Weathered Sledgehammer,7010108,,武器商ザギルヘームル,Zagylhaemr,1600253,,グリダニア,,6,6,480
ウェザードモール,Weathered Sledgehammer,7010108,,用具商グリエルメ,Grillairmais,1200202,,グリダニア,辻店区 ギャザラー通り,,,480
ウェザードモール,Weathered Sledgehammer,7010108,,武器商エトガル,Etgar,1000105,,ウルダハ,商業層,6,4,480
ウェザードモール,Weathered Sledgehammer,7010108,,用具商エミヌ,Eminne,1300162,,ウルダハ,商業層,6,6,480
ウェザードモール,Weathered Sledgehammer,7010108,,用具商テテトカ,Tetetoka,1400188,,ウルダハ,旅商区 ギャザラー横町,,,480
ウェザードワークブーツ_BR,Weathered Workboots,8080426,variant:ウェザードワークブーツ[BR],靴屋ア・ニミウィリ,A'nimuili,1900005,,グリダニア,,7,4,552
ウォルナットスピニングホイール,Walnut Spinning Wheel,6061007,,道具商ロサムンド,Rosamund,1100413,,ウルダハ,商業層,7,6,"113,664"
ウォルナット原木,Walnut Log,10008007,,木工師オスガル,Osgar,1000337,,グリダニア,,6,5,"6,300"
ウォルナット材,Walnut Lumber,10008207,,木工師シスリー,Sysley,1100429,,リムサ・ロミンサ,下甲板層,5,5,"6,750"
ウォルナット材,Walnut Lumber,10008207,,木工師オスガル,Osgar,1000337,,グリダニア,,6,5,"6,750"
ウォルナット材,Walnut Lumber,10008207,,木工師バリン,Barryn,1000043,,ウルダハ,商業層,7,4,"6,750"
ウォーアクス,Bronze War Axe,4040004,,武器商ティルスヴェーン,Tylswaen,1600207,,リムサ・ロミンサ,上甲板層,7,5,"4,200"
ウォーアクス,Bronze War Axe,4040004,,武器商アイアンサンダー,Iron Thunder,1600295,,リムサ・ロミンサ,商業区 ファイター街,,,"4,200"
ウォーアクス,Bronze War Axe,4040004,,武器商ザギルヘームル,Zagylhaemr,1600253,,グリダニア,,6,6,"4,200"
ウォーアクス,Bronze War Axe,4040004,,武器商コネイン,Conayn,1000375,,グリダニア,辻店区 ファイター通り,,,"4,200"
ウォーアクス,Bronze War Axe,4040004,,武器商エトガル,Etgar,1000105,,ウルダハ,商業層,6,4,"4,200"
ウォーアクス,Bronze War Axe,4040004,,武器商リラクタントボア,Reluctant Boar,1600294,,ウルダハ,旅商区 ファイター横町,,,"4,200"
ウールコイフ,Woolen Coif,8010526,,用具商エミヌ,Eminne,1300162,,ウルダハ,商業層,6,6,"163,800"
エキュ,Square Maple Shield,4100604,,武器商ティルスヴェーン,Tylswaen,1600207,,リムサ・ロミンサ,上甲板層,7,5,"3,300"
エキュ,Square Maple Shield,4100604,,武器商アイアンサンダー,Iron Thunder,1600295,,リムサ・ロミンサ,商業区 ファイター街,,,"3,300"
エキュ,Square Maple Shield,4100604,,武器商ザギルヘームル,Zagylhaemr,1600253,,グリダニア,,6,6,"3,300"
エキュ,Square Maple Shield,4100604,,魔器商ジュルラン,Jeulerand,1200207,,グリダニア,,2,1,"3,300"
エキュ,Square Maple Shield,4100604,,武器商コネイン,Conayn,1000375,,グリダニア,辻店区 ファイター通り,,,"3,300"
エキュ,Square Maple Shield,4100604,,武器商エトガル,Etgar,1000105,,ウルダハ,商業層,6,4,"3,300"
エキュ,Square Maple Shield,4100604,,武器商スリドウルフ,Thrydwulf,1000241,,ウルダハ,商業層,5,5,"3,300"
エキュ,Square Maple Shield,4100604,,魔器商ノノス,Nonosu,1500161,,ウルダハ,商業層,4,5,"3,300"
エキュ,Square Maple Shield,4100604,,武器商リラクタントボア,Reluctant Boar,1600294,,ウルダハ,旅商区 ファイター横町,,,"3,300"
エッグプラント,Wizard Eggplant,3011306,,園芸師ボドゥフォアン,Beaudefoin,1200124,,グリダニア,,7,3,"1,566"
エルムケーン,Elm Cane,5030107,,魔器商ジュルラン,Jeulerand,1200207,,グリダニア,,2,1,"52,360"
エルムフィッシングロッド,Elm Fishing Rod,7030010,,武器商ティルスヴェーン,Tylswaen,1600207,,リムサ・ロミンサ,上甲板層,7,5,"9,900"
エルムフィッシングロッド,Elm Fishing Rod,7030010,,用具商ウンシンヴィルフ,Unsynwilf,1600212,,リムサ・ロミンサ,下甲板層,5,6,"9,900"
エルムフィッシングロッド,Elm Fishing Rod,7030010,,用具商シンエイヒル,Syneyhil,1600193,,リムサ・ロミンサ,商業区 ギャザラー街,,,"9,900"
エルムフィッシングロッド,Elm Fishing Rod,7030010,,武器商ザギルヘームル,Zagylhaemr,1600253,,グリダニア,,6,6,"9,900"
エルムフィッシングロッド,Elm Fishing Rod,7030010,,用具商グリエルメ,Grillairmais,1200202,,グリダニア,辻店区 ギャザラー通り,,,"9,900"
エルムフィッシングロッド,Elm Fishing Rod,7030010,,武器商エトガル,Etgar,1000105,,ウルダハ,商業層,6,4,"9,900"
エルムフィッシングロッド,Elm Fishing Rod,7030010,,用具商テテトカ,Tetetoka,1400188,,ウルダハ,旅商区 ギャザラー横町,,,"9,900"
エルムベロシティボウ,Elm Velocity Bow,4070011,,武器商ドエル,Doelle,1300157,,グリダニア,,8,5,"74,256"
エルム原木,Elm Log,10008004,,船乗りス・ナヤック,S'gnayak,1900048,,リムサ・ロミンサ,下甲板層,6,5,"4,200"
エルム原木,Elm Log,10008004,,木工師オスガル,Osgar,1000337,,グリダニア,,6,5,"4,200"
エルム材,Elm Lumber,10008204,,木工師シスリー,Sysley,1100429,,リムサ・ロミンサ,下甲板層,5,5,"4,500"
エルム材,Elm Lumber,10008204,,木工師オスガル,Osgar,1000337,,グリダニア,,6,5,"4,500"
エルム材,Elm Lumber,10008204,,木工師バリン,Barryn,1000043,,ウルダハ,商業層,7,4,"4,500"
オリーヴ,Cinderfoot Olive,3011404,,錬金術師ジェミミ,Jemimi,1500095,,ウルダハ,政庁層,5,6,422
オリーヴオイル,Olive Oil,3011532,,粉屋リトルジョン,Littlejohn,1000166,,グリダニア,,5,3,421
オレンジジュース,Orange Juice,3010605,,土産屋チャ・ノギヤ,T'noggya,1900194,,リムサ・ロミンサ,リムサ・ロミンサ・ランディング,1,1,168
オレンジジュース,Orange Juice,3010605,,酒保商人サンガイヴ,Sungyve,1100108,,ラノシア,ビアデッドロック,25,29,168
オレンジジュース,Orange Juice,3010605,,酒保商人ヒヒヤジャ,Hihiyaja,1400190,,ラノシア,スカルバレー,15,18,168
オレンジジュース,Orange Juice,3010605,,酒保商人ダウイッド,Dauid,1000083,,ラノシア,バルドノール,6,16,168
オレンジジュース,Orange Juice,3010605,,酒保商人ダニェル,Danyell,1000082,,ラノシア,ブラッドショア,36,20,168
オレンジジュース,Orange Juice,3010605,,酒保商人アイルファ,Aylufa,1100051,,ラノシア,アイアンレイク,22,7,168
オレンジジュース,Orange Juice,3010605,,酒保商人ハス・パニパー,Hahs Panipahr,1900253,,ラノシア,レッドルースター農場,36,25,168
オレンジジュース,Orange Juice,3010605,,酒保商人パパワズ,Papawazu,1400191,,ラノシア,ハーフストーン入植地,7,20,168
オーガパンプキン,Ogre Pumpkin,3011302,,船乗りス・ナヤック,S'gnayak,1900048,,リムサ・ロミンサ,下甲板層,6,5,284
オーガパンプキン,Ogre Pumpkin,3011302,,八百屋ヴィスロール,Wysslorh,1600245,,ウルダハ,商業層,6,4,284
オークの枝,Oak Branch,10008112,,園芸師グンゼリン,Gunzelin,2200132,,グリダニア,,4,3,"5,683"
オーナメンタルハンマー,Bronze Ornamental Hammer,6040010,,武器商ティルスヴェーン,Tylswaen,1600207,,リムサ・ロミンサ,上甲板層,7,5,"8,512"
オーナメンタルハンマー,Bronze Ornamental Hammer,6040010,,道具商ソーラ,Thora,1100436,,リムサ・ロミンサ,商業区 クラフター街,,,"8,512"
オーナメンタルハンマー,Bronze Ornamental Hammer,6040010,,武器商ザギルヘームル,Zagylhaemr,1600253,,グリダニア,,6,6,"8,512"
オーナメンタルハンマー,Bronze Ornamental Hammer,6040010,,道具商テンペルトン,Templeton,1000238,,グリダニア,辻店区 クラフター通り,,,"8,512"
オーナメンタルハンマー,Bronze Ornamental Hammer,6040010,,武器商エトガル,Etgar,1000105,,ウルダハ,商業層,6,4,"8,512"
オーナメンタルハンマー,Bronze Ornamental Hammer,6040010,,道具商スレダ,Sreda,1100425,,ウルダハ,商業層,6,6,"8,512"
オーナメンタルハンマー,Bronze Ornamental Hammer,6040010,,道具商アムニ,Amenie,1300153,,ウルダハ,旅商区 クラフター横町,,,"8,512"
オールドジェスターキャップ,Moldering Jester's Cap,8011901,,画屋ゴールディヴ,Goldyve,1100079,prefix-variant:client=面屋ゴールディヴ,グリダニア,,6,5,"108,326"
オールドチェラータ,Dented Celata,8010016,,骨董屋ピメル,Pimelle,1300058,,ウルダハ,商業層,5,4,"105,000"
カジェル,Brass Cudgel,5020306,,武器商ティルスヴェーン,Tylswaen,1600207,,リムサ・ロミンサ,上甲板層,7,5,"9,900"
カジェル,Brass Cudgel,5020306,,魔器商ブルーンフォク,Broenfohc,1600048,,リムサ・ロミンサ,商業区 ソーサラー街,,,"9,900"
カジェル,Brass Cudgel,5020306,,武器商ザギルヘームル,Zagylhaemr,1600253,,グリダニア,,6,6,"9,900"
カジェル,Brass Cudgel,5020306,,魔器商ドレスト,Drest,1000379,,グリダニア,辻店区 ソーサラー通り,,,"9,900"
カジェル,Brass Cudgel,5020306,,武器商エトガル,Etgar,1000105,,ウルダハ,商業層,6,4,"9,900"
カジェル,Brass Cudgel,5020306,,魔器商ノノス,Nonosu,1500161,,ウルダハ,商業層,4,5,"9,900"
カジェル,Brass Cudgel,5020306,,魔器商ル・ジレッコ,R'zalikko,1900032,,ウルダハ,旅商区 ソーサラー横町,,,"9,900"
カッパーイヤリング,Copper Earrings,9030021,,宝飾商ワ・ナルキ,W'nhalki,1900103,,ウルダハ,商業層,5,5,"6,552"
カッパーインゴット,Copper Ingot,10003011,,彫金師テテウ,Teteu,1500023,,リムサ・ロミンサ,下甲板層,5,5,500
カッパーインゴット,Copper Ingot,10003011,,彫金師ガガウル,Gagaulu,1400052,,グリダニア,,8,4,500
カッパーインゴット,Copper Ingot,10003011,,彫金師パミゾロー,Pamisolaux,1200070,,ウルダハ,商業層,6,6,500
カッパーチョーカー,Copper Choker,9040027,,宝飾商ワ・ナルキ,W'nhalki,1900103,,ウルダハ,商業層,5,5,"8,568"
カッパーリストレット,Copper Wristlets,9010026,,宝飾商ワ・ナルキ,W'nhalki,1900103,,ウルダハ,商業層,5,5,"5,280"
カッパーリング,Copper Ring,9050027,,宝飾商ワ・ナルキ,W'nhalki,1900103,,ウルダハ,商業層,5,5,"5,376"
カッパーリングズ,Copper Rings,10003051,,彫金師テテウ,Teteu,1500023,,リムサ・ロミンサ,下甲板層,5,5,400
カッパーリングズ,Copper Rings,10003051,,彫金師ガガウル,Gagaulu,1400052,,グリダニア,,8,4,400
カッパーリングズ,Copper Rings,10003051,,彫金師パミゾロー,Pamisolaux,1200070,,ウルダハ,商業層,6,6,400
カミソール,Hempen Camisole,8040041,,服屋ロズレット,Roserette,1300062,,ウルダハ,商業層,6,4,360
カミーズ,Hempen Camise,8040037,,服屋ロズレット,Roserette,1300062,,ウルダハ,商業層,6,4,360
カモミール,Chamomile,10009404,,花屋ビ・コンバラ,B'konbalha,1900096,,グリダニア,,6,5,"7,603"
カモミール,Chamomile,10009404,,貿易商ヨハネス,Johannes,1000147,,ウルダハ,商業層,7,4,"7,603"
カモミールティー,Chamomile Tea,3010610,,茶屋キルー,Quiloud,1200011,,ウルダハ,商業層,7,4,"1,775"
カモミールティー,Chamomile Tea,3010610,,土産屋ヴェークサッツ,Waeksatz,1600218,,ウルダハ,ウルダハ・ランディング,1,1,"1,775"
ガラゴミント,Galago Mint,3011520,,生薬屋ロドゥリック,Roderic,1200118,,グリダニア,,6,5,540
ガラゴミント,Galago Mint,3011520,,貿易商ヨハネス,Johannes,1000147,,ウルダハ,商業層,7,4,540
カロ,Sheepskin Calot,8012410,,道具商アドリ,Adri,2200011,,リムサ・ロミンサ,上甲板層,7,7,432
カロ,Sheepskin Calot,8012410,,道具商レレマキ,Reremaki,1400189,,リムサ・ロミンサ,上甲板層,6,3,432
カロ,Sheepskin Calot,8012410,,道具商ウルリック,Ulric,1000245,,グリダニア,,6,5,432
カロ,Sheepskin Calot,8012410,,道具商ヴォイス,Voyce,1000249,,グリダニア,,7,3,432
カロ,Sheepskin Calot,8012410,,用具商デ・ボンジャ,D'bhonja,1900192,,グリダニア,,4,3,432
カーネーション,Carnation,10009403,,雑貨商フスクネー,Fousquenet,1200048,,リムサ・ロミンサ,下甲板層,5,5,"1,331"
カーネーション,Carnation,10009403,,花屋ビ・コンバラ,B'konbalha,1900096,,グリダニア,,6,5,"1,331"
カープ_マグワート,Mugwort Carp,3010118,variant:カープ＆マグワート,茶屋キルー,Quiloud,1200011,,ウルダハ,商業層,7,4,"5,392"
ガーリック,Garlean Garlic,3011506,,生薬屋ジョ・ランマヤ,Z'ranmaia,1900009,,リムサ・ロミンサ,上甲板層,7,3,65
ギガントードの粗皮,Gigantoad Skin,10007005,,毛皮商ゼースウーヤ,Zaesoeya,1600252,,グリダニア,,6,4,"5,400"
ギガントードレザー,Toad Leather,10007113,,革細工師アーナルド,Arnald,1000037,,リムサ・ロミンサ,下甲板層,6,5,"6,000"
ギガントードレザー,Toad Leather,10007113,,革細工師スペールフェダル,Spaerfedar,1600176,,グリダニア,,7,3,"6,000"
ギガントードレザー,Toad Leather,10007113,,革細工師エルギヴァ,Elgiva,1100063,,ウルダハ,商業層,6,4,"6,000"
ギグ,Bronze Gig,7030104,,用具商ハンフリー,Humphrey,1000139,,グリダニア,,7,4,"13,728"
ギグ,Bronze Gig,7030104,,用具商タタロガ,Tataroga,1400030,,ウルダハ,商業層,7,4,"13,728"
ギザルメ,Iron Guisarme,4080406,,武器商ルストバン,Roustebant,1200219,,グリダニア,,7,2,"95,312"
きつけ薬,Dawn Drops,3020403,,酒保商人サンガイヴ,Sungyve,1100108,,ラノシア,ビアデッドロック,25,29,"2,850"
きつけ薬,Dawn Drops,3020403,,酒保商人ヒヒヤジャ,Hihiyaja,1400190,,ラノシア,スカルバレー,15,18,"2,850"
きつけ薬,Dawn Drops,3020403,,酒保商人ダウイッド,Dauid,1000083,,ラノシア,バルドノール,6,16,"2,850"
きつけ薬,Dawn Drops,3020403,,酒保商人ダニェル,Danyell,1000082,,ラノシア,ブラッドショア,36,20,"2,850"
きつけ薬,Dawn Drops,3020403,,酒保商人アイルファ,Aylufa,1100051,,ラノシア,アイアンレイク,22,7,"2,850"
きつけ薬,Dawn Drops,3020403,,酒保商人ハス・パニパー,Hahs Panipahr,1900253,,ラノシア,レッドルースター農場,36,25,"2,850"
きつけ薬,Dawn Drops,3020403,,酒保商人パパワズ,Papawazu,1400191,,ラノシア,ハーフストーン入植地,7,20,"2,850"
きつけ薬,Dawn Drops,3020403,,酒保商人ジェラルジュ,Gerraldieux,1200051,,黒衣森,ベントブランチ,33,32,"2,850"
きつけ薬,Dawn Drops,3020403,,酒保商人ゼッヘクレフ,Zehkrepf,1600259,,黒衣森,ナインアイビー,48,29,"2,850"
きつけ薬,Dawn Drops,3020403,,酒保商人マエヌ,Maenne,1300196,,黒衣森,エメラルドモス,20,20,"2,850"
きつけ薬,Dawn Drops,3020403,,酒保商人ノルレズ,Norlaise,1300197,,黒衣森,クリムゾンバーク,15,32,"2,850"
きつけ薬,Dawn Drops,3020403,,酒保商人エドウィン,Edwyn,1000096,,黒衣森,トランキルパス,38,49,"2,850"
きつけ薬,Dawn Drops,3020403,,酒保商人ライ・カータポ,Raih Kaatapoh,1900262,,黒衣森,パスカロン監視所,35,43,"2,850"
きつけ薬,Dawn Drops,3020403,,酒保商人ユジャジャ,Yujaja,1500164,,黒衣森,ホスソーン家の山塞,50,32,"2,850"
きつけ薬,Dawn Drops,3020403,,酒保商人ベネディクト,Benedict,1000047,,ザナラーン,ブラックブラッシュ,27,26,"2,850"
きつけ薬,Dawn Drops,3020403,,酒保商人ロジュダンレル,Logedanrel,1200208,,ザナラーン,ドライボーン,39,25,"2,850"
きつけ薬,Dawn Drops,3020403,,酒保商人ヴィシュトスン,Wistsunn,1600231,,ザナラーン,ホライズンエッジ,13,29,"2,850"
きつけ薬,Dawn Drops,3020403,,酒保商人モントルガン,Montorgains,1200210,,ザナラーン,ブルーフォグ,25,13,"2,850"
きつけ薬,Dawn Drops,3020403,,酒保商人ヴントヒムル,Wunthyml,1600232,,ザナラーン,ブロークンウォーター,43,40,"2,850"
きつけ薬,Dawn Drops,3020403,,酒保商人ウララ,Ulala,1500163,,ザナラーン,旅亭コッファー＆コフィン」,9,27,"2,850"
きつけ薬,Dawn Drops,3020403,,酒保商人ハウ・バジリ,Hawu Bajihri,1900258,,ザナラーン,8号霊銀試掘場,40,28,"2,850"
ギルバン,Gil Bun,3011410,,八百屋ヴィスロール,Wysslorh,1600245,,ウルダハ,商業層,6,4,720
ククルビーン,Kukuru Bean,3011416,,調理師ヨッシー,Jossy,1100144,,リムサ・ロミンサ,上甲板層,7,3,202
ククルビーン,Kukuru Bean,3011416,,調理師スタンイルド,Stanilde,1100107,,グリダニア,,8,4,202
ククルビーン,Kukuru Bean,3011416,,調理師ペ・ソンジャ,P'sonjha,1900008,,ウルダハ,商業層,6,4,202
クッキングワイン,Sour Red,3010602,,調理師ヨッシー,Jossy,1100144,,リムサ・ロミンサ,上甲板層,7,3,678
クッキングワイン,Sour Red,3010602,,調理師スタンイルド,Stanilde,1100107,,グリダニア,,8,4,678
クッキングワイン,Sour Red,3010602,,調理師ペ・ソンジャ,P'sonjha,1900008,,ウルダハ,商業層,6,4,678
グラインディングホイール,Mudstone Grinding Wheel,6041005,,彫金師テテウ,Teteu,1500023,,リムサ・ロミンサ,下甲板層,5,5,"53,508"
グラインディングホイール,Mudstone Grinding Wheel,6041005,,彫金師ガガウル,Gagaulu,1400052,,グリダニア,,8,4,"53,508"
グラディエーターベタ,Ala Mhigan Fighting Fish,3011111,,魚商ホラスフィス,Holasfhis,1600272,,リムサ・ロミンサ,上甲板層,7,6,979
クラブオイル,Crab Oil,10009217,,錬金術師ズズデス,Zuzudesu,1400035,,リムサ・ロミンサ,下甲板層,6,5,"7,200"
クラブオイル,Crab Oil,10009217,,錬金術師ムムコ,Mumuko,1500079,,グリダニア,,8,3,"7,200"
クリナリーナイフ,Bronze Culinary Knife,6081004,,道具商レレマキ,Reremaki,1400189,,リムサ・ロミンサ,上甲板層,6,3,"13,728"
クリナリーナイフ,Bronze Culinary Knife,6081004,,調理師スタンイルド,Stanilde,1100107,,グリダニア,,8,4,"13,728"
クリナリーナイフ,Bronze Culinary Knife,6081004,,調理師ペ・ソンジャ,P'sonjha,1900008,,ウルダハ,商業層,6,4,"13,728"
クルザスカロット,Coerthas Carrot,3011309,,貿易商キキモ,Kikimo,1500058,,リムサ・ロミンサ,下甲板層,6,5,284
クルザスカロット,Coerthas Carrot,3011309,,貿易商ドゥビコロワ,Duvicauroix,1200107,,リムサ・ロミンサ,グリダニア交易商会,,,284
クルザスカロット,Coerthas Carrot,3011309,,貿易商ロエル,Roelle,1300183,,グリダニア,グリダニア交易商会,,,284
クルザスカロット,Coerthas Carrot,3011309,,貿易商ワ・ドヤガ,W'doyagha,1900208,,ウルダハ,グリダニア交易商会,,,284
クルタ,Hempen Kurta,8032501,,防具商ヴェーブアクト,Waebahct,1600215,,リムサ・ロミンサ,上甲板層,7,5,780
クルタ,Hempen Kurta,8032501,,道具商アドリ,Adri,2200011,,リムサ・ロミンサ,上甲板層,7,7,780
クルタ,Hempen Kurta,8032501,,用具商ウンシンヴィルフ,Unsynwilf,1600212,,リムサ・ロミンサ,下甲板層,5,6,780
クルタ,Hempen Kurta,8032501,,服屋グ・スンブラ,G'sumbla,1900159,,リムサ・ロミンサ,商業区 ローファッション街,,,780
クルタ,Hempen Kurta,8032501,,防具商ナイ・カマゾン,Naih Khamazom,1900259,,グリダニア,,6,6,780
クルタ,Hempen Kurta,8032501,,道具商ウルリック,Ulric,1000245,,グリダニア,,6,5,780
クルタ,Hempen Kurta,8032501,,道具商ヴォイス,Voyce,1000249,,グリダニア,,7,3,780
クルタ,Hempen Kurta,8032501,,用具商デ・ボンジャ,D'bhonja,1900192,,グリダニア,,4,3,780
クルタ,Hempen Kurta,8032501,,服屋セブルガ,Seburga,1100103,,グリダニア,辻店区 ローファッション通り,,,780
クルタ,Hempen Kurta,8032501,,防具商ガネロン,Ganelon,1000116,,ウルダハ,商業層,6,4,780
クルタ,Hempen Kurta,8032501,,用具商エミヌ,Eminne,1300162,,ウルダハ,商業層,6,6,780
クルタ,Hempen Kurta,8032501,,服屋フラジョルロア,Frageorloix,1200049,,ウルダハ,旅商区 ローファッション横町,,,780
クロウの羽根,Crow Feather,10005403,,裁縫師エオジリー,Eosilie,1300037,,リムサ・ロミンサ,下甲板層,6,5,604
クロウの羽根,Crow Feather,10005403,,裁縫師フアニヌ,Foinine,1300039,,グリダニア,,7,4,604
クロウの羽根,Crow Feather,10005403,,裁縫師ノルベットー,Norbettaux,1200067,,ウルダハ,商業層,7,6,604
クロウビークハンマー,Crowsbeak Hammer,6020009,,道具商アドリ,Adri,2200011,,リムサ・ロミンサ,上甲板層,7,7,"69,600"
クロッグ,Maple Clogs,8081404,,道具商レレマキ,Reremaki,1400189,,リムサ・ロミンサ,上甲板層,6,3,252
クロッグ,Maple Clogs,8081404,,道具商ウルリック,Ulric,1000245,,グリダニア,,6,5,252
クロッグ,Maple Clogs,8081404,,用具商デ・ボンジャ,D'bhonja,1900192,,グリダニア,,4,3,252
クローヴ,Cloves,3011518,,生薬屋ジョ・ランマヤ,Z'ranmaia,1900009,,リムサ・ロミンサ,上甲板層,7,3,479
クローヴ,Cloves,3011518,,花屋ビ・コンバラ,B'konbalha,1900096,,グリダニア,,6,5,479
クローヴ,Cloves,3011518,,錬金術師ジェミミ,Jemimi,1500095,,ウルダハ,政庁層,5,6,479
クローヴオイル,Clove Oil,3011537,,錬金術師ズズデス,Zuzudesu,1400035,,リムサ・ロミンサ,下甲板層,6,5,479
クローヴオイル,Clove Oil,3011537,,錬金術師ムムコ,Mumuko,1500079,,グリダニア,,8,3,479
クローヴオイル,Clove Oil,3011537,,粉屋リトルジョン,Littlejohn,1000166,,グリダニア,,5,3,479
グロースフォーミュラ_アルファ,Growth Formula Alpha,10009206,variant:グロースフォーミュラ・アルファ,錬金術師ムムコ,Mumuko,1500079,,グリダニア,,8,3,998
グロースフォーミュラ_アルファ,Growth Formula Alpha,10009206,variant:グロースフォーミュラ・アルファ,錬金術師ジェミミ,Jemimi,1500095,,ウルダハ,政庁層,5,6,998
クローハンマー,Bronze Claw Hammer,6011004,,木工師シスリー,Sysley,1100429,,リムサ・ロミンサ,下甲板層,5,5,"14,784"
クローハンマー,Bronze Claw Hammer,6011004,,道具商ウルリック,Ulric,1000245,,グリダニア,,6,5,"14,784"
クローハンマー,Bronze Claw Hammer,6011004,,木工師バリン,Barryn,1000043,,ウルダハ,商業層,7,4,"14,784"
ケクス,Hempen Kecks,8050609,,防具商ヴェーブアクト,Waebahct,1600215,,リムサ・ロミンサ,上甲板層,7,5,"2,611"
ケクス,Hempen Kecks,8050609,,靴屋シェイリー,Shaylee,1100215,,リムサ・ロミンサ,商業区 ローファッション街,,,"2,611"
ケクス,Hempen Kecks,8050609,,防具商ナイ・カマゾン,Naih Khamazom,1900259,,グリダニア,,6,6,"2,611"
ケクス,Hempen Kecks,8050609,,靴屋ウリス,Urith,1100111,,グリダニア,辻店区 ローファッション通り,,,"2,611"
ケクス,Hempen Kecks,8050609,,防具商ガネロン,Ganelon,1000116,,ウルダハ,商業層,6,4,"2,611"
ケクス,Hempen Kecks,8050609,,靴屋ワルドヒア,Waldhere,2200233,,ウルダハ,旅商区 ローファッション横町,,,"2,611"
コイフ,Hempen Coif,8010520,,防具商ヴェーブアクト,Waebahct,1600215,,リムサ・ロミンサ,上甲板層,7,5,546
コイフ,Hempen Coif,8010520,,道具商マルスラン,Marcelain,1200209,,リムサ・ロミンサ,上甲板層,7,7,546
コイフ,Hempen Coif,8010520,,服屋グ・スンブラ,G'sumbla,1900159,,リムサ・ロミンサ,商業区 ローファッション街,,,546
コイフ,Hempen Coif,8010520,,防具商ナイ・カマゾン,Naih Khamazom,1900259,,グリダニア,,6,6,546
コイフ,Hempen Coif,8010520,,魔器商ジュルラン,Jeulerand,1200207,,グリダニア,,2,1,546
コイフ,Hempen Coif,8010520,,服屋セブルガ,Seburga,1100103,,グリダニア,辻店区 ローファッション通り,,,546
コイフ,Hempen Coif,8010520,,防具商ガネロン,Ganelon,1000116,,ウルダハ,商業層,6,4,546
コイフ,Hempen Coif,8010520,,魔器商ノノス,Nonosu,1500161,,ウルダハ,商業層,4,5,546
コイフ,Hempen Coif,8010520,,道具商スレダ,Sreda,1100425,,ウルダハ,商業層,6,6,546
コイフ,Hempen Coif,8010520,,道具商ロサムンド,Rosamund,1100413,,ウルダハ,商業層,7,6,546
コイフ,Hempen Coif,8010520,,道具商カンプラン,Quimperain,1200217,,ウルダハ,政庁層,5,6,546
コイフ,Hempen Coif,8010520,,用具商エミヌ,Eminne,1300162,,ウルダハ,商業層,6,6,546
コイフ,Hempen Coif,8010520,,服屋フラジョルロア,Frageorloix,1200049,,ウルダハ,旅商区 ローファッション横町,,,546
コックの羽根,Cock Feather,10005401,,裁縫師エオジリー,Eosilie,1300037,,リムサ・ロミンサ,下甲板層,6,5,115
コックの羽根,Cock Feather,10005401,,裁縫師フアニヌ,Foinine,1300039,,グリダニア,,7,4,115
コックの羽根,Cock Feather,10005401,,裁縫師ノルベットー,Norbettaux,1200067,,ウルダハ,商業層,7,6,115
コットンアクトン,Cotton Acton,8030821,,防具商ヴェーブアクト,Waebahct,1600215,,リムサ・ロミンサ,上甲板層,7,5,"20,567"
コットンアクトン,Cotton Acton,8030821,,板金商フェーズギム,Faezghim,1600070,prefix-variant:client=甲冑商フェーズギム,リムサ・ロミンサ,商業区 アーマー街,,,"20,567"
コットンアクトン,Cotton Acton,8030821,,防具商ナイ・カマゾン,Naih Khamazom,1900259,,グリダニア,,6,6,"20,567"
コットンアクトン,Cotton Acton,8030821,,武器商ルストバン,Roustebant,1200219,,グリダニア,,7,2,"20,567"
コットンアクトン,Cotton Acton,8030821,,武器商ドエル,Doelle,1300157,,グリダニア,,8,5,"20,567"
コットンアクトン,Cotton Acton,8030821,,魔器商ジュルラン,Jeulerand,1200207,,グリダニア,,2,1,"20,567"
コットンアクトン,Cotton Acton,8030821,,板金商オディブランド,Odibrand,2200193,prefix-variant:client=甲冑商オディブランド,グリダニア,辻店区 アーマー通り,,,"20,567"
コットンアクトン,Cotton Acton,8030821,,防具商ガネロン,Ganelon,1000116,,ウルダハ,商業層,6,4,"20,567"
コットンアクトン,Cotton Acton,8030821,,魔器商ノノス,Nonosu,1500161,,ウルダハ,商業層,4,5,"20,567"
コットンアクトン,Cotton Acton,8030821,,板金商イゾルド,Isaulde,1300119,prefix-variant:client=甲冑商イゾルド,ウルダハ,旅商区 アーマー横町,,,"20,567"
コットンアンダーシャツ,Cotton Undershirt,8040052,,下着屋ワワポ,Wawapo,1500160,,ウルダハ,商業層,6,4,"32,760"
コットンアンダースリーヴ,Cotton Undersleeves,8040067,,下着屋ハ・フゾル,H'fudzol,1900196,,グリダニア,,6,4,"32,760"
コットンカミソール,Cotton Camisole,8040082,,下着屋ワワポ,Wawapo,1500160,,ウルダハ,商業層,6,4,"32,760"
コットンカミーズ,Cotton Camise,8040077,,下着屋ワワポ,Wawapo,1500160,,ウルダハ,商業層,6,4,"32,760"
コットンケクス,Cotton Kecks,8050611,,武器商エイラード,Aylard,2200044,,リムサ・ロミンサ,下甲板層,4,7,"35,935"
コットンケクス,Cotton Kecks,8050611,,武器商ルストバン,Roustebant,1200219,,グリダニア,,7,2,"35,935"
コットンケクス,Cotton Kecks,8050611,,道具商ウルリック,Ulric,1000245,,グリダニア,,6,5,"35,935"
コットンケクス,Cotton Kecks,8050611,,用具商デ・ボンジャ,D'bhonja,1900192,,グリダニア,,4,3,"35,935"
コットンケクス,Cotton Kecks,8050611,,武器商スリドウルフ,Thrydwulf,1000241,,ウルダハ,商業層,5,5,"35,935"
コットンコイフ,Cotton Coif,8010523,,魔器商ノノス,Nonosu,1500161,,ウルダハ,商業層,4,5,"49,686"
コットンコイフ,Cotton Coif,8010523,,用具商エミヌ,Eminne,1300162,,ウルダハ,商業層,6,6,"49,686"
コットンシェパードスロップ,Cotton Shepherd's Slops,8051118,,防具商ヴェーブアクト,Waebahct,1600215,,リムサ・ロミンサ,上甲板層,7,5,"5,026"
コットンシェパードスロップ,Cotton Shepherd's Slops,8051118,,道具商マルスラン,Marcelain,1200209,,リムサ・ロミンサ,上甲板層,7,7,"5,026"
コットンシェパードスロップ,Cotton Shepherd's Slops,8051118,,道具商レレマキ,Reremaki,1400189,,リムサ・ロミンサ,上甲板層,6,3,"5,026"
コットンシェパードスロップ,Cotton Shepherd's Slops,8051118,,用具商ウンシンヴィルフ,Unsynwilf,1600212,,リムサ・ロミンサ,下甲板層,5,6,"5,026"
コットンシェパードスロップ,Cotton Shepherd's Slops,8051118,,靴屋シェイリー,Shaylee,1100215,,リムサ・ロミンサ,商業区 ローファッション街,,,"5,026"
コットンシェパードスロップ,Cotton Shepherd's Slops,8051118,,防具商ナイ・カマゾン,Naih Khamazom,1900259,,グリダニア,,6,6,"5,026"
コットンシェパードスロップ,Cotton Shepherd's Slops,8051118,,魔器商ジュルラン,Jeulerand,1200207,,グリダニア,,2,1,"5,026"
コットンシェパードスロップ,Cotton Shepherd's Slops,8051118,,道具商ウルリック,Ulric,1000245,,グリダニア,,6,5,"5,026"
コットンシェパードスロップ,Cotton Shepherd's Slops,8051118,,道具商ヴォイス,Voyce,1000249,,グリダニア,,7,3,"5,026"
コットンシェパードスロップ,Cotton Shepherd's Slops,8051118,,用具商デ・ボンジャ,D'bhonja,1900192,,グリダニア,,4,3,"5,026"
コットンシェパードスロップ,Cotton Shepherd's Slops,8051118,,靴屋ウリス,Urith,1100111,,グリダニア,辻店区 ローファッション通り,,,"5,026"
コットンシェパードスロップ,Cotton Shepherd's Slops,8051118,,防具商ガネロン,Ganelon,1000116,,ウルダハ,商業層,6,4,"5,026"
コットンシェパードスロップ,Cotton Shepherd's Slops,8051118,,魔器商ノノス,Nonosu,1500161,,ウルダハ,商業層,4,5,"5,026"
コットンシェパードスロップ,Cotton Shepherd's Slops,8051118,,道具商スレダ,Sreda,1100425,,ウルダハ,商業層,6,6,"5,026"
コットンシェパードスロップ,Cotton Shepherd's Slops,8051118,,道具商ロサムンド,Rosamund,1100413,,ウルダハ,商業層,7,6,"5,026"
コットンシェパードスロップ,Cotton Shepherd's Slops,8051118,,道具商カンプラン,Quimperain,1200217,,ウルダハ,政庁層,5,6,"5,026"
コットンシェパードスロップ,Cotton Shepherd's Slops,8051118,,用具商エミヌ,Eminne,1300162,,ウルダハ,商業層,6,6,"5,026"
コットンシェパードスロップ,Cotton Shepherd's Slops,8051118,,靴屋ワルドヒア,Waldhere,2200233,,ウルダハ,旅商区 ローファッション横町,,,"5,026"
コットンシェパードチュニック,Cotton Shepherd's Tunic,8031915,,防具商ヴェーブアクト,Waebahct,1600215,,リムサ・ロミンサ,上甲板層,7,5,"13,613"
コットンシェパードチュニック,Cotton Shepherd's Tunic,8031915,,道具商レレマキ,Reremaki,1400189,,リムサ・ロミンサ,上甲板層,6,3,"13,613"
コットンシェパードチュニック,Cotton Shepherd's Tunic,8031915,,服屋グ・スンブラ,G'sumbla,1900159,,リムサ・ロミンサ,商業区 ローファッション街,,,"13,613"
コットンシェパードチュニック,Cotton Shepherd's Tunic,8031915,,防具商ナイ・カマゾン,Naih Khamazom,1900259,,グリダニア,,6,6,"13,613"
コットンシェパードチュニック,Cotton Shepherd's Tunic,8031915,,道具商ヴォイス,Voyce,1000249,,グリダニア,,7,3,"13,613"
コットンシェパードチュニック,Cotton Shepherd's Tunic,8031915,,用具商デ・ボンジャ,D'bhonja,1900192,,グリダニア,,4,3,"13,613"
コットンシェパードチュニック,Cotton Shepherd's Tunic,8031915,,服屋セブルガ,Seburga,1100103,,グリダニア,辻店区 ローファッション通り,,,"13,613"
コットンシェパードチュニック,Cotton Shepherd's Tunic,8031915,,防具商ガネロン,Ganelon,1000116,,ウルダハ,商業層,6,4,"13,613"
コットンシェパードチュニック,Cotton Shepherd's Tunic,8031915,,道具商スレダ,Sreda,1100425,,ウルダハ,商業層,6,6,"13,613"
コットンシェパードチュニック,Cotton Shepherd's Tunic,8031915,,道具商ロサムンド,Rosamund,1100413,,ウルダハ,商業層,7,6,"13,613"
コットンシェパードチュニック,Cotton Shepherd's Tunic,8031915,,道具商カンプラン,Quimperain,1200217,,ウルダハ,政庁層,5,6,"13,613"
コットンシェパードチュニック,Cotton Shepherd's Tunic,8031915,,服屋フラジョルロア,Frageorloix,1200049,,ウルダハ,旅商区 ローファッション横町,,,"13,613"
コットンシュガーローフ,Cotton Sugarloaf Hat,8010910,,道具商レレマキ,Reremaki,1400189,,リムサ・ロミンサ,上甲板層,6,3,"73,180"
コットンシュガーローフ,Cotton Sugarloaf Hat,8010910,,魔器商ジュルラン,Jeulerand,1200207,,グリダニア,,2,1,"73,180"
コットンシュガーローフ,Cotton Sugarloaf Hat,8010910,,道具商カンプラン,Quimperain,1200217,,ウルダハ,政庁層,5,6,"73,180"
コットンショーツ,Cotton Shorts,8060077,,下着屋ワワポ,Wawapo,1500160,,ウルダハ,商業層,6,4,"9,828"
コットンシングレット,Cotton Singlet,8040092,,下着屋ティフィナ,Tiphina,1100437,,リムサ・ロミンサ,下甲板層,5,5,"32,760"
コットンスカーフ,Cotton Scarf,8011815,,防具商ヴェーブアクト,Waebahct,1600215,,リムサ・ロミンサ,上甲板層,7,5,"4,455"
コットンスカーフ,Cotton Scarf,8011815,,道具商マルスラン,Marcelain,1200209,,リムサ・ロミンサ,上甲板層,7,7,"4,455"
コットンスカーフ,Cotton Scarf,8011815,,道具商レレマキ,Reremaki,1400189,,リムサ・ロミンサ,上甲板層,6,3,"4,455"
コットンスカーフ,Cotton Scarf,8011815,,用具商ウンシンヴィルフ,Unsynwilf,1600212,,リムサ・ロミンサ,下甲板層,5,6,"4,455"
コットンスカーフ,Cotton Scarf,8011815,,服屋グ・スンブラ,G'sumbla,1900159,,リムサ・ロミンサ,商業区 ローファッション街,,,"4,455"
コットンスカーフ,Cotton Scarf,8011815,,防具商ナイ・カマゾン,Naih Khamazom,1900259,,グリダニア,,6,6,"4,455"
コットンスカーフ,Cotton Scarf,8011815,,服屋セブルガ,Seburga,1100103,,グリダニア,辻店区 ローファッション通り,,,"4,455"
コットンスカーフ,Cotton Scarf,8011815,,防具商ガネロン,Ganelon,1000116,,ウルダハ,商業層,6,4,"4,455"
コットンスカーフ,Cotton Scarf,8011815,,道具商ロサムンド,Rosamund,1100413,,ウルダハ,商業層,7,6,"4,455"
コットンスカーフ,Cotton Scarf,8011815,,道具商カンプラン,Quimperain,1200217,,ウルダハ,政庁層,5,6,"4,455"
コットンスカーフ,Cotton Scarf,8011815,,用具商エミヌ,Eminne,1300162,,ウルダハ,商業層,6,6,"4,455"
コットンスカーフ,Cotton Scarf,8011815,,服屋フラジョルロア,Frageorloix,1200049,,ウルダハ,旅商区 ローファッション横町,,,"4,455"
コットンストッキング,Cotton Stockings,8060072,,下着屋ハ・フゾル,H'fudzol,1900196,,グリダニア,,6,4,"9,828"
コットンタバード,Cotton Tabard,8031121,,防具商ヴェーブアクト,Waebahct,1600215,,リムサ・ロミンサ,上甲板層,7,5,"15,590"
コットンタバード,Cotton Tabard,8031121,,板金商フェーズギム,Faezghim,1600070,prefix-variant:client=甲冑商フェーズギム,リムサ・ロミンサ,商業区 アーマー街,,,"15,590"
コットンタバード,Cotton Tabard,8031121,,防具商ナイ・カマゾン,Naih Khamazom,1900259,,グリダニア,,6,6,"15,590"
コットンタバード,Cotton Tabard,8031121,,板金商オディブランド,Odibrand,2200193,prefix-variant:client=甲冑商オディブランド,グリダニア,辻店区 アーマー通り,,,"15,590"
コットンタバード,Cotton Tabard,8031121,,防具商ガネロン,Ganelon,1000116,,ウルダハ,商業層,6,4,"15,590"
コットンタバード,Cotton Tabard,8031121,,武器商スリドウルフ,Thrydwulf,1000241,,ウルダハ,商業層,5,5,"15,590"
コットンタバード,Cotton Tabard,8031121,,板金商イゾルド,Isaulde,1300119,prefix-variant:client=甲冑商イゾルド,ウルダハ,旅商区 アーマー横町,,,"15,590"
コットンダブレットベスト,Cotton Doublet Vest,8031227,,道具商マルスラン,Marcelain,1200209,,リムサ・ロミンサ,上甲板層,7,7,"89,100"
コットンダブレットベスト,Cotton Doublet Vest,8031227,,道具商ウルリック,Ulric,1000245,,グリダニア,,6,5,"89,100"
コットンダブレットベスト,Cotton Doublet Vest,8031227,,用具商デ・ボンジャ,D'bhonja,1900192,,グリダニア,,4,3,"89,100"
コットンダブレットベスト,Cotton Doublet Vest,8031227,,用具商エミヌ,Eminne,1300162,,ウルダハ,商業層,6,6,"89,100"
コットンダルマティカ,Cotton Dalmatica,8030423,,魔器商ノノス,Nonosu,1500161,,ウルダハ,商業層,4,5,"70,980"
コットンダルマティカ,Cotton Dalmatica,8030423,,道具商スレダ,Sreda,1100425,,ウルダハ,商業層,6,6,"70,980"
コットンチェストバンド,Cotton Chestband,8040062,,下着屋ティフィナ,Tiphina,1100437,,リムサ・ロミンサ,下甲板層,5,5,"32,760"
コットントランクス,Cotton Trunks,8060092,,下着屋ティフィナ,Tiphina,1100437,,リムサ・ロミンサ,下甲板層,5,5,"9,828"
コットンドロワーズ,Cotton Drawers,8060082,,下着屋ワワポ,Wawapo,1500160,,ウルダハ,商業層,6,4,"9,828"
コットンパンタレット,Cotton Pantalettes,8060087,,下着屋ハ・フゾル,H'fudzol,1900196,,グリダニア,,6,4,"9,828"
コットンパーニュ,Cotton Pagne,8060057,,下着屋ワワポ,Wawapo,1500160,,ウルダハ,商業層,6,4,"9,828"
コットンハーフグローブ,Cotton Halfgloves,8070322,,防具商ヴェーブアクト,Waebahct,1600215,,リムサ・ロミンサ,上甲板層,7,5,"4,725"
コットンハーフグローブ,Cotton Halfgloves,8070322,,道具商マルスラン,Marcelain,1200209,,リムサ・ロミンサ,上甲板層,7,7,"4,725"
コットンハーフグローブ,Cotton Halfgloves,8070322,,道具商レレマキ,Reremaki,1400189,,リムサ・ロミンサ,上甲板層,6,3,"4,725"
コットンハーフグローブ,Cotton Halfgloves,8070322,,服屋チャ・ザンザ,T'zanza,1900162,,リムサ・ロミンサ,商業区 ローファッション街,,,"4,725"
コットンハーフグローブ,Cotton Halfgloves,8070322,,防具商ナイ・カマゾン,Naih Khamazom,1900259,,グリダニア,,6,6,"4,725"
コットンハーフグローブ,Cotton Halfgloves,8070322,,服屋カインバーグ,Kyneburg,1100086,,グリダニア,辻店区 ローファッション通り,,,"4,725"
コットンハーフグローブ,Cotton Halfgloves,8070322,,防具商ガネロン,Ganelon,1000116,,ウルダハ,商業層,6,4,"4,725"
コットンハーフグローブ,Cotton Halfgloves,8070322,,道具商スレダ,Sreda,1100425,,ウルダハ,商業層,6,6,"4,725"
コットンハーフグローブ,Cotton Halfgloves,8070322,,道具商ロサムンド,Rosamund,1100413,,ウルダハ,商業層,7,6,"4,725"
コットンハーフグローブ,Cotton Halfgloves,8070322,,道具商カンプラン,Quimperain,1200217,,ウルダハ,政庁層,5,6,"4,725"
コットンハーフグローブ,Cotton Halfgloves,8070322,,服屋ケアイラ,Keaira,1100198,,ウルダハ,旅商区 ローファッション横町,,,"4,725"
コットンハーフタイツ,Cotton Halftights,8060052,,下着屋ワワポ,Wawapo,1500160,,ウルダハ,商業層,6,4,"9,828"
コットンハーフトップ,Cotton Halftop,8040087,,下着屋ハ・フゾル,H'fudzol,1900196,,グリダニア,,6,4,"32,760"
コットンハーフローブ,Cotton Halfrobe,8031417,,道具商レレマキ,Reremaki,1400189,,リムサ・ロミンサ,上甲板層,6,3,"97,440"
コットンハーフローブ,Cotton Halfrobe,8031417,,魔器商ジュルラン,Jeulerand,1200207,,グリダニア,,2,1,"97,440"
コットンハーフローブ,Cotton Halfrobe,8031417,,道具商カンプラン,Quimperain,1200217,,ウルダハ,政庁層,5,6,"97,440"
コットンブリーチ,Cotton Breeches,8050223,,道具商マルスラン,Marcelain,1200209,,リムサ・ロミンサ,上甲板層,7,7,"21,294"
コットンブリーチ,Cotton Breeches,8050223,,道具商スレダ,Sreda,1100425,,ウルダハ,商業層,6,6,"21,294"
コットンブレイ,Cotton Braies,8060067,,下着屋ハ・フゾル,H'fudzol,1900196,,グリダニア,,6,4,"9,828"
コットンブレストクロス,Cotton Breastcloth,8040057,,下着屋ワワポ,Wawapo,1500160,,ウルダハ,商業層,6,4,"32,760"
コットンボディス,Cotton Bodice,8040072,,下着屋ハ・フゾル,H'fudzol,1900196,,グリダニア,,6,4,"32,760"
コットンロインガード,Cotton Loinguard,8060062,,下着屋ティフィナ,Tiphina,1100437,,リムサ・ロミンサ,下甲板層,5,5,"9,828"
コットンワークグローブ,Cotton Work Gloves,8070418,,用具商エミヌ,Eminne,1300162,,ウルダハ,商業層,6,6,"43,953"
コーラルバタフライ,Coral Butterfly,3011208,,魚商ホラスフィス,Holasfhis,1600272,,リムサ・ロミンサ,上甲板層,7,6,845
コーングリッツ,Cornmeal,3011527,,粉屋リトルジョン,Littlejohn,1000166,,グリダニア,,5,3,983
コーングリッツ,Cornmeal,3011527,,旅商ヘレナ,Helena,1100327,,ウルダハ,商業層,7,4,983
サイズ,Bronze Scythe,7020104,,用具商ペ・ンドロボ,P'ndolobo,1900002,,リムサ・ロミンサ,下甲板層,5,5,"14,784"
サイズ,Bronze Scythe,7020104,,用具商タタロガ,Tataroga,1400030,,ウルダハ,商業層,7,4,"14,784"
サゴリーセージ,Sagolii Sage,3011510,,生薬屋ジョ・ランマヤ,Z'ranmaia,1900009,,リムサ・ロミンサ,上甲板層,7,3,"3,395"
サゴリーセージ,Sagolii Sage,3011510,,錬金術師ジェミミ,Jemimi,1500095,,ウルダハ,政庁層,5,6,"3,395"
ザナラーン茶葉,Thanalan Tea Leaves,3011521,,八百屋ヴィスロール,Wysslorh,1600245,,ウルダハ,商業層,6,4,"3,881"
ザナラーン茶葉,Thanalan Tea Leaves,3011521,,土産屋ヴェークサッツ,Waeksatz,1600218,,ウルダハ,ウルダハ・ランディング,1,1,"3,881"
ザリガニ,Crayfish,3011103,,魚商ホラスフィス,Holasfhis,1600272,,リムサ・ロミンサ,上甲板層,7,6,29
サンフラワーシード,Sunflower Seeds,3011405,,花屋ビ・コンバラ,B'konbalha,1900096,,グリダニア,,6,5,58
サンフラワーシード,Sunflower Seeds,3011405,,旅商ヘレナ,Helena,1100327,,ウルダハ,商業層,7,4,58
サンレモン,Sun Lemon,3011456,,園芸師ボドゥフォアン,Beaudefoin,1200124,,グリダニア,,7,3,898
シェパードスロップ,Hempen Shepherd's Slops,8051115,,防具商ヴェーブアクト,Waebahct,1600215,,リムサ・ロミンサ,上甲板層,7,5,288
シェパードスロップ,Hempen Shepherd's Slops,8051115,,道具商アドリ,Adri,2200011,,リムサ・ロミンサ,上甲板層,7,7,288
シェパードスロップ,Hempen Shepherd's Slops,8051115,,用具商ウンシンヴィルフ,Unsynwilf,1600212,,リムサ・ロミンサ,下甲板層,5,6,288
シェパードスロップ,Hempen Shepherd's Slops,8051115,,靴屋シェイリー,Shaylee,1100215,,リムサ・ロミンサ,商業区 ローファッション街,,,288
シェパードスロップ,Hempen Shepherd's Slops,8051115,,防具商ナイ・カマゾン,Naih Khamazom,1900259,,グリダニア,,6,6,288
シェパードスロップ,Hempen Shepherd's Slops,8051115,,道具商ウルリック,Ulric,1000245,,グリダニア,,6,5,288
シェパードスロップ,Hempen Shepherd's Slops,8051115,,道具商ヴォイス,Voyce,1000249,,グリダニア,,7,3,288
シェパードスロップ,Hempen Shepherd's Slops,8051115,,用具商デ・ボンジャ,D'bhonja,1900192,,グリダニア,,4,3,288
シェパードスロップ,Hempen Shepherd's Slops,8051115,,靴屋ウリス,Urith,1100111,,グリダニア,辻店区 ローファッション通り,,,288
シェパードスロップ,Hempen Shepherd's Slops,8051115,,防具商ガネロン,Ganelon,1000116,,ウルダハ,商業層,6,4,288
シェパードスロップ,Hempen Shepherd's Slops,8051115,,用具商エミヌ,Eminne,1300162,,ウルダハ,商業層,6,6,288
シェパードスロップ,Hempen Shepherd's Slops,8051115,,靴屋ワルドヒア,Waldhere,2200233,,ウルダハ,旅商区 ローファッション横町,,,288
ジェードピー,Jade Peas,3011413,,園芸師ボドゥフォアン,Beaudefoin,1200124,,グリダニア,,7,3,"1,546"
ジェードピー,Jade Peas,3011413,,旅商ヘレナ,Helena,1100327,,ウルダハ,商業層,7,4,"1,546"
シナモン,Cinnamon,3011509,,生薬屋ジョ・ランマヤ,Z'ranmaia,1900009,,リムサ・ロミンサ,上甲板層,7,3,25
シナモン,Cinnamon,3011509,,調理師ペ・ソンジャ,P'sonjha,1900008,,ウルダハ,商業層,6,4,25
ジャベリン,Bronze Javelin,3910301,,武器商ケリッヒ,Kerrich,1000154,,リムサ・ロミンサ,上甲板層,7,6,102
ジャベリン,Bronze Javelin,3910301,,弓師トヴィルモト,Twyrmoht,1600206,,グリダニア,,7,2,102
シャンテレール,Chanterelle,3011411,,調理師ペ・ソンジャ,P'sonjha,1900008,,ウルダハ,商業層,6,4,120
シュリークシュルーム,Shriekshroom,3011407,,調理師ペ・ソンジャ,P'sonjha,1900008,,ウルダハ,商業層,6,4,158
シューズ,Sheepskin Shoes,8080615,,防具商ヴェーブアクト,Waebahct,1600215,,リムサ・ロミンサ,上甲板層,7,5,192
シューズ,Sheepskin Shoes,8080615,,武器商エイラード,Aylard,2200044,,リムサ・ロミンサ,下甲板層,4,7,192
シューズ,Sheepskin Shoes,8080615,,道具商マルスラン,Marcelain,1200209,,リムサ・ロミンサ,上甲板層,7,7,192
シューズ,Sheepskin Shoes,8080615,,靴屋シェイリー,Shaylee,1100215,,リムサ・ロミンサ,商業区 ローファッション街,,,192
シューズ,Sheepskin Shoes,8080615,,防具商ナイ・カマゾン,Naih Khamazom,1900259,,グリダニア,,6,6,192
シューズ,Sheepskin Shoes,8080615,,武器商ルストバン,Roustebant,1200219,,グリダニア,,7,2,192
シューズ,Sheepskin Shoes,8080615,,武器商ドエル,Doelle,1300157,,グリダニア,,8,5,192
シューズ,Sheepskin Shoes,8080615,,靴屋ウリス,Urith,1100111,,グリダニア,辻店区 ローファッション通り,,,192
シューズ,Sheepskin Shoes,8080615,,防具商ガネロン,Ganelon,1000116,,ウルダハ,商業層,6,4,192
シューズ,Sheepskin Shoes,8080615,,武器商スリドウルフ,Thrydwulf,1000241,,ウルダハ,商業層,5,5,192
シューズ,Sheepskin Shoes,8080615,,武器商グ・ワハイ,G'wahaii,1900191,,ウルダハ,商業層,5,4,192
シューズ,Sheepskin Shoes,8080615,,道具商スレダ,Sreda,1100425,,ウルダハ,商業層,6,6,192
シューズ,Sheepskin Shoes,8080615,,道具商ロサムンド,Rosamund,1100413,,ウルダハ,商業層,7,6,192
シューズ,Sheepskin Shoes,8080615,,道具商カンプラン,Quimperain,1200217,,ウルダハ,政庁層,5,6,192
シューズ,Sheepskin Shoes,8080615,,用具商エミヌ,Eminne,1300162,,ウルダハ,商業層,6,6,192
シューズ,Sheepskin Shoes,8080615,,靴屋ワルドヒア,Waldhere,2200233,,ウルダハ,旅商区 ローファッション横町,,,192
ショーツ,Hempen Shorts,8060037,,服屋ロズレット,Roserette,1300062,,ウルダハ,商業層,6,4,108
ショートソード,Iron Shortsword,4030203,,武器商スリドウルフ,Thrydwulf,1000241,,ウルダハ,商業層,5,5,"56,784"
ショートボウ,Maple Shortbow,4070006,,武器商ティルスヴェーン,Tylswaen,1600207,,リムサ・ロミンサ,上甲板層,7,5,"4,080"
ショートボウ,Maple Shortbow,4070006,,武器商アイアンサンダー,Iron Thunder,1600295,,リムサ・ロミンサ,商業区 ファイター街,,,"4,080"
ショートボウ,Maple Shortbow,4070006,,武器商ザギルヘームル,Zagylhaemr,1600253,,グリダニア,,6,6,"4,080"
ショートボウ,Maple Shortbow,4070006,,武器商コネイン,Conayn,1000375,,グリダニア,辻店区 ファイター通り,,,"4,080"
ショートボウ,Maple Shortbow,4070006,,武器商エトガル,Etgar,1000105,,ウルダハ,商業層,6,4,"4,080"
ショートボウ,Maple Shortbow,4070006,,武器商リラクタントボア,Reluctant Boar,1600294,,ウルダハ,旅商区 ファイター横町,,,"4,080"
シルトグラインディングホイール,Siltstone Grinding Wheel,6041006,,道具商スレダ,Sreda,1100425,,ウルダハ,商業層,6,6,"122,892"
シルバーインゴット,Silver Ingot,10003013,,彫金師テテウ,Teteu,1500023,,リムサ・ロミンサ,下甲板層,5,5,"7,500"
シルバーインゴット,Silver Ingot,10003013,,彫金師ガガウル,Gagaulu,1400052,,グリダニア,,8,4,"7,500"
シルバーインゴット,Silver Ingot,10003013,,彫金師パミゾロー,Pamisolaux,1200070,,ウルダハ,商業層,6,6,"7,500"
シルバーサークレット_ゴシェナイト,Silver Circlet (Goshenite),8010442,variant:シルバーサークレット（ゴシェナイト）,道具商スレダ,Sreda,1100425,,ウルダハ,商業層,6,6,"114,576"
シルバーセプターDX,Decorated Silver Scepter,5020011,,魔器商ノノス,Nonosu,1500161,,ウルダハ,商業層,4,5,"145,464"
シルバーニードル,Silver Needle,6060011,,道具商ロサムンド,Rosamund,1100413,,ウルダハ,商業層,7,6,"66,528"
シルバーリングズ,Silver Rings,10003053,,彫金師テテウ,Teteu,1500023,,リムサ・ロミンサ,下甲板層,5,5,"6,000"
シルバーリングズ,Silver Rings,10003053,,彫金師ガガウル,Gagaulu,1400052,,グリダニア,,8,4,"6,000"
シルバーリングズ,Silver Rings,10003053,,彫金師パミゾロー,Pamisolaux,1200070,,ウルダハ,商業層,6,6,"6,000"
シングレット,Hempen Singlet,8040049,,貿易商ニストブルム,Nystbyrm,1600128,,リムサ・ロミンサ,下甲板層,5,5,360
シングレット,Hempen Singlet,8040049,,貿易商ピエヌ,Pienne,1300187,,リムサ・ロミンサ,ウルダハ交易商会,,,360
シングレット,Hempen Singlet,8040049,,貿易商ゴゴリヨ,Gogoriyo,1400203,,グリダニア,ウルダハ交易商会,,,360
シングレット,Hempen Singlet,8040049,,貿易商ザワワ,Zawawa,1500177,,ウルダハ,ウルダハ交易商会,,,360
ジンセン,Yellow Ginseng,10009407,,錬金術師ズズデス,Zuzudesu,1400035,,リムサ・ロミンサ,下甲板層,6,5,461
ジンセン,Yellow Ginseng,10009407,,錬金術師ムムコ,Mumuko,1500079,,グリダニア,,8,3,461
ジンセン,Yellow Ginseng,10009407,,錬金術師ジェミミ,Jemimi,1500095,,ウルダハ,政庁層,5,6,461
シープの粗皮,Sheepskin,10007001,,毛皮商ゼースウーヤ,Zaesoeya,1600252,,グリダニア,,6,4,"1,080"
シープレザー,Sheep Leather,10007101,,革細工師アーナルド,Arnald,1000037,,リムサ・ロミンサ,下甲板層,6,5,"1,200"
シープレザー,Sheep Leather,10007101,,革細工師スペールフェダル,Spaerfedar,1600176,,グリダニア,,7,3,"1,200"
シープレザー,Sheep Leather,10007101,,革細工師エルギヴァ,Elgiva,1100063,,ウルダハ,商業層,6,4,"1,200"
スカルキャップ,Dodoskin Skullcap,8013101,,防具商ヴェーブアクト,Waebahct,1600215,,リムサ・ロミンサ,上甲板層,7,5,"7,539"
スカルキャップ,Dodoskin Skullcap,8013101,,道具商アドリ,Adri,2200011,,リムサ・ロミンサ,上甲板層,7,7,"7,539"
スカルキャップ,Dodoskin Skullcap,8013101,,服屋グ・スンブラ,G'sumbla,1900159,,リムサ・ロミンサ,商業区 ローファッション街,,,"7,539"
スカルキャップ,Dodoskin Skullcap,8013101,,防具商ナイ・カマゾン,Naih Khamazom,1900259,,グリダニア,,6,6,"7,539"
スカルキャップ,Dodoskin Skullcap,8013101,,道具商ウルリック,Ulric,1000245,,グリダニア,,6,5,"7,539"
スカルキャップ,Dodoskin Skullcap,8013101,,道具商ヴォイス,Voyce,1000249,,グリダニア,,7,3,"7,539"
スカルキャップ,Dodoskin Skullcap,8013101,,用具商デ・ボンジャ,D'bhonja,1900192,,グリダニア,,4,3,"7,539"
スカルキャップ,Dodoskin Skullcap,8013101,,服屋セブルガ,Seburga,1100103,,グリダニア,辻店区 ローファッション通り,,,"7,539"
スカルキャップ,Dodoskin Skullcap,8013101,,防具商ガネロン,Ganelon,1000116,,ウルダハ,商業層,6,4,"7,539"
スカルキャップ,Dodoskin Skullcap,8013101,,服屋フラジョルロア,Frageorloix,1200049,,ウルダハ,旅商区 ローファッション横町,,,"7,539"
スタッフ,Bone Staff,5020106,,武器商ティルスヴェーン,Tylswaen,1600207,,リムサ・ロミンサ,上甲板層,7,5,"4,260"
スタッフ,Bone Staff,5020106,,魔器商ブルーンフォク,Broenfohc,1600048,,リムサ・ロミンサ,商業区 ソーサラー街,,,"4,260"
スタッフ,Bone Staff,5020106,,武器商ザギルヘームル,Zagylhaemr,1600253,,グリダニア,,6,6,"4,260"
スタッフ,Bone Staff,5020106,,魔器商ドレスト,Drest,1000379,,グリダニア,辻店区 ソーサラー通り,,,"4,260"
スタッフ,Bone Staff,5020106,,武器商エトガル,Etgar,1000105,,ウルダハ,商業層,6,4,"4,260"
スタッフ,Bone Staff,5020106,,魔器商ル・ジレッコ,R'zalikko,1900032,,ウルダハ,旅商区 ソーサラー横町,,,"4,260"
スチール_クロスペインハンマー,Steel Cross-pein Hammer,6020012,variant:スチール・クロスペインハンマー,道具商アドリ,Adri,2200011,,リムサ・ロミンサ,上甲板層,7,7,"163,400"
スチールアウル,Steel Awl,6051006,,道具商ヴォイス,Voyce,1000249,,グリダニア,,7,3,"100,440"
スチールアーマードカリガ,Steel-plated Caligae,8081018,,武器商エイラード,Aylard,2200044,,リムサ・ロミンサ,下甲板層,4,7,"136,752"
スチールインゴット,Steel Ingot,10002013,,鍛冶師スミドヘームル,Smydhaemr,1600172,,リムサ・ロミンサ,上甲板層,7,7,"10,500"
スチールインゴット,Steel Ingot,10002013,,鍛冶師アルダイルン,Ahldiyrn,1600017,,グリダニア,,8,3,"10,500"
スチールインゴット,Steel Ingot,10002013,,鍛冶師デュースドルン,Doesdornn,1600057,,ウルダハ,商業層,7,4,"10,500"
スチールヴァンブレイス,Steel Vambraces,8070220,,武器商ルストバン,Roustebant,1200219,,グリダニア,,7,2,"66,304"
スチールガントレット,Steel Gauntlets,8070109,,武器商スリドウルフ,Thrydwulf,1000241,,ウルダハ,商業層,5,5,"180,180"
スチールキュイラス,Steel Cuirass,8030109,,甲冑師ジョエロー,Joellaut,1200058,,リムサ・ロミンサ,上甲板層,7,7,"514,800"
スチールキュイラス,Steel Cuirass,8030109,,武器商スリドウルフ,Thrydwulf,1000241,,ウルダハ,商業層,5,5,"514,800"
スチールクラッドブーツ,Steel-plated Jackboots,8080821,,武器商ルストバン,Roustebant,1200219,,グリダニア,,7,2,"64,281"
スチールクリナリーナイフ,Steel Culinary Knife,6081006,,道具商レレマキ,Reremaki,1400189,,リムサ・ロミンサ,上甲板層,6,3,"87,048"
スチールクローハンマー,Steel Claw Hammer,6011006,,道具商ウルリック,Ulric,1000245,,グリダニア,,6,5,"93,744"
スチールゴーグル,Steel Goggles,8010210,,道具商マルスラン,Marcelain,1200209,,リムサ・ロミンサ,上甲板層,7,7,"112,492"
スチールゴーグル,Steel Goggles,8010210,,道具商ウルリック,Ulric,1000245,,グリダニア,,6,5,"112,492"
スチールゴーグル,Steel Goggles,8010210,,用具商デ・ボンジャ,D'bhonja,1900192,,グリダニア,,4,3,"112,492"
スチールサバトン,Steel Sabatons,8080109,,武器商スリドウルフ,Thrydwulf,1000241,,ウルダハ,商業層,5,5,"205,920"
スチールチェラータ,Steel Celata,8010005,,武器商スリドウルフ,Thrydwulf,1000241,,ウルダハ,商業層,5,5,"360,360"
スチールチェーンメイル,Steel Chainmail,8030320,,武器商ルストバン,Roustebant,1200219,,グリダニア,,7,2,"189,440"
スチールドーミングハンマー,Steel Doming Hammer,6030014,,道具商マルスラン,Marcelain,1200209,,リムサ・ロミンサ,上甲板層,7,7,"169,936"
スチールバルビュート,Steel Barbut,8011108,,武器商エイラード,Aylard,2200044,,リムサ・ロミンサ,下甲板層,4,7,"239,316"
スチールバルビュート,Steel Barbut,8011108,,武器商ルストバン,Roustebant,1200219,,グリダニア,,7,2,"239,316"
スチールファイル,Steel File,6021005,,道具商アドリ,Adri,2200011,,リムサ・ロミンサ,上甲板層,7,7,"95,304"
スチールファルシオン,Steel Falchion,4030304,,武器商スリドウルフ,Thrydwulf,1000241,,ウルダハ,商業層,5,5,"122,760"
スチールフライパン,Steel Frypan,6080014,,道具商レレマキ,Reremaki,1400189,,リムサ・ロミンサ,上甲板層,6,3,"171,600"
スチールプライヤー,Steel Pliers,6031006,,道具商マルスラン,Marcelain,1200209,,リムサ・ロミンサ,上甲板層,7,7,"100,320"
スチールプレート,Steel Plate,10002023,,甲冑師ジョエロー,Joellaut,1200058,,リムサ・ロミンサ,上甲板層,7,7,"23,100"
スチールプレート,Steel Plate,10002023,,甲冑師マテオニアン,Matheonien,1200109,,グリダニア,,7,3,"23,100"
スチールプレート,Steel Plate,10002023,,甲冑師アルノール,Allenaure,1300010,,ウルダハ,商業層,7,4,"23,100"
スチールブージ,Steel Bhuj,4040205,,武器商エイラード,Aylard,2200044,,リムサ・ロミンサ,下甲板層,4,7,"198,900"
スチールヘヴィランス,Heavy Steel Lance,4080105,,武器商ルストバン,Roustebant,1200219,,グリダニア,,7,2,"201,552"
スチールミトンガントレット,Steel Mitt Gauntlets,8070608,,武器商エイラード,Aylard,2200044,,リムサ・ロミンサ,下甲板層,4,7,"119,658"
スチールモーター,Steel Mortar,6071006,,道具商カンプラン,Quimperain,1200217,,ウルダハ,政庁層,5,6,"93,744"
スチールリベット,Steel Rivets,10002073,,鍛冶師スミドヘームル,Smydhaemr,1600172,,リムサ・ロミンサ,上甲板層,7,7,"4,200"
スチールリベット,Steel Rivets,10002073,,鍛冶師アルダイルン,Ahldiyrn,1600017,,グリダニア,,8,3,"4,200"
スチールリベット,Steel Rivets,10002073,,鍛冶師デュースドルン,Doesdornn,1600057,,ウルダハ,商業層,7,4,"4,200"
スチールリングズ,Steel Rings,10002053,,甲冑師ジョエロー,Joellaut,1200058,,リムサ・ロミンサ,上甲板層,7,7,"8,400"
スチールリングズ,Steel Rings,10002053,,甲冑師マテオニアン,Matheonien,1200109,,グリダニア,,7,3,"8,400"
スチールリングズ,Steel Rings,10002053,,甲冑師アルノール,Allenaure,1300010,,ウルダハ,商業層,7,4,"8,400"
ズッキーニ,Ramhorn Zucchini,3011313,,園芸師ボドゥフォアン,Beaudefoin,1200124,,グリダニア,,7,3,527
ズッキーニ,Ramhorn Zucchini,3011313,,土産屋ヴェークサッツ,Waeksatz,1600218,,ウルダハ,ウルダハ・ランディング,1,1,527
スティッキーライス,Sticky Rice,3011417,,旅商ヘレナ,Helena,1100327,,ウルダハ,商業層,7,4,638
ストッキング,Hempen Stockings,8060033,,服屋ヨレーヌ,Yolaine,1300095,,グリダニア,,6,4,108
ストライプドペブル,Marbled Eye,10004201,,彫金師テテウ,Teteu,1500023,,リムサ・ロミンサ,下甲板層,5,5,"3,780"
ストライプドペブル,Marbled Eye,10004201,,彫金師ガガウル,Gagaulu,1400052,,グリダニア,,8,4,"3,780"
ストライプドペブル,Marbled Eye,10004201,,彫金師パミゾロー,Pamisolaux,1200070,,ウルダハ,商業層,6,6,"3,780"
ストローハット,Straw Hat,8012011,,防具商ヴェーブアクト,Waebahct,1600215,,リムサ・ロミンサ,上甲板層,7,5,"3,600"
ストローハット,Straw Hat,8012011,,用具商ウンシンヴィルフ,Unsynwilf,1600212,,リムサ・ロミンサ,下甲板層,5,6,"3,600"
ストローハット,Straw Hat,8012011,,服屋グ・スンブラ,G'sumbla,1900159,,リムサ・ロミンサ,商業区 ローファッション街,,,"3,600"
ストローハット,Straw Hat,8012011,,防具商ナイ・カマゾン,Naih Khamazom,1900259,,グリダニア,,6,6,"3,600"
ストローハット,Straw Hat,8012011,,服屋セブルガ,Seburga,1100103,,グリダニア,辻店区 ローファッション通り,,,"3,600"
ストローハット,Straw Hat,8012011,,防具商ガネロン,Ganelon,1000116,,ウルダハ,商業層,6,4,"3,600"
ストローハット,Straw Hat,8012011,,服屋フラジョルロア,Frageorloix,1200049,,ウルダハ,旅商区 ローファッション横町,,,"3,600"
ストーンスープ,Stone Soup,3010502,,茶屋キルー,Quiloud,1200011,,ウルダハ,商業層,7,4,"2,029"
スパイクドスチールラブリュス,Spiked Steel Labrys,4040107,,鍛冶師スミドヘームル,Smydhaemr,1600172,,リムサ・ロミンサ,上甲板層,7,7,"133,056"
スパイクナックル,Spiked Knuckles,4020208,,武器商グ・ワハイ,G'wahaii,1900191,,ウルダハ,商業層,5,4,"75,992"
スパタ,Bronze Spatha,4030004,,武器商ティルスヴェーン,Tylswaen,1600207,,リムサ・ロミンサ,上甲板層,7,5,"7,956"
スパタ,Bronze Spatha,4030004,,武器商アイアンサンダー,Iron Thunder,1600295,,リムサ・ロミンサ,商業区 ファイター街,,,"7,956"
スパタ,Bronze Spatha,4030004,,武器商ザギルヘームル,Zagylhaemr,1600253,,グリダニア,,6,6,"7,956"
スパタ,Bronze Spatha,4030004,,武器商コネイン,Conayn,1000375,,グリダニア,辻店区 ファイター通り,,,"7,956"
スパタ,Bronze Spatha,4030004,,武器商エトガル,Etgar,1000105,,ウルダハ,商業層,6,4,"7,956"
スパタ,Bronze Spatha,4030004,,武器商スリドウルフ,Thrydwulf,1000241,,ウルダハ,商業層,5,5,"7,956"
スパタ,Bronze Spatha,4030004,,武器商ザギルスヴェルド,Zagylswerd,1600254,,ウルダハ,商業層,4,5,"7,956"
スパタ,Bronze Spatha,4030004,,武器商リラクタントボア,Reluctant Boar,1600294,,ウルダハ,旅商区 ファイター横町,,,"7,956"
スピナッチ,Cieldalaes Spinach,3011301,,調理師ヨッシー,Jossy,1100144,,リムサ・ロミンサ,上甲板層,7,3,599
スピニングホイール,Maple Spinning Wheel,6061005,,裁縫師エオジリー,Eosilie,1300037,,リムサ・ロミンサ,下甲板層,6,5,"16,896"
スピニングホイール,Maple Spinning Wheel,6061005,,裁縫師フアニヌ,Foinine,1300039,,グリダニア,,7,4,"16,896"
スピニングホイール,Maple Spinning Wheel,6061005,,道具商ロサムンド,Rosamund,1100413,,ウルダハ,商業層,7,6,"16,896"
セスタス,Dodoskin Cesti,4020108,,武器商ザギルスヴェルド,Zagylswerd,1600254,,ウルダハ,商業層,4,5,"43,776"
ソルトコッド,Salt Cod,3010102,,貿易商グルミ・ボルルミ,Gurumi Borlumi,1400181,,リムサ・ロミンサ,リムサ・ロミンサ交易商会,,,84
ソルトコッド,Salt Cod,3010102,,酒保商人サンガイヴ,Sungyve,1100108,,ラノシア,ビアデッドロック,25,29,84
ソルトコッド,Salt Cod,3010102,,酒保商人ヒヒヤジャ,Hihiyaja,1400190,,ラノシア,スカルバレー,15,18,84
ソルトコッド,Salt Cod,3010102,,酒保商人ダウイッド,Dauid,1000083,,ラノシア,バルドノール,6,16,84
ソルトコッド,Salt Cod,3010102,,酒保商人ダニェル,Danyell,1000082,,ラノシア,ブラッドショア,36,20,84
ソルトコッド,Salt Cod,3010102,,酒保商人アイルファ,Aylufa,1100051,,ラノシア,アイアンレイク,22,7,84
ソルトコッド,Salt Cod,3010102,,酒保商人ハス・パニパー,Hahs Panipahr,1900253,,ラノシア,レッドルースター農場,36,25,84
ソルトコッド,Salt Cod,3010102,,酒保商人パパワズ,Papawazu,1400191,,ラノシア,ハーフストーン入植地,7,20,84
ソルトコッド,Salt Cod,3010102,,貿易商ゼリア,Zelia,1300096,,グリダニア,,7,4,84
ソルトコッド,Salt Cod,3010102,,貿易商ワ・ジメイ,W'jhimei,1900209,,グリダニア,リムサ・ロミンサ交易商会,,,84
ソルトコッド,Salt Cod,3010102,,貿易商ファブルレー,Fabrellet,1200099,,ウルダハ,商業層,6,4,84
ソルトコッド,Salt Cod,3010102,,貿易商ダイビング・イーグル,Diving Eagle,1600319,,ウルダハ,リムサ・ロミンサ交易商会,,,84
ソーダ水,Effervescent Water,10009205,,錬金術師ズズデス,Zuzudesu,1400035,,リムサ・ロミンサ,下甲板層,6,5,179
ソーダ水,Effervescent Water,10009205,,錬金術師ムムコ,Mumuko,1500079,,グリダニア,,8,3,179
ソーダ水,Effervescent Water,10009205,,錬金術師ジェミミ,Jemimi,1500095,,ウルダハ,政庁層,5,6,179
ダイアマイトウェブ,Diremite Web,10005306,,裁縫師ノルベットー,Norbettaux,1200067,,ウルダハ,商業層,7,6,"1,050"
ダイアマイトの腱,Diremite Sinew,10007510,,革細工師アーナルド,Arnald,1000037,,リムサ・ロミンサ,下甲板層,6,5,"1,987"
ダイアマイトの腱,Diremite Sinew,10007510,,革細工師スペールフェダル,Spaerfedar,1600176,,グリダニア,,7,3,"1,987"
ダイアマイトの腱,Diremite Sinew,10007510,,革細工師エルギヴァ,Elgiva,1100063,,ウルダハ,商業層,6,4,"1,987"
タイガーコッド,Tiger Cod,3011205,,魚商ホラスフィス,Holasfhis,1600272,,リムサ・ロミンサ,上甲板層,7,6,67
タイム,Thyme,3011514,,生薬屋ロドゥリック,Roderic,1200118,,グリダニア,,6,5,"2,009"
タイム,Thyme,3011514,,貿易商ファブルレー,Fabrellet,1200099,,ウルダハ,商業層,6,4,"2,009"
ダガー,Bronze Dagger,4030110,,武器商ティルスヴェーン,Tylswaen,1600207,,リムサ・ロミンサ,上甲板層,7,5,"2,700"
ダガー,Bronze Dagger,4030110,,武器商ケリッヒ,Kerrich,1000154,,リムサ・ロミンサ,上甲板層,7,6,"2,700"
ダガー,Bronze Dagger,4030110,,武器商アイアンサンダー,Iron Thunder,1600295,,リムサ・ロミンサ,商業区 ファイター街,,,"2,700"
ダガー,Bronze Dagger,4030110,,貿易商グルミ・ボルルミ,Gurumi Borlumi,1400181,,リムサ・ロミンサ,リムサ・ロミンサ交易商会,,,"2,700"
ダガー,Bronze Dagger,4030110,,武器商ザギルヘームル,Zagylhaemr,1600253,,グリダニア,,6,6,"2,700"
ダガー,Bronze Dagger,4030110,,貿易商ゼリア,Zelia,1300096,,グリダニア,,7,4,"2,700"
ダガー,Bronze Dagger,4030110,,武器商コネイン,Conayn,1000375,,グリダニア,辻店区 ファイター通り,,,"2,700"
ダガー,Bronze Dagger,4030110,,貿易商ワ・ジメイ,W'jhimei,1900209,,グリダニア,リムサ・ロミンサ交易商会,,,"2,700"
ダガー,Bronze Dagger,4030110,,武器商エトガル,Etgar,1000105,,ウルダハ,商業層,6,4,"2,700"
ダガー,Bronze Dagger,4030110,,武器商リラクタントボア,Reluctant Boar,1600294,,ウルダハ,旅商区 ファイター横町,,,"2,700"
ダガー,Bronze Dagger,4030110,,貿易商ダイビング・イーグル,Diving Eagle,1600319,,ウルダハ,リムサ・ロミンサ交易商会,,,"2,700"
ダックビル,Sheepskin Duckbills,8080220,,防具商ヴェーブアクト,Waebahct,1600215,,リムサ・ロミンサ,上甲板層,7,5,312
ダックビル,Sheepskin Duckbills,8080220,,道具商アドリ,Adri,2200011,,リムサ・ロミンサ,上甲板層,7,7,312
ダックビル,Sheepskin Duckbills,8080220,,用具商ウンシンヴィルフ,Unsynwilf,1600212,,リムサ・ロミンサ,下甲板層,5,6,312
ダックビル,Sheepskin Duckbills,8080220,,靴屋シェイリー,Shaylee,1100215,,リムサ・ロミンサ,商業区 ローファッション街,,,312
ダックビル,Sheepskin Duckbills,8080220,,防具商ナイ・カマゾン,Naih Khamazom,1900259,,グリダニア,,6,6,312
ダックビル,Sheepskin Duckbills,8080220,,魔器商ジュルラン,Jeulerand,1200207,,グリダニア,,2,1,312
ダックビル,Sheepskin Duckbills,8080220,,道具商ヴォイス,Voyce,1000249,,グリダニア,,7,3,312
ダックビル,Sheepskin Duckbills,8080220,,靴屋ア・ニミウィリ,A'nimuili,1900005,,グリダニア,,7,4,312
ダックビル,Sheepskin Duckbills,8080220,,靴屋ウリス,Urith,1100111,,グリダニア,辻店区 ローファッション通り,,,312
ダックビル,Sheepskin Duckbills,8080220,,防具商ガネロン,Ganelon,1000116,,ウルダハ,商業層,6,4,312
ダックビル,Sheepskin Duckbills,8080220,,魔器商ノノス,Nonosu,1500161,,ウルダハ,商業層,4,5,312
ダックビル,Sheepskin Duckbills,8080220,,靴屋ワルドヒア,Waldhere,2200233,,ウルダハ,旅商区 ローファッション横町,,,312
ダックビルDX,Padded Sheepskin Duckbills,8080224,,道具商マルスラン,Marcelain,1200209,,リムサ・ロミンサ,上甲板層,7,7,"28,392"
ダックビルDX,Padded Sheepskin Duckbills,8080224,,道具商ヴォイス,Voyce,1000249,,グリダニア,,7,3,"28,392"
ダックビルDX,Padded Sheepskin Duckbills,8080224,,用具商デ・ボンジャ,D'bhonja,1900192,,グリダニア,,4,3,"28,392"
ダックビルDX,Padded Sheepskin Duckbills,8080224,,魔器商ノノス,Nonosu,1500161,,ウルダハ,商業層,4,5,"28,392"
ダックビルDX,Padded Sheepskin Duckbills,8080224,,道具商スレダ,Sreda,1100425,,ウルダハ,商業層,6,6,"28,392"
ダブレットベスト,Hempen Doublet Vest,8031224,,防具商ヴェーブアクト,Waebahct,1600215,,リムサ・ロミンサ,上甲板層,7,5,"11,016"
ダブレットベスト,Hempen Doublet Vest,8031224,,道具商マルスラン,Marcelain,1200209,,リムサ・ロミンサ,上甲板層,7,7,"11,016"
ダブレットベスト,Hempen Doublet Vest,8031224,,用具商ウンシンヴィルフ,Unsynwilf,1600212,,リムサ・ロミンサ,下甲板層,5,6,"11,016"
ダブレットベスト,Hempen Doublet Vest,8031224,,服屋グ・スンブラ,G'sumbla,1900159,,リムサ・ロミンサ,商業区 ローファッション街,,,"11,016"
ダブレットベスト,Hempen Doublet Vest,8031224,,防具商ナイ・カマゾン,Naih Khamazom,1900259,,グリダニア,,6,6,"11,016"
ダブレットベスト,Hempen Doublet Vest,8031224,,道具商ウルリック,Ulric,1000245,,グリダニア,,6,5,"11,016"
ダブレットベスト,Hempen Doublet Vest,8031224,,服屋セブルガ,Seburga,1100103,,グリダニア,辻店区 ローファッション通り,,,"11,016"
ダブレットベスト,Hempen Doublet Vest,8031224,,防具商ガネロン,Ganelon,1000116,,ウルダハ,商業層,6,4,"11,016"
ダブレットベスト,Hempen Doublet Vest,8031224,,用具商エミヌ,Eminne,1300162,,ウルダハ,商業層,6,6,"11,016"
ダブレットベスト,Hempen Doublet Vest,8031224,,服屋フラジョルロア,Frageorloix,1200049,,ウルダハ,旅商区 ローファッション横町,,,"11,016"
ダルマティカ,Hempen Dalmatica,8030420,,防具商ヴェーブアクト,Waebahct,1600215,,リムサ・ロミンサ,上甲板層,7,5,780
ダルマティカ,Hempen Dalmatica,8030420,,道具商マルスラン,Marcelain,1200209,,リムサ・ロミンサ,上甲板層,7,7,780
ダルマティカ,Hempen Dalmatica,8030420,,道具商レレマキ,Reremaki,1400189,,リムサ・ロミンサ,上甲板層,6,3,780
ダルマティカ,Hempen Dalmatica,8030420,,服屋グ・スンブラ,G'sumbla,1900159,,リムサ・ロミンサ,商業区 ローファッション街,,,780
ダルマティカ,Hempen Dalmatica,8030420,,防具商ナイ・カマゾン,Naih Khamazom,1900259,,グリダニア,,6,6,780
ダルマティカ,Hempen Dalmatica,8030420,,魔器商ジュルラン,Jeulerand,1200207,,グリダニア,,2,1,780
ダルマティカ,Hempen Dalmatica,8030420,,服屋セブルガ,Seburga,1100103,,グリダニア,辻店区 ローファッション通り,,,780
ダルマティカ,Hempen Dalmatica,8030420,,防具商ガネロン,Ganelon,1000116,,ウルダハ,商業層,6,4,780
ダルマティカ,Hempen Dalmatica,8030420,,魔器商ノノス,Nonosu,1500161,,ウルダハ,商業層,4,5,780
ダルマティカ,Hempen Dalmatica,8030420,,道具商スレダ,Sreda,1100425,,ウルダハ,商業層,6,6,780
ダルマティカ,Hempen Dalmatica,8030420,,道具商ロサムンド,Rosamund,1100413,,ウルダハ,商業層,7,6,780
ダルマティカ,Hempen Dalmatica,8030420,,道具商カンプラン,Quimperain,1200217,,ウルダハ,政庁層,5,6,780
ダルマティカ,Hempen Dalmatica,8030420,,服屋フラジョルロア,Frageorloix,1200049,,ウルダハ,旅商区 ローファッション横町,,,780
ダークマターＧ１,Grade 1 Dark Matter,10013001,,用具商ペ・ンドロボ,P'ndolobo,1900002,,リムサ・ロミンサ,下甲板層,5,5,50
ダークマターＧ１,Grade 1 Dark Matter,10013001,,用具商ハンフリー,Humphrey,1000139,,グリダニア,,7,4,50
ダークマターＧ１,Grade 1 Dark Matter,10013001,,用具商タタロガ,Tataroga,1400030,,ウルダハ,商業層,7,4,50
ダークマターＧ１,Grade 1 Dark Matter,10013001,,酒保商人サンガイヴ,Sungyve,1100108,,ラノシア,ビアデッドロック,25,29,50
ダークマターＧ１,Grade 1 Dark Matter,10013001,,酒保商人ヒヒヤジャ,Hihiyaja,1400190,,ラノシア,スカルバレー,15,18,50
ダークマターＧ１,Grade 1 Dark Matter,10013001,,酒保商人ダウイッド,Dauid,1000083,,ラノシア,バルドノール,6,16,50
ダークマターＧ１,Grade 1 Dark Matter,10013001,,酒保商人ダニェル,Danyell,1000082,,ラノシア,ブラッドショア,36,20,50
ダークマターＧ１,Grade 1 Dark Matter,10013001,,酒保商人アイルファ,Aylufa,1100051,,ラノシア,アイアンレイク,22,7,50
ダークマターＧ１,Grade 1 Dark Matter,10013001,,酒保商人ハス・パニパー,Hahs Panipahr,1900253,,ラノシア,レッドルースター農場,36,25,50
ダークマターＧ１,Grade 1 Dark Matter,10013001,,酒保商人パパワズ,Papawazu,1400191,,ラノシア,ハーフストーン入植地,7,20,50
ダークマターＧ１,Grade 1 Dark Matter,10013001,,酒保商人ン・カナゴ,N'canago,1900098,,クルザス,ドラゴンヘッド,39,18,50
ダークマターＧ１,Grade 1 Dark Matter,10013001,,酒保商人フォークス,Fawkes,1000107,,クルザス,クルケッドフォーク,48,9,50
ダークマターＧ１,Grade 1 Dark Matter,10013001,,酒保商人フォルガード,,,no-client-npc,クルザス,フィールド・オブ・グローリー,52,29,50
ダークマターＧ１,Grade 1 Dark Matter,10013001,,酒保商人ポポナグ,Poponagu,1400194,,クルザス,エバーレイクス,35,33,50
ダークマターＧ１,Grade 1 Dark Matter,10013001,,酒保商人シンノヴ,Synnove,1100109,,クルザス,リバーズミート,19,19,50
ダークマターＧ１,Grade 1 Dark Matter,10013001,,酒保商人ジェラルジュ,Gerraldieux,1200051,,黒衣森,ベントブランチ,33,32,50
ダークマターＧ１,Grade 1 Dark Matter,10013001,,酒保商人ゼッヘクレフ,Zehkrepf,1600259,,黒衣森,ナインアイビー,48,29,50
ダークマターＧ１,Grade 1 Dark Matter,10013001,,酒保商人マエヌ,Maenne,1300196,,黒衣森,エメラルドモス,20,20,50
ダークマターＧ１,Grade 1 Dark Matter,10013001,,酒保商人ノルレズ,Norlaise,1300197,,黒衣森,クリムゾンバーク,15,32,50
ダークマターＧ１,Grade 1 Dark Matter,10013001,,酒保商人エドウィン,Edwyn,1000096,,黒衣森,トランキルパス,38,49,50
ダークマターＧ１,Grade 1 Dark Matter,10013001,,酒保商人ライ・カータポ,Raih Kaatapoh,1900262,,黒衣森,パスカロン監視所,35,43,50
ダークマターＧ１,Grade 1 Dark Matter,10013001,,酒保商人ユジャジャ,Yujaja,1500164,,黒衣森,ホスソーン家の山塞,50,32,50
ダークマターＧ１,Grade 1 Dark Matter,10013001,,酒保商人ベネディクト,Benedict,1000047,,ザナラーン,ブラックブラッシュ,27,26,50
ダークマターＧ１,Grade 1 Dark Matter,10013001,,酒保商人ロジュダンレル,Logedanrel,1200208,,ザナラーン,ドライボーン,39,25,50
ダークマターＧ１,Grade 1 Dark Matter,10013001,,酒保商人ヴィシュトスン,Wistsunn,1600231,,ザナラーン,ホライズンエッジ,13,29,50
ダークマターＧ１,Grade 1 Dark Matter,10013001,,酒保商人モントルガン,Montorgains,1200210,,ザナラーン,ブルーフォグ,25,13,50
ダークマターＧ１,Grade 1 Dark Matter,10013001,,酒保商人ヴントヒムル,Wunthyml,1600232,,ザナラーン,ブロークンウォーター,43,40,50
ダークマターＧ１,Grade 1 Dark Matter,10013001,,酒保商人ウララ,Ulala,1500163,,ザナラーン,旅亭コッファー＆コフィン」,9,27,50
ダークマターＧ１,Grade 1 Dark Matter,10013001,,酒保商人ハウ・バジリ,Hawu Bajihri,1900258,,ザナラーン,8号霊銀試掘場,40,28,50
ダークマターＧ１,Grade 1 Dark Matter,10013001,,酒保商人ゼゼラギ,Zezeragi,1400195,,モードゥナ,ブリトルバーク,17,20,50
ダークマターＧ１,Grade 1 Dark Matter,10013001,,酒保商人プリオルフェ,Priorfaix,1200215,,モードゥナ,レヴナンツトール,10,6,50
ダークマターＧ２,Grade 2 Dark Matter,10013002,,用具商ペ・ンドロボ,P'ndolobo,1900002,,リムサ・ロミンサ,下甲板層,5,5,300
ダークマターＧ２,Grade 2 Dark Matter,10013002,,用具商ハンフリー,Humphrey,1000139,,グリダニア,,7,4,300
ダークマターＧ２,Grade 2 Dark Matter,10013002,,用具商タタロガ,Tataroga,1400030,,ウルダハ,商業層,7,4,300
ダークマターＧ２,Grade 2 Dark Matter,10013002,,酒保商人サンガイヴ,Sungyve,1100108,,ラノシア,ビアデッドロック,25,29,300
ダークマターＧ２,Grade 2 Dark Matter,10013002,,酒保商人ヒヒヤジャ,Hihiyaja,1400190,,ラノシア,スカルバレー,15,18,300
ダークマターＧ２,Grade 2 Dark Matter,10013002,,酒保商人ダウイッド,Dauid,1000083,,ラノシア,バルドノール,6,16,300
ダークマターＧ２,Grade 2 Dark Matter,10013002,,酒保商人ダニェル,Danyell,1000082,,ラノシア,ブラッドショア,36,20,300
ダークマターＧ２,Grade 2 Dark Matter,10013002,,酒保商人アイルファ,Aylufa,1100051,,ラノシア,アイアンレイク,22,7,300
ダークマターＧ２,Grade 2 Dark Matter,10013002,,酒保商人ハス・パニパー,Hahs Panipahr,1900253,,ラノシア,レッドルースター農場,36,25,300
ダークマターＧ２,Grade 2 Dark Matter,10013002,,酒保商人パパワズ,Papawazu,1400191,,ラノシア,ハーフストーン入植地,7,20,300
ダークマターＧ２,Grade 2 Dark Matter,10013002,,酒保商人ン・カナゴ,N'canago,1900098,,クルザス,ドラゴンヘッド,39,18,300
ダークマターＧ２,Grade 2 Dark Matter,10013002,,酒保商人フォークス,Fawkes,1000107,,クルザス,クルケッドフォーク,48,9,300
ダークマターＧ２,Grade 2 Dark Matter,10013002,,酒保商人フォルガード,,,no-client-npc,クルザス,フィールド・オブ・グローリー,52,29,300
ダークマターＧ２,Grade 2 Dark Matter,10013002,,酒保商人ポポナグ,Poponagu,1400194,,クルザス,エバーレイクス,35,33,300
ダークマターＧ２,Grade 2 Dark Matter,10013002,,酒保商人シンノヴ,Synnove,1100109,,クルザス,リバーズミート,19,19,300
ダークマターＧ２,Grade 2 Dark Matter,10013002,,酒保商人ジェラルジュ,Gerraldieux,1200051,,黒衣森,ベントブランチ,33,32,300
ダークマターＧ２,Grade 2 Dark Matter,10013002,,酒保商人ゼッヘクレフ,Zehkrepf,1600259,,黒衣森,ナインアイビー,48,29,300
ダークマターＧ２,Grade 2 Dark Matter,10013002,,酒保商人マエヌ,Maenne,1300196,,黒衣森,エメラルドモス,20,20,300
ダークマターＧ２,Grade 2 Dark Matter,10013002,,酒保商人ノルレズ,Norlaise,1300197,,黒衣森,クリムゾンバーク,15,32,300
ダークマターＧ２,Grade 2 Dark Matter,10013002,,酒保商人エドウィン,Edwyn,1000096,,黒衣森,トランキルパス,38,49,300
ダークマターＧ２,Grade 2 Dark Matter,10013002,,酒保商人ライ・カータポ,Raih Kaatapoh,1900262,,黒衣森,パスカロン監視所,35,43,300
ダークマターＧ２,Grade 2 Dark Matter,10013002,,酒保商人ユジャジャ,Yujaja,1500164,,黒衣森,ホスソーン家の山塞,50,32,300
ダークマターＧ２,Grade 2 Dark Matter,10013002,,酒保商人ベネディクト,Benedict,1000047,,ザナラーン,ブラックブラッシュ,27,26,300
ダークマターＧ２,Grade 2 Dark Matter,10013002,,酒保商人ロジュダンレル,Logedanrel,1200208,,ザナラーン,ドライボーン,39,25,300
ダークマターＧ２,Grade 2 Dark Matter,10013002,,酒保商人ヴィシュトスン,Wistsunn,1600231,,ザナラーン,ホライズンエッジ,13,29,300
ダークマターＧ２,Grade 2 Dark Matter,10013002,,酒保商人モントルガン,Montorgains,1200210,,ザナラーン,ブルーフォグ,25,13,300
ダークマターＧ２,Grade 2 Dark Matter,10013002,,酒保商人ヴントヒムル,Wunthyml,1600232,,ザナラーン,ブロークンウォーター,43,40,300
ダークマターＧ２,Grade 2 Dark Matter,10013002,,酒保商人ウララ,Ulala,1500163,,ザナラーン,旅亭コッファー＆コフィン」,9,27,300
ダークマターＧ２,Grade 2 Dark Matter,10013002,,酒保商人ハウ・バジリ,Hawu Bajihri,1900258,,ザナラーン,8号霊銀試掘場,40,28,300
ダークマターＧ２,Grade 2 Dark Matter,10013002,,酒保商人ゼゼラギ,Zezeragi,1400195,,モードゥナ,ブリトルバーク,17,20,300
ダークマターＧ２,Grade 2 Dark Matter,10013002,,酒保商人プリオルフェ,Priorfaix,1200215,,モードゥナ,レヴナンツトール,10,6,300
ダークマターＧ３,Grade 3 Dark Matter,10013003,,用具商ペ・ンドロボ,P'ndolobo,1900002,,リムサ・ロミンサ,下甲板層,5,5,700
ダークマターＧ３,Grade 3 Dark Matter,10013003,,用具商ハンフリー,Humphrey,1000139,,グリダニア,,7,4,700
ダークマターＧ３,Grade 3 Dark Matter,10013003,,用具商タタロガ,Tataroga,1400030,,ウルダハ,商業層,7,4,700
ダークマターＧ３,Grade 3 Dark Matter,10013003,,酒保商人サンガイヴ,Sungyve,1100108,,ラノシア,ビアデッドロック,25,29,700
ダークマターＧ３,Grade 3 Dark Matter,10013003,,酒保商人ヒヒヤジャ,Hihiyaja,1400190,,ラノシア,スカルバレー,15,18,700
ダークマターＧ３,Grade 3 Dark Matter,10013003,,酒保商人ダウイッド,Dauid,1000083,,ラノシア,バルドノール,6,16,700
ダークマターＧ３,Grade 3 Dark Matter,10013003,,酒保商人ダニェル,Danyell,1000082,,ラノシア,ブラッドショア,36,20,700
ダークマターＧ３,Grade 3 Dark Matter,10013003,,酒保商人アイルファ,Aylufa,1100051,,ラノシア,アイアンレイク,22,7,700
ダークマターＧ３,Grade 3 Dark Matter,10013003,,酒保商人ハス・パニパー,Hahs Panipahr,1900253,,ラノシア,レッドルースター農場,36,25,700
ダークマターＧ３,Grade 3 Dark Matter,10013003,,酒保商人パパワズ,Papawazu,1400191,,ラノシア,ハーフストーン入植地,7,20,700
ダークマターＧ３,Grade 3 Dark Matter,10013003,,酒保商人ン・カナゴ,N'canago,1900098,,クルザス,ドラゴンヘッド,39,18,700
ダークマターＧ３,Grade 3 Dark Matter,10013003,,酒保商人フォークス,Fawkes,1000107,,クルザス,クルケッドフォーク,48,9,700
ダークマターＧ３,Grade 3 Dark Matter,10013003,,酒保商人フォルガード,,,no-client-npc,クルザス,フィールド・オブ・グローリー,52,29,700
ダークマターＧ３,Grade 3 Dark Matter,10013003,,酒保商人ポポナグ,Poponagu,1400194,,クルザス,エバーレイクス,35,33,700
ダークマターＧ３,Grade 3 Dark Matter,10013003,,酒保商人シンノヴ,Synnove,1100109,,クルザス,リバーズミート,19,19,700
ダークマターＧ３,Grade 3 Dark Matter,10013003,,酒保商人ジェラルジュ,Gerraldieux,1200051,,黒衣森,ベントブランチ,33,32,700
ダークマターＧ３,Grade 3 Dark Matter,10013003,,酒保商人ゼッヘクレフ,Zehkrepf,1600259,,黒衣森,ナインアイビー,48,29,700
ダークマターＧ３,Grade 3 Dark Matter,10013003,,酒保商人マエヌ,Maenne,1300196,,黒衣森,エメラルドモス,20,20,700
ダークマターＧ３,Grade 3 Dark Matter,10013003,,酒保商人ノルレズ,Norlaise,1300197,,黒衣森,クリムゾンバーク,15,32,700
ダークマターＧ３,Grade 3 Dark Matter,10013003,,酒保商人エドウィン,Edwyn,1000096,,黒衣森,トランキルパス,38,49,700
ダークマターＧ３,Grade 3 Dark Matter,10013003,,酒保商人ライ・カータポ,Raih Kaatapoh,1900262,,黒衣森,パスカロン監視所,35,43,700
ダークマターＧ３,Grade 3 Dark Matter,10013003,,酒保商人ユジャジャ,Yujaja,1500164,,黒衣森,ホスソーン家の山塞,50,32,700
ダークマターＧ３,Grade 3 Dark Matter,10013003,,酒保商人ベネディクト,Benedict,1000047,,ザナラーン,ブラックブラッシュ,27,26,700
ダークマターＧ３,Grade 3 Dark Matter,10013003,,酒保商人ロジュダンレル,Logedanrel,1200208,,ザナラーン,ドライボーン,39,25,700
ダークマターＧ３,Grade 3 Dark Matter,10013003,,酒保商人ヴィシュトスン,Wistsunn,1600231,,ザナラーン,ホライズンエッジ,13,29,700
ダークマターＧ３,Grade 3 Dark Matter,10013003,,酒保商人モントルガン,Montorgains,1200210,,ザナラーン,ブルーフォグ,25,13,700
ダークマターＧ３,Grade 3 Dark Matter,10013003,,酒保商人ヴントヒムル,Wunthyml,1600232,,ザナラーン,ブロークンウォーター,43,40,700
ダークマターＧ３,Grade 3 Dark Matter,10013003,,酒保商人ウララ,Ulala,1500163,,ザナラーン,旅亭コッファー＆コフィン」,9,27,700
ダークマターＧ３,Grade 3 Dark Matter,10013003,,酒保商人ハウ・バジリ,Hawu Bajihri,1900258,,ザナラーン,8号霊銀試掘場,40,28,700
ダークマターＧ３,Grade 3 Dark Matter,10013003,,酒保商人ゼゼラギ,Zezeragi,1400195,,モードゥナ,ブリトルバーク,17,20,700
ダークマターＧ３,Grade 3 Dark Matter,10013003,,酒保商人プリオルフェ,Priorfaix,1200215,,モードゥナ,レヴナンツトール,10,6,700
ダークマターＧ４,Grade 4 Dark Matter,10013004,,用具商ペ・ンドロボ,P'ndolobo,1900002,,リムサ・ロミンサ,下甲板層,5,5,"1,500"
ダークマターＧ４,Grade 4 Dark Matter,10013004,,用具商ハンフリー,Humphrey,1000139,,グリダニア,,7,4,"1,500"
ダークマターＧ４,Grade 4 Dark Matter,10013004,,用具商タタロガ,Tataroga,1400030,,ウルダハ,商業層,7,4,"1,500"
ダークマターＧ４,Grade 4 Dark Matter,10013004,,酒保商人サンガイヴ,Sungyve,1100108,,ラノシア,ビアデッドロック,25,29,"1,500"
ダークマターＧ４,Grade 4 Dark Matter,10013004,,酒保商人ヒヒヤジャ,Hihiyaja,1400190,,ラノシア,スカルバレー,15,18,"1,500"
ダークマターＧ４,Grade 4 Dark Matter,10013004,,酒保商人ダウイッド,Dauid,1000083,,ラノシア,バルドノール,6,16,"1,500"
ダークマターＧ４,Grade 4 Dark Matter,10013004,,酒保商人ダニェル,Danyell,1000082,,ラノシア,ブラッドショア,36,20,"1,500"
ダークマターＧ４,Grade 4 Dark Matter,10013004,,酒保商人アイルファ,Aylufa,1100051,,ラノシア,アイアンレイク,22,7,"1,500"
ダークマターＧ４,Grade 4 Dark Matter,10013004,,酒保商人ハス・パニパー,Hahs Panipahr,1900253,,ラノシア,レッドルースター農場,36,25,"1,500"
ダークマターＧ４,Grade 4 Dark Matter,10013004,,酒保商人パパワズ,Papawazu,1400191,,ラノシア,ハーフストーン入植地,7,20,"1,500"
ダークマターＧ４,Grade 4 Dark Matter,10013004,,酒保商人ン・カナゴ,N'canago,1900098,,クルザス,ドラゴンヘッド,39,18,"1,500"
ダークマターＧ４,Grade 4 Dark Matter,10013004,,酒保商人フォークス,Fawkes,1000107,,クルザス,クルケッドフォーク,48,9,"1,500"
ダークマターＧ４,Grade 4 Dark Matter,10013004,,酒保商人フォルガード,,,no-client-npc,クルザス,フィールド・オブ・グローリー,52,29,"1,500"
ダークマターＧ４,Grade 4 Dark Matter,10013004,,酒保商人ポポナグ,Poponagu,1400194,,クルザス,エバーレイクス,35,33,"1,500"
ダークマターＧ４,Grade 4 Dark Matter,10013004,,酒保商人シンノヴ,Synnove,1100109,,クルザス,リバーズミート,19,19,"1,500"
ダークマターＧ４,Grade 4 Dark Matter,10013004,,酒保商人ジェラルジュ,Gerraldieux,1200051,,黒衣森,ベントブランチ,33,32,"1,500"
ダークマターＧ４,Grade 4 Dark Matter,10013004,,酒保商人ゼッヘクレフ,Zehkrepf,1600259,,黒衣森,ナインアイビー,48,29,"1,500"
ダークマターＧ４,Grade 4 Dark Matter,10013004,,酒保商人マエヌ,Maenne,1300196,,黒衣森,エメラルドモス,20,20,"1,500"
ダークマターＧ４,Grade 4 Dark Matter,10013004,,酒保商人ノルレズ,Norlaise,1300197,,黒衣森,クリムゾンバーク,15,32,"1,500"
ダークマターＧ４,Grade 4 Dark Matter,10013004,,酒保商人エドウィン,Edwyn,1000096,,黒衣森,トランキルパス,38,49,"1,500"
ダークマターＧ４,Grade 4 Dark Matter,10013004,,酒保商人ライ・カータポ,Raih Kaatapoh,1900262,,黒衣森,パスカロン監視所,35,43,"1,500"
ダークマターＧ４,Grade 4 Dark Matter,10013004,,酒保商人ユジャジャ,Yujaja,1500164,,黒衣森,ホスソーン家の山塞,50,32,"1,500"
ダークマターＧ４,Grade 4 Dark Matter,10013004,,酒保商人ベネディクト,Benedict,1000047,,ザナラーン,ブラックブラッシュ,27,26,"1,500"
ダークマターＧ４,Grade 4 Dark Matter,10013004,,酒保商人ロジュダンレル,Logedanrel,1200208,,ザナラーン,ドライボーン,39,25,"1,500"
ダークマターＧ４,Grade 4 Dark Matter,10013004,,酒保商人ヴィシュトスン,Wistsunn,1600231,,ザナラーン,ホライズンエッジ,13,29,"1,500"
ダークマターＧ４,Grade 4 Dark Matter,10013004,,酒保商人モントルガン,Montorgains,1200210,,ザナラーン,ブルーフォグ,25,13,"1,500"
ダークマターＧ４,Grade 4 Dark Matter,10013004,,酒保商人ヴントヒムル,Wunthyml,1600232,,ザナラーン,ブロークンウォーター,43,40,"1,500"
ダークマターＧ４,Grade 4 Dark Matter,10013004,,酒保商人ウララ,Ulala,1500163,,ザナラーン,旅亭コッファー＆コフィン」,9,27,"1,500"
ダークマターＧ４,Grade 4 Dark Matter,10013004,,酒保商人ハウ・バジリ,Hawu Bajihri,1900258,,ザナラーン,8号霊銀試掘場,40,28,"1,500"
ダークマターＧ４,Grade 4 Dark Matter,10013004,,酒保商人ゼゼラギ,Zezeragi,1400195,,モードゥナ,ブリトルバーク,17,20,"1,500"
ダークマターＧ４,Grade 4 Dark Matter,10013004,,酒保商人プリオルフェ,Priorfaix,1200215,,モードゥナ,レヴナンツトール,10,6,"1,500"
ダークマターＧ５,Grade 5 Dark Matter,10013005,,用具商ペ・ンドロボ,P'ndolobo,1900002,,リムサ・ロミンサ,下甲板層,5,5,"3,500"
ダークマターＧ５,Grade 5 Dark Matter,10013005,,用具商ハンフリー,Humphrey,1000139,,グリダニア,,7,4,"3,500"
ダークマターＧ５,Grade 5 Dark Matter,10013005,,用具商タタロガ,Tataroga,1400030,,ウルダハ,商業層,7,4,"3,500"
ダークマターＧ５,Grade 5 Dark Matter,10013005,,酒保商人サンガイヴ,Sungyve,1100108,,ラノシア,ビアデッドロック,25,29,"3,500"
ダークマターＧ５,Grade 5 Dark Matter,10013005,,酒保商人ヒヒヤジャ,Hihiyaja,1400190,,ラノシア,スカルバレー,15,18,"3,500"
ダークマターＧ５,Grade 5 Dark Matter,10013005,,酒保商人ダウイッド,Dauid,1000083,,ラノシア,バルドノール,6,16,"3,500"
ダークマターＧ５,Grade 5 Dark Matter,10013005,,酒保商人ダニェル,Danyell,1000082,,ラノシア,ブラッドショア,36,20,"3,500"
ダークマターＧ５,Grade 5 Dark Matter,10013005,,酒保商人アイルファ,Aylufa,1100051,,ラノシア,アイアンレイク,22,7,"3,500"
ダークマターＧ５,Grade 5 Dark Matter,10013005,,酒保商人ハス・パニパー,Hahs Panipahr,1900253,,ラノシア,レッドルースター農場,36,25,"3,500"
ダークマターＧ５,Grade 5 Dark Matter,10013005,,酒保商人パパワズ,Papawazu,1400191,,ラノシア,ハーフストーン入植地,7,20,"3,500"
ダークマターＧ５,Grade 5 Dark Matter,10013005,,酒保商人ン・カナゴ,N'canago,1900098,,クルザス,ドラゴンヘッド,39,18,"3,500"
ダークマターＧ５,Grade 5 Dark Matter,10013005,,酒保商人フォークス,Fawkes,1000107,,クルザス,クルケッドフォーク,48,9,"3,500"
ダークマターＧ５,Grade 5 Dark Matter,10013005,,酒保商人フォルガード,,,no-client-npc,クルザス,フィールド・オブ・グローリー,52,29,"3,500"
ダークマターＧ５,Grade 5 Dark Matter,10013005,,酒保商人ポポナグ,Poponagu,1400194,,クルザス,エバーレイクス,35,33,"3,500"
ダークマターＧ５,Grade 5 Dark Matter,10013005,,酒保商人シンノヴ,Synnove,1100109,,クルザス,リバーズミート,19,19,"3,500"
ダークマターＧ５,Grade 5 Dark Matter,10013005,,酒保商人ジェラルジュ,Gerraldieux,1200051,,黒衣森,ベントブランチ,33,32,"3,500"
ダークマターＧ５,Grade 5 Dark Matter,10013005,,酒保商人ゼッヘクレフ,Zehkrepf,1600259,,黒衣森,ナインアイビー,48,29,"3,500"
ダークマターＧ５,Grade 5 Dark Matter,10013005,,酒保商人マエヌ,Maenne,1300196,,黒衣森,エメラルドモス,20,20,"3,500"
ダークマターＧ５,Grade 5 Dark Matter,10013005,,酒保商人ノルレズ,Norlaise,1300197,,黒衣森,クリムゾンバーク,15,32,"3,500"
ダークマターＧ５,Grade 5 Dark Matter,10013005,,酒保商人エドウィン,Edwyn,1000096,,黒衣森,トランキルパス,38,49,"3,500"
ダークマターＧ５,Grade 5 Dark Matter,10013005,,酒保商人ライ・カータポ,Raih Kaatapoh,1900262,,黒衣森,パスカロン監視所,35,43,"3,500"
ダークマターＧ５,Grade 5 Dark Matter,10013005,,酒保商人ユジャジャ,Yujaja,1500164,,黒衣森,ホスソーン家の山塞,50,32,"3,500"
ダークマターＧ５,Grade 5 Dark Matter,10013005,,酒保商人ベネディクト,Benedict,1000047,,ザナラーン,ブラックブラッシュ,27,26,"3,500"
ダークマターＧ５,Grade 5 Dark Matter,10013005,,酒保商人ロジュダンレル,Logedanrel,1200208,,ザナラーン,ドライボーン,39,25,"3,500"
ダークマターＧ５,Grade 5 Dark Matter,10013005,,酒保商人ヴィシュトスン,Wistsunn,1600231,,ザナラーン,ホライズンエッジ,13,29,"3,500"
ダークマターＧ５,Grade 5 Dark Matter,10013005,,酒保商人モントルガン,Montorgains,1200210,,ザナラーン,ブルーフォグ,25,13,"3,500"
ダークマターＧ５,Grade 5 Dark Matter,10013005,,酒保商人ヴントヒムル,Wunthyml,1600232,,ザナラーン,ブロークンウォーター,43,40,"3,500"
ダークマターＧ５,Grade 5 Dark Matter,10013005,,酒保商人ウララ,Ulala,1500163,,ザナラーン,旅亭コッファー＆コフィン」,9,27,"3,500"
ダークマターＧ５,Grade 5 Dark Matter,10013005,,酒保商人ハウ・バジリ,Hawu Bajihri,1900258,,ザナラーン,8号霊銀試掘場,40,28,"3,500"
ダークマターＧ５,Grade 5 Dark Matter,10013005,,酒保商人ゼゼラギ,Zezeragi,1400195,,モードゥナ,ブリトルバーク,17,20,"3,500"
ダークマターＧ５,Grade 5 Dark Matter,10013005,,酒保商人プリオルフェ,Priorfaix,1200215,,モードゥナ,レヴナンツトール,10,6,"3,500"
タージェ,Sheepskin Targe,4100006,,革細工師スペールフェダル,Spaerfedar,1600176,,グリダニア,,7,3,"23,664"
チェストバンド,Hempen Chestband,8040025,,貿易商ニストブルム,Nystbyrm,1600128,,リムサ・ロミンサ,下甲板層,5,5,360
チェストバンド,Hempen Chestband,8040025,,貿易商ピエヌ,Pienne,1300187,,リムサ・ロミンサ,ウルダハ交易商会,,,360
チェストバンド,Hempen Chestband,8040025,,貿易商ゴゴリヨ,Gogoriyo,1400203,,グリダニア,ウルダハ交易商会,,,360
チェストバンド,Hempen Chestband,8040025,,貿易商ザワワ,Zawawa,1500177,,ウルダハ,ウルダハ交易商会,,,360
チェスナット,Gridanian Chestnut,3011402,,雑貨商フスクネー,Fousquenet,1200048,,リムサ・ロミンサ,下甲板層,5,5,302
チャクラム,Bronze Chakram,3910101,,武器商ザギルスヴェルド,Zagylswerd,1600254,,ウルダハ,商業層,4,5,81
チュニック,Hempen Tunic,8031315,,防具商ヴェーブアクト,Waebahct,1600215,,リムサ・ロミンサ,上甲板層,7,5,780
チュニック,Hempen Tunic,8031315,,武器商エイラード,Aylard,2200044,,リムサ・ロミンサ,下甲板層,4,7,780
チュニック,Hempen Tunic,8031315,,服屋グ・スンブラ,G'sumbla,1900159,,リムサ・ロミンサ,商業区 ローファッション街,,,780
チュニック,Hempen Tunic,8031315,,防具商ナイ・カマゾン,Naih Khamazom,1900259,,グリダニア,,6,6,780
チュニック,Hempen Tunic,8031315,,武器商ルストバン,Roustebant,1200219,,グリダニア,,7,2,780
チュニック,Hempen Tunic,8031315,,武器商ドエル,Doelle,1300157,,グリダニア,,8,5,780
チュニック,Hempen Tunic,8031315,,服屋セブルガ,Seburga,1100103,,グリダニア,辻店区 ローファッション通り,,,780
チュニック,Hempen Tunic,8031315,,防具商ガネロン,Ganelon,1000116,,ウルダハ,商業層,6,4,780
チュニック,Hempen Tunic,8031315,,武器商スリドウルフ,Thrydwulf,1000241,,ウルダハ,商業層,5,5,780
チュニック,Hempen Tunic,8031315,,武器商グ・ワハイ,G'wahaii,1900191,,ウルダハ,商業層,5,4,780
チュニック,Hempen Tunic,8031315,,服屋フラジョルロア,Frageorloix,1200049,,ウルダハ,旅商区 ローファッション横町,,,780
チョコボテイルソー,Chocobotail Saw,6010010,,武器商ティルスヴェーン,Tylswaen,1600207,,リムサ・ロミンサ,上甲板層,7,5,"9,744"
チョコボテイルソー,Chocobotail Saw,6010010,,道具商ソーラ,Thora,1100436,,リムサ・ロミンサ,商業区 クラフター街,,,"9,744"
チョコボテイルソー,Chocobotail Saw,6010010,,武器商ザギルヘームル,Zagylhaemr,1600253,,グリダニア,,6,6,"9,744"
チョコボテイルソー,Chocobotail Saw,6010010,,道具商ウルリック,Ulric,1000245,,グリダニア,,6,5,"9,744"
チョコボテイルソー,Chocobotail Saw,6010010,,道具商テンペルトン,Templeton,1000238,,グリダニア,辻店区 クラフター通り,,,"9,744"
チョコボテイルソー,Chocobotail Saw,6010010,,武器商エトガル,Etgar,1000105,,ウルダハ,商業層,6,4,"9,744"
チョコボテイルソー,Chocobotail Saw,6010010,,道具商アムニ,Amenie,1300153,,ウルダハ,旅商区 クラフター横町,,,"9,744"
チョコボの羽根,Chocobo Feather,10005410,,裁縫師ノルベットー,Norbettaux,1200067,,ウルダハ,商業層,7,6,"6,364"
チョコボハチェット,Plumed Iron Hatchet,7020012,,用具商デ・ボンジャ,D'bhonja,1900192,,グリダニア,,4,3,"92,400"
チョコボフライ,Chocobo Fly,3940101,,漁師ルヴィオヌ,Louviaune,1300050,,リムサ・ロミンサ,下甲板層,6,6,201
ティノルカミスルトゥ,Tinolqa Mistletoe,10009610,,土産屋エドゥイン,Aeduin,1000267,,グリダニア,,6,6,"1,331"
デザートサフラン,Desert Saffron,3011516,,花屋ビ・コンバラ,B'konbalha,1900096,,グリダニア,,6,5,"3,715"
ドライプルーン,Dried Prunes,3010403,,茶屋キルー,Quiloud,1200011,,ウルダハ,商業層,7,4,"1,638"
ドラゴンペッパー,Dragon Pepper,3011512,,旅商ググディ,Gugudi,1500011,,ウルダハ,商業層,7,4,"2,009"
ドラブラ,Iron Dolabra,7010010,,用具商エミヌ,Eminne,1300162,,ウルダハ,商業層,6,6,"76,500"
トランクス,Hempen Trunks,8060049,,貿易商ニストブルム,Nystbyrm,1600128,,リムサ・ロミンサ,下甲板層,5,5,108
トランクス,Hempen Trunks,8060049,,貿易商ピエヌ,Pienne,1300187,,リムサ・ロミンサ,ウルダハ交易商会,,,108
トランクス,Hempen Trunks,8060049,,貿易商ゴゴリヨ,Gogoriyo,1400203,,グリダニア,ウルダハ交易商会,,,108
トランクス,Hempen Trunks,8060049,,貿易商ザワワ,Zawawa,1500177,,ウルダハ,ウルダハ交易商会,,,108
ドロワーズ,Hempen Drawers,8060041,,服屋ロズレット,Roserette,1300062,,ウルダハ,商業層,6,4,108
ドードーエスパドリーユ,Dodoskin Espadrilles,8081311,,防具商ヴェーブアクト,Waebahct,1600215,,リムサ・ロミンサ,上甲板層,7,5,"5,864"
ドードーエスパドリーユ,Dodoskin Espadrilles,8081311,,道具商アドリ,Adri,2200011,,リムサ・ロミンサ,上甲板層,7,7,"5,864"
ドードーエスパドリーユ,Dodoskin Espadrilles,8081311,,道具商レレマキ,Reremaki,1400189,,リムサ・ロミンサ,上甲板層,6,3,"5,864"
ドードーエスパドリーユ,Dodoskin Espadrilles,8081311,,靴屋シェイリー,Shaylee,1100215,,リムサ・ロミンサ,商業区 ローファッション街,,,"5,864"
ドードーエスパドリーユ,Dodoskin Espadrilles,8081311,,防具商ナイ・カマゾン,Naih Khamazom,1900259,,グリダニア,,6,6,"5,864"
ドードーエスパドリーユ,Dodoskin Espadrilles,8081311,,道具商ウルリック,Ulric,1000245,,グリダニア,,6,5,"5,864"
ドードーエスパドリーユ,Dodoskin Espadrilles,8081311,,用具商デ・ボンジャ,D'bhonja,1900192,,グリダニア,,4,3,"5,864"
ドードーエスパドリーユ,Dodoskin Espadrilles,8081311,,靴屋ウリス,Urith,1100111,,グリダニア,辻店区 ローファッション通り,,,"5,864"
ドードーエスパドリーユ,Dodoskin Espadrilles,8081311,,防具商ガネロン,Ganelon,1000116,,ウルダハ,商業層,6,4,"5,864"
ドードーエスパドリーユ,Dodoskin Espadrilles,8081311,,靴屋ワルドヒア,Waldhere,2200233,,ウルダハ,旅商区 ローファッション横町,,,"5,864"
ドードーカリガ,Dodoskin Caligae,8081016,,防具商ヴェーブアクト,Waebahct,1600215,,リムサ・ロミンサ,上甲板層,7,5,"6,462"
ドードーカリガ,Dodoskin Caligae,8081016,,武器商エイラード,Aylard,2200044,,リムサ・ロミンサ,下甲板層,4,7,"6,462"
ドードーカリガ,Dodoskin Caligae,8081016,,靴屋シェイリー,Shaylee,1100215,,リムサ・ロミンサ,商業区 ローファッション街,,,"6,462"
ドードーカリガ,Dodoskin Caligae,8081016,,防具商ナイ・カマゾン,Naih Khamazom,1900259,,グリダニア,,6,6,"6,462"
ドードーカリガ,Dodoskin Caligae,8081016,,靴屋ウリス,Urith,1100111,,グリダニア,辻店区 ローファッション通り,,,"6,462"
ドードーカリガ,Dodoskin Caligae,8081016,,防具商ガネロン,Ganelon,1000116,,ウルダハ,商業層,6,4,"6,462"
ドードーカリガ,Dodoskin Caligae,8081016,,武器商グ・ワハイ,G'wahaii,1900191,,ウルダハ,商業層,5,4,"6,462"
ドードーカリガ,Dodoskin Caligae,8081016,,靴屋ワルドヒア,Waldhere,2200233,,ウルダハ,旅商区 ローファッション横町,,,"6,462"
ドードーサブリガ,Dodoskin Subligar,8050503,,防具商ヴェーブアクト,Waebahct,1600215,,リムサ・ロミンサ,上甲板層,7,5,"4,847"
ドードーサブリガ,Dodoskin Subligar,8050503,,武器商エイラード,Aylard,2200044,,リムサ・ロミンサ,下甲板層,4,7,"4,847"
ドードーサブリガ,Dodoskin Subligar,8050503,,道具商アドリ,Adri,2200011,,リムサ・ロミンサ,上甲板層,7,7,"4,847"
ドードーサブリガ,Dodoskin Subligar,8050503,,靴屋シェイリー,Shaylee,1100215,,リムサ・ロミンサ,商業区 ローファッション街,,,"4,847"
ドードーサブリガ,Dodoskin Subligar,8050503,,防具商ナイ・カマゾン,Naih Khamazom,1900259,,グリダニア,,6,6,"4,847"
ドードーサブリガ,Dodoskin Subligar,8050503,,武器商ルストバン,Roustebant,1200219,,グリダニア,,7,2,"4,847"
ドードーサブリガ,Dodoskin Subligar,8050503,,武器商ドエル,Doelle,1300157,,グリダニア,,8,5,"4,847"
ドードーサブリガ,Dodoskin Subligar,8050503,,靴屋ウリス,Urith,1100111,,グリダニア,辻店区 ローファッション通り,,,"4,847"
ドードーサブリガ,Dodoskin Subligar,8050503,,防具商ガネロン,Ganelon,1000116,,ウルダハ,商業層,6,4,"4,847"
ドードーサブリガ,Dodoskin Subligar,8050503,,武器商スリドウルフ,Thrydwulf,1000241,,ウルダハ,商業層,5,5,"4,847"
ドードーサブリガ,Dodoskin Subligar,8050503,,武器商グ・ワハイ,G'wahaii,1900191,,ウルダハ,商業層,5,4,"4,847"
ドードーサブリガ,Dodoskin Subligar,8050503,,靴屋ワルドヒア,Waldhere,2200233,,ウルダハ,旅商区 ローファッション横町,,,"4,847"
ドードーシューズ,Dodoskin Shoes,8080617,,防具商ヴェーブアクト,Waebahct,1600215,,リムサ・ロミンサ,上甲板層,7,5,"2,140"
ドードーシューズ,Dodoskin Shoes,8080617,,道具商マルスラン,Marcelain,1200209,,リムサ・ロミンサ,上甲板層,7,7,"2,140"
ドードーシューズ,Dodoskin Shoes,8080617,,用具商ウンシンヴィルフ,Unsynwilf,1600212,,リムサ・ロミンサ,下甲板層,5,6,"2,140"
ドードーシューズ,Dodoskin Shoes,8080617,,靴屋シェイリー,Shaylee,1100215,,リムサ・ロミンサ,商業区 ローファッション街,,,"2,140"
ドードーシューズ,Dodoskin Shoes,8080617,,防具商ナイ・カマゾン,Naih Khamazom,1900259,,グリダニア,,6,6,"2,140"
ドードーシューズ,Dodoskin Shoes,8080617,,魔器商ジュルラン,Jeulerand,1200207,,グリダニア,,2,1,"2,140"
ドードーシューズ,Dodoskin Shoes,8080617,,道具商ヴォイス,Voyce,1000249,,グリダニア,,7,3,"2,140"
ドードーシューズ,Dodoskin Shoes,8080617,,靴屋ア・ニミウィリ,A'nimuili,1900005,,グリダニア,,7,4,"2,140"
ドードーシューズ,Dodoskin Shoes,8080617,,靴屋ウリス,Urith,1100111,,グリダニア,辻店区 ローファッション通り,,,"2,140"
ドードーシューズ,Dodoskin Shoes,8080617,,防具商ガネロン,Ganelon,1000116,,ウルダハ,商業層,6,4,"2,140"
ドードーシューズ,Dodoskin Shoes,8080617,,魔器商ノノス,Nonosu,1500161,,ウルダハ,商業層,4,5,"2,140"
ドードーシューズ,Dodoskin Shoes,8080617,,道具商スレダ,Sreda,1100425,,ウルダハ,商業層,6,6,"2,140"
ドードーシューズ,Dodoskin Shoes,8080617,,道具商ロサムンド,Rosamund,1100413,,ウルダハ,商業層,7,6,"2,140"
ドードーシューズ,Dodoskin Shoes,8080617,,道具商カンプラン,Quimperain,1200217,,ウルダハ,政庁層,5,6,"2,140"
ドードーシューズ,Dodoskin Shoes,8080617,,用具商エミヌ,Eminne,1300162,,ウルダハ,商業層,6,6,"2,140"
ドードーシューズ,Dodoskin Shoes,8080617,,靴屋ワルドヒア,Waldhere,2200233,,ウルダハ,旅商区 ローファッション横町,,,"2,140"
ドードーのグリル,Grilled Dodo,3010009,,土産屋チャ・ノギヤ,T'noggya,1900194,,リムサ・ロミンサ,リムサ・ロミンサ・ランディング,1,1,660
ドードーの笹身,Dodo Tenderloin,3011003,,肉屋エオルメンギルド,Eormengild,1100065,,ウルダハ,商業層,6,4,"1,575"
ドードーの粗皮,Dodo Skin,10007003,,毛皮商ゼースウーヤ,Zaesoeya,1600252,,グリダニア,,6,4,"2,160"
ドードーの羽根,Dodo Feather,10005402,,裁縫師エオジリー,Eosilie,1300037,,リムサ・ロミンサ,下甲板層,6,5,316
ドードーの羽根,Dodo Feather,10005402,,裁縫師フアニヌ,Foinine,1300039,,グリダニア,,7,4,316
ドードーの羽根,Dodo Feather,10005402,,裁縫師ノルベットー,Norbettaux,1200067,,ウルダハ,商業層,7,6,316
ドードーハンターベルト,Dodoskin Hunting Belt,8090503,,防具商ヴェーブアクト,Waebahct,1600215,,リムサ・ロミンサ,上甲板層,7,5,"4,039"
ドードーハンターベルト,Dodoskin Hunting Belt,8090503,,服屋チャ・ザンザ,T'zanza,1900162,,リムサ・ロミンサ,商業区 ローファッション街,,,"4,039"
ドードーハンターベルト,Dodoskin Hunting Belt,8090503,,防具商ナイ・カマゾン,Naih Khamazom,1900259,,グリダニア,,6,6,"4,039"
ドードーハンターベルト,Dodoskin Hunting Belt,8090503,,服屋カインバーグ,Kyneburg,1100086,,グリダニア,辻店区 ローファッション通り,,,"4,039"
ドードーハンターベルト,Dodoskin Hunting Belt,8090503,,防具商ガネロン,Ganelon,1000116,,ウルダハ,商業層,6,4,"4,039"
ドードーハンターベルト,Dodoskin Hunting Belt,8090503,,服屋ケアイラ,Keaira,1100198,,ウルダハ,旅商区 ローファッション横町,,,"4,039"
ドードーハーネス,Dodoskin Harness,8031514,,防具商ヴェーブアクト,Waebahct,1600215,,リムサ・ロミンサ,上甲板層,7,5,"16,156"
ドードーハーネス,Dodoskin Harness,8031514,,武器商エイラード,Aylard,2200044,,リムサ・ロミンサ,下甲板層,4,7,"16,156"
ドードーハーネス,Dodoskin Harness,8031514,,道具商アドリ,Adri,2200011,,リムサ・ロミンサ,上甲板層,7,7,"16,156"
ドードーハーネス,Dodoskin Harness,8031514,,板金商フェーズギム,Faezghim,1600070,prefix-variant:client=甲冑商フェーズギム,リムサ・ロミンサ,商業区 アーマー街,,,"16,156"
ドードーハーネス,Dodoskin Harness,8031514,,防具商ナイ・カマゾン,Naih Khamazom,1900259,,グリダニア,,6,6,"16,156"
ドードーハーネス,Dodoskin Harness,8031514,,板金商オディブランド,Odibrand,2200193,prefix-variant:client=甲冑商オディブランド,グリダニア,辻店区 アーマー通り,,,"16,156"
ドードーハーネス,Dodoskin Harness,8031514,,防具商ガネロン,Ganelon,1000116,,ウルダハ,商業層,6,4,"16,156"
ドードーハーネス,Dodoskin Harness,8031514,,武器商グ・ワハイ,G'wahaii,1900191,,ウルダハ,商業層,5,4,"16,156"
ドードーハーネス,Dodoskin Harness,8031514,,板金商イゾルド,Isaulde,1300119,prefix-variant:client=甲冑商イゾルド,ウルダハ,旅商区 アーマー横町,,,"16,156"
ドードーポットヘルム,Dodoskin Pot Helm,8011515,,防具商ヴェーブアクト,Waebahct,1600215,,リムサ・ロミンサ,上甲板層,7,5,"6,027"
ドードーポットヘルム,Dodoskin Pot Helm,8011515,,武器商エイラード,Aylard,2200044,,リムサ・ロミンサ,下甲板層,4,7,"6,027"
ドードーポットヘルム,Dodoskin Pot Helm,8011515,,板金商フェーズギム,Faezghim,1600070,prefix-variant:client=甲冑商フェーズギム,リムサ・ロミンサ,商業区 アーマー街,,,"6,027"
ドードーポットヘルム,Dodoskin Pot Helm,8011515,,防具商ナイ・カマゾン,Naih Khamazom,1900259,,グリダニア,,6,6,"6,027"
ドードーポットヘルム,Dodoskin Pot Helm,8011515,,武器商ルストバン,Roustebant,1200219,,グリダニア,,7,2,"6,027"
ドードーポットヘルム,Dodoskin Pot Helm,8011515,,武器商ドエル,Doelle,1300157,,グリダニア,,8,5,"6,027"
ドードーポットヘルム,Dodoskin Pot Helm,8011515,,板金商オディブランド,Odibrand,2200193,prefix-variant:client=甲冑商オディブランド,グリダニア,辻店区 アーマー通り,,,"6,027"
ドードーポットヘルム,Dodoskin Pot Helm,8011515,,防具商ガネロン,Ganelon,1000116,,ウルダハ,商業層,6,4,"6,027"
ドードーポットヘルム,Dodoskin Pot Helm,8011515,,武器商スリドウルフ,Thrydwulf,1000241,,ウルダハ,商業層,5,5,"6,027"
ドードーポットヘルム,Dodoskin Pot Helm,8011515,,武器商グ・ワハイ,G'wahaii,1900191,,ウルダハ,商業層,5,4,"6,027"
ドードーポットヘルム,Dodoskin Pot Helm,8011515,,板金商イゾルド,Isaulde,1300119,prefix-variant:client=甲冑商イゾルド,ウルダハ,旅商区 アーマー横町,,,"6,027"
ドードーリストガード,Dodoskin Wristguards,8071015,,防具商ヴェーブアクト,Waebahct,1600215,,リムサ・ロミンサ,上甲板層,7,5,"1,872"
ドードーリストガード,Dodoskin Wristguards,8071015,,道具商アドリ,Adri,2200011,,リムサ・ロミンサ,上甲板層,7,7,"1,872"
ドードーリストガード,Dodoskin Wristguards,8071015,,用具商ウンシンヴィルフ,Unsynwilf,1600212,,リムサ・ロミンサ,下甲板層,5,6,"1,872"
ドードーリストガード,Dodoskin Wristguards,8071015,,服屋チャ・ザンザ,T'zanza,1900162,,リムサ・ロミンサ,商業区 ローファッション街,,,"1,872"
ドードーリストガード,Dodoskin Wristguards,8071015,,防具商ナイ・カマゾン,Naih Khamazom,1900259,,グリダニア,,6,6,"1,872"
ドードーリストガード,Dodoskin Wristguards,8071015,,道具商ウルリック,Ulric,1000245,,グリダニア,,6,5,"1,872"
ドードーリストガード,Dodoskin Wristguards,8071015,,道具商ヴォイス,Voyce,1000249,,グリダニア,,7,3,"1,872"
ドードーリストガード,Dodoskin Wristguards,8071015,,用具商デ・ボンジャ,D'bhonja,1900192,,グリダニア,,4,3,"1,872"
ドードーリストガード,Dodoskin Wristguards,8071015,,服屋カインバーグ,Kyneburg,1100086,,グリダニア,辻店区 ローファッション通り,,,"1,872"
ドードーリストガード,Dodoskin Wristguards,8071015,,防具商ガネロン,Ganelon,1000116,,ウルダハ,商業層,6,4,"1,872"
ドードーリストガード,Dodoskin Wristguards,8071015,,用具商エミヌ,Eminne,1300162,,ウルダハ,商業層,6,6,"1,872"
ドードーリストガード,Dodoskin Wristguards,8071015,,服屋ケアイラ,Keaira,1100198,,ウルダハ,旅商区 ローファッション横町,,,"1,872"
ドードーレザー,Dodo Leather,10007104,,革細工師アーナルド,Arnald,1000037,,リムサ・ロミンサ,下甲板層,6,5,"2,400"
ドードーレザー,Dodo Leather,10007104,,革細工師スペールフェダル,Spaerfedar,1600176,,グリダニア,,7,3,"2,400"
ドードーレザー,Dodo Leather,10007104,,革細工師エルギヴァ,Elgiva,1100063,,ウルダハ,商業層,6,4,"2,400"
ナイツブレッド,Knight's Bread,3010208,,酒保商人ン・カナゴ,N'canago,1900098,,クルザス,ドラゴンヘッド,39,18,"4,411"
ナイツブレッド,Knight's Bread,3010208,,酒保商人フォークス,Fawkes,1000107,,クルザス,クルケッドフォーク,48,9,"4,411"
ナイツブレッド,Knight's Bread,3010208,,酒保商人フォルガード,,,no-client-npc,クルザス,フィールド・オブ・グローリー,52,29,"4,411"
ナイツブレッド,Knight's Bread,3010208,,酒保商人ポポナグ,Poponagu,1400194,,クルザス,エバーレイクス,35,33,"4,411"
ナイツブレッド,Knight's Bread,3010208,,酒保商人シンノヴ,Synnove,1100109,,クルザス,リバーズミート,19,19,"4,411"
ナイツブレッド,Knight's Bread,3010208,,酒保商人ゼゼラギ,Zezeragi,1400195,,モードゥナ,ブリトルバーク,17,20,"4,411"
ナイツブレッド,Knight's Bread,3010208,,酒保商人プリオルフェ,Priorfaix,1200215,,モードゥナ,レヴナンツトール,10,6,"4,411"
ナツメグ,Nutmeg,3011515,,生薬屋ジョ・ランマヤ,Z'ranmaia,1900009,,リムサ・ロミンサ,上甲板層,7,3,"2,387"
にかわ,Animal Glue,10009303,,錬金術師ズズデス,Zuzudesu,1400035,,リムサ・ロミンサ,下甲板層,6,5,998
にかわ,Animal Glue,10009303,,錬金術師ムムコ,Mumuko,1500079,,グリダニア,,8,3,998
にかわ,Animal Glue,10009303,,錬金術師ジェミミ,Jemimi,1500095,,ウルダハ,政庁層,5,6,998
ノパル,Nopales,3011319,,八百屋ヴィスロール,Wysslorh,1600245,,ウルダハ,商業層,6,4,806
ノフィカミスルトゥ,Matron's Mistletoe,10009611,,土産屋エドゥイン,Aeduin,1000267,,グリダニア,,6,6,"8,243"
パイナップル,Prickly Pineapple,3011454,,八百屋ヴィスロール,Wysslorh,1600245,,ウルダハ,商業層,6,4,"4,526"
ハイランドパセリ,Highland Parsley,3011312,,調理師ヨッシー,Jossy,1100144,,リムサ・ロミンサ,上甲板層,7,3,338
バゼラード,Steel Baselard,4030115,,鍛冶師スミドヘームル,Smydhaemr,1600172,,リムサ・ロミンサ,上甲板層,7,7,"72,540"
バター,Salted Butter,3011502,,調理師ヨッシー,Jossy,1100144,,リムサ・ロミンサ,上甲板層,7,3,90
バター,Salted Butter,3011502,,粉屋リトルジョン,Littlejohn,1000166,,グリダニア,,5,3,90
バックラー,Bronze Buckler,4100504,,武器商ティルスヴェーン,Tylswaen,1600207,,リムサ・ロミンサ,上甲板層,7,5,"11,916"
バックラー,Bronze Buckler,4100504,,武器商アイアンサンダー,Iron Thunder,1600295,,リムサ・ロミンサ,商業区 ファイター街,,,"11,916"
バックラー,Bronze Buckler,4100504,,武器商ザギルヘームル,Zagylhaemr,1600253,,グリダニア,,6,6,"11,916"
バックラー,Bronze Buckler,4100504,,武器商コネイン,Conayn,1000375,,グリダニア,辻店区 ファイター通り,,,"11,916"
バックラー,Bronze Buckler,4100504,,武器商エトガル,Etgar,1000105,,ウルダハ,商業層,6,4,"11,916"
バックラー,Bronze Buckler,4100504,,武器商スリドウルフ,Thrydwulf,1000241,,ウルダハ,商業層,5,5,"11,916"
バックラー,Bronze Buckler,4100504,,魔器商ノノス,Nonosu,1500161,,ウルダハ,商業層,4,5,"11,916"
バックラー,Bronze Buckler,4100504,,武器商リラクタントボア,Reluctant Boar,1600294,,ウルダハ,旅商区 ファイター横町,,,"11,916"
バッデッドユーワンド,Budding Yew Wand,5030029,,魔器商ジュルラン,Jeulerand,1200207,,グリダニア,,2,1,"137,200"
バッデッドワンド,Budding Maple Wand,5030006,,武器商ティルスヴェーン,Tylswaen,1600207,,リムサ・ロミンサ,上甲板層,7,5,"6,554"
バッデッドワンド,Budding Maple Wand,5030006,,魔器商ブルーンフォク,Broenfohc,1600048,,リムサ・ロミンサ,商業区 ソーサラー街,,,"6,554"
バッデッドワンド,Budding Maple Wand,5030006,,武器商ザギルヘームル,Zagylhaemr,1600253,,グリダニア,,6,6,"6,554"
バッデッドワンド,Budding Maple Wand,5030006,,魔器商ドレスト,Drest,1000379,,グリダニア,辻店区 ソーサラー通り,,,"6,554"
バッデッドワンド,Budding Maple Wand,5030006,,武器商エトガル,Etgar,1000105,,ウルダハ,商業層,6,4,"6,554"
バッデッドワンド,Budding Maple Wand,5030006,,魔器商ル・ジレッコ,R'zalikko,1900032,,ウルダハ,旅商区 ソーサラー横町,,,"6,554"
バットニードル,Bat Fang Needle,6060009,,武器商ティルスヴェーン,Tylswaen,1600207,,リムサ・ロミンサ,上甲板層,7,5,"6,236"
バットニードル,Bat Fang Needle,6060009,,道具商ソーラ,Thora,1100436,,リムサ・ロミンサ,商業区 クラフター街,,,"6,236"
バットニードル,Bat Fang Needle,6060009,,武器商ザギルヘームル,Zagylhaemr,1600253,,グリダニア,,6,6,"6,236"
バットニードル,Bat Fang Needle,6060009,,道具商テンペルトン,Templeton,1000238,,グリダニア,辻店区 クラフター通り,,,"6,236"
バットニードル,Bat Fang Needle,6060009,,武器商エトガル,Etgar,1000105,,ウルダハ,商業層,6,4,"6,236"
バットニードル,Bat Fang Needle,6060009,,道具商ロサムンド,Rosamund,1100413,,ウルダハ,商業層,7,6,"6,236"
バットニードル,Bat Fang Needle,6060009,,道具商アムニ,Amenie,1300153,,ウルダハ,旅商区 クラフター横町,,,"6,236"
バッファローのサーロイン,Buffalo Sirloin,3011002,,肉屋エオルメンギルド,Eormengild,1100065,,ウルダハ,商業層,6,4,"9,902"
バッファロービーン,Buffalo Beans,3011412,,貿易商キキモ,Kikimo,1500058,,リムサ・ロミンサ,下甲板層,6,5,490
バッファロービーン,Buffalo Beans,3011412,,貿易商ドゥビコロワ,Duvicauroix,1200107,,リムサ・ロミンサ,グリダニア交易商会,,,490
バッファロービーン,Buffalo Beans,3011412,,貿易商ロエル,Roelle,1300183,,グリダニア,グリダニア交易商会,,,490
バッファロービーン,Buffalo Beans,3011412,,旅商ヘレナ,Helena,1100327,,ウルダハ,商業層,7,4,490
バッファロービーン,Buffalo Beans,3011412,,貿易商ワ・ドヤガ,W'doyagha,1900208,,ウルダハ,グリダニア交易商会,,,490
バニラビーンズ,Vanilla Beans,3011519,,生薬屋ジョ・ランマヤ,Z'ranmaia,1900009,,リムサ・ロミンサ,上甲板層,7,3,540
パプリカ,Paprika,3011314,,八百屋ヴィスロール,Wysslorh,1600245,,ウルダハ,商業層,6,4,675
バルビュート,Bronze Barbut,8011106,,武器商エイラード,Aylard,2200044,,リムサ・ロミンサ,下甲板層,4,7,"31,416"
バルビュート,Bronze Barbut,8011106,,武器商ルストバン,Roustebant,1200219,,グリダニア,,7,2,"31,416"
バルビュート,Bronze Barbut,8011106,,武器商スリドウルフ,Thrydwulf,1000241,,ウルダハ,商業層,5,5,"31,416"
パンタレット,Hempen Pantalettes,8060045,,服屋ヨレーヌ,Yolaine,1300095,,グリダニア,,6,4,108
パースニップ,Alpine Parsnip,3011303,,貿易商キキモ,Kikimo,1500058,,リムサ・ロミンサ,下甲板層,6,5,396
パースニップ,Alpine Parsnip,3011303,,貿易商ドゥビコロワ,Duvicauroix,1200107,,リムサ・ロミンサ,グリダニア交易商会,,,396
パースニップ,Alpine Parsnip,3011303,,貿易商ロエル,Roelle,1300183,,グリダニア,グリダニア交易商会,,,396
パースニップ,Alpine Parsnip,3011303,,貿易商ヨハネス,Johannes,1000147,,ウルダハ,商業層,7,4,396
パースニップ,Alpine Parsnip,3011303,,貿易商ワ・ドヤガ,W'doyagha,1900208,,ウルダハ,グリダニア交易商会,,,396
バードビークハンマー,Birdsbeak Hammer,6020005,,武器商ティルスヴェーン,Tylswaen,1600207,,リムサ・ロミンサ,上甲板層,7,5,"8,512"
バードビークハンマー,Birdsbeak Hammer,6020005,,道具商アドリ,Adri,2200011,,リムサ・ロミンサ,上甲板層,7,7,"8,512"
バードビークハンマー,Birdsbeak Hammer,6020005,,道具商ソーラ,Thora,1100436,,リムサ・ロミンサ,商業区 クラフター街,,,"8,512"
バードビークハンマー,Birdsbeak Hammer,6020005,,武器商ザギルヘームル,Zagylhaemr,1600253,,グリダニア,,6,6,"8,512"
バードビークハンマー,Birdsbeak Hammer,6020005,,道具商テンペルトン,Templeton,1000238,,グリダニア,辻店区 クラフター通り,,,"8,512"
バードビークハンマー,Birdsbeak Hammer,6020005,,武器商エトガル,Etgar,1000105,,ウルダハ,商業層,6,4,"8,512"
バードビークハンマー,Birdsbeak Hammer,6020005,,道具商アムニ,Amenie,1300153,,ウルダハ,旅商区 クラフター横町,,,"8,512"
パーニュ,Hempen Pagne,8060021,,服屋ロズレット,Roserette,1300062,,ウルダハ,商業層,6,4,108
ハーフグローブ,Hempen Halfgloves,8070320,,防具商ヴェーブアクト,Waebahct,1600215,,リムサ・ロミンサ,上甲板層,7,5,315
ハーフグローブ,Hempen Halfgloves,8070320,,道具商マルスラン,Marcelain,1200209,,リムサ・ロミンサ,上甲板層,7,7,315
ハーフグローブ,Hempen Halfgloves,8070320,,道具商レレマキ,Reremaki,1400189,,リムサ・ロミンサ,上甲板層,6,3,315
ハーフグローブ,Hempen Halfgloves,8070320,,服屋チャ・ザンザ,T'zanza,1900162,,リムサ・ロミンサ,商業区 ローファッション街,,,315
ハーフグローブ,Hempen Halfgloves,8070320,,防具商ナイ・カマゾン,Naih Khamazom,1900259,,グリダニア,,6,6,315
ハーフグローブ,Hempen Halfgloves,8070320,,服屋カインバーグ,Kyneburg,1100086,,グリダニア,辻店区 ローファッション通り,,,315
ハーフグローブ,Hempen Halfgloves,8070320,,防具商ガネロン,Ganelon,1000116,,ウルダハ,商業層,6,4,315
ハーフグローブ,Hempen Halfgloves,8070320,,道具商スレダ,Sreda,1100425,,ウルダハ,商業層,6,6,315
ハーフグローブ,Hempen Halfgloves,8070320,,道具商ロサムンド,Rosamund,1100413,,ウルダハ,商業層,7,6,315
ハーフグローブ,Hempen Halfgloves,8070320,,道具商カンプラン,Quimperain,1200217,,ウルダハ,政庁層,5,6,315
ハーフグローブ,Hempen Halfgloves,8070320,,服屋ケアイラ,Keaira,1100198,,ウルダハ,旅商区 ローファッション横町,,,315
ハーフタイツ,Hempen Halftights,8060017,,服屋ロズレット,Roserette,1300062,,ウルダハ,商業層,6,4,108
ハーフトップ,Hempen Halftop,8040045,,服屋ヨレーヌ,Yolaine,1300095,,グリダニア,,6,4,360
ハープーン,Bone Harpoon,4080005,,武器商ティルスヴェーン,Tylswaen,1600207,,リムサ・ロミンサ,上甲板層,7,5,"4,080"
ハープーン,Bone Harpoon,4080005,,武器商アイアンサンダー,Iron Thunder,1600295,,リムサ・ロミンサ,商業区 ファイター街,,,"4,080"
ハープーン,Bone Harpoon,4080005,,武器商ザギルヘームル,Zagylhaemr,1600253,,グリダニア,,6,6,"4,080"
ハープーン,Bone Harpoon,4080005,,武器商コネイン,Conayn,1000375,,グリダニア,辻店区 ファイター通り,,,"4,080"
ハープーン,Bone Harpoon,4080005,,武器商エトガル,Etgar,1000105,,ウルダハ,商業層,6,4,"4,080"
ハープーン,Bone Harpoon,4080005,,武器商リラクタントボア,Reluctant Boar,1600294,,ウルダハ,旅商区 ファイター横町,,,"4,080"
パールジンジャー,Pearl Ginger,3011508,,生薬屋ジョ・ランマヤ,Z'ranmaia,1900009,,リムサ・ロミンサ,上甲板層,7,3,43
ピクシープラム,Pixie Plums,3011453,,生薬屋ロドゥリック,Roderic,1200118,,グリダニア,,6,5,806
ピクシープラム,Pixie Plums,3011453,,旅商ググディ,Gugudi,1500011,,ウルダハ,商業層,7,4,806
ピピラ,Pipira,3011108,,魚商ホラスフィス,Holasfhis,1600272,,リムサ・ロミンサ,上甲板層,7,6,317
ビル,Iron Bill,4040405,,武器商エイラード,Aylard,2200044,,リムサ・ロミンサ,下甲板層,4,7,"100,464"
ピルバグ,Pill Bug,3940004,,用具商タタロガ,Tataroga,1400030,,ウルダハ,商業層,7,4,31
ファイル,Bronze File,6021003,,道具商アドリ,Adri,2200011,,リムサ・ロミンサ,上甲板層,7,7,"13,376"
ファイル,Bronze File,6021003,,鍛冶師アルダイルン,Ahldiyrn,1600017,,グリダニア,,8,3,"13,376"
ファイル,Bronze File,6021003,,鍛冶師デュースドルン,Doesdornn,1600057,,ウルダハ,商業層,7,4,"13,376"
フィッシュオイル,Fish Oil,10009216,,錬金術師ズズデス,Zuzudesu,1400035,,リムサ・ロミンサ,下甲板層,6,5,998
フィッシュオイル,Fish Oil,10009216,,錬金術師ムムコ,Mumuko,1500079,,グリダニア,,8,3,998
フィッシュスープ,Fish Soup,3010507,,貿易商グルミ・ボルルミ,Gurumi Borlumi,1400181,,リムサ・ロミンサ,リムサ・ロミンサ交易商会,,,"6,502"
フィッシュスープ,Fish Soup,3010507,,貿易商ゼリア,Zelia,1300096,,グリダニア,,7,4,"6,502"
フィッシュスープ,Fish Soup,3010507,,貿易商ワ・ジメイ,W'jhimei,1900209,,グリダニア,リムサ・ロミンサ交易商会,,,"6,502"
フィッシュスープ,Fish Soup,3010507,,貿易商ファブルレー,Fabrellet,1200099,,ウルダハ,商業層,6,4,"6,502"
フィッシュスープ,Fish Soup,3010507,,貿易商ダイビング・イーグル,Diving Eagle,1600319,,ウルダハ,リムサ・ロミンサ交易商会,,,"6,502"
フェアリーアップル,Faerie Apple,3011455,,園芸師グンゼリン,Gunzelin,2200132,,グリダニア,,4,3,638
フェアリーアップル,Faerie Apple,3011455,,土産屋エドゥイン,Aeduin,1000267,,グリダニア,,6,6,638
フェザントの羽根,Wildfowl Feather,10005404,,裁縫師エオジリー,Eosilie,1300037,,リムサ・ロミンサ,下甲板層,6,5,979
フェザントの羽根,Wildfowl Feather,10005404,,裁縫師フアニヌ,Foinine,1300039,,グリダニア,,7,4,979
フェザントの羽根,Wildfowl Feather,10005404,,裁縫師ノルベットー,Norbettaux,1200067,,ウルダハ,商業層,7,6,979
フェザーハープーン,Feathered Harpoon,4080008,,武器商ルストバン,Roustebant,1200219,,グリダニア,,7,2,"27,744"
フライパン,Iron Frypan,6080011,,道具商レレマキ,Reremaki,1400189,,リムサ・ロミンサ,上甲板層,6,3,"64,400"
プライヤー,Bronze Pliers,6031004,,道具商マルスラン,Marcelain,1200209,,リムサ・ロミンサ,上甲板層,7,7,"14,080"
プライヤー,Bronze Pliers,6031004,,甲冑師マテオニアン,Matheonien,1200109,,グリダニア,,7,3,"14,080"
プライヤー,Bronze Pliers,6031004,,甲冑師アルノール,Allenaure,1300010,,ウルダハ,商業層,7,4,"14,080"
ブラスアレンビック,Brass Alembic,6070010,,武器商ティルスヴェーン,Tylswaen,1600207,,リムサ・ロミンサ,上甲板層,7,5,"9,180"
ブラスアレンビック,Brass Alembic,6070010,,道具商ソーラ,Thora,1100436,,リムサ・ロミンサ,商業区 クラフター街,,,"9,180"
ブラスアレンビック,Brass Alembic,6070010,,武器商ザギルヘームル,Zagylhaemr,1600253,,グリダニア,,6,6,"9,180"
ブラスアレンビック,Brass Alembic,6070010,,道具商テンペルトン,Templeton,1000238,,グリダニア,辻店区 クラフター通り,,,"9,180"
ブラスアレンビック,Brass Alembic,6070010,,武器商エトガル,Etgar,1000105,,ウルダハ,商業層,6,4,"9,180"
ブラスアレンビック,Brass Alembic,6070010,,道具商カンプラン,Quimperain,1200217,,ウルダハ,政庁層,5,6,"9,180"
ブラスアレンビック,Brass Alembic,6070010,,道具商アムニ,Amenie,1300153,,ウルダハ,旅商区 クラフター横町,,,"9,180"
ブラスイヤリング,Brass Earrings,9030022,,宝飾商ワ・ナルキ,W'nhalki,1900103,,ウルダハ,商業層,5,5,"29,172"
ブラスインゴット,Brass Ingot,10003012,,彫金師テテウ,Teteu,1500023,,リムサ・ロミンサ,下甲板層,5,5,"3,000"
ブラスインゴット,Brass Ingot,10003012,,彫金師ガガウル,Gagaulu,1400052,,グリダニア,,8,4,"3,000"
ブラスインゴット,Brass Ingot,10003012,,彫金師パミゾロー,Pamisolaux,1200070,,ウルダハ,商業層,6,6,"3,000"
ブラスサークレット_フローライト,Brass Circlet (Fluorite),8010423,variant:ブラスサークレット（フローライト）,道具商スレダ,Sreda,1100425,,ウルダハ,商業層,6,6,"51,336"
ブラスサークレット_マラカイト,Brass Circlet (Malachite),8010422,variant:ブラスサークレット（マラカイト）,魔器商ジュルラン,Jeulerand,1200207,,グリダニア,,2,1,"51,336"
ブラスチョーカー,Brass Choker,9040028,,宝飾商ワ・ナルキ,W'nhalki,1900103,,ウルダハ,商業層,5,5,"31,008"
ブラスヘッドナイフ,Brass Head Knife,6050010,,武器商ティルスヴェーン,Tylswaen,1600207,,リムサ・ロミンサ,上甲板層,7,5,"8,341"
ブラスヘッドナイフ,Brass Head Knife,6050010,,道具商ソーラ,Thora,1100436,,リムサ・ロミンサ,商業区 クラフター街,,,"8,341"
ブラスヘッドナイフ,Brass Head Knife,6050010,,武器商ザギルヘームル,Zagylhaemr,1600253,,グリダニア,,6,6,"8,341"
ブラスヘッドナイフ,Brass Head Knife,6050010,,道具商ヴォイス,Voyce,1000249,,グリダニア,,7,3,"8,341"
ブラスヘッドナイフ,Brass Head Knife,6050010,,道具商テンペルトン,Templeton,1000238,,グリダニア,辻店区 クラフター通り,,,"8,341"
ブラスヘッドナイフ,Brass Head Knife,6050010,,武器商エトガル,Etgar,1000105,,ウルダハ,商業層,6,4,"8,341"
ブラスヘッドナイフ,Brass Head Knife,6050010,,道具商アムニ,Amenie,1300153,,ウルダハ,旅商区 クラフター横町,,,"8,341"
ブラスリストレット,Brass Wristlets,9010027,,宝飾商ワ・ナルキ,W'nhalki,1900103,,ウルダハ,商業層,5,5,"26,880"
ブラスリング,Brass Ring,9050028,,宝飾商ワ・ナルキ,W'nhalki,1900103,,ウルダハ,商業層,5,5,"23,936"
ブラスリングズ,Brass Rings,10003052,,彫金師テテウ,Teteu,1500023,,リムサ・ロミンサ,下甲板層,5,5,"2,400"
ブラスリングズ,Brass Rings,10003052,,彫金師ガガウル,Gagaulu,1400052,,グリダニア,,8,4,"2,400"
ブラスリングズ,Brass Rings,10003052,,彫金師パミゾロー,Pamisolaux,1200070,,ウルダハ,商業層,6,6,"2,400"
ブラックペッパー,Black Pepper,3011507,,調理師ペ・ソンジャ,P'sonjha,1900008,,ウルダハ,商業層,6,4,479
ブラックペッパー,Black Pepper,3011507,,旅商ググディ,Gugudi,1500011,,ウルダハ,商業層,7,4,479
ブラッドカーラント,Blood Currants,3011457,,貿易商キキモ,Kikimo,1500058,,リムサ・ロミンサ,下甲板層,6,5,"1,310"
ブラッドカーラント,Blood Currants,3011457,,貿易商ドゥビコロワ,Duvicauroix,1200107,,リムサ・ロミンサ,グリダニア交易商会,,,"1,310"
ブラッドカーラント,Blood Currants,3011457,,土産屋エドゥイン,Aeduin,1000267,,グリダニア,,6,6,"1,310"
ブラッドカーラント,Blood Currants,3011457,,貿易商ロエル,Roelle,1300183,,グリダニア,グリダニア交易商会,,,"1,310"
ブラッドカーラント,Blood Currants,3011457,,貿易商ワ・ドヤガ,W'doyagha,1900208,,ウルダハ,グリダニア交易商会,,,"1,310"
フラットブレッド,Flatbread,3010201,,茶屋キルー,Quiloud,1200011,,ウルダハ,商業層,7,4,97
ブラッドワーム,Bloodworm,3940001,,武器商ティルスヴェーン,Tylswaen,1600207,,リムサ・ロミンサ,上甲板層,7,5,3
ブラッドワーム,Bloodworm,3940001,,用具商ペ・ンドロボ,P'ndolobo,1900002,,リムサ・ロミンサ,下甲板層,5,5,3
ブラッドワーム,Bloodworm,3940001,,用具商シンエイヒル,Syneyhil,1600193,,リムサ・ロミンサ,商業区 ギャザラー街,,,3
ブラッドワーム,Bloodworm,3940001,,武器商ザギルヘームル,Zagylhaemr,1600253,,グリダニア,,6,6,3
ブラッドワーム,Bloodworm,3940001,,用具商グリエルメ,Grillairmais,1200202,,グリダニア,辻店区 ギャザラー通り,,,3
ブラッドワーム,Bloodworm,3940001,,武器商エトガル,Etgar,1000105,,ウルダハ,商業層,6,4,3
ブラッドワーム,Bloodworm,3940001,,用具商テテトカ,Tetetoka,1400188,,ウルダハ,旅商区 ギャザラー横町,,,3
フランシスカ,Bronze Francisca,3910201,,武器商ケリッヒ,Kerrich,1000154,,リムサ・ロミンサ,上甲板層,7,6,91
ブリーチ,Hempen Breeches,8050220,,防具商ヴェーブアクト,Waebahct,1600215,,リムサ・ロミンサ,上甲板層,7,5,234
ブリーチ,Hempen Breeches,8050220,,武器商エイラード,Aylard,2200044,,リムサ・ロミンサ,下甲板層,4,7,234
ブリーチ,Hempen Breeches,8050220,,道具商マルスラン,Marcelain,1200209,,リムサ・ロミンサ,上甲板層,7,7,234
ブリーチ,Hempen Breeches,8050220,,道具商レレマキ,Reremaki,1400189,,リムサ・ロミンサ,上甲板層,6,3,234
ブリーチ,Hempen Breeches,8050220,,靴屋シェイリー,Shaylee,1100215,,リムサ・ロミンサ,商業区 ローファッション街,,,234
ブリーチ,Hempen Breeches,8050220,,防具商ナイ・カマゾン,Naih Khamazom,1900259,,グリダニア,,6,6,234
ブリーチ,Hempen Breeches,8050220,,武器商ルストバン,Roustebant,1200219,,グリダニア,,7,2,234
ブリーチ,Hempen Breeches,8050220,,武器商ドエル,Doelle,1300157,,グリダニア,,8,5,234
ブリーチ,Hempen Breeches,8050220,,魔器商ジュルラン,Jeulerand,1200207,,グリダニア,,2,1,234
ブリーチ,Hempen Breeches,8050220,,靴屋ウリス,Urith,1100111,,グリダニア,辻店区 ローファッション通り,,,234
ブリーチ,Hempen Breeches,8050220,,防具商ガネロン,Ganelon,1000116,,ウルダハ,商業層,6,4,234
ブリーチ,Hempen Breeches,8050220,,武器商スリドウルフ,Thrydwulf,1000241,,ウルダハ,商業層,5,5,234
ブリーチ,Hempen Breeches,8050220,,武器商グ・ワハイ,G'wahaii,1900191,,ウルダハ,商業層,5,4,234
ブリーチ,Hempen Breeches,8050220,,魔器商ノノス,Nonosu,1500161,,ウルダハ,商業層,4,5,234
ブリーチ,Hempen Breeches,8050220,,道具商スレダ,Sreda,1100425,,ウルダハ,商業層,6,6,234
ブリーチ,Hempen Breeches,8050220,,道具商ロサムンド,Rosamund,1100413,,ウルダハ,商業層,7,6,234
ブリーチ,Hempen Breeches,8050220,,道具商カンプラン,Quimperain,1200217,,ウルダハ,政庁層,5,6,234
ブリーチ,Hempen Breeches,8050220,,靴屋ワルドヒア,Waldhere,2200233,,ウルダハ,旅商区 ローファッション横町,,,234
フルメンティ,Frumenty,3010202,,酒保商人ジェラルジュ,Gerraldieux,1200051,,黒衣森,ベントブランチ,33,32,64
フルメンティ,Frumenty,3010202,,酒保商人ゼッヘクレフ,Zehkrepf,1600259,,黒衣森,ナインアイビー,48,29,64
フルメンティ,Frumenty,3010202,,酒保商人マエヌ,Maenne,1300196,,黒衣森,エメラルドモス,20,20,64
フルメンティ,Frumenty,3010202,,酒保商人ノルレズ,Norlaise,1300197,,黒衣森,クリムゾンバーク,15,32,64
フルメンティ,Frumenty,3010202,,酒保商人エドウィン,Edwyn,1000096,,黒衣森,トランキルパス,38,49,64
フルメンティ,Frumenty,3010202,,酒保商人ライ・カータポ,Raih Kaatapoh,1900262,,黒衣森,パスカロン監視所,35,43,64
フルメンティ,Frumenty,3010202,,酒保商人ユジャジャ,Yujaja,1500164,,黒衣森,ホスソーン家の山塞,50,32,64
ブルードルチェ,Blue Cheese,3010015,,調理師ヨッシー,Jossy,1100144,,リムサ・ロミンサ,上甲板層,7,3,"1,260"
プルームドピック,Plumed Bronze Pickaxe,7010007,,武器商ティルスヴェーン,Tylswaen,1600207,,リムサ・ロミンサ,上甲板層,7,5,"8,512"
プルームドピック,Plumed Bronze Pickaxe,7010007,,用具商シンエイヒル,Syneyhil,1600193,,リムサ・ロミンサ,商業区 ギャザラー街,,,"8,512"
プルームドピック,Plumed Bronze Pickaxe,7010007,,武器商ザギルヘームル,Zagylhaemr,1600253,,グリダニア,,6,6,"8,512"
プルームドピック,Plumed Bronze Pickaxe,7010007,,用具商グリエルメ,Grillairmais,1200202,,グリダニア,辻店区 ギャザラー通り,,,"8,512"
プルームドピック,Plumed Bronze Pickaxe,7010007,,武器商エトガル,Etgar,1000105,,ウルダハ,商業層,6,4,"8,512"
プルームドピック,Plumed Bronze Pickaxe,7010007,,用具商エミヌ,Eminne,1300162,,ウルダハ,商業層,6,6,"8,512"
プルームドピック,Plumed Bronze Pickaxe,7010007,,用具商テテトカ,Tetetoka,1400188,,ウルダハ,旅商区 ギャザラー横町,,,"8,512"
プルームドミスリルピック,Plumed Mythril Pickaxe,7010012,,用具商エミヌ,Eminne,1300162,,ウルダハ,商業層,6,6,"163,400"
ブレイ,Hempen Braies,8060029,,服屋ヨレーヌ,Yolaine,1300095,,グリダニア,,6,4,108
ブレストクロス,Hempen Breastcloth,8040021,,服屋ロズレット,Roserette,1300062,,ウルダハ,商業層,6,4,360
ブロンズアロー,Bronze Arrow,3920004,,貿易商キキモ,Kikimo,1500058,,リムサ・ロミンサ,下甲板層,6,5,6
ブロンズアロー,Bronze Arrow,3920004,,貿易商ドゥビコロワ,Duvicauroix,1200107,,リムサ・ロミンサ,グリダニア交易商会,,,6
ブロンズアロー,Bronze Arrow,3920004,,弓師トヴィルモト,Twyrmoht,1600206,,グリダニア,,7,2,6
ブロンズアロー,Bronze Arrow,3920004,,貿易商ロエル,Roelle,1300183,,グリダニア,グリダニア交易商会,,,6
ブロンズアロー,Bronze Arrow,3920004,,貿易商ヨハネス,Johannes,1000147,,ウルダハ,商業層,7,4,6
ブロンズアロー,Bronze Arrow,3920004,,貿易商ワ・ドヤガ,W'doyagha,1900208,,ウルダハ,グリダニア交易商会,,,6
ブロンズインゴット,Bronze Ingot,10002011,,鍛冶師スミドヘームル,Smydhaemr,1600172,,リムサ・ロミンサ,上甲板層,7,7,"1,500"
ブロンズインゴット,Bronze Ingot,10002011,,鍛冶師アルダイルン,Ahldiyrn,1600017,,グリダニア,,8,3,"1,500"
ブロンズインゴット,Bronze Ingot,10002011,,鍛冶師デュースドルン,Doesdornn,1600057,,ウルダハ,商業層,7,4,"1,500"
ブロンズプレート,Bronze Plate,10002021,,甲冑師ジョエロー,Joellaut,1200058,,リムサ・ロミンサ,上甲板層,7,7,"3,300"
ブロンズプレート,Bronze Plate,10002021,,甲冑師マテオニアン,Matheonien,1200109,,グリダニア,,7,3,"3,300"
ブロンズプレート,Bronze Plate,10002021,,甲冑師アルノール,Allenaure,1300010,,ウルダハ,商業層,7,4,"3,300"
ブロンズリベット,Bronze Rivets,10002071,,鍛冶師スミドヘームル,Smydhaemr,1600172,,リムサ・ロミンサ,上甲板層,7,7,600
ブロンズリベット,Bronze Rivets,10002071,,鍛冶師アルダイルン,Ahldiyrn,1600017,,グリダニア,,8,3,600
ブロンズリベット,Bronze Rivets,10002071,,鍛冶師デュースドルン,Doesdornn,1600057,,ウルダハ,商業層,7,4,600
ブロンズリングズ,Bronze Rings,10002051,,甲冑師ジョエロー,Joellaut,1200058,,リムサ・ロミンサ,上甲板層,7,7,"1,200"
ブロンズリングズ,Bronze Rings,10002051,,甲冑師マテオニアン,Matheonien,1200109,,グリダニア,,7,3,"1,200"
ブロンズリングズ,Bronze Rings,10002051,,甲冑師アルノール,Allenaure,1300010,,ウルダハ,商業層,7,4,"1,200"
フローティングミノー,Floating Minnow,3940106,,漁師ルヴィオヌ,Louviaune,1300050,,リムサ・ロミンサ,下甲板層,6,6,489
ベニザリガニ,Crimson Crayfish,3011104,,魚商ホラスフィス,Holasfhis,1600272,,リムサ・ロミンサ,上甲板層,7,6,115
ベラドンナ,Belladonna,10009406,,生薬屋ロドゥリック,Roderic,1200118,,グリダニア,,6,5,"2,995"
ベルベティーンウェッジキャップ,Velveteen Wedge Cap,8012716,,道具商アドリ,Adri,2200011,,リムサ・ロミンサ,上甲板層,7,7,"59,136"
ベルベティーンウェッジキャップ,Velveteen Wedge Cap,8012716,,用具商ウンシンヴィルフ,Unsynwilf,1600212,,リムサ・ロミンサ,下甲板層,5,6,"59,136"
ベルベティーンウェッジキャップ,Velveteen Wedge Cap,8012716,,道具商ヴォイス,Voyce,1000249,,グリダニア,,7,3,"59,136"
ベルベティーンウェッジキャップ,Velveteen Wedge Cap,8012716,,道具商ロサムンド,Rosamund,1100413,,ウルダハ,商業層,7,6,"59,136"
ベルベティーンゲイター,Velveteen Gaiters,8081616,,道具商アドリ,Adri,2200011,,リムサ・ロミンサ,上甲板層,7,7,"48,048"
ベルベティーンゲイター,Velveteen Gaiters,8081616,,用具商ウンシンヴィルフ,Unsynwilf,1600212,,リムサ・ロミンサ,下甲板層,5,6,"48,048"
ベルベティーンゲイター,Velveteen Gaiters,8081616,,道具商ウルリック,Ulric,1000245,,グリダニア,,6,5,"48,048"
ベルベティーンゲイター,Velveteen Gaiters,8081616,,道具商ロサムンド,Rosamund,1100413,,ウルダハ,商業層,7,6,"48,048"
ベルベティーンコーティー,Velveteen Coatee,8032221,,道具商アドリ,Adri,2200011,,リムサ・ロミンサ,上甲板層,7,7,"110,880"
ベルベティーンコーティー,Velveteen Coatee,8032221,,用具商ウンシンヴィルフ,Unsynwilf,1600212,,リムサ・ロミンサ,下甲板層,5,6,"110,880"
ベルベティーンコーティー,Velveteen Coatee,8032221,,道具商ヴォイス,Voyce,1000249,,グリダニア,,7,3,"110,880"
ベルベティーンコーティー,Velveteen Coatee,8032221,,道具商ロサムンド,Rosamund,1100413,,ウルダハ,商業層,7,6,"110,880"
ベルベティーンサルエル,Velveteen Sarouel,8050712,,道具商レレマキ,Reremaki,1400189,,リムサ・ロミンサ,上甲板層,6,3,"35,100"
ベルベティーンサルエル,Velveteen Sarouel,8050712,,武器商ドエル,Doelle,1300157,,グリダニア,,8,5,"35,100"
ベルベティーンサルエル,Velveteen Sarouel,8050712,,武器商グ・ワハイ,G'wahaii,1900191,,ウルダハ,商業層,5,4,"35,100"
ベルベティーンサルエル,Velveteen Sarouel,8050712,,道具商カンプラン,Quimperain,1200217,,ウルダハ,政庁層,5,6,"35,100"
ベルベティーンサルエル,Velveteen Sarouel,8050712,,用具商エミヌ,Eminne,1300162,,ウルダハ,商業層,6,6,"35,100"
ベルベティーンシャツ,Velveteen Shirt,8030717,,武器商ドエル,Doelle,1300157,,グリダニア,,8,5,"117,000"
ベルベティーンシャツ,Velveteen Shirt,8030717,,武器商グ・ワハイ,G'wahaii,1900191,,ウルダハ,商業層,5,4,"117,000"
ベルベティーンシュガーローフ,Velveteen Sugarloaf Hat,8010914,,道具商レレマキ,Reremaki,1400189,,リムサ・ロミンサ,上甲板層,6,3,"145,868"
ベルベティーンシュガーローフ,Velveteen Sugarloaf Hat,8010914,,魔器商ジュルラン,Jeulerand,1200207,,グリダニア,,2,1,"145,868"
ベルベティーンシュガーローフ,Velveteen Sugarloaf Hat,8010914,,道具商カンプラン,Quimperain,1200217,,ウルダハ,政庁層,5,6,"145,868"
ベルベティーンショーティ,Velveteen Shortgloves,8071116,,道具商アドリ,Adri,2200011,,リムサ・ロミンサ,上甲板層,7,7,"36,960"
ベルベティーンショーティ,Velveteen Shortgloves,8071116,,用具商ウンシンヴィルフ,Unsynwilf,1600212,,リムサ・ロミンサ,下甲板層,5,6,"36,960"
ベルベティーンショーティ,Velveteen Shortgloves,8071116,,道具商ウルリック,Ulric,1000245,,グリダニア,,6,5,"36,960"
ベルベティーンショーティ,Velveteen Shortgloves,8071116,,道具商ロサムンド,Rosamund,1100413,,ウルダハ,商業層,7,6,"36,960"
ベルベティーンタイツ,Velveteen Tights,8051018,,魔器商ジュルラン,Jeulerand,1200207,,グリダニア,,2,1,"39,655"
ベルベティーンタイツ,Velveteen Tights,8051018,,魔器商ノノス,Nonosu,1500161,,ウルダハ,商業層,4,5,"39,655"
ベルベティーンダブレットベスト,Velveteen Doublet Vest,8031230,,道具商マルスラン,Marcelain,1200209,,リムサ・ロミンサ,上甲板層,7,7,"177,600"
ベルベティーンダブレットベスト,Velveteen Doublet Vest,8031230,,用具商ウンシンヴィルフ,Unsynwilf,1600212,,リムサ・ロミンサ,下甲板層,5,6,"177,600"
ベルベティーンダブレットベスト,Velveteen Doublet Vest,8031230,,道具商ウルリック,Ulric,1000245,,グリダニア,,6,5,"177,600"
ベルベティーンダブレットベスト,Velveteen Doublet Vest,8031230,,用具商デ・ボンジャ,D'bhonja,1900192,,グリダニア,,4,3,"177,600"
ベルベティーンダブレットベスト,Velveteen Doublet Vest,8031230,,用具商エミヌ,Eminne,1300162,,ウルダハ,商業層,6,6,"177,600"
ベルベティーンターバン,Velveteen Turban,8011315,,武器商ドエル,Doelle,1300157,,グリダニア,,8,5,"40,950"
ベルベティーンターバン,Velveteen Turban,8011315,,武器商グ・ワハイ,G'wahaii,1900191,,ウルダハ,商業層,5,4,"40,950"
ベルベティーントラウザー,Velveteen Trousers,8050120,,武器商ルストバン,Roustebant,1200219,,グリダニア,,7,2,"119,340"
ベルベティーントラウザー,Velveteen Trousers,8050120,,武器商スリドウルフ,Thrydwulf,1000241,,ウルダハ,商業層,5,5,"119,340"
ベルベティーンバンダナ,Velveteen Bandana,8011016,,道具商マルスラン,Marcelain,1200209,,リムサ・ロミンサ,上甲板層,7,7,"50,778"
ベルベティーンバンダナ,Velveteen Bandana,8011016,,道具商ウルリック,Ulric,1000245,,グリダニア,,6,5,"50,778"
ベルベティーンバンダナ,Velveteen Bandana,8011016,,用具商デ・ボンジャ,D'bhonja,1900192,,グリダニア,,4,3,"50,778"
ベルベティーンハーフローブ,Velveteen Robe,8031419,,道具商レレマキ,Reremaki,1400189,,リムサ・ロミンサ,上甲板層,6,3,"156,240"
ベルベティーンハーフローブ,Velveteen Robe,8031419,,道具商カンプラン,Quimperain,1200217,,ウルダハ,政庁層,5,6,"156,240"
ベルベティーンボトム,Velveteen Bottom,8051216,,道具商アドリ,Adri,2200011,,リムサ・ロミンサ,上甲板層,7,7,"40,656"
ベルベティーンボトム,Velveteen Bottom,8051216,,用具商ウンシンヴィルフ,Unsynwilf,1600212,,リムサ・ロミンサ,下甲板層,5,6,"40,656"
ベルベティーンボトム,Velveteen Bottom,8051216,,道具商ヴォイス,Voyce,1000249,,グリダニア,,7,3,"40,656"
ベルベティーンボトム,Velveteen Bottom,8051216,,道具商ロサムンド,Rosamund,1100413,,ウルダハ,商業層,7,6,"40,656"
ボアクラコー,Boarskin Crakows,8080517,,道具商マルスラン,Marcelain,1200209,,リムサ・ロミンサ,上甲板層,7,7,"87,360"
ボアクラコー,Boarskin Crakows,8080517,,道具商レレマキ,Reremaki,1400189,,リムサ・ロミンサ,上甲板層,6,3,"87,360"
ボアクラコー,Boarskin Crakows,8080517,,用具商ウンシンヴィルフ,Unsynwilf,1600212,,リムサ・ロミンサ,下甲板層,5,6,"87,360"
ボアクラコー,Boarskin Crakows,8080517,,武器商ドエル,Doelle,1300157,,グリダニア,,8,5,"87,360"
ボアクラコー,Boarskin Crakows,8080517,,魔器商ジュルラン,Jeulerand,1200207,,グリダニア,,2,1,"87,360"
ボアクラコー,Boarskin Crakows,8080517,,道具商ヴォイス,Voyce,1000249,,グリダニア,,7,3,"87,360"
ボアクラコー,Boarskin Crakows,8080517,,用具商デ・ボンジャ,D'bhonja,1900192,,グリダニア,,4,3,"87,360"
ボアクラコー,Boarskin Crakows,8080517,,武器商グ・ワハイ,G'wahaii,1900191,,ウルダハ,商業層,5,4,"87,360"
ボアクラコー,Boarskin Crakows,8080517,,魔器商ノノス,Nonosu,1500161,,ウルダハ,商業層,4,5,"87,360"
ボアクラコー,Boarskin Crakows,8080517,,道具商スレダ,Sreda,1100425,,ウルダハ,商業層,6,6,"87,360"
ボアクラコー,Boarskin Crakows,8080517,,道具商カンプラン,Quimperain,1200217,,ウルダハ,政庁層,5,6,"87,360"
ボアクラコー,Boarskin Crakows,8080517,,用具商エミヌ,Eminne,1300162,,ウルダハ,商業層,6,6,"87,360"
ボアサブリガ,Boarskin Subligar,8050509,,武器商エイラード,Aylard,2200044,,リムサ・ロミンサ,下甲板層,4,7,"102,564"
ボアサブリガ,Boarskin Subligar,8050509,,武器商グ・ワハイ,G'wahaii,1900191,,ウルダハ,商業層,5,4,"102,564"
ボアハーネス,Boarskin Harness,8031516,,武器商エイラード,Aylard,2200044,,リムサ・ロミンサ,下甲板層,4,7,"341,880"
ボアハーネス,Boarskin Harness,8031516,,武器商グ・ワハイ,G'wahaii,1900191,,ウルダハ,商業層,5,4,"341,880"
ボアヒマンテス,Boarskin Himantes,4020110,,武器商グ・ワハイ,G'wahaii,1900191,,ウルダハ,商業層,5,4,"134,400"
ボアフィンガレスグローブ,Fingerless Boarskin Gloves,8070517,,道具商マルスラン,Marcelain,1200209,,リムサ・ロミンサ,上甲板層,7,7,"76,440"
ボアフィンガレスグローブ,Fingerless Boarskin Gloves,8070517,,道具商レレマキ,Reremaki,1400189,,リムサ・ロミンサ,上甲板層,6,3,"76,440"
ボアフィンガレスグローブ,Fingerless Boarskin Gloves,8070517,,用具商ウンシンヴィルフ,Unsynwilf,1600212,,リムサ・ロミンサ,下甲板層,5,6,"76,440"
ボアフィンガレスグローブ,Fingerless Boarskin Gloves,8070517,,武器商ドエル,Doelle,1300157,,グリダニア,,8,5,"76,440"
ボアフィンガレスグローブ,Fingerless Boarskin Gloves,8070517,,道具商ヴォイス,Voyce,1000249,,グリダニア,,7,3,"76,440"
ボアフィンガレスグローブ,Fingerless Boarskin Gloves,8070517,,用具商デ・ボンジャ,D'bhonja,1900192,,グリダニア,,4,3,"76,440"
ボアフィンガレスグローブ,Fingerless Boarskin Gloves,8070517,,武器商グ・ワハイ,G'wahaii,1900191,,ウルダハ,商業層,5,4,"76,440"
ボアフィンガレスグローブ,Fingerless Boarskin Gloves,8070517,,道具商スレダ,Sreda,1100425,,ウルダハ,商業層,6,6,"76,440"
ボアフィンガレスグローブ,Fingerless Boarskin Gloves,8070517,,道具商カンプラン,Quimperain,1200217,,ウルダハ,政庁層,5,6,"76,440"
ボアフィンガレスグローブ,Fingerless Boarskin Gloves,8070517,,用具商エミヌ,Eminne,1300162,,ウルダハ,商業層,6,6,"76,440"
ボアリングバンド,Boarskin Ringbands,8071204,,魔器商ジュルラン,Jeulerand,1200207,,グリダニア,,2,1,"84,722"
ボアリングバンド,Boarskin Ringbands,8071204,,魔器商ノノス,Nonosu,1500161,,ウルダハ,商業層,4,5,"84,722"
ボイルドエッグ,Boiled Egg,3010003,,酒保商人サンガイヴ,Sungyve,1100108,,ラノシア,ビアデッドロック,25,29,112
ボイルドエッグ,Boiled Egg,3010003,,酒保商人ヒヒヤジャ,Hihiyaja,1400190,,ラノシア,スカルバレー,15,18,112
ボイルドエッグ,Boiled Egg,3010003,,酒保商人ダウイッド,Dauid,1000083,,ラノシア,バルドノール,6,16,112
ボイルドエッグ,Boiled Egg,3010003,,酒保商人ダニェル,Danyell,1000082,,ラノシア,ブラッドショア,36,20,112
ボイルドエッグ,Boiled Egg,3010003,,酒保商人アイルファ,Aylufa,1100051,,ラノシア,アイアンレイク,22,7,112
ボイルドエッグ,Boiled Egg,3010003,,酒保商人ハス・パニパー,Hahs Panipahr,1900253,,ラノシア,レッドルースター農場,36,25,112
ボイルドエッグ,Boiled Egg,3010003,,酒保商人パパワズ,Papawazu,1400191,,ラノシア,ハーフストーン入植地,7,20,112
ボイルドエッグ,Boiled Egg,3010003,,酒保商人ジェラルジュ,Gerraldieux,1200051,,黒衣森,ベントブランチ,33,32,112
ボイルドエッグ,Boiled Egg,3010003,,酒保商人ゼッヘクレフ,Zehkrepf,1600259,,黒衣森,ナインアイビー,48,29,112
ボイルドエッグ,Boiled Egg,3010003,,酒保商人マエヌ,Maenne,1300196,,黒衣森,エメラルドモス,20,20,112
ボイルドエッグ,Boiled Egg,3010003,,酒保商人ノルレズ,Norlaise,1300197,,黒衣森,クリムゾンバーク,15,32,112
ボイルドエッグ,Boiled Egg,3010003,,酒保商人エドウィン,Edwyn,1000096,,黒衣森,トランキルパス,38,49,112
ボイルドエッグ,Boiled Egg,3010003,,酒保商人ライ・カータポ,Raih Kaatapoh,1900262,,黒衣森,パスカロン監視所,35,43,112
ボイルドエッグ,Boiled Egg,3010003,,酒保商人ユジャジャ,Yujaja,1500164,,黒衣森,ホスソーン家の山塞,50,32,112
ボイルドエッグ,Boiled Egg,3010003,,酒保商人ベネディクト,Benedict,1000047,,ザナラーン,ブラックブラッシュ,27,26,112
ボイルドエッグ,Boiled Egg,3010003,,酒保商人ロジュダンレル,Logedanrel,1200208,,ザナラーン,ドライボーン,39,25,112
ボイルドエッグ,Boiled Egg,3010003,,酒保商人ヴィシュトスン,Wistsunn,1600231,,ザナラーン,ホライズンエッジ,13,29,112
ボイルドエッグ,Boiled Egg,3010003,,酒保商人モントルガン,Montorgains,1200210,,ザナラーン,ブルーフォグ,25,13,112
ボイルドエッグ,Boiled Egg,3010003,,酒保商人ヴントヒムル,Wunthyml,1600232,,ザナラーン,ブロークンウォーター,43,40,112
ボイルドエッグ,Boiled Egg,3010003,,酒保商人ウララ,Ulala,1500163,,ザナラーン,旅亭コッファー＆コフィン」,9,27,112
ボイルドエッグ,Boiled Egg,3010003,,酒保商人ハウ・バジリ,Hawu Bajihri,1900258,,ザナラーン,8号霊銀試掘場,40,28,112
ボディス,Hempen Bodice,8040033,,服屋ヨレーヌ,Yolaine,1300095,,グリダニア,,6,4,360
ポポト,Popoto,3011307,,船乗りス・ナヤック,S'gnayak,1900048,,リムサ・ロミンサ,下甲板層,6,5,842
ホラ,Bone Hora,4020005,,武器商ティルスヴェーン,Tylswaen,1600207,,リムサ・ロミンサ,上甲板層,7,5,"3,180"
ホラ,Bone Hora,4020005,,武器商アイアンサンダー,Iron Thunder,1600295,,リムサ・ロミンサ,商業区 ファイター街,,,"3,180"
ホラ,Bone Hora,4020005,,武器商ザギルヘームル,Zagylhaemr,1600253,,グリダニア,,6,6,"3,180"
ホラ,Bone Hora,4020005,,武器商コネイン,Conayn,1000375,,グリダニア,辻店区 ファイター通り,,,"3,180"
ホラ,Bone Hora,4020005,,武器商エトガル,Etgar,1000105,,ウルダハ,商業層,6,4,"3,180"
ホラ,Bone Hora,4020005,,武器商リラクタントボア,Reluctant Boar,1600294,,ウルダハ,旅商区 ファイター横町,,,"3,180"
ホワイトパール,Pearl,10004125,,彫金師テテウ,Teteu,1500023,,リムサ・ロミンサ,下甲板層,5,5,"37,620"
ホワイトパール,Pearl,10004125,,彫金師ガガウル,Gagaulu,1400052,,グリダニア,,8,4,"37,620"
ホワイトパール,Pearl,10004125,,彫金師パミゾロー,Pamisolaux,1200070,,ウルダハ,商業層,6,6,"37,620"
ポーション,Potion,3020001,,貿易商キキモ,Kikimo,1500058,,リムサ・ロミンサ,下甲板層,6,5,650
ポーション,Potion,3020001,,貿易商グルミ・ボルルミ,Gurumi Borlumi,1400181,,リムサ・ロミンサ,リムサ・ロミンサ交易商会,,,650
ポーション,Potion,3020001,,貿易商ドゥビコロワ,Duvicauroix,1200107,,リムサ・ロミンサ,グリダニア交易商会,,,650
ポーション,Potion,3020001,,貿易商ゼリア,Zelia,1300096,,グリダニア,,7,4,650
ポーション,Potion,3020001,,貿易商ロエル,Roelle,1300183,,グリダニア,グリダニア交易商会,,,650
ポーション,Potion,3020001,,貿易商ワ・ジメイ,W'jhimei,1900209,,グリダニア,リムサ・ロミンサ交易商会,,,650
ポーション,Potion,3020001,,貿易商ヨハネス,Johannes,1000147,,ウルダハ,商業層,7,4,650
ポーション,Potion,3020001,,貿易商ダイビング・イーグル,Diving Eagle,1600319,,ウルダハ,リムサ・ロミンサ交易商会,,,650
ポーション,Potion,3020001,,貿易商ワ・ドヤガ,W'doyagha,1900208,,ウルダハ,グリダニア交易商会,,,650
ポーション,Potion,3020001,,酒保商人サンガイヴ,Sungyve,1100108,,ラノシア,ビアデッドロック,25,29,650
ポーション,Potion,3020001,,酒保商人ヒヒヤジャ,Hihiyaja,1400190,,ラノシア,スカルバレー,15,18,650
ポーション,Potion,3020001,,酒保商人ダウイッド,Dauid,1000083,,ラノシア,バルドノール,6,16,650
ポーション,Potion,3020001,,酒保商人ダニェル,Danyell,1000082,,ラノシア,ブラッドショア,36,20,650
ポーション,Potion,3020001,,酒保商人アイルファ,Aylufa,1100051,,ラノシア,アイアンレイク,22,7,650
ポーション,Potion,3020001,,酒保商人ハス・パニパー,Hahs Panipahr,1900253,,ラノシア,レッドルースター農場,36,25,650
ポーション,Potion,3020001,,酒保商人パパワズ,Papawazu,1400191,,ラノシア,ハーフストーン入植地,7,20,650
ポーション,Potion,3020001,,酒保商人ジェラルジュ,Gerraldieux,1200051,,黒衣森,ベントブランチ,33,32,650
ポーション,Potion,3020001,,酒保商人ゼッヘクレフ,Zehkrepf,1600259,,黒衣森,ナインアイビー,48,29,650
ポーション,Potion,3020001,,酒保商人マエヌ,Maenne,1300196,,黒衣森,エメラルドモス,20,20,650
ポーション,Potion,3020001,,酒保商人ノルレズ,Norlaise,1300197,,黒衣森,クリムゾンバーク,15,32,650
ポーション,Potion,3020001,,酒保商人エドウィン,Edwyn,1000096,,黒衣森,トランキルパス,38,49,650
ポーション,Potion,3020001,,酒保商人ライ・カータポ,Raih Kaatapoh,1900262,,黒衣森,パスカロン監視所,35,43,650
ポーション,Potion,3020001,,酒保商人ユジャジャ,Yujaja,1500164,,黒衣森,ホスソーン家の山塞,50,32,650
ポーション,Potion,3020001,,酒保商人ベネディクト,Benedict,1000047,,ザナラーン,ブラックブラッシュ,27,26,650
ポーション,Potion,3020001,,酒保商人ロジュダンレル,Logedanrel,1200208,,ザナラーン,ドライボーン,39,25,650
ポーション,Potion,3020001,,酒保商人ヴィシュトスン,Wistsunn,1600231,,ザナラーン,ホライズンエッジ,13,29,650
ポーション,Potion,3020001,,酒保商人モントルガン,Montorgains,1200210,,ザナラーン,ブルーフォグ,25,13,650
ポーション,Potion,3020001,,酒保商人ヴントヒムル,Wunthyml,1600232,,ザナラーン,ブロークンウォーター,43,40,650
ポーション,Potion,3020001,,酒保商人ウララ,Ulala,1500163,,ザナラーン,旅亭コッファー＆コフィン」,9,27,650
ポーション,Potion,3020001,,酒保商人ハウ・バジリ,Hawu Bajihri,1900258,,ザナラーン,8号霊銀試掘場,40,28,650
ホーンフィッシングロッド,Horn Fishing Rod,7030013,,用具商ウンシンヴィルフ,Unsynwilf,1600212,,リムサ・ロミンサ,下甲板層,5,6,"155,400"
マグワート,Mugwort,3011545,,雑貨商フスクネー,Fousquenet,1200048,,リムサ・ロミンサ,下甲板層,5,5,"2,009"
マスタードエッグズ,Mustard Eggs,3010016,,酒保商人ン・カナゴ,N'canago,1900098,,クルザス,ドラゴンヘッド,39,18,"2,227"
マスタードエッグズ,Mustard Eggs,3010016,,酒保商人フォークス,Fawkes,1000107,,クルザス,クルケッドフォーク,48,9,"2,227"
マスタードエッグズ,Mustard Eggs,3010016,,酒保商人フォルガード,,,no-client-npc,クルザス,フィールド・オブ・グローリー,52,29,"2,227"
マスタードエッグズ,Mustard Eggs,3010016,,酒保商人ポポナグ,Poponagu,1400194,,クルザス,エバーレイクス,35,33,"2,227"
マスタードエッグズ,Mustard Eggs,3010016,,酒保商人シンノヴ,Synnove,1100109,,クルザス,リバーズミート,19,19,"2,227"
マスタードエッグズ,Mustard Eggs,3010016,,酒保商人ゼゼラギ,Zezeragi,1400195,,モードゥナ,ブリトルバーク,17,20,"2,227"
マスタードエッグズ,Mustard Eggs,3010016,,酒保商人プリオルフェ,Priorfaix,1200215,,モードゥナ,レヴナンツトール,10,6,"2,227"
マトンのロイン,Mutton Loin,3011005,,肉屋エオルメンギルド,Eormengild,1100065,,ウルダハ,商業層,6,4,662
マンドレイク,Mandrake,10009401,,生薬屋ジョ・ランマヤ,Z'ranmaia,1900009,,リムサ・ロミンサ,上甲板層,7,3,"10,714"
マージョラム,Marjoram,3011511,,生薬屋ロドゥリック,Roderic,1200118,,グリダニア,,6,5,540
マーチャントポーチ,Merchant's Purse,8091401,,防具商ヴェーブアクト,Waebahct,1600215,,リムサ・ロミンサ,上甲板層,7,5,192
マーチャントポーチ,Merchant's Purse,8091401,,服屋チャ・ザンザ,T'zanza,1900162,,リムサ・ロミンサ,商業区 ローファッション街,,,192
マーチャントポーチ,Merchant's Purse,8091401,,防具商ナイ・カマゾン,Naih Khamazom,1900259,,グリダニア,,6,6,192
マーチャントポーチ,Merchant's Purse,8091401,,服屋カインバーグ,Kyneburg,1100086,,グリダニア,辻店区 ローファッション通り,,,192
マーチャントポーチ,Merchant's Purse,8091401,,防具商ガネロン,Ganelon,1000116,,ウルダハ,商業層,6,4,192
マーチャントポーチ,Merchant's Purse,8091401,,服屋ケアイラ,Keaira,1100198,,ウルダハ,旅商区 ローファッション横町,,,192
マーモットステーキ,Marmot Steak,3010006,,酒保商人ベネディクト,Benedict,1000047,,ザナラーン,ブラックブラッシュ,27,26,216
マーモットステーキ,Marmot Steak,3010006,,酒保商人ロジュダンレル,Logedanrel,1200208,,ザナラーン,ドライボーン,39,25,216
マーモットステーキ,Marmot Steak,3010006,,酒保商人ヴィシュトスン,Wistsunn,1600231,,ザナラーン,ホライズンエッジ,13,29,216
マーモットステーキ,Marmot Steak,3010006,,酒保商人モントルガン,Montorgains,1200210,,ザナラーン,ブルーフォグ,25,13,216
マーモットステーキ,Marmot Steak,3010006,,酒保商人ヴントヒムル,Wunthyml,1600232,,ザナラーン,ブロークンウォーター,43,40,216
マーモットステーキ,Marmot Steak,3010006,,酒保商人ウララ,Ulala,1500163,,ザナラーン,旅亭コッファー＆コフィン」,9,27,216
マーモットステーキ,Marmot Steak,3010006,,酒保商人ハウ・バジリ,Hawu Bajihri,1900258,,ザナラーン,8号霊銀試掘場,40,28,216
ミコッテ風山の幸串焼,Meat Miq'abob,3010001,,茶屋キルー,Quiloud,1200011,,ウルダハ,商業層,7,4,"1,125"
ミスリルアレンビック,Mythril Alembic,6070014,,道具商カンプラン,Quimperain,1200217,,ウルダハ,政庁層,5,6,"175,032"
ミスリルアロー,Mythril Arrow,3920007,,武器商ドエル,Doelle,1300157,,グリダニア,,8,5,98
ミスリルオーナメンタルハンマー,Mythril Ornamental Hammer,6040014,,道具商スレダ,Sreda,1100425,,ウルダハ,商業層,6,6,"163,400"
ミスリルスペクタクルズ,Mythril Spectacles,8010810,,道具商スレダ,Sreda,1100425,,ウルダハ,商業層,6,6,"137,200"
ミスリルソー,Mythril Saw,6010014,,道具商ウルリック,Ulric,1000245,,グリダニア,,6,5,"188,760"
ミスリルニードル,Mythril Needle,6060012,,道具商ロサムンド,Rosamund,1100413,,ウルダハ,商業層,7,6,"111,888"
ミスリルハチェット,Mythril Hatchet,7020014,,用具商デ・ボンジャ,D'bhonja,1900192,,グリダニア,,4,3,"181,896"
ミスリルヘッドナイフ,Mythril Head Knife,6050014,,道具商ヴォイス,Voyce,1000249,,グリダニア,,7,3,"160,132"
ミッドランドキャベツ,Midland Cabbage,3011305,,園芸師ボドゥフォアン,Beaudefoin,1200124,,グリダニア,,7,3,"1,688"
ミッドランドキャベツ,Midland Cabbage,3011305,,土産屋エドゥイン,Aeduin,1000267,,グリダニア,,6,6,"1,688"
ミッドランドバジル,Midland Basil,3011517,,生薬屋ロドゥリック,Roderic,1200118,,グリダニア,,6,5,"1,069"
ミトン,Sheepskin Mitts,8070807,,防具商ヴェーブアクト,Waebahct,1600215,,リムサ・ロミンサ,上甲板層,7,5,"3,013"
ミトン,Sheepskin Mitts,8070807,,武器商エイラード,Aylard,2200044,,リムサ・ロミンサ,下甲板層,4,7,"3,013"
ミトン,Sheepskin Mitts,8070807,,服屋チャ・ザンザ,T'zanza,1900162,,リムサ・ロミンサ,商業区 ローファッション街,,,"3,013"
ミトン,Sheepskin Mitts,8070807,,防具商ナイ・カマゾン,Naih Khamazom,1900259,,グリダニア,,6,6,"3,013"
ミトン,Sheepskin Mitts,8070807,,武器商ルストバン,Roustebant,1200219,,グリダニア,,7,2,"3,013"
ミトン,Sheepskin Mitts,8070807,,武器商ドエル,Doelle,1300157,,グリダニア,,8,5,"3,013"
ミトン,Sheepskin Mitts,8070807,,服屋カインバーグ,Kyneburg,1100086,,グリダニア,辻店区 ローファッション通り,,,"3,013"
ミトン,Sheepskin Mitts,8070807,,防具商ガネロン,Ganelon,1000116,,ウルダハ,商業層,6,4,"3,013"
ミトン,Sheepskin Mitts,8070807,,武器商スリドウルフ,Thrydwulf,1000241,,ウルダハ,商業層,5,5,"3,013"
ミトン,Sheepskin Mitts,8070807,,武器商グ・ワハイ,G'wahaii,1900191,,ウルダハ,商業層,5,4,"3,013"
ミトン,Sheepskin Mitts,8070807,,服屋ケアイラ,Keaira,1100198,,ウルダハ,旅商区 ローファッション横町,,,"3,013"
ミトンガントレット,Bronze Mitt Gauntlets,8070606,,防具商ヴェーブアクト,Waebahct,1600215,,リムサ・ロミンサ,上甲板層,7,5,"5,654"
ミトンガントレット,Bronze Mitt Gauntlets,8070606,,武器商エイラード,Aylard,2200044,,リムサ・ロミンサ,下甲板層,4,7,"5,654"
ミトンガントレット,Bronze Mitt Gauntlets,8070606,,板金商フェーズギム,Faezghim,1600070,prefix-variant:client=甲冑商フェーズギム,リムサ・ロミンサ,商業区 アーマー街,,,"5,654"
ミトンガントレット,Bronze Mitt Gauntlets,8070606,,防具商ナイ・カマゾン,Naih Khamazom,1900259,,グリダニア,,6,6,"5,654"
ミトンガントレット,Bronze Mitt Gauntlets,8070606,,武器商ルストバン,Roustebant,1200219,,グリダニア,,7,2,"5,654"
ミトンガントレット,Bronze Mitt Gauntlets,8070606,,板金商オディブランド,Odibrand,2200193,prefix-variant:client=甲冑商オディブランド,グリダニア,辻店区 アーマー通り,,,"5,654"
ミトンガントレット,Bronze Mitt Gauntlets,8070606,,防具商ガネロン,Ganelon,1000116,,ウルダハ,商業層,6,4,"5,654"
ミトンガントレット,Bronze Mitt Gauntlets,8070606,,武器商スリドウルフ,Thrydwulf,1000241,,ウルダハ,商業層,5,5,"5,654"
ミトンガントレット,Bronze Mitt Gauntlets,8070606,,板金商イゾルド,Isaulde,1300119,prefix-variant:client=甲冑商イゾルド,ウルダハ,旅商区 アーマー横町,,,"5,654"
ミネラルウォーター,Mineral Water,3010609,,調理師ヨッシー,Jossy,1100144,,リムサ・ロミンサ,上甲板層,7,3,60
ミネラルウォーター,Mineral Water,3010609,,調理師スタンイルド,Stanilde,1100107,,グリダニア,,8,4,60
ミネラルウォーター,Mineral Water,3010609,,調理師ペ・ソンジャ,P'sonjha,1900008,,ウルダハ,商業層,6,4,60
ミネラルウォーター,Mineral Water,3010609,,茶屋キルー,Quiloud,1200011,,ウルダハ,商業層,7,4,60
ミネラルウォーター,Mineral Water,3010609,,酒保商人サンガイヴ,Sungyve,1100108,,ラノシア,ビアデッドロック,25,29,60
ミネラルウォーター,Mineral Water,3010609,,酒保商人ヒヒヤジャ,Hihiyaja,1400190,,ラノシア,スカルバレー,15,18,60
ミネラルウォーター,Mineral Water,3010609,,酒保商人ダウイッド,Dauid,1000083,,ラノシア,バルドノール,6,16,60
ミネラルウォーター,Mineral Water,3010609,,酒保商人ダニェル,Danyell,1000082,,ラノシア,ブラッドショア,36,20,60
ミネラルウォーター,Mineral Water,3010609,,酒保商人アイルファ,Aylufa,1100051,,ラノシア,アイアンレイク,22,7,60
ミネラルウォーター,Mineral Water,3010609,,酒保商人ハス・パニパー,Hahs Panipahr,1900253,,ラノシア,レッドルースター農場,36,25,60
ミネラルウォーター,Mineral Water,3010609,,酒保商人パパワズ,Papawazu,1400191,,ラノシア,ハーフストーン入植地,7,20,60
ミネラルウォーター,Mineral Water,3010609,,酒保商人ン・カナゴ,N'canago,1900098,,クルザス,ドラゴンヘッド,39,18,60
ミネラルウォーター,Mineral Water,3010609,,酒保商人フォークス,Fawkes,1000107,,クルザス,クルケッドフォーク,48,9,60
ミネラルウォーター,Mineral Water,3010609,,酒保商人フォルガード,,,no-client-npc,クルザス,フィールド・オブ・グローリー,52,29,60
ミネラルウォーター,Mineral Water,3010609,,酒保商人ポポナグ,Poponagu,1400194,,クルザス,エバーレイクス,35,33,60
ミネラルウォーター,Mineral Water,3010609,,酒保商人シンノヴ,Synnove,1100109,,クルザス,リバーズミート,19,19,60
ミネラルウォーター,Mineral Water,3010609,,酒保商人ジェラルジュ,Gerraldieux,1200051,,黒衣森,ベントブランチ,33,32,60
ミネラルウォーター,Mineral Water,3010609,,酒保商人ゼッヘクレフ,Zehkrepf,1600259,,黒衣森,ナインアイビー,48,29,60
ミネラルウォーター,Mineral Water,3010609,,酒保商人マエヌ,Maenne,1300196,,黒衣森,エメラルドモス,20,20,60
ミネラルウォーター,Mineral Water,3010609,,酒保商人ノルレズ,Norlaise,1300197,,黒衣森,クリムゾンバーク,15,32,60
ミネラルウォーター,Mineral Water,3010609,,酒保商人エドウィン,Edwyn,1000096,,黒衣森,トランキルパス,38,49,60
ミネラルウォーター,Mineral Water,3010609,,酒保商人ライ・カータポ,Raih Kaatapoh,1900262,,黒衣森,パスカロン監視所,35,43,60
ミネラルウォーター,Mineral Water,3010609,,酒保商人ユジャジャ,Yujaja,1500164,,黒衣森,ホスソーン家の山塞,50,32,60
ミネラルウォーター,Mineral Water,3010609,,酒保商人ベネディクト,Benedict,1000047,,ザナラーン,ブラックブラッシュ,27,26,60
ミネラルウォーター,Mineral Water,3010609,,酒保商人ロジュダンレル,Logedanrel,1200208,,ザナラーン,ドライボーン,39,25,60
ミネラルウォーター,Mineral Water,3010609,,酒保商人ヴィシュトスン,Wistsunn,1600231,,ザナラーン,ホライズンエッジ,13,29,60
ミネラルウォーター,Mineral Water,3010609,,酒保商人モントルガン,Montorgains,1200210,,ザナラーン,ブルーフォグ,25,13,60
ミネラルウォーター,Mineral Water,3010609,,酒保商人ヴントヒムル,Wunthyml,1600232,,ザナラーン,ブロークンウォーター,43,40,60
ミネラルウォーター,Mineral Water,3010609,,酒保商人ウララ,Ulala,1500163,,ザナラーン,旅亭コッファー＆コフィン」,9,27,60
ミネラルウォーター,Mineral Water,3010609,,酒保商人ハウ・バジリ,Hawu Bajihri,1900258,,ザナラーン,8号霊銀試掘場,40,28,60
ミネラルウォーター,Mineral Water,3010609,,酒保商人ゼゼラギ,Zezeragi,1400195,,モードゥナ,ブリトルバーク,17,20,60
ミネラルウォーター,Mineral Water,3010609,,酒保商人プリオルフェ,Priorfaix,1200215,,モードゥナ,レヴナンツトール,10,6,60
ミリオンコーン,Millioncorn,3011415,,船乗りス・ナヤック,S'gnayak,1900048,,リムサ・ロミンサ,下甲板層,6,5,720
メイデンカープ,Maiden Carp,3011106,,魚商ホラスフィス,Holasfhis,1600272,,リムサ・ロミンサ,上甲板層,7,6,67
メタルナックル,Bronze Knuckles,4020206,,武器商ティルスヴェーン,Tylswaen,1600207,,リムサ・ロミンサ,上甲板層,7,5,"8,665"
メタルナックル,Bronze Knuckles,4020206,,武器商アイアンサンダー,Iron Thunder,1600295,,リムサ・ロミンサ,商業区 ファイター街,,,"8,665"
メタルナックル,Bronze Knuckles,4020206,,武器商ザギルヘームル,Zagylhaemr,1600253,,グリダニア,,6,6,"8,665"
メタルナックル,Bronze Knuckles,4020206,,武器商コネイン,Conayn,1000375,,グリダニア,辻店区 ファイター通り,,,"8,665"
メタルナックル,Bronze Knuckles,4020206,,武器商エトガル,Etgar,1000105,,ウルダハ,商業層,6,4,"8,665"
メタルナックル,Bronze Knuckles,4020206,,武器商グ・ワハイ,G'wahaii,1900191,,ウルダハ,商業層,5,4,"8,665"
メタルナックル,Bronze Knuckles,4020206,,武器商リラクタントボア,Reluctant Boar,1600294,,ウルダハ,旅商区 ファイター横町,,,"8,665"
メープルシロップ,Maple Syrup,3011531,,調理師ヨッシー,Jossy,1100144,,リムサ・ロミンサ,上甲板層,7,3,11
メープルシロップ,Maple Syrup,3011531,,粉屋リトルジョン,Littlejohn,1000166,,グリダニア,,5,3,11
メープル原木,Maple Log,10008003,,船乗りス・ナヤック,S'gnayak,1900048,,リムサ・ロミンサ,下甲板層,6,5,"1,260"
メープル原木,Maple Log,10008003,,木工師オスガル,Osgar,1000337,,グリダニア,,6,5,"1,260"
メープル材,Maple Lumber,10008203,,木工師シスリー,Sysley,1100429,,リムサ・ロミンサ,下甲板層,5,5,"1,350"
メープル材,Maple Lumber,10008203,,木工師オスガル,Osgar,1000337,,グリダニア,,6,5,"1,350"
メープル材,Maple Lumber,10008203,,木工師バリン,Barryn,1000043,,ウルダハ,商業層,7,4,"1,350"
モコ草,Moko Grass,10005202,,雑貨商フスクネー,Fousquenet,1200048,,リムサ・ロミンサ,下甲板層,5,5,145
モコ草,Moko Grass,10005202,,裁縫師ノルベットー,Norbettaux,1200067,,ウルダハ,商業層,7,6,145
モコ草,Moko Grass,10005202,,貿易商ヨハネス,Johannes,1000147,,ウルダハ,商業層,7,4,145
モスプパ,Moth Pupa,3940003,,漁師ルヴィオヌ,Louviaune,1300050,,リムサ・ロミンサ,下甲板層,6,6,2
モスプパ,Moth Pupa,3940003,,用具商ハンフリー,Humphrey,1000139,,グリダニア,,7,4,2
モスプパ,Moth Pupa,3940003,,用具商タタロガ,Tataroga,1400030,,ウルダハ,商業層,7,4,2
モスプパ,Moth Pupa,3940003,,酒保商人サンガイヴ,Sungyve,1100108,,ラノシア,ビアデッドロック,25,29,2
モスプパ,Moth Pupa,3940003,,酒保商人ヒヒヤジャ,Hihiyaja,1400190,,ラノシア,スカルバレー,15,18,2
モスプパ,Moth Pupa,3940003,,酒保商人ダウイッド,Dauid,1000083,,ラノシア,バルドノール,6,16,2
モスプパ,Moth Pupa,3940003,,酒保商人ダニェル,Danyell,1000082,,ラノシア,ブラッドショア,36,20,2
モスプパ,Moth Pupa,3940003,,酒保商人アイルファ,Aylufa,1100051,,ラノシア,アイアンレイク,22,7,2
モスプパ,Moth Pupa,3940003,,酒保商人ハス・パニパー,Hahs Panipahr,1900253,,ラノシア,レッドルースター農場,36,25,2
モスプパ,Moth Pupa,3940003,,酒保商人パパワズ,Papawazu,1400191,,ラノシア,ハーフストーン入植地,7,20,2
モスプパ,Moth Pupa,3940003,,酒保商人ン・カナゴ,N'canago,1900098,,クルザス,ドラゴンヘッド,39,18,2
モスプパ,Moth Pupa,3940003,,酒保商人フォークス,Fawkes,1000107,,クルザス,クルケッドフォーク,48,9,2
モスプパ,Moth Pupa,3940003,,酒保商人フォルガード,,,no-client-npc,クルザス,フィールド・オブ・グローリー,52,29,2
モスプパ,Moth Pupa,3940003,,酒保商人ポポナグ,Poponagu,1400194,,クルザス,エバーレイクス,35,33,2
モスプパ,Moth Pupa,3940003,,酒保商人シンノヴ,Synnove,1100109,,クルザス,リバーズミート,19,19,2
モスプパ,Moth Pupa,3940003,,酒保商人ジェラルジュ,Gerraldieux,1200051,,黒衣森,ベントブランチ,33,32,2
モスプパ,Moth Pupa,3940003,,酒保商人ゼッヘクレフ,Zehkrepf,1600259,,黒衣森,ナインアイビー,48,29,2
モスプパ,Moth Pupa,3940003,,酒保商人マエヌ,Maenne,1300196,,黒衣森,エメラルドモス,20,20,2
モスプパ,Moth Pupa,3940003,,酒保商人ノルレズ,Norlaise,1300197,,黒衣森,クリムゾンバーク,15,32,2
モスプパ,Moth Pupa,3940003,,酒保商人エドウィン,Edwyn,1000096,,黒衣森,トランキルパス,38,49,2
モスプパ,Moth Pupa,3940003,,酒保商人ライ・カータポ,Raih Kaatapoh,1900262,,黒衣森,パスカロン監視所,35,43,2
モスプパ,Moth Pupa,3940003,,酒保商人ユジャジャ,Yujaja,1500164,,黒衣森,ホスソーン家の山塞,50,32,2
モスプパ,Moth Pupa,3940003,,酒保商人ベネディクト,Benedict,1000047,,ザナラーン,ブラックブラッシュ,27,26,2
モスプパ,Moth Pupa,3940003,,酒保商人ロジュダンレル,Logedanrel,1200208,,ザナラーン,ドライボーン,39,25,2
モスプパ,Moth Pupa,3940003,,酒保商人ヴィシュトスン,Wistsunn,1600231,,ザナラーン,ホライズンエッジ,13,29,2
モスプパ,Moth Pupa,3940003,,酒保商人モントルガン,Montorgains,1200210,,ザナラーン,ブルーフォグ,25,13,2
モスプパ,Moth Pupa,3940003,,酒保商人ヴントヒムル,Wunthyml,1600232,,ザナラーン,ブロークンウォーター,43,40,2
モスプパ,Moth Pupa,3940003,,酒保商人ウララ,Ulala,1500163,,ザナラーン,旅亭コッファー＆コフィン」,9,27,2
モスプパ,Moth Pupa,3940003,,酒保商人ハウ・バジリ,Hawu Bajihri,1900258,,ザナラーン,8号霊銀試掘場,40,28,2
モスプパ,Moth Pupa,3940003,,酒保商人ゼゼラギ,Zezeragi,1400195,,モードゥナ,ブリトルバーク,17,20,2
モスプパ,Moth Pupa,3940003,,酒保商人プリオルフェ,Priorfaix,1200215,,モードゥナ,レヴナンツトール,10,6,2
モーター,Bronze Mortar,6071004,,錬金術師ズズデス,Zuzudesu,1400035,,リムサ・ロミンサ,下甲板層,6,5,"14,784"
モーター,Bronze Mortar,6071004,,錬金術師ムムコ,Mumuko,1500079,,グリダニア,,8,3,"14,784"
モーター,Bronze Mortar,6071004,,道具商カンプラン,Quimperain,1200217,,ウルダハ,政庁層,5,6,"14,784"
モール,Bronze Sledgehammer,7010103,,用具商ペ・ンドロボ,P'ndolobo,1900002,,リムサ・ロミンサ,下甲板層,5,5,"14,080"
モール,Bronze Sledgehammer,7010103,,用具商ハンフリー,Humphrey,1000139,,グリダニア,,7,4,"14,080"
モールの肉,Mole Meat,3011014,,肉屋エオルメンギルド,Eormengild,1100065,,ウルダハ,商業層,6,4,788
モールの腱,Mole Sinew,10007507,,革細工師アーナルド,Arnald,1000037,,リムサ・ロミンサ,下甲板層,6,5,240
モールの腱,Mole Sinew,10007507,,革細工師スペールフェダル,Spaerfedar,1600176,,グリダニア,,7,3,240
モールの腱,Mole Sinew,10007507,,革細工師エルギヴァ,Elgiva,1100063,,ウルダハ,商業層,6,4,240
やまびこ薬,Throat Drops,3020402,,酒保商人サンガイヴ,Sungyve,1100108,,ラノシア,ビアデッドロック,25,29,"7,400"
やまびこ薬,Throat Drops,3020402,,酒保商人ヒヒヤジャ,Hihiyaja,1400190,,ラノシア,スカルバレー,15,18,"7,400"
やまびこ薬,Throat Drops,3020402,,酒保商人ダウイッド,Dauid,1000083,,ラノシア,バルドノール,6,16,"7,400"
やまびこ薬,Throat Drops,3020402,,酒保商人ダニェル,Danyell,1000082,,ラノシア,ブラッドショア,36,20,"7,400"
やまびこ薬,Throat Drops,3020402,,酒保商人アイルファ,Aylufa,1100051,,ラノシア,アイアンレイク,22,7,"7,400"
やまびこ薬,Throat Drops,3020402,,酒保商人ハス・パニパー,Hahs Panipahr,1900253,,ラノシア,レッドルースター農場,36,25,"7,400"
やまびこ薬,Throat Drops,3020402,,酒保商人パパワズ,Papawazu,1400191,,ラノシア,ハーフストーン入植地,7,20,"7,400"
やまびこ薬,Throat Drops,3020402,,酒保商人ジェラルジュ,Gerraldieux,1200051,,黒衣森,ベントブランチ,33,32,"7,400"
やまびこ薬,Throat Drops,3020402,,酒保商人ゼッヘクレフ,Zehkrepf,1600259,,黒衣森,ナインアイビー,48,29,"7,400"
やまびこ薬,Throat Drops,3020402,,酒保商人マエヌ,Maenne,1300196,,黒衣森,エメラルドモス,20,20,"7,400"
やまびこ薬,Throat Drops,3020402,,酒保商人ノルレズ,Norlaise,1300197,,黒衣森,クリムゾンバーク,15,32,"7,400"
やまびこ薬,Throat Drops,3020402,,酒保商人エドウィン,Edwyn,1000096,,黒衣森,トランキルパス,38,49,"7,400"
やまびこ薬,Throat Drops,3020402,,酒保商人ライ・カータポ,Raih Kaatapoh,1900262,,黒衣森,パスカロン監視所,35,43,"7,400"
やまびこ薬,Throat Drops,3020402,,酒保商人ユジャジャ,Yujaja,1500164,,黒衣森,ホスソーン家の山塞,50,32,"7,400"
やまびこ薬,Throat Drops,3020402,,酒保商人ベネディクト,Benedict,1000047,,ザナラーン,ブラックブラッシュ,27,26,"7,400"
やまびこ薬,Throat Drops,3020402,,酒保商人ロジュダンレル,Logedanrel,1200208,,ザナラーン,ドライボーン,39,25,"7,400"
やまびこ薬,Throat Drops,3020402,,酒保商人ヴィシュトスン,Wistsunn,1600231,,ザナラーン,ホライズンエッジ,13,29,"7,400"
やまびこ薬,Throat Drops,3020402,,酒保商人モントルガン,Montorgains,1200210,,ザナラーン,ブルーフォグ,25,13,"7,400"
やまびこ薬,Throat Drops,3020402,,酒保商人ヴントヒムル,Wunthyml,1600232,,ザナラーン,ブロークンウォーター,43,40,"7,400"
やまびこ薬,Throat Drops,3020402,,酒保商人ウララ,Ulala,1500163,,ザナラーン,旅亭コッファー＆コフィン」,9,27,"7,400"
やまびこ薬,Throat Drops,3020402,,酒保商人ハウ・バジリ,Hawu Bajihri,1900258,,ザナラーン,8号霊銀試掘場,40,28,"7,400"
ユークルーク,Yew Crook,5030207,,魔器商ジュルラン,Jeulerand,1200207,,グリダニア,,2,1,"102,000"
ユーフィッシングロッド,Yew Fishing Rod,7030011,,用具商ウンシンヴィルフ,Unsynwilf,1600212,,リムサ・ロミンサ,下甲板層,5,6,"82,500"
ライ麦,Rye,3011525,,貿易商キキモ,Kikimo,1500058,,リムサ・ロミンサ,下甲板層,6,5,43
ライ麦,Rye,3011525,,貿易商ドゥビコロワ,Duvicauroix,1200107,,リムサ・ロミンサ,グリダニア交易商会,,,43
ライ麦,Rye,3011525,,園芸師グンゼリン,Gunzelin,2200132,,グリダニア,,4,3,43
ライ麦,Rye,3011525,,貿易商ロエル,Roelle,1300183,,グリダニア,グリダニア交易商会,,,43
ライ麦,Rye,3011525,,貿易商ワ・ドヤガ,W'doyagha,1900208,,ウルダハ,グリダニア交易商会,,,43
ライ麦粉,Rye Flour,3011526,,粉屋リトルジョン,Littlejohn,1000166,,グリダニア,,5,3,43
ライ麦粉,Rye Flour,3011526,,旅商ヘレナ,Helena,1100327,,ウルダハ,商業層,7,4,43
ラウンドシールド,Round Shield,4100106,,魔器商ジュルラン,Jeulerand,1200207,,グリダニア,,2,1,"18,000"
ラウンドシールド,Round Shield,4100106,,貿易商ファブルレー,Fabrellet,1200099,,ウルダハ,商業層,6,4,"18,000"
ラウンドナイフ,Iron Round Knife,6050011,,道具商ヴォイス,Voyce,1000249,,グリダニア,,7,3,"64,400"
ラググラインディングホイール,Ragstone Grinding Wheel,6041004,,道具商スレダ,Sreda,1100425,,ウルダハ,商業層,6,6,"17,248"
ラグワーム,Lugworm,3940002,,漁師ルヴィオヌ,Louviaune,1300050,,リムサ・ロミンサ,下甲板層,6,6,2
ラグワーム,Lugworm,3940002,,用具商ハンフリー,Humphrey,1000139,,グリダニア,,7,4,2
ラグワーム,Lugworm,3940002,,用具商タタロガ,Tataroga,1400030,,ウルダハ,商業層,7,4,2
ラグワーム,Lugworm,3940002,,酒保商人サンガイヴ,Sungyve,1100108,,ラノシア,ビアデッドロック,25,29,2
ラグワーム,Lugworm,3940002,,酒保商人ヒヒヤジャ,Hihiyaja,1400190,,ラノシア,スカルバレー,15,18,2
ラグワーム,Lugworm,3940002,,酒保商人ダウイッド,Dauid,1000083,,ラノシア,バルドノール,6,16,2
ラグワーム,Lugworm,3940002,,酒保商人ダニェル,Danyell,1000082,,ラノシア,ブラッドショア,36,20,2
ラグワーム,Lugworm,3940002,,酒保商人アイルファ,Aylufa,1100051,,ラノシア,アイアンレイク,22,7,2
ラグワーム,Lugworm,3940002,,酒保商人ハス・パニパー,Hahs Panipahr,1900253,,ラノシア,レッドルースター農場,36,25,2
ラグワーム,Lugworm,3940002,,酒保商人パパワズ,Papawazu,1400191,,ラノシア,ハーフストーン入植地,7,20,2
ラグワーム,Lugworm,3940002,,酒保商人ン・カナゴ,N'canago,1900098,,クルザス,ドラゴンヘッド,39,18,2
ラグワーム,Lugworm,3940002,,酒保商人フォークス,Fawkes,1000107,,クルザス,クルケッドフォーク,48,9,2
ラグワーム,Lugworm,3940002,,酒保商人フォルガード,,,no-client-npc,クルザス,フィールド・オブ・グローリー,52,29,2
ラグワーム,Lugworm,3940002,,酒保商人ポポナグ,Poponagu,1400194,,クルザス,エバーレイクス,35,33,2
ラグワーム,Lugworm,3940002,,酒保商人シンノヴ,Synnove,1100109,,クルザス,リバーズミート,19,19,2
ラグワーム,Lugworm,3940002,,酒保商人ジェラルジュ,Gerraldieux,1200051,,黒衣森,ベントブランチ,33,32,2
ラグワーム,Lugworm,3940002,,酒保商人ゼッヘクレフ,Zehkrepf,1600259,,黒衣森,ナインアイビー,48,29,2
ラグワーム,Lugworm,3940002,,酒保商人マエヌ,Maenne,1300196,,黒衣森,エメラルドモス,20,20,2
ラグワーム,Lugworm,3940002,,酒保商人ノルレズ,Norlaise,1300197,,黒衣森,クリムゾンバーク,15,32,2
ラグワーム,Lugworm,3940002,,酒保商人エドウィン,Edwyn,1000096,,黒衣森,トランキルパス,38,49,2
ラグワーム,Lugworm,3940002,,酒保商人ライ・カータポ,Raih Kaatapoh,1900262,,黒衣森,パスカロン監視所,35,43,2
ラグワーム,Lugworm,3940002,,酒保商人ユジャジャ,Yujaja,1500164,,黒衣森,ホスソーン家の山塞,50,32,2
ラグワーム,Lugworm,3940002,,酒保商人ベネディクト,Benedict,1000047,,ザナラーン,ブラックブラッシュ,27,26,2
ラグワーム,Lugworm,3940002,,酒保商人ロジュダンレル,Logedanrel,1200208,,ザナラーン,ドライボーン,39,25,2
ラグワーム,Lugworm,3940002,,酒保商人ヴィシュトスン,Wistsunn,1600231,,ザナラーン,ホライズンエッジ,13,29,2
ラグワーム,Lugworm,3940002,,酒保商人モントルガン,Montorgains,1200210,,ザナラーン,ブルーフォグ,25,13,2
ラグワーム,Lugworm,3940002,,酒保商人ヴントヒムル,Wunthyml,1600232,,ザナラーン,ブロークンウォーター,43,40,2
ラグワーム,Lugworm,3940002,,酒保商人ウララ,Ulala,1500163,,ザナラーン,旅亭コッファー＆コフィン」,9,27,2
ラグワーム,Lugworm,3940002,,酒保商人ハウ・バジリ,Hawu Bajihri,1900258,,ザナラーン,8号霊銀試掘場,40,28,2
ラグワーム,Lugworm,3940002,,酒保商人ゼゼラギ,Zezeragi,1400195,,モードゥナ,ブリトルバーク,17,20,2
ラグワーム,Lugworm,3940002,,酒保商人プリオルフェ,Priorfaix,1200215,,モードゥナ,レヴナンツトール,10,6,2
ラスティニードル,Rusty Needle,6060006,,武器商ティルスヴェーン,Tylswaen,1600207,,リムサ・ロミンサ,上甲板層,7,5,432
ラスティニードル,Rusty Needle,6060006,,裁縫師エオジリー,Eosilie,1300037,,リムサ・ロミンサ,下甲板層,6,5,432
ラスティニードル,Rusty Needle,6060006,,道具商ソーラ,Thora,1100436,,リムサ・ロミンサ,商業区 クラフター街,,,432
ラスティニードル,Rusty Needle,6060006,,武器商ザギルヘームル,Zagylhaemr,1600253,,グリダニア,,6,6,432
ラスティニードル,Rusty Needle,6060006,,裁縫師フアニヌ,Foinine,1300039,,グリダニア,,7,4,432
ラスティニードル,Rusty Needle,6060006,,道具商テンペルトン,Templeton,1000238,,グリダニア,辻店区 クラフター通り,,,432
ラスティニードル,Rusty Needle,6060006,,武器商エトガル,Etgar,1000105,,ウルダハ,商業層,6,4,432
ラスティニードル,Rusty Needle,6060006,,道具商ロサムンド,Rosamund,1100413,,ウルダハ,商業層,7,6,432
ラスティニードル,Rusty Needle,6060006,,道具商アムニ,Amenie,1300153,,ウルダハ,旅商区 クラフター横町,,,432
ラップドロングボウ,Wrapped Maple Longbow,4070205,,武器商ティルスヴェーン,Tylswaen,1600207,,リムサ・ロミンサ,上甲板層,7,5,"11,138"
ラップドロングボウ,Wrapped Maple Longbow,4070205,,武器商アイアンサンダー,Iron Thunder,1600295,,リムサ・ロミンサ,商業区 ファイター街,,,"11,138"
ラップドロングボウ,Wrapped Maple Longbow,4070205,,武器商ザギルヘームル,Zagylhaemr,1600253,,グリダニア,,6,6,"11,138"
ラップドロングボウ,Wrapped Maple Longbow,4070205,,武器商ドエル,Doelle,1300157,,グリダニア,,8,5,"11,138"
ラップドロングボウ,Wrapped Maple Longbow,4070205,,武器商コネイン,Conayn,1000375,,グリダニア,辻店区 ファイター通り,,,"11,138"
ラップドロングボウ,Wrapped Maple Longbow,4070205,,武器商エトガル,Etgar,1000105,,ウルダハ,商業層,6,4,"11,138"
ラップドロングボウ,Wrapped Maple Longbow,4070205,,武器商ザギルスヴェルド,Zagylswerd,1600254,,ウルダハ,商業層,4,5,"11,138"
ラップドロングボウ,Wrapped Maple Longbow,4070205,,武器商リラクタントボア,Reluctant Boar,1600294,,ウルダハ,旅商区 ファイター横町,,,"11,138"
ラテックス,Latex,10009306,,旅商ググディ,Gugudi,1500011,,ウルダハ,商業層,7,4,58
ラノシアオレンジ,La Noscean Orange,3011451,,調理師ヨッシー,Jossy,1100144,,リムサ・ロミンサ,上甲板層,7,3,120
ラノシアオレンジ,La Noscean Orange,3011451,,土産屋チャ・ノギヤ,T'noggya,1900194,,リムサ・ロミンサ,リムサ・ロミンサ・ランディング,1,1,120
ラノシアオレンジ,La Noscean Orange,3011451,,貿易商ファブルレー,Fabrellet,1200099,,ウルダハ,商業層,6,4,120
ラノシアレタス,La Noscean Lettuce,3011311,,調理師ヨッシー,Jossy,1100144,,リムサ・ロミンサ,上甲板層,7,3,459
ラノシアレタス,La Noscean Lettuce,3011311,,土産屋チャ・ノギヤ,T'noggya,1900194,,リムサ・ロミンサ,リムサ・ロミンサ・ランディング,1,1,459
ラバー,Rubber,10009307,,錬金術師ズズデス,Zuzudesu,1400035,,リムサ・ロミンサ,下甲板層,6,5,58
ラバー,Rubber,10009307,,錬金術師ムムコ,Mumuko,1500079,,グリダニア,,8,3,58
ラバー,Rubber,10009307,,錬金術師ジェミミ,Jemimi,1500095,,ウルダハ,政庁層,5,6,58
ラブリュス,Bronze Labrys,4040103,,武器商ティルスヴェーン,Tylswaen,1600207,,リムサ・ロミンサ,上甲板層,7,5,"11,456"
ラブリュス,Bronze Labrys,4040103,,武器商エイラード,Aylard,2200044,,リムサ・ロミンサ,下甲板層,4,7,"11,456"
ラブリュス,Bronze Labrys,4040103,,武器商アイアンサンダー,Iron Thunder,1600295,,リムサ・ロミンサ,商業区 ファイター街,,,"11,456"
ラブリュス,Bronze Labrys,4040103,,武器商ザギルヘームル,Zagylhaemr,1600253,,グリダニア,,6,6,"11,456"
ラブリュス,Bronze Labrys,4040103,,武器商コネイン,Conayn,1000375,,グリダニア,辻店区 ファイター通り,,,"11,456"
ラブリュス,Bronze Labrys,4040103,,武器商エトガル,Etgar,1000105,,ウルダハ,商業層,6,4,"11,456"
ラブリュス,Bronze Labrys,4040103,,武器商リラクタントボア,Reluctant Boar,1600294,,ウルダハ,旅商区 ファイター横町,,,"11,456"
ラベンダー,Lavender,10009405,,花屋ビ・コンバラ,B'konbalha,1900096,,グリダニア,,6,5,"2,253"
ラベンダー,Lavender,10009405,,錬金術師ジェミミ,Jemimi,1500095,,ウルダハ,政庁層,5,6,"2,253"
ラベンダーオイル,Lavender Oil,3011536,,粉屋リトルジョン,Littlejohn,1000166,,グリダニア,,5,3,540
リストガード,Sheepskin Wristguards,8071013,,防具商ヴェーブアクト,Waebahct,1600215,,リムサ・ロミンサ,上甲板層,7,5,168
リストガード,Sheepskin Wristguards,8071013,,道具商アドリ,Adri,2200011,,リムサ・ロミンサ,上甲板層,7,7,168
リストガード,Sheepskin Wristguards,8071013,,服屋チャ・ザンザ,T'zanza,1900162,,リムサ・ロミンサ,商業区 ローファッション街,,,168
リストガード,Sheepskin Wristguards,8071013,,防具商ナイ・カマゾン,Naih Khamazom,1900259,,グリダニア,,6,6,168
リストガード,Sheepskin Wristguards,8071013,,魔器商ジュルラン,Jeulerand,1200207,,グリダニア,,2,1,168
リストガード,Sheepskin Wristguards,8071013,,道具商ウルリック,Ulric,1000245,,グリダニア,,6,5,168
リストガード,Sheepskin Wristguards,8071013,,道具商ヴォイス,Voyce,1000249,,グリダニア,,7,3,168
リストガード,Sheepskin Wristguards,8071013,,用具商デ・ボンジャ,D'bhonja,1900192,,グリダニア,,4,3,168
リストガード,Sheepskin Wristguards,8071013,,服屋カインバーグ,Kyneburg,1100086,,グリダニア,辻店区 ローファッション通り,,,168
リストガード,Sheepskin Wristguards,8071013,,防具商ガネロン,Ganelon,1000116,,ウルダハ,商業層,6,4,168
リストガード,Sheepskin Wristguards,8071013,,魔器商ノノス,Nonosu,1500161,,ウルダハ,商業層,4,5,168
リストガード,Sheepskin Wristguards,8071013,,服屋ケアイラ,Keaira,1100198,,ウルダハ,旅商区 ローファッション横町,,,168
リネンウェッジキャップ,Linen Wedge Cap,8012719,,道具商アドリ,Adri,2200011,,リムサ・ロミンサ,上甲板層,7,7,"104,576"
リネンウェッジキャップ,Linen Wedge Cap,8012719,,道具商ヴォイス,Voyce,1000249,,グリダニア,,7,3,"104,576"
リネンウェッジキャップ,Linen Wedge Cap,8012719,,道具商ロサムンド,Rosamund,1100413,,ウルダハ,商業層,7,6,"104,576"
リネンカウル,Linen Cowl,8031822,,魔器商ジュルラン,Jeulerand,1200207,,グリダニア,,2,1,"372,960"
リネンゲイター,Linen Gaiters,8081619,,道具商アドリ,Adri,2200011,,リムサ・ロミンサ,上甲板層,7,7,"84,968"
リネンゲイター,Linen Gaiters,8081619,,道具商ウルリック,Ulric,1000245,,グリダニア,,6,5,"84,968"
リネンゲイター,Linen Gaiters,8081619,,道具商ロサムンド,Rosamund,1100413,,ウルダハ,商業層,7,6,"84,968"
リネンコーティー,Linen Coatee,8032224,,道具商アドリ,Adri,2200011,,リムサ・ロミンサ,上甲板層,7,7,"196,080"
リネンコーティー,Linen Coatee,8032224,,道具商ヴォイス,Voyce,1000249,,グリダニア,,7,3,"196,080"
リネンコーティー,Linen Coatee,8032224,,道具商ロサムンド,Rosamund,1100413,,ウルダハ,商業層,7,6,"196,080"
リネンサルエル,Linen Sarouel,8050716,,道具商マルスラン,Marcelain,1200209,,リムサ・ロミンサ,上甲板層,7,7,"65,520"
リネンサルエル,Linen Sarouel,8050716,,道具商レレマキ,Reremaki,1400189,,リムサ・ロミンサ,上甲板層,6,3,"65,520"
リネンサルエル,Linen Sarouel,8050716,,用具商ウンシンヴィルフ,Unsynwilf,1600212,,リムサ・ロミンサ,下甲板層,5,6,"65,520"
リネンサルエル,Linen Sarouel,8050716,,武器商ドエル,Doelle,1300157,,グリダニア,,8,5,"65,520"
リネンサルエル,Linen Sarouel,8050716,,道具商ウルリック,Ulric,1000245,,グリダニア,,6,5,"65,520"
リネンサルエル,Linen Sarouel,8050716,,用具商デ・ボンジャ,D'bhonja,1900192,,グリダニア,,4,3,"65,520"
リネンサルエル,Linen Sarouel,8050716,,道具商スレダ,Sreda,1100425,,ウルダハ,商業層,6,6,"65,520"
リネンサルエル,Linen Sarouel,8050716,,道具商カンプラン,Quimperain,1200217,,ウルダハ,政庁層,5,6,"65,520"
リネンサルエル,Linen Sarouel,8050716,,用具商エミヌ,Eminne,1300162,,ウルダハ,商業層,6,6,"65,520"
リネンシャツ,Linen Shirt,8030720,,武器商ドエル,Doelle,1300157,,グリダニア,,8,5,"218,400"
リネンシャツ,Linen Shirt,8030720,,道具商スレダ,Sreda,1100425,,ウルダハ,商業層,6,6,"218,400"
リネンショーティ,Linen Shortgloves,8071119,,道具商アドリ,Adri,2200011,,リムサ・ロミンサ,上甲板層,7,7,"65,360"
リネンショーティ,Linen Shortgloves,8071119,,道具商ウルリック,Ulric,1000245,,グリダニア,,6,5,"65,360"
リネンショーティ,Linen Shortgloves,8071119,,道具商ロサムンド,Rosamund,1100413,,ウルダハ,商業層,7,6,"65,360"
リネンタイツ,Linen Tights,8051020,,魔器商ジュルラン,Jeulerand,1200207,,グリダニア,,2,1,"72,619"
リネンタイツ,Linen Tights,8051020,,魔器商ノノス,Nonosu,1500161,,ウルダハ,商業層,4,5,"72,619"
リネンターバン,Linen Turban,8011318,,武器商ドエル,Doelle,1300157,,グリダニア,,8,5,"76,440"
リネンターバン,Linen Turban,8011318,,武器商グ・ワハイ,G'wahaii,1900191,,ウルダハ,商業層,5,4,"76,440"
リネンハット,Linen Hat,8010125,,魔器商ノノス,Nonosu,1500161,,ウルダハ,商業層,4,5,"169,444"
リネンボトム,Linen Bottom,8051219,,道具商アドリ,Adri,2200011,,リムサ・ロミンサ,上甲板層,7,7,"71,896"
リネンボトム,Linen Bottom,8051219,,道具商ヴォイス,Voyce,1000249,,グリダニア,,7,3,"71,896"
リネンボトム,Linen Bottom,8051219,,道具商ロサムンド,Rosamund,1100413,,ウルダハ,商業層,7,6,"71,896"
リネンローブ,Linen Robe,8030220,,魔器商ノノス,Nonosu,1500161,,ウルダハ,商業層,4,5,"242,064"
リングバンド,Dodoskin Ringbands,8071201,,防具商ヴェーブアクト,Waebahct,1600215,,リムサ・ロミンサ,上甲板層,7,5,"5,592"
リングバンド,Dodoskin Ringbands,8071201,,服屋チャ・ザンザ,T'zanza,1900162,,リムサ・ロミンサ,商業区 ローファッション街,,,"5,592"
リングバンド,Dodoskin Ringbands,8071201,,防具商ナイ・カマゾン,Naih Khamazom,1900259,,グリダニア,,6,6,"5,592"
リングバンド,Dodoskin Ringbands,8071201,,魔器商ジュルラン,Jeulerand,1200207,,グリダニア,,2,1,"5,592"
リングバンド,Dodoskin Ringbands,8071201,,服屋カインバーグ,Kyneburg,1100086,,グリダニア,辻店区 ローファッション通り,,,"5,592"
リングバンド,Dodoskin Ringbands,8071201,,防具商ガネロン,Ganelon,1000116,,ウルダハ,商業層,6,4,"5,592"
リングバンド,Dodoskin Ringbands,8071201,,魔器商ノノス,Nonosu,1500161,,ウルダハ,商業層,4,5,"5,592"
リングバンド,Dodoskin Ringbands,8071201,,服屋ケアイラ,Keaira,1100198,,ウルダハ,旅商区 ローファッション横町,,,"5,592"
リーキ,Salt Leek,3011304,,園芸師ボドゥフォアン,Beaudefoin,1200124,,グリダニア,,7,3,"2,664"
ルビートマト,Ruby Tomato,3011310,,園芸師ボドゥフォアン,Beaudefoin,1200124,,グリダニア,,7,3,675
レイジングハンマー,Bronze Raising Hammer,6030010,,武器商ティルスヴェーン,Tylswaen,1600207,,リムサ・ロミンサ,上甲板層,7,5,"8,512"
レイジングハンマー,Bronze Raising Hammer,6030010,,道具商マルスラン,Marcelain,1200209,,リムサ・ロミンサ,上甲板層,7,7,"8,512"
レイジングハンマー,Bronze Raising Hammer,6030010,,道具商ソーラ,Thora,1100436,,リムサ・ロミンサ,商業区 クラフター街,,,"8,512"
レイジングハンマー,Bronze Raising Hammer,6030010,,武器商ザギルヘームル,Zagylhaemr,1600253,,グリダニア,,6,6,"8,512"
レイジングハンマー,Bronze Raising Hammer,6030010,,道具商テンペルトン,Templeton,1000238,,グリダニア,辻店区 クラフター通り,,,"8,512"
レイジングハンマー,Bronze Raising Hammer,6030010,,武器商エトガル,Etgar,1000105,,ウルダハ,商業層,6,4,"8,512"
レイジングハンマー,Bronze Raising Hammer,6030010,,道具商アムニ,Amenie,1300153,,ウルダハ,旅商区 クラフター横町,,,"8,512"
レギンス,Sheepskin Leggings,8081118,,防具商ヴェーブアクト,Waebahct,1600215,,リムサ・ロミンサ,上甲板層,7,5,"3,444"
レギンス,Sheepskin Leggings,8081118,,靴屋シェイリー,Shaylee,1100215,,リムサ・ロミンサ,商業区 ローファッション街,,,"3,444"
レギンス,Sheepskin Leggings,8081118,,防具商ナイ・カマゾン,Naih Khamazom,1900259,,グリダニア,,6,6,"3,444"
レギンス,Sheepskin Leggings,8081118,,靴屋ア・ニミウィリ,A'nimuili,1900005,,グリダニア,,7,4,"3,444"
レギンス,Sheepskin Leggings,8081118,,靴屋ウリス,Urith,1100111,,グリダニア,辻店区 ローファッション通り,,,"3,444"
レギンス,Sheepskin Leggings,8081118,,防具商ガネロン,Ganelon,1000116,,ウルダハ,商業層,6,4,"3,444"
レギンス,Sheepskin Leggings,8081118,,靴屋ワルドヒア,Waldhere,2200233,,ウルダハ,旅商区 ローファッション横町,,,"3,444"
レザーアームガード,Leather Armguards,8070911,,防具商ヴェーブアクト,Waebahct,1600215,,リムサ・ロミンサ,上甲板層,7,5,"9,187"
レザーアームガード,Leather Armguards,8070911,,板金商フェーズギム,Faezghim,1600070,prefix-variant:client=甲冑商フェーズギム,リムサ・ロミンサ,商業区 アーマー街,,,"9,187"
レザーアームガード,Leather Armguards,8070911,,防具商ナイ・カマゾン,Naih Khamazom,1900259,,グリダニア,,6,6,"9,187"
レザーアームガード,Leather Armguards,8070911,,板金商オディブランド,Odibrand,2200193,prefix-variant:client=甲冑商オディブランド,グリダニア,辻店区 アーマー通り,,,"9,187"
レザーアームガード,Leather Armguards,8070911,,防具商ガネロン,Ganelon,1000116,,ウルダハ,商業層,6,4,"9,187"
レザーアームガード,Leather Armguards,8070911,,板金商イゾルド,Isaulde,1300119,prefix-variant:client=甲冑商イゾルド,ウルダハ,旅商区 アーマー横町,,,"9,187"
レザークラコー,Leather Crakows,8080513,,道具商レレマキ,Reremaki,1400189,,リムサ・ロミンサ,上甲板層,6,3,"46,800"
レザークラコー,Leather Crakows,8080513,,武器商ドエル,Doelle,1300157,,グリダニア,,8,5,"46,800"
レザークラコー,Leather Crakows,8080513,,魔器商ジュルラン,Jeulerand,1200207,,グリダニア,,2,1,"46,800"
レザークラコー,Leather Crakows,8080513,,靴屋ア・ニミウィリ,A'nimuili,1900005,,グリダニア,,7,4,"46,800"
レザークラコー,Leather Crakows,8080513,,武器商グ・ワハイ,G'wahaii,1900191,,ウルダハ,商業層,5,4,"46,800"
レザークラコー,Leather Crakows,8080513,,道具商カンプラン,Quimperain,1200217,,ウルダハ,政庁層,5,6,"46,800"
レザークラコー,Leather Crakows,8080513,,用具商エミヌ,Eminne,1300162,,ウルダハ,商業層,6,6,"46,800"
レザージャケット,Leather Jacket,8030920,,防具商ヴェーブアクト,Waebahct,1600215,,リムサ・ロミンサ,上甲板層,7,5,"26,250"
レザージャケット,Leather Jacket,8030920,,板金商フェーズギム,Faezghim,1600070,prefix-variant:client=甲冑商フェーズギム,リムサ・ロミンサ,商業区 アーマー街,,,"26,250"
レザージャケット,Leather Jacket,8030920,,防具商ナイ・カマゾン,Naih Khamazom,1900259,,グリダニア,,6,6,"26,250"
レザージャケット,Leather Jacket,8030920,,革細工師スペールフェダル,Spaerfedar,1600176,,グリダニア,,7,3,"26,250"
レザージャケット,Leather Jacket,8030920,,板金商オディブランド,Odibrand,2200193,prefix-variant:client=甲冑商オディブランド,グリダニア,辻店区 アーマー通り,,,"26,250"
レザージャケット,Leather Jacket,8030920,,防具商ガネロン,Ganelon,1000116,,ウルダハ,商業層,6,4,"26,250"
レザージャケット,Leather Jacket,8030920,,板金商イゾルド,Isaulde,1300119,prefix-variant:client=甲冑商イゾルド,ウルダハ,旅商区 アーマー横町,,,"26,250"
レザータージェ,Leather Targe,4100007,,魔器商ジュルラン,Jeulerand,1200207,,グリダニア,,2,1,"107,184"
レザータージェ,Leather Targe,4100007,,魔器商ノノス,Nonosu,1500161,,ウルダハ,商業層,4,5,"107,184"
レザーフィンガレスグローブ,Fingerless Leather Gloves,8070514,,道具商マルスラン,Marcelain,1200209,,リムサ・ロミンサ,上甲板層,7,7,"40,950"
レザーフィンガレスグローブ,Fingerless Leather Gloves,8070514,,道具商レレマキ,Reremaki,1400189,,リムサ・ロミンサ,上甲板層,6,3,"40,950"
レザーフィンガレスグローブ,Fingerless Leather Gloves,8070514,,武器商ドエル,Doelle,1300157,,グリダニア,,8,5,"40,950"
レザーフィンガレスグローブ,Fingerless Leather Gloves,8070514,,道具商ヴォイス,Voyce,1000249,,グリダニア,,7,3,"40,950"
レザーフィンガレスグローブ,Fingerless Leather Gloves,8070514,,用具商デ・ボンジャ,D'bhonja,1900192,,グリダニア,,4,3,"40,950"
レザーフィンガレスグローブ,Fingerless Leather Gloves,8070514,,武器商グ・ワハイ,G'wahaii,1900191,,ウルダハ,商業層,5,4,"40,950"
レザーフィンガレスグローブ,Fingerless Leather Gloves,8070514,,道具商スレダ,Sreda,1100425,,ウルダハ,商業層,6,6,"40,950"
レザーフィンガレスグローブ,Fingerless Leather Gloves,8070514,,道具商カンプラン,Quimperain,1200217,,ウルダハ,政庁層,5,6,"40,950"
レザーポットヘルム,Leather Pot Helm,8011517,,防具商ヴェーブアクト,Waebahct,1600215,,リムサ・ロミンサ,上甲板層,7,5,"14,397"
レザーポットヘルム,Leather Pot Helm,8011517,,板金商フェーズギム,Faezghim,1600070,prefix-variant:client=甲冑商フェーズギム,リムサ・ロミンサ,商業区 アーマー街,,,"14,397"
レザーポットヘルム,Leather Pot Helm,8011517,,防具商ナイ・カマゾン,Naih Khamazom,1900259,,グリダニア,,6,6,"14,397"
レザーポットヘルム,Leather Pot Helm,8011517,,武器商ドエル,Doelle,1300157,,グリダニア,,8,5,"14,397"
レザーポットヘルム,Leather Pot Helm,8011517,,板金商オディブランド,Odibrand,2200193,prefix-variant:client=甲冑商オディブランド,グリダニア,辻店区 アーマー通り,,,"14,397"
レザーポットヘルム,Leather Pot Helm,8011517,,防具商ガネロン,Ganelon,1000116,,ウルダハ,商業層,6,4,"14,397"
レザーポットヘルム,Leather Pot Helm,8011517,,武器商グ・ワハイ,G'wahaii,1900191,,ウルダハ,商業層,5,4,"14,397"
レザーポットヘルム,Leather Pot Helm,8011517,,板金商イゾルド,Isaulde,1300119,prefix-variant:client=甲冑商イゾルド,ウルダハ,旅商区 アーマー横町,,,"14,397"
レザーミトン,Leather Mitts,8070809,,防具商ヴェーブアクト,Waebahct,1600215,,リムサ・ロミンサ,上甲板層,7,5,"7,198"
レザーミトン,Leather Mitts,8070809,,服屋チャ・ザンザ,T'zanza,1900162,,リムサ・ロミンサ,商業区 ローファッション街,,,"7,198"
レザーミトン,Leather Mitts,8070809,,防具商ナイ・カマゾン,Naih Khamazom,1900259,,グリダニア,,6,6,"7,198"
レザーミトン,Leather Mitts,8070809,,武器商ドエル,Doelle,1300157,,グリダニア,,8,5,"7,198"
レザーミトン,Leather Mitts,8070809,,服屋カインバーグ,Kyneburg,1100086,,グリダニア,辻店区 ローファッション通り,,,"7,198"
レザーミトン,Leather Mitts,8070809,,防具商ガネロン,Ganelon,1000116,,ウルダハ,商業層,6,4,"7,198"
レザーミトン,Leather Mitts,8070809,,武器商グ・ワハイ,G'wahaii,1900191,,ウルダハ,商業層,5,4,"7,198"
レザーミトン,Leather Mitts,8070809,,服屋ケアイラ,Keaira,1100198,,ウルダハ,旅商区 ローファッション横町,,,"7,198"
レザーリングバンド,Leather Ringbands,8071202,,魔器商ジュルラン,Jeulerand,1200207,,グリダニア,,2,1,"46,264"
レザーリングバンド,Leather Ringbands,8071202,,魔器商ノノス,Nonosu,1500161,,ウルダハ,商業層,4,5,"46,264"
レザーレギンス,Leather Leggings,8081120,,防具商ヴェーブアクト,Waebahct,1600215,,リムサ・ロミンサ,上甲板層,7,5,"8,226"
レザーレギンス,Leather Leggings,8081120,,靴屋シェイリー,Shaylee,1100215,,リムサ・ロミンサ,商業区 ローファッション街,,,"8,226"
レザーレギンス,Leather Leggings,8081120,,防具商ナイ・カマゾン,Naih Khamazom,1900259,,グリダニア,,6,6,"8,226"
レザーレギンス,Leather Leggings,8081120,,武器商ルストバン,Roustebant,1200219,,グリダニア,,7,2,"8,226"
レザーレギンス,Leather Leggings,8081120,,武器商ドエル,Doelle,1300157,,グリダニア,,8,5,"8,226"
レザーレギンス,Leather Leggings,8081120,,靴屋ウリス,Urith,1100111,,グリダニア,辻店区 ローファッション通り,,,"8,226"
レザーレギンス,Leather Leggings,8081120,,防具商ガネロン,Ganelon,1000116,,ウルダハ,商業層,6,4,"8,226"
レザーレギンス,Leather Leggings,8081120,,武器商スリドウルフ,Thrydwulf,1000241,,ウルダハ,商業層,5,5,"8,226"
レザーレギンス,Leather Leggings,8081120,,靴屋ワルドヒア,Waldhere,2200233,,ウルダハ,旅商区 ローファッション横町,,,"8,226"
レリーフアイアンソー,Bas-relief Iron Saw,6010011,,道具商ウルリック,Ulric,1000245,,グリダニア,,6,5,"70,840"
レンティル,Lalafellin Lentil,3011414,,旅商ヘレナ,Helena,1100327,,ウルダハ,商業層,7,4,315
レーズン,Raisins,3010404,,茶屋キルー,Quiloud,1200011,,ウルダハ,商業層,7,4,84
ロインガード,Hempen Loinguard,8060025,,貿易商ニストブルム,Nystbyrm,1600128,,リムサ・ロミンサ,下甲板層,5,5,108
ロインガード,Hempen Loinguard,8060025,,貿易商ピエヌ,Pienne,1300187,,リムサ・ロミンサ,ウルダハ交易商会,,,108
ロインガード,Hempen Loinguard,8060025,,貿易商ゴゴリヨ,Gogoriyo,1400203,,グリダニア,ウルダハ交易商会,,,108
ロインガード,Hempen Loinguard,8060025,,貿易商ザワワ,Zawawa,1500177,,ウルダハ,ウルダハ交易商会,,,108
ロランベリー,Rolanberry,3011458,,園芸師ボドゥフォアン,Beaudefoin,1200124,,グリダニア,,7,3,"4,526"
ロランベリー,Rolanberry,3011458,,土産屋ヴェークサッツ,Waeksatz,1600218,,ウルダハ,ウルダハ・ランディング,1,1,"4,526"
ロングボウ,Maple Longbow,4070204,,武器商ケリッヒ,Kerrich,1000154,,リムサ・ロミンサ,上甲板層,7,6,"14,560"
ロングボウ,Maple Longbow,4070204,,弓師トヴィルモト,Twyrmoht,1600206,,グリダニア,,7,2,"14,560"
ローランドグレープ,Lowland Grapes,3011452,,調理師ヨッシー,Jossy,1100144,,リムサ・ロミンサ,上甲板層,7,3,34
ローランドグレープ,Lowland Grapes,3011452,,貿易商ファブルレー,Fabrellet,1200099,,ウルダハ,商業層,6,4,34
ローレル,Laurel,3011513,,生薬屋ロドゥリック,Roderic,1200118,,グリダニア,,6,5,"2,131"
ワイルドオニオン,Wild Onion,3011308,,調理師ヨッシー,Jossy,1100144,,リムサ・ロミンサ,上甲板層,7,3,81
ワイルドオニオン,Wild Onion,3011308,,生薬屋ロドゥリック,Roderic,1200118,,グリダニア,,6,5,81
ワンド,Maple Wand,5030003,,武器商ティルスヴェーン,Tylswaen,1600207,,リムサ・ロミンサ,上甲板層,7,5,"2,940"
ワンド,Maple Wand,5030003,,魔器商ブルーンフォク,Broenfohc,1600048,,リムサ・ロミンサ,商業区 ソーサラー街,,,"2,940"
ワンド,Maple Wand,5030003,,武器商ザギルヘームル,Zagylhaemr,1600253,,グリダニア,,6,6,"2,940"
ワンド,Maple Wand,5030003,,魔器商ドレスト,Drest,1000379,,グリダニア,辻店区 ソーサラー通り,,,"2,940"
ワンド,Maple Wand,5030003,,武器商エトガル,Etgar,1000105,,ウルダハ,商業層,6,4,"2,940"
ワンド,Maple Wand,5030003,,魔器商ル・ジレッコ,R'zalikko,1900032,,ウルダハ,旅商区 ソーサラー横町,,,"2,940"
ワークグローブ,Hempen Work Gloves,8070416,,防具商ヴェーブアクト,Waebahct,1600215,,リムサ・ロミンサ,上甲板層,7,5,"2,922"
ワークグローブ,Hempen Work Gloves,8070416,,用具商ウンシンヴィルフ,Unsynwilf,1600212,,リムサ・ロミンサ,下甲板層,5,6,"2,922"
ワークグローブ,Hempen Work Gloves,8070416,,服屋チャ・ザンザ,T'zanza,1900162,,リムサ・ロミンサ,商業区 ローファッション街,,,"2,922"
ワークグローブ,Hempen Work Gloves,8070416,,防具商ナイ・カマゾン,Naih Khamazom,1900259,,グリダニア,,6,6,"2,922"
ワークグローブ,Hempen Work Gloves,8070416,,服屋カインバーグ,Kyneburg,1100086,,グリダニア,辻店区 ローファッション通り,,,"2,922"
ワークグローブ,Hempen Work Gloves,8070416,,防具商ガネロン,Ganelon,1000116,,ウルダハ,商業層,6,4,"2,922"
ワークグローブ,Hempen Work Gloves,8070416,,用具商エミヌ,Eminne,1300162,,ウルダハ,商業層,6,6,"2,922"
ワークグローブ,Hempen Work Gloves,8070416,,服屋ケアイラ,Keaira,1100198,,ウルダハ,旅商区 ローファッション横町,,,"2,922"
ワープドアロー,Warped Arrow,3920016,,武器商ティルスヴェーン,Tylswaen,1600207,,リムサ・ロミンサ,上甲板層,7,5,2
ワープドアロー,Warped Arrow,3920016,,武器商ケリッヒ,Kerrich,1000154,,リムサ・ロミンサ,上甲板層,7,6,2
ワープドアロー,Warped Arrow,3920016,,武器商アイアンサンダー,Iron Thunder,1600295,,リムサ・ロミンサ,商業区 ファイター街,,,2
ワープドアロー,Warped Arrow,3920016,,武器商ザギルヘームル,Zagylhaemr,1600253,,グリダニア,,6,6,2
ワープドアロー,Warped Arrow,3920016,,武器商ドエル,Doelle,1300157,,グリダニア,,8,5,2
ワープドアロー,Warped Arrow,3920016,,弓師トヴィルモト,Twyrmoht,1600206,,グリダニア,,7,2,2
ワープドアロー,Warped Arrow,3920016,,武器商コネイン,Conayn,1000375,,グリダニア,辻店区 ファイター通り,,,2
ワープドアロー,Warped Arrow,3920016,,武器商エトガル,Etgar,1000105,,ウルダハ,商業層,6,4,2
ワープドアロー,Warped Arrow,3920016,,武器商ザギルスヴェルド,Zagylswerd,1600254,,ウルダハ,商業層,4,5,2
ワープドアロー,Warped Arrow,3920016,,武器商リラクタントボア,Reluctant Boar,1600294,,ウルダハ,旅商区 ファイター横町,,,2
ワープドアロー,Warped Arrow,3920016,,酒保商人サンガイヴ,Sungyve,1100108,,ラノシア,ビアデッドロック,25,29,2
ワープドアロー,Warped Arrow,3920016,,酒保商人ヒヒヤジャ,Hihiyaja,1400190,,ラノシア,スカルバレー,15,18,2
ワープドアロー,Warped Arrow,3920016,,酒保商人ダウイッド,Dauid,1000083,,ラノシア,バルドノール,6,16,2
ワープドアロー,Warped Arrow,3920016,,酒保商人ダニェル,Danyell,1000082,,ラノシア,ブラッドショア,36,20,2
ワープドアロー,Warped Arrow,3920016,,酒保商人アイルファ,Aylufa,1100051,,ラノシア,アイアンレイク,22,7,2
ワープドアロー,Warped Arrow,3920016,,酒保商人ハス・パニパー,Hahs Panipahr,1900253,,ラノシア,レッドルースター農場,36,25,2
ワープドアロー,Warped Arrow,3920016,,酒保商人パパワズ,Papawazu,1400191,,ラノシア,ハーフストーン入植地,7,20,2
ワープドアロー,Warped Arrow,3920016,,酒保商人ン・カナゴ,N'canago,1900098,,クルザス,ドラゴンヘッド,39,18,2
ワープドアロー,Warped Arrow,3920016,,酒保商人フォークス,Fawkes,1000107,,クルザス,クルケッドフォーク,48,9,2
ワープドアロー,Warped Arrow,3920016,,酒保商人フォルガード,,,no-client-npc,クルザス,フィールド・オブ・グローリー,52,29,2
ワープドアロー,Warped Arrow,3920016,,酒保商人ポポナグ,Poponagu,1400194,,クルザス,エバーレイクス,35,33,2
ワープドアロー,Warped Arrow,3920016,,酒保商人シンノヴ,Synnove,1100109,,クルザス,リバーズミート,19,19,2
ワープドアロー,Warped Arrow,3920016,,酒保商人ジェラルジュ,Gerraldieux,1200051,,黒衣森,ベントブランチ,33,32,2
ワープドアロー,Warped Arrow,3920016,,酒保商人ゼッヘクレフ,Zehkrepf,1600259,,黒衣森,ナインアイビー,48,29,2
ワープドアロー,Warped Arrow,3920016,,酒保商人マエヌ,Maenne,1300196,,黒衣森,エメラルドモス,20,20,2
ワープドアロー,Warped Arrow,3920016,,酒保商人ノルレズ,Norlaise,1300197,,黒衣森,クリムゾンバーク,15,32,2
ワープドアロー,Warped Arrow,3920016,,酒保商人エドウィン,Edwyn,1000096,,黒衣森,トランキルパス,38,49,2
ワープドアロー,Warped Arrow,3920016,,酒保商人ライ・カータポ,Raih Kaatapoh,1900262,,黒衣森,パスカロン監視所,35,43,2
ワープドアロー,Warped Arrow,3920016,,酒保商人ユジャジャ,Yujaja,1500164,,黒衣森,ホスソーン家の山塞,50,32,2
ワープドアロー,Warped Arrow,3920016,,酒保商人ベネディクト,Benedict,1000047,,ザナラーン,ブラックブラッシュ,27,26,2
ワープドアロー,Warped Arrow,3920016,,酒保商人ロジュダンレル,Logedanrel,1200208,,ザナラーン,ドライボーン,39,25,2
ワープドアロー,Warped Arrow,3920016,,酒保商人ヴィシュトスン,Wistsunn,1600231,,ザナラーン,ホライズンエッジ,13,29,2
ワープドアロー,Warped Arrow,3920016,,酒保商人モントルガン,Montorgains,1200210,,ザナラーン,ブルーフォグ,25,13,2
ワープドアロー,Warped Arrow,3920016,,酒保商人ヴントヒムル,Wunthyml,1600232,,ザナラーン,ブロークンウォーター,43,40,2
ワープドアロー,Warped Arrow,3920016,,酒保商人ウララ,Ulala,1500163,,ザナラーン,旅亭コッファー＆コフィン」,9,27,2
ワープドアロー,Warped Arrow,3920016,,酒保商人ハウ・バジリ,Hawu Bajihri,1900258,,ザナラーン,8号霊銀試掘場,40,28,2
ワープドアロー,Warped Arrow,3920016,,酒保商人ゼゼラギ,Zezeragi,1400195,,モードゥナ,ブリトルバーク,17,20,2
ワープドアロー,Warped Arrow,3920016,,酒保商人プリオルフェ,Priorfaix,1200215,,モードゥナ,レヴナンツトール,10,6,2
亜鉛鉱,Zinc Ore,10001008,,貿易商ニストブルム,Nystbyrm,1600128,,リムサ・ロミンサ,下甲板層,5,5,"1,008"
亜鉛鉱,Zinc Ore,10001008,,貿易商ピエヌ,Pienne,1300187,,リムサ・ロミンサ,ウルダハ交易商会,,,"1,008"
亜鉛鉱,Zinc Ore,10001008,,貿易商ウルフスリス,Wulfthryth,1100117,,グリダニア,,7,3,"1,008"
亜鉛鉱,Zinc Ore,10001008,,貿易商ゴゴリヨ,Gogoriyo,1400203,,グリダニア,ウルダハ交易商会,,,"1,008"
亜鉛鉱,Zinc Ore,10001008,,彫金師パミゾロー,Pamisolaux,1200070,,ウルダハ,商業層,6,6,"1,008"
亜鉛鉱,Zinc Ore,10001008,,貿易商ザワワ,Zawawa,1500177,,ウルダハ,ウルダハ交易商会,,,"1,008"
亜麻,Flax,10005204,,雑貨商フスクネー,Fousquenet,1200048,,リムサ・ロミンサ,下甲板層,5,5,"2,287"
亜麻,Flax,10005204,,花屋ビ・コンバラ,B'konbalha,1900096,,グリダニア,,6,5,"2,287"
亜麻,Flax,10005204,,錬金術師ジェミミ,Jemimi,1500095,,ウルダハ,政庁層,5,6,"2,287"
黄銅鉱,Yellow Copper Ore,10001007,,貿易商ウルフスリス,Wulfthryth,1100117,,グリダニア,,7,3,450
岩塩,Rock Salt,10009104,,錬金術師ズズデス,Zuzudesu,1400035,,リムサ・ロミンサ,下甲板層,6,5,210
岩塩,Rock Salt,10009104,,錬金術師ムムコ,Mumuko,1500079,,グリダニア,,8,3,210
岩塩,Rock Salt,10009104,,錬金術師ジェミミ,Jemimi,1500095,,ウルダハ,政庁層,5,6,210
銀鉱,Silver Ore,10001009,,彫金師パミゾロー,Pamisolaux,1200070,,ウルダハ,商業層,6,6,"1,500"
珪砂,Silex,10009102,,錬金術師ズズデス,Zuzudesu,1400035,,リムサ・ロミンサ,下甲板層,6,5,"1,331"
珪砂,Silex,10009102,,錬金術師ムムコ,Mumuko,1500079,,グリダニア,,8,3,"1,331"
珪砂,Silex,10009102,,錬金術師ジェミミ,Jemimi,1500095,,ウルダハ,政庁層,5,6,"1,331"
鶏の胸肉,Chicken Breast,3011008,,肉屋エオルメンギルド,Eormengild,1100065,,ウルダハ,商業層,6,4,"1,964"
鶏卵,Chicken Egg,3011015,,調理師ヨッシー,Jossy,1100144,,リムサ・ロミンサ,上甲板層,7,3,32
鶏卵,Chicken Egg,3011015,,調理師スタンイルド,Stanilde,1100107,,グリダニア,,8,4,32
鶏卵,Chicken Egg,3011015,,調理師ペ・ソンジャ,P'sonjha,1900008,,ウルダハ,商業層,6,4,32
枯骨,Soiled Femur,10006003,,骨董屋ピメル,Pimelle,1300058,,ウルダハ,商業層,5,4,900
黒曜石,Obsidian,10001102,,採掘師ノルトムーン,Nortmoen,1600127,,ウルダハ,商業層,6,6,612
骨片,Bone Chip,10006001,,骨董屋ピメル,Pimelle,1300058,,ウルダハ,商業層,5,4,216
砂岩砥石,Ragstone Whetstone,10001119,,鍛冶師スミドヘームル,Smydhaemr,1600172,,リムサ・ロミンサ,上甲板層,7,7,612
砂岩砥石,Ragstone Whetstone,10001119,,鍛冶師アルダイルン,Ahldiyrn,1600017,,グリダニア,,8,3,612
砂岩砥石,Ragstone Whetstone,10001119,,鍛冶師デュースドルン,Doesdornn,1600057,,ウルダハ,商業層,7,4,612
山羊乳,Aldgoat Milk,3010603,,調理師ヨッシー,Jossy,1100144,,リムサ・ロミンサ,上甲板層,7,3,108
山羊乳,Aldgoat Milk,3010603,,調理師スタンイルド,Stanilde,1100107,,グリダニア,,8,4,108
山羊乳,Aldgoat Milk,3010603,,調理師ペ・ソンジャ,P'sonjha,1900008,,ウルダハ,商業層,6,4,108
止血薬,Blood Drops,3020406,,貿易商キキモ,Kikimo,1500058,,リムサ・ロミンサ,下甲板層,6,5,413
止血薬,Blood Drops,3020406,,貿易商グルミ・ボルルミ,Gurumi Borlumi,1400181,,リムサ・ロミンサ,リムサ・ロミンサ交易商会,,,413
止血薬,Blood Drops,3020406,,貿易商ドゥビコロワ,Duvicauroix,1200107,,リムサ・ロミンサ,グリダニア交易商会,,,413
止血薬,Blood Drops,3020406,,貿易商ゼリア,Zelia,1300096,,グリダニア,,7,4,413
止血薬,Blood Drops,3020406,,貿易商ロエル,Roelle,1300183,,グリダニア,グリダニア交易商会,,,413
止血薬,Blood Drops,3020406,,貿易商ワ・ジメイ,W'jhimei,1900209,,グリダニア,リムサ・ロミンサ交易商会,,,413
止血薬,Blood Drops,3020406,,貿易商ヨハネス,Johannes,1000147,,ウルダハ,商業層,7,4,413
止血薬,Blood Drops,3020406,,貿易商ダイビング・イーグル,Diving Eagle,1600319,,ウルダハ,リムサ・ロミンサ交易商会,,,413
止血薬,Blood Drops,3020406,,貿易商ワ・ドヤガ,W'doyagha,1900208,,ウルダハ,グリダニア交易商会,,,413
止血薬,Blood Drops,3020406,,酒保商人サンガイヴ,Sungyve,1100108,,ラノシア,ビアデッドロック,25,29,413
止血薬,Blood Drops,3020406,,酒保商人ヒヒヤジャ,Hihiyaja,1400190,,ラノシア,スカルバレー,15,18,413
止血薬,Blood Drops,3020406,,酒保商人ダウイッド,Dauid,1000083,,ラノシア,バルドノール,6,16,413
止血薬,Blood Drops,3020406,,酒保商人ダニェル,Danyell,1000082,,ラノシア,ブラッドショア,36,20,413
止血薬,Blood Drops,3020406,,酒保商人アイルファ,Aylufa,1100051,,ラノシア,アイアンレイク,22,7,413
止血薬,Blood Drops,3020406,,酒保商人ハス・パニパー,Hahs Panipahr,1900253,,ラノシア,レッドルースター農場,36,25,413
止血薬,Blood Drops,3020406,,酒保商人パパワズ,Papawazu,1400191,,ラノシア,ハーフストーン入植地,7,20,413
止血薬,Blood Drops,3020406,,酒保商人ジェラルジュ,Gerraldieux,1200051,,黒衣森,ベントブランチ,33,32,413
止血薬,Blood Drops,3020406,,酒保商人ゼッヘクレフ,Zehkrepf,1600259,,黒衣森,ナインアイビー,48,29,413
止血薬,Blood Drops,3020406,,酒保商人マエヌ,Maenne,1300196,,黒衣森,エメラルドモス,20,20,413
止血薬,Blood Drops,3020406,,酒保商人ノルレズ,Norlaise,1300197,,黒衣森,クリムゾンバーク,15,32,413
止血薬,Blood Drops,3020406,,酒保商人エドウィン,Edwyn,1000096,,黒衣森,トランキルパス,38,49,413
止血薬,Blood Drops,3020406,,酒保商人ライ・カータポ,Raih Kaatapoh,1900262,,黒衣森,パスカロン監視所,35,43,413
止血薬,Blood Drops,3020406,,酒保商人ユジャジャ,Yujaja,1500164,,黒衣森,ホスソーン家の山塞,50,32,413
止血薬,Blood Drops,3020406,,酒保商人ベネディクト,Benedict,1000047,,ザナラーン,ブラックブラッシュ,27,26,413
止血薬,Blood Drops,3020406,,酒保商人ロジュダンレル,Logedanrel,1200208,,ザナラーン,ドライボーン,39,25,413
止血薬,Blood Drops,3020406,,酒保商人ヴィシュトスン,Wistsunn,1600231,,ザナラーン,ホライズンエッジ,13,29,413
止血薬,Blood Drops,3020406,,酒保商人モントルガン,Montorgains,1200210,,ザナラーン,ブルーフォグ,25,13,413
止血薬,Blood Drops,3020406,,酒保商人ヴントヒムル,Wunthyml,1600232,,ザナラーン,ブロークンウォーター,43,40,413
止血薬,Blood Drops,3020406,,酒保商人ウララ,Ulala,1500163,,ザナラーン,旅亭コッファー＆コフィン」,9,27,413
止血薬,Blood Drops,3020406,,酒保商人ハウ・バジリ,Hawu Bajihri,1900258,,ザナラーン,8号霊銀試掘場,40,28,413
錫鉱,Tin Ore,10001001,,鍛冶師スミドヘームル,Smydhaemr,1600172,,リムサ・ロミンサ,上甲板層,7,7,252
錫鉱,Tin Ore,10001001,,甲冑師ジョエロー,Joellaut,1200058,,リムサ・ロミンサ,上甲板層,7,7,252
重曹,Natron,10009110,,錬金術師ズズデス,Zuzudesu,1400035,,リムサ・ロミンサ,下甲板層,6,5,216
重曹,Natron,10009110,,錬金術師ムムコ,Mumuko,1500079,,グリダニア,,8,3,216
重曹,Natron,10009110,,錬金術師ジェミミ,Jemimi,1500095,,ウルダハ,政庁層,5,6,216
小麦,Sunset Wheat,3011523,,貿易商キキモ,Kikimo,1500058,,リムサ・ロミンサ,下甲板層,6,5,43
小麦,Sunset Wheat,3011523,,貿易商ドゥビコロワ,Duvicauroix,1200107,,リムサ・ロミンサ,グリダニア交易商会,,,43
小麦,Sunset Wheat,3011523,,園芸師グンゼリン,Gunzelin,2200132,,グリダニア,,4,3,43
小麦,Sunset Wheat,3011523,,貿易商ロエル,Roelle,1300183,,グリダニア,グリダニア交易商会,,,43
小麦,Sunset Wheat,3011523,,貿易商ワ・ドヤガ,W'doyagha,1900208,,ウルダハ,グリダニア交易商会,,,43
小麦粉,Sunset Wheat Flour,3011524,,粉屋リトルジョン,Littlejohn,1000166,,グリダニア,,5,3,65
蒸留水,Distilled Water,3010601,,錬金術師ズズデス,Zuzudesu,1400035,,リムサ・ロミンサ,下甲板層,6,5,15
蒸留水,Distilled Water,3010601,,錬金術師ムムコ,Mumuko,1500079,,グリダニア,,8,3,15
食塩,Table Salt,3011529,,調理師スタンイルド,Stanilde,1100107,,グリダニア,,8,4,11
食塩,Table Salt,3011529,,調理師ペ・ソンジャ,P'sonjha,1900008,,ウルダハ,商業層,6,4,11
水牛乳,Buffalo Milk,3010604,,調理師ヨッシー,Jossy,1100144,,リムサ・ロミンサ,上甲板層,7,3,252
水牛乳,Buffalo Milk,3010604,,調理師スタンイルド,Stanilde,1100107,,グリダニア,,8,4,252
水牛乳,Buffalo Milk,3010604,,調理師ペ・ソンジャ,P'sonjha,1900008,,ウルダハ,商業層,6,4,252
水銀,Quicksilver,10009201,,錬金術師ズズデス,Zuzudesu,1400035,,リムサ・ロミンサ,下甲板層,6,5,844
水銀,Quicksilver,10009201,,錬金術師ムムコ,Mumuko,1500079,,グリダニア,,8,3,844
水銀,Quicksilver,10009201,,錬金術師ジェミミ,Jemimi,1500095,,ウルダハ,政庁層,5,6,844
草糸,Hempen Yarn,10005301,,裁縫師エオジリー,Eosilie,1300037,,リムサ・ロミンサ,下甲板層,6,5,312
草糸,Hempen Yarn,10005301,,裁縫師フアニヌ,Foinine,1300039,,グリダニア,,7,4,312
草糸,Hempen Yarn,10005301,,裁縫師ノルベットー,Norbettaux,1200067,,ウルダハ,商業層,7,6,312
草布,Undyed Hempen Cloth,10005001,,裁縫師エオジリー,Eosilie,1300037,,リムサ・ロミンサ,下甲板層,6,5,960
草布,Undyed Hempen Cloth,10005001,,裁縫師フアニヌ,Foinine,1300039,,グリダニア,,7,4,960
草布,Undyed Hempen Cloth,10005001,,裁縫師ノルベットー,Norbettaux,1200067,,ウルダハ,商業層,7,6,960
草綿,Cotton Boll,10005203,,雑貨商フスクネー,Fousquenet,1200048,,リムサ・ロミンサ,下甲板層,5,5,579
草綿,Cotton Boll,10005203,,裁縫師ノルベットー,Norbettaux,1200067,,ウルダハ,商業層,7,6,579
濁水,Muddy Water,10009204,,用具商ハンフリー,Humphrey,1000139,,グリダニア,,7,4,76
濁水,Muddy Water,10009204,,用具商タタロガ,Tataroga,1400030,,ウルダハ,商業層,7,4,76
辰砂,Minium,10009108,,採掘師ノルトムーン,Nortmoen,1600127,,ウルダハ,商業層,6,6,210
辰砂,Minium,10009108,,旅商ググディ,Gugudi,1500011,,ウルダハ,商業層,7,4,210
泥岩,Mudstone,10001115,,採掘師ノルトムーン,Nortmoen,1600127,,ウルダハ,商業層,6,6,"1,638"
泥岩砥石,Mudstone Whetstone,10001118,,鍛冶師スミドヘームル,Smydhaemr,1600172,,リムサ・ロミンサ,上甲板層,7,7,"1,368"
泥岩砥石,Mudstone Whetstone,10001118,,鍛冶師アルダイルン,Ahldiyrn,1600017,,グリダニア,,8,3,"1,368"
泥岩砥石,Mudstone Whetstone,10001118,,鍛冶師デュースドルン,Doesdornn,1600057,,ウルダハ,商業層,7,4,"1,368"
鉄鉱,Iron Ore,10001004,,鍛冶師スミドヘームル,Smydhaemr,1600172,,リムサ・ロミンサ,上甲板層,7,7,"1,242"
鉄鉱,Iron Ore,10001004,,甲冑師ジョエロー,Joellaut,1200058,,リムサ・ロミンサ,上甲板層,7,7,"1,242"
銅鉱,Copper Ore,10001006,,鍛冶師スミドヘームル,Smydhaemr,1600172,,リムサ・ロミンサ,上甲板層,7,7,72
銅鉱,Copper Ore,10001006,,甲冑師ジョエロー,Joellaut,1200058,,リムサ・ロミンサ,上甲板層,7,7,72
銅鉱,Copper Ore,10001006,,貿易商ニストブルム,Nystbyrm,1600128,,リムサ・ロミンサ,下甲板層,5,5,72
銅鉱,Copper Ore,10001006,,貿易商ピエヌ,Pienne,1300187,,リムサ・ロミンサ,ウルダハ交易商会,,,72
銅鉱,Copper Ore,10001006,,貿易商ウルフスリス,Wulfthryth,1100117,,グリダニア,,7,3,72
銅鉱,Copper Ore,10001006,,貿易商ゴゴリヨ,Gogoriyo,1400203,,グリダニア,ウルダハ交易商会,,,72
銅鉱,Copper Ore,10001006,,彫金師パミゾロー,Pamisolaux,1200070,,ウルダハ,商業層,6,6,72
銅鉱,Copper Ore,10001006,,貿易商ザワワ,Zawawa,1500177,,ウルダハ,ウルダハ交易商会,,,72
帆立貝,Scallop Shell,10006111,,魚商ホラスフィス,Holasfhis,1600272,,リムサ・ロミンサ,上甲板層,7,6,432
別珍,Undyed Velveteen,10005015,,裁縫師エオジリー,Eosilie,1300037,,リムサ・ロミンサ,下甲板層,6,5,"6,720"
別珍,Undyed Velveteen,10005015,,裁縫師フアニヌ,Foinine,1300039,,グリダニア,,7,4,"6,720"
別珍,Undyed Velveteen,10005015,,裁縫師ノルベットー,Norbettaux,1200067,,ウルダハ,商業層,7,6,"6,720"
別珍_レイヴン,Raven-black Velveteen,10005016,variant:別珍（レイヴン）,裁縫師ノルベットー,Norbettaux,1200067,,ウルダハ,商業層,7,6,"6,720"
蜂蜜,Honey,3011530,,花屋ビ・コンバラ,B'konbalha,1900096,,グリダニア,,6,5,43
蜜蜂の巣,Beehive Chip,10009301,,雑貨商フスクネー,Fousquenet,1200048,,リムサ・ロミンサ,下甲板層,5,5,307
蜜蜂の巣,Beehive Chip,10009301,,用具商ハンフリー,Humphrey,1000139,,グリダニア,,7,4,307
蜜蜂の巣,Beehive Chip,10009301,,貿易商ヨハネス,Johannes,1000147,,ウルダハ,商業層,7,4,307
綿糸,Cotton Yarn,10005302,,裁縫師エオジリー,Eosilie,1300037,,リムサ・ロミンサ,下甲板層,6,5,"1,242"
綿糸,Cotton Yarn,10005302,,裁縫師フアニヌ,Foinine,1300039,,グリダニア,,7,4,"1,242"
綿糸,Cotton Yarn,10005302,,裁縫師ノルベットー,Norbettaux,1200067,,ウルダハ,商業層,7,6,"1,242"
綿布,Undyed Cotton Cloth,10005005,,裁縫師エオジリー,Eosilie,1300037,,リムサ・ロミンサ,下甲板層,6,5,"3,200"
綿布,Undyed Cotton Cloth,10005005,,裁縫師フアニヌ,Foinine,1300039,,グリダニア,,7,4,"3,200"
綿布,Undyed Cotton Cloth,10005005,,裁縫師ノルベットー,Norbettaux,1200067,,ウルダハ,商業層,7,6,"3,200"
綿布_ヴァーミリオン,Mesa-red Cotton Cloth,10005006,variant:綿布（ヴァーミリオン）,裁縫師ノルベットー,Norbettaux,1200067,,ウルダハ,商業層,7,6,"3,200"
目薬,Eye Drops,3020401,,酒保商人サンガイヴ,Sungyve,1100108,,ラノシア,ビアデッドロック,25,29,"1,463"
目薬,Eye Drops,3020401,,酒保商人ヒヒヤジャ,Hihiyaja,1400190,,ラノシア,スカルバレー,15,18,"1,463"
目薬,Eye Drops,3020401,,酒保商人ダウイッド,Dauid,1000083,,ラノシア,バルドノール,6,16,"1,463"
目薬,Eye Drops,3020401,,酒保商人ダニェル,Danyell,1000082,,ラノシア,ブラッドショア,36,20,"1,463"
目薬,Eye Drops,3020401,,酒保商人アイルファ,Aylufa,1100051,,ラノシア,アイアンレイク,22,7,"1,463"
目薬,Eye Drops,3020401,,酒保商人ハス・パニパー,Hahs Panipahr,1900253,,ラノシア,レッドルースター農場,36,25,"1,463"
目薬,Eye Drops,3020401,,酒保商人パパワズ,Papawazu,1400191,,ラノシア,ハーフストーン入植地,7,20,"1,463"
目薬,Eye Drops,3020401,,酒保商人ジェラルジュ,Gerraldieux,1200051,,黒衣森,ベントブランチ,33,32,"1,463"
目薬,Eye Drops,3020401,,酒保商人ゼッヘクレフ,Zehkrepf,1600259,,黒衣森,ナインアイビー,48,29,"1,463"
目薬,Eye Drops,3020401,,酒保商人マエヌ,Maenne,1300196,,黒衣森,エメラルドモス,20,20,"1,463"
目薬,Eye Drops,3020401,,酒保商人ノルレズ,Norlaise,1300197,,黒衣森,クリムゾンバーク,15,32,"1,463"
目薬,Eye Drops,3020401,,酒保商人エドウィン,Edwyn,1000096,,黒衣森,トランキルパス,38,49,"1,463"
目薬,Eye Drops,3020401,,酒保商人ライ・カータポ,Raih Kaatapoh,1900262,,黒衣森,パスカロン監視所,35,43,"1,463"
目薬,Eye Drops,3020401,,酒保商人ユジャジャ,Yujaja,1500164,,黒衣森,ホスソーン家の山塞,50,32,"1,463"
目薬,Eye Drops,3020401,,酒保商人ベネディクト,Benedict,1000047,,ザナラーン,ブラックブラッシュ,27,26,"1,463"
目薬,Eye Drops,3020401,,酒保商人ロジュダンレル,Logedanrel,1200208,,ザナラーン,ドライボーン,39,25,"1,463"
目薬,Eye Drops,3020401,,酒保商人ヴィシュトスン,Wistsunn,1600231,,ザナラーン,ホライズンエッジ,13,29,"1,463"
目薬,Eye Drops,3020401,,酒保商人モントルガン,Montorgains,1200210,,ザナラーン,ブルーフォグ,25,13,"1,463"
目薬,Eye Drops,3020401,,酒保商人ヴントヒムル,Wunthyml,1600232,,ザナラーン,ブロークンウォーター,43,40,"1,463"
目薬,Eye Drops,3020401,,酒保商人ウララ,Ulala,1500163,,ザナラーン,旅亭コッファー＆コフィン」,9,27,"1,463"
目薬,Eye Drops,3020401,,酒保商人ハウ・バジリ,Hawu Bajihri,1900258,,ザナラーン,8号霊銀試掘場,40,28,"1,463"
露糸,Dew Thread,10005307,,裁縫師エオジリー,Eosilie,1300037,,リムサ・ロミンサ,下甲板層,6,5,"2,772"
露糸,Dew Thread,10005307,,裁縫師フアニヌ,Foinine,1300039,,グリダニア,,7,4,"2,772"
露糸,Dew Thread,10005307,,裁縫師ノルベットー,Norbettaux,1200067,,ウルダハ,商業層,7,6,"2,772"
麦わら,Straw,10005201,,貿易商ヨハネス,Johannes,1000147,,ウルダハ,商業層,7,4,320
