source_ordinal,observation_id,created_at,zone,canonical_zone_name,client_zone_name,zone_identity_status,category,category_basis,subject_type,subject_name,subject_identity_status,profile_id,map_bounds,position,rotation,notes,placement_claim_status
4,cffdee6f-d82a-46b6-92d7-49495acc1e3f,2026-09-16T03:28:48.5118592Z,128,Lower La Noscea,unresolved,unresolved,ambient,remaining overworld monster ambient candidate,monster,Bumble Beetle,unresolved,profile-29e7368b41e51dd7,"[-2528.0,-3008.0,2080.0,1600.0]","[-46.40143585205078,45.11766815185547,118.58069610595703]",-2.343773365020752,Bumble Beetle spawn,observation-only; home/slot/respawn unresolved
5,5b05f18f-0383-4352-b252-2a6e84aecd32,2026-09-16T03:29:00.4076975Z,128,Lower La Noscea,unresolved,unresolved,ambient,remaining overworld monster ambient candidate,monster,Bumble Beetle,unresolved,profile-29e7368b41e51dd7,"[-2528.0,-3008.0,2080.0,1600.0]","[-57.769195556640625,46.195213317871094,121.2761001586914]",-1.331313133239746,Bumble Beetle spawn,observation-only; home/slot/respawn unresolved
6,d1875f1f-54cf-4fe7-9aa7-2d640f58de3c,2026-09-16T03:29:12.0718146Z,128,Lower La Noscea,unresolved,unresolved,ambient,remaining overworld monster ambient candidate,monster,Bumble Beetle,unresolved,profile-29e7368b41e51dd7,"[-2528.0,-3008.0,2080.0,1600.0]","[-64.57601165771484,46.5,127.77388763427734]",-0.8070235252380371,Bumble Beetle spawn,observation-only; home/slot/respawn unresolved
7,21e0c4b6-ab7b-405c-a907-c0f10e7a717c,2026-09-16T03:29:30.9916793Z,128,Lower La Noscea,unresolved,unresolved,ambient,remaining overworld monster ambient candidate,monster,Bumble Beetle,unresolved,profile-29e7368b41e51dd7,"[-2528.0,-3008.0,2080.0,1600.0]","[-1.6111063957214355,45.47751235961914,86.36520385742188]",2.941579818725586,Bumble Beetle spawn,observation-only; home/slot/respawn unresolved
8,4bc6250e-f4b6-4f67-8b38-9d8f611b8d81,2026-09-16T03:29:40.4877386Z,128,Lower La Noscea,unresolved,unresolved,ambient,remaining overworld monster ambient candidate,monster,Bumble Beetle,unresolved,profile-29e7368b41e51dd7,"[-2528.0,-3008.0,2080.0,1600.0]","[0.6212533712387085,46.79794692993164,75.31285095214844]",2.842224597930908,Bumble Beetle spawn,observation-only; home/slot/respawn unresolved
9,b782d046-153b-47b1-982f-8549f0d11f3f,2026-09-16T03:29:59.9438152Z,128,Lower La Noscea,unresolved,unresolved,ambient,remaining overworld monster ambient candidate,monster,Bumble Beetle,unresolved,profile-29e7368b41e51dd7,"[-2528.0,-3008.0,2080.0,1600.0]","[33.70640182495117,44.108856201171875,59.973052978515625]",1.8577665090560913,Bumble Beetle spawn,observation-only; home/slot/respawn unresolved
10,661d9140-39b1-4729-8c72-1aae5fc9952b,2026-09-16T03:30:07.9598761Z,128,Lower La Noscea,unresolved,unresolved,ambient,remaining overworld monster ambient candidate,monster,Bumble Beetle,unresolved,profile-29e7368b41e51dd7,"[-2528.0,-3008.0,2080.0,1600.0]","[37.043643951416016,45.19593048095703,50.151126861572266]",2.850924015045166,Bumble Beetle spawn,observation-only; home/slot/respawn unresolved
11,a16d7f92-3052-45f6-9f8e-d5d145f3a483,2026-09-16T03:30:16.7679006Z,128,Lower La Noscea,unresolved,unresolved,ambient,remaining overworld monster ambient candidate,monster,Bumble Beetle,unresolved,profile-29e7368b41e51dd7,"[-2528.0,-3008.0,2080.0,1600.0]","[28.419410705566406,44.2087287902832,57.674007415771484]",-0.8667173385620117,Bumble Beetle spawn,observation-only; home/slot/respawn unresolved
12,98abbf8d-c773-489b-91f2-0578a80e9e4c,2026-09-16T03:35:58.5677334Z,128,Lower La Noscea,unresolved,unresolved,ambient,remaining overworld monster ambient candidate,monster,Kobold Pickman,unresolved,profile-29e7368b41e51dd7,"[-2528.0,-3008.0,2080.0,1600.0]","[1105.796875,29.637296676635742,-990.1943969726562]",-0.9043693542480469,Kobold Pickman spawm,observation-only; home/slot/respawn unresolved
13,9640a5ca-c343-48e0-b994-07c802a36f54,2026-09-16T03:36:08.7841441Z,128,Lower La Noscea,unresolved,unresolved,ambient,remaining overworld monster ambient candidate,monster,Kobold Pickman,unresolved,profile-29e7368b41e51dd7,"[-2528.0,-3008.0,2080.0,1600.0]","[1081.9290771484375,27.251508712768555,-992.2750244140625]",-1.6102585792541504,Kobold Pickman spawn,observation-only; home/slot/respawn unresolved
14,af29f689-603c-497e-b6b4-9d724e35b5d7,2026-09-16T03:36:27.4398151Z,128,Lower La Noscea,unresolved,unresolved,ambient,remaining overworld monster ambient candidate,monster,Kobold Pickman,unresolved,profile-29e7368b41e51dd7,"[-2528.0,-3008.0,2080.0,1600.0]","[1070.2857666015625,27.30699348449707,-980.9356689453125]",-1.3841900825500488,Kobold Pickman spawn,observation-only; home/slot/respawn unresolved
15,22f82c7b-e621-4ca8-afdd-bb3e2f3e2bb4,2026-09-16T03:36:38.9617485Z,128,Lower La Noscea,unresolved,unresolved,ambient,remaining overworld monster ambient candidate,monster,Kobold Pickman,unresolved,profile-29e7368b41e51dd7,"[-2528.0,-3008.0,2080.0,1600.0]","[1059.7725830078125,29.294132232666016,-1005.8875122070312]",-2.152982234954834,Kobold Pickman spawn,observation-only; home/slot/respawn unresolved
16,8abbcc90-449b-4985-9253-9b1b7f4ce87f,2026-09-16T03:37:06.3282172Z,128,Lower La Noscea,unresolved,unresolved,ambient,remaining overworld monster ambient candidate,monster,Kobold Ascetic,unresolved,profile-29e7368b41e51dd7,"[-2528.0,-3008.0,2080.0,1600.0]","[1071.74951171875,26.115554809570312,-991.759521484375]",1.9865407943725586,Kobold Ascetic spawn,observation-only; home/slot/respawn unresolved
17,9d8a24b9-cbd6-4383-bb89-b859dafe783a,2026-09-16T03:37:33.4558581Z,128,Lower La Noscea,unresolved,unresolved,ambient,remaining overworld monster ambient candidate,monster,Kobold Ascetic,unresolved,profile-29e7368b41e51dd7,"[-2528.0,-3008.0,2080.0,1600.0]","[1041.7784423828125,24.362483978271484,-989.1100463867188]",-1.3235416412353516,Kobold Ascetic spawn,observation-only; home/slot/respawn unresolved
20,887eaf2f-32b0-4f00-bbd8-5321d5c1b273,2026-09-16T03:41:40.568247Z,128,Lower La Noscea,unresolved,unresolved,ambient,remaining overworld monster ambient candidate,monster,Dire Rat,unresolved,profile-29e7368b41e51dd7,"[-2528.0,-3008.0,2080.0,1600.0]","[1045.8857421875,49.376495361328125,-881.376220703125]",-2.495546817779541,Dire rat spawn,observation-only; home/slot/respawn unresolved
21,42dd2e40-91e6-4749-9059-cc5b7214192c,2026-09-16T03:43:06.160211Z,128,Lower La Noscea,unresolved,unresolved,ambient,remaining overworld monster ambient candidate,monster,Ladybug,unresolved,profile-29e7368b41e51dd7,"[-2528.0,-3008.0,2080.0,1600.0]","[1082.0621337890625,54.28582763671875,-840.1946411132812]",1.2913800477981567,Ladybug spawn,observation-only; home/slot/respawn unresolved
22,cbe96f30-9a20-484a-9ada-4e201e26bb8f,2026-09-16T03:43:34.5842402Z,128,Lower La Noscea,unresolved,unresolved,ambient,remaining overworld monster ambient candidate,monster,Aldgoat nanny,unresolved,profile-29e7368b41e51dd7,"[-2528.0,-3008.0,2080.0,1600.0]","[1085.6279296875,54.45977020263672,-821.2559204101562]",0.07401719689369202,Aldgoat nanny spawn,observation-only; home/slot/respawn unresolved
23,efd68b23-56b9-4cab-b9af-231488d8f5ea,2026-09-16T03:44:08.0400629Z,128,Lower La Noscea,unresolved,unresolved,ambient,remaining overworld monster ambient candidate,monster,Aldgoat nanny,unresolved,profile-29e7368b41e51dd7,"[-2528.0,-3008.0,2080.0,1600.0]","[1064.8408203125,53.105159759521484,-835.9175415039062]",-2.188656806945801,Aldgoat nanny spawn,observation-only; home/slot/respawn unresolved
24,6b5aba74-1481-465d-ac2f-858e0c55f79e,2026-09-16T03:44:24.0399778Z,128,Lower La Noscea,unresolved,unresolved,ambient,remaining overworld monster ambient candidate,monster,Ladybug,unresolved,profile-29e7368b41e51dd7,"[-2528.0,-3008.0,2080.0,1600.0]","[1067.943115234375,54.32258987426758,-821.39697265625]",0.024972878396511078,Ladybug spawn,observation-only; home/slot/respawn unresolved
25,9356a5c4-beaa-4b9c-b11e-b46e2c7f646f,2026-09-16T03:54:51.2333068Z,128,Lower La Noscea,unresolved,unresolved,ambient,remaining overworld monster ambient candidate,monster,Amateur Footpad,unresolved,profile-29e7368b41e51dd7,"[-2528.0,-3008.0,2080.0,1600.0]","[1031.020751953125,52.232967376708984,-856.307373046875]",-1.0235710144042969,Amateur Footpad spawn,observation-only; home/slot/respawn unresolved
26,6ded3659-12fe-40d8-9169-25223bb5b3ae,2026-09-16T03:55:04.3120399Z,128,Lower La Noscea,unresolved,unresolved,ambient,remaining overworld monster ambient candidate,monster,Amateur Footpad,unresolved,profile-29e7368b41e51dd7,"[-2528.0,-3008.0,2080.0,1600.0]","[1033.7601318359375,53.076995849609375,-850.7599487304688]",0.5472207069396973,Amateur Footpad spawn,observation-only; home/slot/respawn unresolved
27,a54efe8d-4e90-4239-9a8a-3a8aa8a4e96e,2026-09-16T03:56:00.0722671Z,128,Lower La Noscea,unresolved,unresolved,ambient,remaining overworld monster ambient candidate,monster,Wharf Rat,unresolved,profile-29e7368b41e51dd7,"[-2528.0,-3008.0,2080.0,1600.0]","[1143.7481689453125,45.39102554321289,-826.5872192382812]",0.5356900095939636,Wharf Rat spawn,observation-only; home/slot/respawn unresolved
28,383dc61f-affb-4c54-8ae5-9ff320ad95f0,2026-09-16T03:57:24.5923808Z,128,Lower La Noscea,unresolved,unresolved,ambient,remaining overworld monster ambient candidate,monster,Aldgoad Nanny,unresolved,profile-29e7368b41e51dd7,"[-2528.0,-3008.0,2080.0,1600.0]","[1107.756591796875,43.60640335083008,-831.5343017578125]",-0.23747730255126953,Aldgoad Nanny spawn,observation-only; home/slot/respawn unresolved
29,e35f20e5-ad55-42c7-a220-a68d972603d5,2026-09-16T03:57:47.3201602Z,128,Lower La Noscea,unresolved,unresolved,ambient,remaining overworld monster ambient candidate,monster,Aldgoad Nanny,unresolved,profile-29e7368b41e51dd7,"[-2528.0,-3008.0,2080.0,1600.0]","[1131.66357421875,40.879608154296875,-816.328857421875]",-0.24399375915527344,Aldgoad Nanny spawn,observation-only; home/slot/respawn unresolved
30,69e463a9-bf72-4d9b-902a-4b31ff4e78a2,2026-09-16T04:00:20.8561624Z,128,Lower La Noscea,unresolved,unresolved,ambient,remaining overworld monster ambient candidate,monster,Aldgoad Nanny,unresolved,profile-29e7368b41e51dd7,"[-2528.0,-3008.0,2080.0,1600.0]","[1124.1591796875,46.18049240112305,-778.5523681640625]",-2.5688326358795166,Aldgoad Nanny spawn,observation-only; home/slot/respawn unresolved
31,342f9b93-913f-45ab-bffd-dca925921fde,2026-09-16T04:01:35.1845149Z,128,Lower La Noscea,unresolved,unresolved,ambient,remaining overworld monster ambient candidate,monster,Aldgoad Nanny,unresolved,profile-29e7368b41e51dd7,"[-2528.0,-3008.0,2080.0,1600.0]","[1104.59619140625,51.36007308959961,-756.7425537109375]",-2.4332404136657715,Aldgoad Nanny spawn,observation-only; home/slot/respawn unresolved
32,589cf109-52f9-4323-b121-7e289c1f2426,2026-09-16T04:02:50.0332217Z,128,Lower La Noscea,unresolved,unresolved,ambient,remaining overworld monster ambient candidate,monster,Aldgoad Nanny,unresolved,profile-29e7368b41e51dd7,"[-2528.0,-3008.0,2080.0,1600.0]","[1100.107421875,51.427738189697266,-751.6085815429688]",-0.517186164855957,Aldgoad Nanny spawn,observation-only; home/slot/respawn unresolved
33,b37993a0-f7c5-4b1a-8fbc-cdd10d6f0e14,2026-09-16T04:03:01.9764499Z,128,Lower La Noscea,unresolved,unresolved,ambient,remaining overworld monster ambient candidate,monster,Aldgoad Nanny,unresolved,profile-29e7368b41e51dd7,"[-2528.0,-3008.0,2080.0,1600.0]","[1099.246826171875,54.382144927978516,-770.0278930664062]",-2.6466031074523926,Aldgoad Nanny spawn,observation-only; home/slot/respawn unresolved
34,e929ac5e-8e48-4221-87a2-69a242847a79,2026-09-16T04:03:13.9526703Z,128,Lower La Noscea,unresolved,unresolved,ambient,remaining overworld monster ambient candidate,monster,Aldgoad Nanny,unresolved,profile-29e7368b41e51dd7,"[-2528.0,-3008.0,2080.0,1600.0]","[1103.315185546875,47.42364501953125,-739.7860717773438]",-0.47334957122802734,Aldgoad Nanny spawn,observation-only; home/slot/respawn unresolved
35,0b5941b7-c9be-458c-bb68-e6e73880232c,2026-09-16T04:03:24.1442369Z,128,Lower La Noscea,unresolved,unresolved,ambient,remaining overworld monster ambient candidate,monster,Aldgoad Nanny,unresolved,profile-29e7368b41e51dd7,"[-2528.0,-3008.0,2080.0,1600.0]","[1113.1666259765625,47.52307891845703,-742.889892578125]",1.6852543354034424,Aldgoad Nanny spawn,observation-only; home/slot/respawn unresolved
36,b39e3552-709e-4255-99d2-4bf7875aa67c,2026-09-16T04:03:55.6964499Z,128,Lower La Noscea,unresolved,unresolved,ambient,remaining overworld monster ambient candidate,monster,Aldgoad Nanny,unresolved,profile-29e7368b41e51dd7,"[-2528.0,-3008.0,2080.0,1600.0]","[1116.9119873046875,42.16679382324219,-649.3306274414062]",0.17794589698314667,Aldgoad Nanny spawn,observation-only; home/slot/respawn unresolved
37,b37cb5bd-e5a9-43b0-be67-f0ad699ab2f7,2026-09-16T04:04:41.936316Z,128,Lower La Noscea,unresolved,unresolved,ambient,remaining overworld monster ambient candidate,monster,Aldgoad Nanny,unresolved,profile-29e7368b41e51dd7,"[-2528.0,-3008.0,2080.0,1600.0]","[1127.150634765625,45.99433517456055,-612.2926635742188]",0.28446993231773376,Aldgoad Nanny spawn,observation-only; home/slot/respawn unresolved
38,a54039a3-1b43-4039-9e01-02d613f069cc,2026-09-16T04:05:02.032976Z,128,Lower La Noscea,unresolved,unresolved,ambient,remaining overworld monster ambient candidate,monster,Wharf Rat,unresolved,profile-29e7368b41e51dd7,"[-2528.0,-3008.0,2080.0,1600.0]","[1129.6787109375,50.4495849609375,-593.0501098632812]",0.028685366734862328,Wharf Rat spawn,observation-only; home/slot/respawn unresolved
39,4205299a-1b1a-4251-bed1-4868a44dafbb,2026-09-16T04:05:40.4407139Z,128,Lower La Noscea,unresolved,unresolved,ambient,remaining overworld monster ambient candidate,monster,Dodo,unresolved,profile-29e7368b41e51dd7,"[-2528.0,-3008.0,2080.0,1600.0]","[1096.397216796875,54.090999603271484,-579.083251953125]",-1.5865917205810547,Dodo spawn,observation-only; home/slot/respawn unresolved
40,ff765fdf-6f58-48a5-b77a-ecd16b2e4252,2026-09-16T04:05:51.6884762Z,128,Lower La Noscea,unresolved,unresolved,ambient,remaining overworld monster ambient candidate,monster,Dodo,unresolved,profile-29e7368b41e51dd7,"[-2528.0,-3008.0,2080.0,1600.0]","[1095.0186767578125,53.323997497558594,-592.5594482421875]",-2.745370388031006,Dodo spawn,observation-only; home/slot/respawn unresolved
41,2c4fa447-4e81-4428-8835-58237dff5b47,2026-09-16T04:06:27.7924698Z,128,Lower La Noscea,unresolved,unresolved,ambient,remaining overworld monster ambient candidate,monster,Dire rat,unresolved,profile-29e7368b41e51dd7,"[-2528.0,-3008.0,2080.0,1600.0]","[1174.337890625,43.93539810180664,-623.7486572265625]",1.5428311824798584,Dire rat spawn,observation-only; home/slot/respawn unresolved
42,79ed288d-13b5-4076-97aa-219c1cc66beb,2026-09-16T04:06:40.9129899Z,128,Lower La Noscea,unresolved,unresolved,ambient,remaining overworld monster ambient candidate,monster,Dodo,unresolved,profile-29e7368b41e51dd7,"[-2528.0,-3008.0,2080.0,1600.0]","[1173.280517578125,45.263729095458984,-639.7787475585938]",-2.886697292327881,Dodo spawn,observation-only; home/slot/respawn unresolved
43,4c5e7bed-a979-43e4-b12d-662831ee6ff0,2026-09-16T04:07:00.3924564Z,128,Lower La Noscea,unresolved,unresolved,ambient,remaining overworld monster ambient candidate,monster,Dodo,unresolved,profile-29e7368b41e51dd7,"[-2528.0,-3008.0,2080.0,1600.0]","[1166.338623046875,46.179039001464844,-635.7062377929688]",-2.064347743988037,Dodo spawn,observation-only; home/slot/respawn unresolved
44,227763ae-0469-4651-81d3-2fd2c8ae40ff,2026-09-16T04:07:26.504535Z,128,Lower La Noscea,unresolved,unresolved,ambient,remaining overworld monster ambient candidate,monster,Aldgoat Nanny,unresolved,profile-29e7368b41e51dd7,"[-2528.0,-3008.0,2080.0,1600.0]","[1154.162353515625,45.5457763671875,-628.3515625]",-1.4656357765197754,Aldgoat Nanny spawn,observation-only; home/slot/respawn unresolved
45,67018d89-c28f-4807-8365-2455324f0daa,2026-09-16T04:10:56.3528434Z,128,Lower La Noscea,unresolved,unresolved,ambient,remaining overworld monster ambient candidate,monster,Amateur Footpad,unresolved,profile-29e7368b41e51dd7,"[-2528.0,-3008.0,2080.0,1600.0]","[1190.4693603515625,40.583526611328125,-596.821533203125]",2.7245237827301025,Amateur Footpad spawn,observation-only; home/slot/respawn unresolved
46,a347a142-cb46-41d3-b3e1-841a160ac013,2026-09-16T04:11:05.3284429Z,128,Lower La Noscea,unresolved,unresolved,ambient,remaining overworld monster ambient candidate,monster,Amateur Footpad,unresolved,profile-29e7368b41e51dd7,"[-2528.0,-3008.0,2080.0,1600.0]","[1182.8541259765625,40.22755813598633,-596.3524780273438]",1.5904744863510132,Amateur Footpad spawn,observation-only; home/slot/respawn unresolved
47,17d1a03c-43b6-4b1f-b7e5-34e8c503a76b,2026-09-16T04:11:17.424531Z,128,Lower La Noscea,unresolved,unresolved,ambient,remaining overworld monster ambient candidate,monster,Amateur Footpad,unresolved,profile-29e7368b41e51dd7,"[-2528.0,-3008.0,2080.0,1600.0]","[1186.4554443359375,40.36579513549805,-601.4325561523438]",3.0814409255981445,Amateur Footpad spawn,observation-only; home/slot/respawn unresolved
48,8f22561f-e985-42f7-917f-e6602be179cb,2026-09-16T04:11:32.4965256Z,128,Lower La Noscea,unresolved,unresolved,ambient,remaining overworld monster ambient candidate,monster,Amateur Footpad,unresolved,profile-29e7368b41e51dd7,"[-2528.0,-3008.0,2080.0,1600.0]","[1178.293212890625,40.955841064453125,-609.3175048828125]",-2.552433729171753,Amateur Footpad spawn,observation-only; home/slot/respawn unresolved
49,c1aa15a4-08d4-4c70-928c-b1e480c483db,2026-09-16T04:12:47.8808829Z,128,Lower La Noscea,unresolved,unresolved,ambient,remaining overworld monster ambient candidate,monster,Aldgoat Nanny,unresolved,profile-29e7368b41e51dd7,"[-2528.0,-3008.0,2080.0,1600.0]","[1184.5498046875,51.94538879394531,-583.4825439453125]",1.592721939086914,Aldgoat Nanny spawn,observation-only; home/slot/respawn unresolved
50,81a69541-23b0-46b7-a5a8-6ad584163bdd,2026-09-16T04:13:53.5285393Z,128,Lower La Noscea,unresolved,unresolved,ambient,remaining overworld monster ambient candidate,monster,Dire Rat,unresolved,profile-29e7368b41e51dd7,"[-2528.0,-3008.0,2080.0,1600.0]","[1202.36328125,46.49431228637695,-611.03564453125]",1.015864610671997,Dire Rat spawn,observation-only; home/slot/respawn unresolved
51,eb87d54d-28ba-45f4-a78b-ee3a1d83c342,2026-09-16T04:15:05.2813432Z,128,Lower La Noscea,unresolved,unresolved,ambient,remaining overworld monster ambient candidate,monster,Amateur Highwayman,unresolved,profile-29e7368b41e51dd7,"[-2528.0,-3008.0,2080.0,1600.0]","[1181.7803955078125,35.525604248046875,-579.3308715820312]",-0.3145294189453125,Amateur Highwayman spawn,observation-only; home/slot/respawn unresolved
52,70946c72-c062-46ff-9c22-c6a72d56fe3d,2026-09-16T04:15:23.3847797Z,128,Lower La Noscea,unresolved,unresolved,ambient,remaining overworld monster ambient candidate,monster,Amateur Raider,unresolved,profile-29e7368b41e51dd7,"[-2528.0,-3008.0,2080.0,1600.0]","[1187.5213623046875,36.650794982910156,-584.0995483398438]",3.1268982887268066,Amateur Raider spawn,observation-only; home/slot/respawn unresolved
53,7db06406-8e90-4493-9c20-dd3be1ce79d2,2026-09-16T04:23:54.3688495Z,128,Lower La Noscea,unresolved,unresolved,ambient,remaining overworld monster ambient candidate,monster,Wharf Rat,unresolved,profile-29e7368b41e51dd7,"[-2528.0,-3008.0,2080.0,1600.0]","[122.61536407470703,45.80955123901367,154.0751495361328]",2.5335869789123535,Wharf Rat spawn,observation-only; home/slot/respawn unresolved
54,440e87b0-ed1e-4d5d-a23a-6c33b3720bd0,2026-09-16T04:24:47.6410062Z,128,Lower La Noscea,unresolved,unresolved,ambient,remaining overworld monster ambient candidate,monster,Bumble Beetle,unresolved,profile-29e7368b41e51dd7,"[-2528.0,-3008.0,2080.0,1600.0]","[162.49513244628906,48.59447479248047,169.99998474121094]",-0.3792262077331543,Bumble Beetle Spawn,observation-only; home/slot/respawn unresolved
55,6fd6b219-a9b2-40e8-a0a3-293af1445c93,2026-09-16T04:25:12.8088723Z,128,Lower La Noscea,unresolved,unresolved,ambient,remaining overworld monster ambient candidate,monster,Bumble Beetle,unresolved,profile-29e7368b41e51dd7,"[-2528.0,-3008.0,2080.0,1600.0]","[161.5859832763672,49.77928924560547,181.24790954589844]",0.2965717613697052,Bumble Beetle spawn,observation-only; home/slot/respawn unresolved
56,678387a1-1aa3-496f-9ea2-0b2acded37ce,2026-09-16T04:26:12.971983Z,128,Lower La Noscea,unresolved,unresolved,ambient,remaining overworld monster ambient candidate,monster,Wharf Rat,unresolved,profile-29e7368b41e51dd7,"[-2528.0,-3008.0,2080.0,1600.0]","[170.53524780273438,42.670623779296875,102.81027221679688]",-2.7124369144439697,Wharf Rat spawn,observation-only; home/slot/respawn unresolved
57,d15c5079-c29d-4c2d-b15f-2d64bb99b9a4,2026-09-16T04:26:56.9048562Z,128,Lower La Noscea,unresolved,unresolved,ambient,remaining overworld monster ambient candidate,monster,Bumble Beetle,unresolved,profile-29e7368b41e51dd7,"[-2528.0,-3008.0,2080.0,1600.0]","[138.27914428710938,45.87506103515625,71.25942993164062]",-2.2552452087402344,Bumble Beetle spawn,observation-only; home/slot/respawn unresolved
58,a2a9648f-76a2-4695-99a9-e84f359809b6,2026-09-16T04:28:01.7853449Z,128,Lower La Noscea,unresolved,unresolved,ambient,remaining overworld monster ambient candidate,monster,Wharf Rat,unresolved,profile-29e7368b41e51dd7,"[-2528.0,-3008.0,2080.0,1600.0]","[125.64064025878906,45.13190841674805,48.450130462646484]",0.7635464668273926,Wharf rat spawn,observation-only; home/slot/respawn unresolved
59,98db89f7-327c-46e8-9314-8cafddf8a518,2026-09-16T04:28:43.3528728Z,128,Lower La Noscea,unresolved,unresolved,ambient,remaining overworld monster ambient candidate,monster,Bumble beetle,unresolved,profile-29e7368b41e51dd7,"[-2528.0,-3008.0,2080.0,1600.0]","[115.73731231689453,44.68210983276367,114.84939575195312]",0.17846234142780304,Bumble beetle spawn,observation-only; home/slot/respawn unresolved
60,2cf1a5c2-2c66-4c22-bd4c-f78a51705313,2026-09-16T04:29:36.9767861Z,128,Lower La Noscea,unresolved,unresolved,ambient,remaining overworld monster ambient candidate,monster,Bumble Beetle,unresolved,profile-29e7368b41e51dd7,"[-2528.0,-3008.0,2080.0,1600.0]","[182.364990234375,45.437355041503906,230.83543395996094]",2.9950668811798096,Bumble Beetle spawn,observation-only; home/slot/respawn unresolved
61,53762d93-3586-441d-8b2e-b88a88608827,2026-09-16T04:29:46.3211006Z,128,Lower La Noscea,unresolved,unresolved,ambient,remaining overworld monster ambient candidate,monster,Bumble Beetle,unresolved,profile-29e7368b41e51dd7,"[-2528.0,-3008.0,2080.0,1600.0]","[190.99688720703125,45.43655776977539,243.52685546875]",0.5971230268478394,Bumble Beetle spawn,observation-only; home/slot/respawn unresolved
62,6d5df165-8b10-4527-8af4-792c03e3f822,2026-09-16T04:29:55.8654903Z,128,Lower La Noscea,unresolved,unresolved,ambient,remaining overworld monster ambient candidate,monster,Bumble Beetle,unresolved,profile-29e7368b41e51dd7,"[-2528.0,-3008.0,2080.0,1600.0]","[186.72161865234375,46.49420928955078,250.79061889648438]",-0.32549476623535156,Bumble Beetle spawn,observation-only; home/slot/respawn unresolved
63,ce2a3e70-751b-4cd4-909c-19245c4b8d5b,2026-09-16T04:30:08.3131639Z,128,Lower La Noscea,unresolved,unresolved,ambient,remaining overworld monster ambient candidate,monster,Bumble Beetle,unresolved,profile-29e7368b41e51dd7,"[-2528.0,-3008.0,2080.0,1600.0]","[195.080810546875,46.499996185302734,255.84048461914062]",1.0050702095031738,Bumble Beetle spawn,observation-only; home/slot/respawn unresolved
64,b0ed92e2-8fe7-49dc-9e22-8dac75b471c9,2026-09-16T04:30:34.8730303Z,128,Lower La Noscea,unresolved,unresolved,ambient,remaining overworld monster ambient candidate,monster,Wharf Rat,unresolved,profile-29e7368b41e51dd7,"[-2528.0,-3008.0,2080.0,1600.0]","[136.34373474121094,45.30598449707031,300.5294189453125]",-1.3049983978271484,Wharf rat spawn,observation-only; home/slot/respawn unresolved
65,4cc3e49e-514d-4d9d-9b39-b773d88ae9ea,2026-09-16T04:30:51.5929088Z,128,Lower La Noscea,unresolved,unresolved,ambient,remaining overworld monster ambient candidate,monster,Wharf Rat,unresolved,profile-29e7368b41e51dd7,"[-2528.0,-3008.0,2080.0,1600.0]","[142.46286010742188,45.91154098510742,309.9838562011719]",0.797619104385376,Wharf Rat spawn,observation-only; home/slot/respawn unresolved
66,5f8a8adf-549d-422d-9d59-2bee736e9926,2026-09-16T04:31:11.51299Z,128,Lower La Noscea,unresolved,unresolved,ambient,remaining overworld monster ambient candidate,monster,Bumble Beetle,unresolved,profile-29e7368b41e51dd7,"[-2528.0,-3008.0,2080.0,1600.0]","[164.65069580078125,44.441436767578125,319.0158386230469]",1.2203304767608643,Bumble Beetle spawn,observation-only; home/slot/respawn unresolved
67,8afda3ae-4d0c-4762-aa46-8c93433efe39,2026-09-16T04:31:20.4761931Z,128,Lower La Noscea,unresolved,unresolved,ambient,remaining overworld monster ambient candidate,monster,Bumble Beetle,unresolved,profile-29e7368b41e51dd7,"[-2528.0,-3008.0,2080.0,1600.0]","[175.5795135498047,45.25600814819336,311.6142883300781]",2.2514734268188477,Bumble Beetle spawn,observation-only; home/slot/respawn unresolved
68,157a31f6-8af9-4404-89f7-787723cdc748,2026-09-16T04:31:29.9623076Z,128,Lower La Noscea,unresolved,unresolved,ambient,remaining overworld monster ambient candidate,monster,Bumble Beetle,unresolved,profile-29e7368b41e51dd7,"[-2528.0,-3008.0,2080.0,1600.0]","[190.5005340576172,46.5,317.0860900878906]",0.9771851301193237,Bumble Beetle spawn,observation-only; home/slot/respawn unresolved
69,55d388d6-bb08-42ff-9f51-3b30efbe1c3e,2026-09-16T04:31:42.1131905Z,128,Lower La Noscea,unresolved,unresolved,ambient,remaining overworld monster ambient candidate,monster,Wharf Rat,unresolved,profile-29e7368b41e51dd7,"[-2528.0,-3008.0,2080.0,1600.0]","[189.1167755126953,46.2248420715332,327.3286437988281]",-0.053098201751708984,Wharf Rat spawn,observation-only; home/slot/respawn unresolved
70,80672ab5-2ecd-4f52-833d-1056bd175994,2026-09-16T04:31:53.6729664Z,128,Lower La Noscea,unresolved,unresolved,ambient,remaining overworld monster ambient candidate,monster,Wharf Rat,unresolved,profile-29e7368b41e51dd7,"[-2528.0,-3008.0,2080.0,1600.0]","[173.15562438964844,44.37895584106445,332.3267517089844]",-1.1905007362365723,Wharf Rat spawn,observation-only; home/slot/respawn unresolved
71,033193f2-1ca5-48fc-ad34-1ab10d55fa7f,2026-09-16T04:32:03.2023726Z,128,Lower La Noscea,unresolved,unresolved,ambient,remaining overworld monster ambient candidate,monster,Wharf Rat,unresolved,profile-29e7368b41e51dd7,"[-2528.0,-3008.0,2080.0,1600.0]","[158.5380096435547,43.43779754638672,342.0119323730469]",-1.2241644859313965,Wharf Rat spawn,observation-only; home/slot/respawn unresolved
72,d334d630-312b-4dc8-8c09-1f57f2b2891f,2026-09-16T04:32:12.4249383Z,128,Lower La Noscea,unresolved,unresolved,ambient,remaining overworld monster ambient candidate,monster,Wharf Rat,unresolved,profile-29e7368b41e51dd7,"[-2528.0,-3008.0,2080.0,1600.0]","[148.87413024902344,44.27823257446289,333.0352478027344]",-2.322251558303833,Wharf Rat spawn,observation-only; home/slot/respawn unresolved
73,d7b34fbc-483e-4262-8d0c-25713abef399,2026-09-16T04:32:38.7451431Z,128,Lower La Noscea,unresolved,unresolved,ambient,remaining overworld monster ambient candidate,monster,Bumble beetle,unresolved,profile-29e7368b41e51dd7,"[-2528.0,-3008.0,2080.0,1600.0]","[191.31869506835938,43.20437240600586,278.3290100097656]",-2.975397825241089,Bumble beetle spawn,observation-only; home/slot/respawn unresolved
74,0a98e95c-39be-47bb-a467-f1cf442e66fe,2026-09-16T04:32:58.9531768Z,128,Lower La Noscea,unresolved,unresolved,ambient,remaining overworld monster ambient candidate,monster,Bumble Beetle,unresolved,profile-29e7368b41e51dd7,"[-2528.0,-3008.0,2080.0,1600.0]","[200.7860107421875,44.62857437133789,272.85162353515625]",2.2616989612579346,Bumble Beetle spawn,observation-only; home/slot/respawn unresolved
75,c7c65a12-a208-4b63-b1b5-e9a6efb0f447,2026-09-16T04:34:23.7693321Z,128,Lower La Noscea,unresolved,unresolved,ambient,remaining overworld monster ambient candidate,monster,Sea Puk,unresolved,profile-29e7368b41e51dd7,"[-2528.0,-3008.0,2080.0,1600.0]","[402.1678161621094,50.62046813964844,211.49610900878906]",-1.8744049072265625,Sea Puk spawn,observation-only; home/slot/respawn unresolved
76,4083b20d-fb26-488f-8478-790a4b389197,2026-09-16T04:34:43.3611008Z,128,Lower La Noscea,unresolved,unresolved,ambient,remaining overworld monster ambient candidate,monster,Sea Puk,unresolved,profile-29e7368b41e51dd7,"[-2528.0,-3008.0,2080.0,1600.0]","[457.4208068847656,46.677024841308594,228.681640625]",1.3291255235671997,Sea Puk spawn,observation-only; home/slot/respawn unresolved
77,89cfdae6-371f-487b-b5f2-e10dd6f88796,2026-09-16T04:35:03.5931868Z,128,Lower La Noscea,unresolved,unresolved,ambient,remaining overworld monster ambient candidate,monster,Sea Puk,unresolved,profile-29e7368b41e51dd7,"[-2528.0,-3008.0,2080.0,1600.0]","[449.3399658203125,52.04876708984375,159.74267578125]",-0.9642801284790039,Sea Puk spawn,observation-only; home/slot/respawn unresolved
78,975ec449-1552-4b83-a9ca-499e92fe8028,2026-09-16T04:35:15.5370898Z,128,Lower La Noscea,unresolved,unresolved,ambient,remaining overworld monster ambient candidate,monster,Sea Puk,unresolved,profile-29e7368b41e51dd7,"[-2528.0,-3008.0,2080.0,1600.0]","[464.25091552734375,51.25118637084961,145.964111328125]",2.3070619106292725,Sea Puk spawn,observation-only; home/slot/respawn unresolved
79,62f24458-d7da-493a-b6da-d59523b500c2,2026-09-16T04:36:01.7772212Z,128,Lower La Noscea,unresolved,unresolved,ambient,remaining overworld monster ambient candidate,monster,Ravenous Nannygoat,unresolved,profile-29e7368b41e51dd7,"[-2528.0,-3008.0,2080.0,1600.0]","[490.10711669921875,54.34141540527344,73.3961181640625]",-1.204967975616455,,observation-only; home/slot/respawn unresolved
80,6ad0ed8d-ff63-42e0-8610-c82079d2c528,2026-09-16T04:36:33.1610304Z,128,Lower La Noscea,unresolved,unresolved,ambient,remaining overworld monster ambient candidate,monster,Sea Puk,unresolved,profile-29e7368b41e51dd7,"[-2528.0,-3008.0,2080.0,1600.0]","[488.4486999511719,52.200862884521484,133.70321655273438]",0.15701469779014587,Sea Puk spawn,observation-only; home/slot/respawn unresolved
81,63ddc60d-617d-4866-a7a8-bf7a68e16509,2026-09-16T04:36:41.1293484Z,128,Lower La Noscea,unresolved,unresolved,ambient,remaining overworld monster ambient candidate,monster,Sea Puk,unresolved,profile-29e7368b41e51dd7,"[-2528.0,-3008.0,2080.0,1600.0]","[478.28289794921875,50.44377517700195,135.9539337158203]",-1.1214008331298828,Sea Puk spawn,observation-only; home/slot/respawn unresolved
82,640ae4f9-1450-4a8b-acb1-169adfd9838d,2026-09-16T04:36:49.5139277Z,128,Lower La Noscea,unresolved,unresolved,ambient,remaining overworld monster ambient candidate,monster,Sea Puk,unresolved,profile-29e7368b41e51dd7,"[-2528.0,-3008.0,2080.0,1600.0]","[470.6139831542969,50.54424285888672,144.67555236816406]",-1.321545124053955,Sea Puk spawn,observation-only; home/slot/respawn unresolved
83,6da78028-34cf-4b5c-b6aa-aa64fb6adb80,2026-09-16T04:40:35.6972505Z,128,Lower La Noscea,unresolved,unresolved,ambient,remaining overworld monster ambient candidate,monster,Wharf Rat,unresolved,profile-29e7368b41e51dd7,"[-2528.0,-3008.0,2080.0,1600.0]","[495.89898681640625,53.629913330078125,73.1531982421875]",2.8316211700439453,Wharf rat spawn,observation-only; home/slot/respawn unresolved
84,5ec539f8-00b7-461d-950f-ab96dd580d62,2026-09-16T04:40:55.7296371Z,128,Lower La Noscea,unresolved,unresolved,ambient,remaining overworld monster ambient candidate,monster,Wharf Rat,unresolved,profile-29e7368b41e51dd7,"[-2528.0,-3008.0,2080.0,1600.0]","[510.045166015625,54.602394104003906,71.72512817382812]",1.4789886474609375,Wharf Rat spawn,observation-only; home/slot/respawn unresolved
85,d40bed2b-cbf3-4d63-a707-91bbeb02c12d,2026-09-16T04:41:14.473476Z,128,Lower La Noscea,unresolved,unresolved,ambient,remaining overworld monster ambient candidate,monster,Wharf Rat,unresolved,profile-29e7368b41e51dd7,"[-2528.0,-3008.0,2080.0,1600.0]","[512.6007080078125,54.500003814697266,61.743865966796875]",2.956423759460449,Wharf Rat spawn,observation-only; home/slot/respawn unresolved
86,de16ca4b-0356-4151-843a-e60d0f0ae062,2026-09-16T04:42:32.0892218Z,128,Lower La Noscea,unresolved,unresolved,ambient,remaining overworld monster ambient candidate,monster,Wharf Rat,unresolved,profile-29e7368b41e51dd7,"[-2528.0,-3008.0,2080.0,1600.0]","[533.6298828125,53.01620101928711,49.65092086791992]",2.8261444568634033,Wharf Rat spawn,observation-only; home/slot/respawn unresolved
87,aeb87a7b-977a-4e46-ad33-027b37c16f1b,2026-09-16T04:42:40.3934526Z,128,Lower La Noscea,unresolved,unresolved,ambient,remaining overworld monster ambient candidate,monster,Wharf Rat,unresolved,profile-29e7368b41e51dd7,"[-2528.0,-3008.0,2080.0,1600.0]","[548.51953125,51.70241165161133,53.572120666503906]",0.9259563088417053,Wharf Rat spawn,observation-only; home/slot/respawn unresolved
88,8d2720e0-df93-40e5-bcb0-49853da8cf72,2026-09-16T04:42:50.5213098Z,128,Lower La Noscea,unresolved,unresolved,ambient,remaining overworld monster ambient candidate,monster,Wharf Rat,unresolved,profile-29e7368b41e51dd7,"[-2528.0,-3008.0,2080.0,1600.0]","[530.2698974609375,53.399200439453125,50.936485290527344]",-0.7656269073486328,Wharf Rat spawn,observation-only; home/slot/respawn unresolved
89,a165de33-076a-4f49-9d02-e79cf1edc920,2026-09-16T04:42:59.8342373Z,128,Lower La Noscea,unresolved,unresolved,ambient,remaining overworld monster ambient candidate,monster,Wharf Rat,unresolved,profile-29e7368b41e51dd7,"[-2528.0,-3008.0,2080.0,1600.0]","[534.670654296875,53.30411148071289,58.337337493896484]",-2.9363577365875244,Wharf Rat spawn,observation-only; home/slot/respawn unresolved
90,7540774c-f4c6-4981-aefc-2877b0498641,2026-09-16T04:44:18.1854089Z,128,Lower La Noscea,unresolved,unresolved,ambient,remaining overworld monster ambient candidate,monster,Wharf Rat,unresolved,profile-29e7368b41e51dd7,"[-2528.0,-3008.0,2080.0,1600.0]","[620.9562377929688,44.03105926513672,-121.753662109375]",-2.755317211151123,Wharf Rat spawn,observation-only; home/slot/respawn unresolved
91,9c9bcc61-25f9-48d9-b613-1ef966cad1f7,2026-09-16T04:44:56.5614822Z,128,Lower La Noscea,unresolved,unresolved,ambient,remaining overworld monster ambient candidate,monster,Hoverfly Swarm,unresolved,profile-29e7368b41e51dd7,"[-2528.0,-3008.0,2080.0,1600.0]","[686.5120849609375,45.795021057128906,-186.21554565429688]",1.2342456579208374,Hoverfly Swarm spawn,observation-only; home/slot/respawn unresolved
92,7f412362-6c69-4a3c-be0f-22729e33785b,2026-09-16T04:45:06.1698582Z,128,Lower La Noscea,unresolved,unresolved,ambient,remaining overworld monster ambient candidate,monster,Hoverfly Swarm,unresolved,profile-29e7368b41e51dd7,"[-2528.0,-3008.0,2080.0,1600.0]","[690.0443115234375,44.982452392578125,-176.75271606445312]",0.273837685585022,Hoverfly Swarm spawn,observation-only; home/slot/respawn unresolved
93,6a9b5feb-2b82-4e82-be05-db1cfbccc3c1,2026-09-16T04:45:33.6823052Z,128,Lower La Noscea,unresolved,unresolved,ambient,remaining overworld monster ambient candidate,monster,Hoverfly Swarm,unresolved,profile-29e7368b41e51dd7,"[-2528.0,-3008.0,2080.0,1600.0]","[682.5459594726562,46.46489715576172,-181.07835388183594]",0.16618038713932037,Hoverfly Swarm spawn,observation-only; home/slot/respawn unresolved
94,1447c113-d314-4176-abd0-bb2350e877e6,2026-09-16T04:45:49.4254054Z,128,Lower La Noscea,unresolved,unresolved,ambient,remaining overworld monster ambient candidate,monster,Wharf Rat,unresolved,profile-29e7368b41e51dd7,"[-2528.0,-3008.0,2080.0,1600.0]","[658.9371337890625,43.805938720703125,-176.19076538085938]",3.1412415504455566,Wharf Rat spawn,observation-only; home/slot/respawn unresolved
95,655af406-4daf-4c77-a7b1-4f5eeab79261,2026-09-16T04:46:11.8576692Z,128,Lower La Noscea,unresolved,unresolved,ambient,remaining overworld monster ambient candidate,monster,Wharf Rat,unresolved,profile-29e7368b41e51dd7,"[-2528.0,-3008.0,2080.0,1600.0]","[640.6903686523438,42.2119140625,-163.39105224609375]",-2.1807894706726074,Wharf Rat spawn,observation-only; home/slot/respawn unresolved
96,618e6ca6-8018-4e9a-8279-52f4c8b900e2,2026-09-16T04:46:28.6174949Z,128,Lower La Noscea,unresolved,unresolved,ambient,remaining overworld monster ambient candidate,monster,Hoverfly Swarm,unresolved,profile-29e7368b41e51dd7,"[-2528.0,-3008.0,2080.0,1600.0]","[649.7662963867188,44.422821044921875,-146.06295776367188]",0.592216968536377,Hoverfly Swarm spawn,observation-only; home/slot/respawn unresolved
97,dc36ad56-6de6-4c1c-9aa2-899650f41024,2026-09-16T04:46:39.7132662Z,128,Lower La Noscea,unresolved,unresolved,ambient,remaining overworld monster ambient candidate,monster,Hoverfly Swarm,unresolved,profile-29e7368b41e51dd7,"[-2528.0,-3008.0,2080.0,1600.0]","[660.2618408203125,45.47468566894531,-146.07913208007812]",1.6435908079147339,Hoverfly Swarm spawn,observation-only; home/slot/respawn unresolved
98,cea63fa1-5d5d-4ea8-a60f-3790c6ce74af,2026-09-16T04:46:56.3772682Z,128,Lower La Noscea,unresolved,unresolved,ambient,remaining overworld monster ambient candidate,monster,Wharf Rat,unresolved,profile-29e7368b41e51dd7,"[-2528.0,-3008.0,2080.0,1600.0]","[637.0391845703125,46.33126449584961,-134.47662353515625]",1.9482927322387695,Wharf Rat spawn,observation-only; home/slot/respawn unresolved
99,d5bc1a9d-8239-4256-a6fc-248848a6157a,2026-09-16T04:58:17.2416328Z,128,Lower La Noscea,unresolved,unresolved,ambient,remaining overworld monster ambient candidate,monster,Wharf Rat,unresolved,profile-29e7368b41e51dd7,"[-2528.0,-3008.0,2080.0,1600.0]","[708.1870727539062,45.45445251464844,-172.20928955078125]",1.9556641578674316,Wharf Rat spawn,observation-only; home/slot/respawn unresolved
100,93813b96-77fb-45a4-8e95-39c3c0b521fa,2026-09-16T04:58:29.9297743Z,128,Lower La Noscea,unresolved,unresolved,ambient,remaining overworld monster ambient candidate,monster,Hoverfly Swarm,unresolved,profile-29e7368b41e51dd7,"[-2528.0,-3008.0,2080.0,1600.0]","[696.380615234375,46.842735290527344,-183.4744873046875]",-2.4765660762786865,Hoverfly Swarm spawn,observation-only; home/slot/respawn unresolved
101,a0ac8be5-3c44-4a7a-8755-af28036c9098,2026-09-16T04:58:38.7700789Z,128,Lower La Noscea,unresolved,unresolved,ambient,remaining overworld monster ambient candidate,monster,Hoverfly Swarm,unresolved,profile-29e7368b41e51dd7,"[-2528.0,-3008.0,2080.0,1600.0]","[690.5341186523438,46.1666145324707,-186.35438537597656]",0.6649028062820435,Hoverfly Swarm spawn,observation-only; home/slot/respawn unresolved
102,1f92f30f-f22a-4d5f-bc48-4c82712086dc,2026-09-16T04:59:10.6662305Z,128,Lower La Noscea,unresolved,unresolved,ambient,remaining overworld monster ambient candidate,monster,Island Carb,unresolved,profile-29e7368b41e51dd7,"[-2528.0,-3008.0,2080.0,1600.0]","[718.6093139648438,44.57551574707031,-138.8907470703125]",0.9382569789886475,Island Crab spawn,observation-only; home/slot/respawn unresolved
103,872dde92-b6cd-4f28-84a0-d031a8d81a8b,2026-09-16T05:00:59.0419718Z,128,Lower La Noscea,unresolved,unresolved,ambient,remaining overworld monster ambient candidate,monster,Island Crab,unresolved,profile-29e7368b41e51dd7,"[-2528.0,-3008.0,2080.0,1600.0]","[741.2540283203125,44.912532806396484,-115.78153228759766]",0.21922406554222107,Island Crab spawn,observation-only; home/slot/respawn unresolved
104,d8058fb9-47a6-4183-b525-cb6f5062e80e,2026-09-16T05:01:08.505651Z,128,Lower La Noscea,unresolved,unresolved,ambient,remaining overworld monster ambient candidate,monster,Island Crab,unresolved,profile-29e7368b41e51dd7,"[-2528.0,-3008.0,2080.0,1600.0]","[736.2215576171875,47.5333251953125,-107.69893646240234]",0.38037556409835815,Island Crab spawn,observation-only; home/slot/respawn unresolved
105,48931bb3-fd65-4dd1-a266-23a18487909c,2026-09-16T05:02:50.2738139Z,128,Lower La Noscea,unresolved,unresolved,ambient,remaining overworld monster ambient candidate,monster,Wharf Rat,unresolved,profile-29e7368b41e51dd7,"[-2528.0,-3008.0,2080.0,1600.0]","[705.9254150390625,45.842262268066406,-209.88412475585938]",-2.9472689628601074,Wharf Rat Spawn,observation-only; home/slot/respawn unresolved
106,b30ce6cf-b070-45af-8b60-8654fa6de6c3,2026-09-16T05:03:12.5859211Z,128,Lower La Noscea,unresolved,unresolved,ambient,remaining overworld monster ambient candidate,monster,Hoverfly Swarm,unresolved,profile-29e7368b41e51dd7,"[-2528.0,-3008.0,2080.0,1600.0]","[756.3095703125,52.499942779541016,-243.73800659179688]",2.1299571990966797,Hoverfly Swarm spawn,observation-only; home/slot/respawn unresolved
107,35af2eae-e149-4bde-b39a-104d2f40fd9b,2026-09-16T05:03:38.1856405Z,128,Lower La Noscea,unresolved,unresolved,ambient,remaining overworld monster ambient candidate,monster,Ravenous Nannygoat,unresolved,profile-29e7368b41e51dd7,"[-2528.0,-3008.0,2080.0,1600.0]","[755.5381469726562,54.26963806152344,-193.8600616455078]",0.2915537357330322,Ravenous Nannygoat spawn,observation-only; home/slot/respawn unresolved
108,cfd8709a-0a34-4b85-8ba7-8eff06b9e814,2026-09-16T05:04:02.3062119Z,128,Lower La Noscea,unresolved,unresolved,ambient,remaining overworld monster ambient candidate,monster,Wharf Rat,unresolved,profile-29e7368b41e51dd7,"[-2528.0,-3008.0,2080.0,1600.0]","[771.5491333007812,54.283226013183594,-242.42984008789062]",1.8941899538040161,Wharf Rat spawn,observation-only; home/slot/respawn unresolved
109,5379d384-5281-466b-85c1-710761c439d9,2026-09-16T05:04:56.2419133Z,128,Lower La Noscea,unresolved,unresolved,ambient,remaining overworld monster ambient candidate,monster,Sea Puk,unresolved,profile-29e7368b41e51dd7,"[-2528.0,-3008.0,2080.0,1600.0]","[824.32275390625,51.73484420776367,-225.2696990966797]",-0.010927200317382812,Sea puk spawn,observation-only; home/slot/respawn unresolved
110,24e3937b-d287-433e-9df3-98f602c6f621,2026-09-16T05:05:16.9379125Z,128,Lower La Noscea,unresolved,unresolved,ambient,remaining overworld monster ambient candidate,monster,Island Crab,unresolved,profile-29e7368b41e51dd7,"[-2528.0,-3008.0,2080.0,1600.0]","[853.0737915039062,59.24774169921875,-253.6300048828125]",1.850148320198059,Island Crab spawn,observation-only; home/slot/respawn unresolved
111,59834509-5bcd-4f5c-a76b-5de4245eebc0,2026-09-16T05:07:29.706263Z,128,Lower La Noscea,unresolved,unresolved,ambient,remaining overworld monster ambient candidate,monster,Giant Crab,unresolved,profile-29e7368b41e51dd7,"[-2528.0,-3008.0,2080.0,1600.0]","[971.8731079101562,60.39391326904297,-360.69842529296875]",1.5601757764816284,Giant Crab spawn,observation-only; home/slot/respawn unresolved
112,c725cb5e-3ee3-4e34-b619-55d4e47d22f4,2026-09-16T05:07:51.1620945Z,128,Lower La Noscea,unresolved,unresolved,ambient,remaining overworld monster ambient candidate,monster,Puk,unresolved,profile-29e7368b41e51dd7,"[-2528.0,-3008.0,2080.0,1600.0]","[941.1537475585938,58.459434509277344,-404.267333984375]",-2.4302241802215576,Puk Spawn,observation-only; home/slot/respawn unresolved
113,547da152-77be-4460-bf69-65e05c31a855,2026-09-16T05:09:12.3619176Z,128,Lower La Noscea,unresolved,unresolved,ambient,remaining overworld monster ambient candidate,monster,LadyBug,unresolved,profile-29e7368b41e51dd7,"[-2528.0,-3008.0,2080.0,1600.0]","[929.2937622070312,63.184661865234375,-406.0299072265625]",-1.8423800468444824,Ladybug spawn,observation-only; home/slot/respawn unresolved
114,24f2c722-cce9-4655-8dae-c6c110423c0c,2026-09-16T05:09:30.55441Z,128,Lower La Noscea,unresolved,unresolved,ambient,remaining overworld monster ambient candidate,monster,Wharf Rat,unresolved,profile-29e7368b41e51dd7,"[-2528.0,-3008.0,2080.0,1600.0]","[938.7657470703125,59.79325866699219,-414.7128601074219]",2.214614152908325,Wharf Rat spawn,observation-only; home/slot/respawn unresolved
115,ab0377e0-f042-4c46-aa63-479529c197aa,2026-09-16T05:10:18.4799109Z,128,Lower La Noscea,unresolved,unresolved,ambient,remaining overworld monster ambient candidate,monster,Ladybug,unresolved,profile-29e7368b41e51dd7,"[-2528.0,-3008.0,2080.0,1600.0]","[963.6438598632812,54.38251495361328,-460.71356201171875]",-2.6750869750976562,Ladybug spawn,observation-only; home/slot/respawn unresolved
116,c0382b6f-089b-4562-9bd8-1311b2faead4,2026-09-16T05:11:01.5142584Z,128,Lower La Noscea,unresolved,unresolved,ambient,remaining overworld monster ambient candidate,monster,Wharf Rat,unresolved,profile-29e7368b41e51dd7,"[-2528.0,-3008.0,2080.0,1600.0]","[1017.4688720703125,53.71029281616211,-461.7293395996094]",1.8989477157592773,Wharf Rat spawn,observation-only; home/slot/respawn unresolved
117,3c6be262-d78a-443d-9a36-92f7d0c6c33e,2026-09-16T05:12:38.65839Z,128,Lower La Noscea,unresolved,unresolved,ambient,remaining overworld monster ambient candidate,monster,Puk,unresolved,profile-29e7368b41e51dd7,"[-2528.0,-3008.0,2080.0,1600.0]","[1013.8323364257812,53.9381217956543,-504.6642761230469]",-2.4197304248809814,Puk spawn,observation-only; home/slot/respawn unresolved
118,e3a9aa77-39a2-4ba5-a008-5c914e3c4e38,2026-09-16T05:12:52.883315Z,128,Lower La Noscea,unresolved,unresolved,ambient,remaining overworld monster ambient candidate,monster,Ladybug,unresolved,profile-29e7368b41e51dd7,"[-2528.0,-3008.0,2080.0,1600.0]","[998.606201171875,52.97531509399414,-511.0077819824219]",-1.925333023071289,Ladybug spawn,observation-only; home/slot/respawn unresolved
121,208baa4a-237e-47d0-8f39-7ada1b8d96b7,2026-09-16T05:23:40.7215983Z,128,Lower La Noscea,unresolved,unresolved,ambient,remaining overworld monster ambient candidate,monster,Puk,unresolved,profile-29e7368b41e51dd7,"[-2528.0,-3008.0,2080.0,1600.0]","[1127.3126220703125,50.796791076660156,-507.4461669921875]",2.092158555984497,Puk spawn,observation-only; home/slot/respawn unresolved
122,fbd066e7-ff44-4ad2-b576-98cbde09b158,2026-09-16T05:24:04.3949951Z,128,Lower La Noscea,unresolved,unresolved,ambient,remaining overworld monster ambient candidate,monster,Giant crab,unresolved,profile-29e7368b41e51dd7,"[-2528.0,-3008.0,2080.0,1600.0]","[1137.2640380859375,51.85507583618164,-529.0043334960938]",1.9250725507736206,Giant crab spawn,observation-only; home/slot/respawn unresolved
123,9f733fdd-649e-4e91-b2a0-3e3ba52f24c3,2026-09-16T05:24:32.6831416Z,128,Lower La Noscea,unresolved,unresolved,ambient,remaining overworld monster ambient candidate,monster,Dodo,unresolved,profile-29e7368b41e51dd7,"[-2528.0,-3008.0,2080.0,1600.0]","[1159.927734375,52.68893814086914,-534.0779418945312]",1.4543943405151367,Dodo spawn,observation-only; home/slot/respawn unresolved
124,fc1a4c65-6314-479f-aedf-77de79b8e04d,2026-09-16T05:24:44.6027726Z,128,Lower La Noscea,unresolved,unresolved,ambient,remaining overworld monster ambient candidate,monster,Puk,unresolved,profile-29e7368b41e51dd7,"[-2528.0,-3008.0,2080.0,1600.0]","[1168.9591064453125,53.92161178588867,-511.9916687011719]",0.1003454178571701,Puk spawn,observation-only; home/slot/respawn unresolved
125,72bab1e2-5759-40f9-a6fa-052aff8451ff,2026-09-16T05:25:01.3542924Z,128,Lower La Noscea,unresolved,unresolved,ambient,remaining overworld monster ambient candidate,monster,Dodo,unresolved,profile-29e7368b41e51dd7,"[-2528.0,-3008.0,2080.0,1600.0]","[1164.1923828125,52.30013656616211,-479.8562316894531]",0.28349658846855164,Dodo Spawn,observation-only; home/slot/respawn unresolved
126,11b49424-7959-4162-9b9d-9ab2b0785bce,2026-09-16T05:25:27.8347453Z,128,Lower La Noscea,unresolved,unresolved,ambient,remaining overworld monster ambient candidate,monster,Giant Crab,unresolved,profile-29e7368b41e51dd7,"[-2528.0,-3008.0,2080.0,1600.0]","[1191.112060546875,47.02589797973633,-546.781005859375]",2.9996347427368164,Giant Crab spawn,observation-only; home/slot/respawn unresolved
127,d0bac6bd-0023-4218-82fe-9de15ef75387,2026-09-16T05:26:18.0664546Z,128,Lower La Noscea,unresolved,unresolved,ambient,remaining overworld monster ambient candidate,monster,Musk Roseling,unresolved,profile-29e7368b41e51dd7,"[-2528.0,-3008.0,2080.0,1600.0]","[1199.99658203125,49.690757751464844,-558.658447265625]",2.4884719848632812,Musk Roseling spawn,observation-only; home/slot/respawn unresolved
128,0274b484-e61c-49c6-a7a5-9d59cf96871f,2026-09-16T05:26:37.5542721Z,128,Lower La Noscea,unresolved,unresolved,ambient,remaining overworld monster ambient candidate,monster,Musk Roseling,unresolved,profile-29e7368b41e51dd7,"[-2528.0,-3008.0,2080.0,1600.0]","[1093.2335205078125,54.21111297607422,-562.9794921875]",-1.9193382263183594,Musk Roseling spawn,observation-only; home/slot/respawn unresolved
129,7f935bee-6558-4d75-9e83-2e79400aaa6f,2026-09-16T05:26:57.0583061Z,128,Lower La Noscea,unresolved,unresolved,ambient,remaining overworld monster ambient candidate,monster,Musk Roseling,unresolved,profile-29e7368b41e51dd7,"[-2528.0,-3008.0,2080.0,1600.0]","[1090.70166015625,52.79035568237305,-550.2191162109375]",-0.199676513671875,Musk Roseling spawn,observation-only; home/slot/respawn unresolved
130,5490c786-e3d5-4b9e-84af-3c1752773ca6,2026-09-16T05:27:22.1786423Z,128,Lower La Noscea,unresolved,unresolved,ambient,remaining overworld monster ambient candidate,monster,Musk Roseling,unresolved,profile-29e7368b41e51dd7,"[-2528.0,-3008.0,2080.0,1600.0]","[1090.663330078125,53.475196838378906,-595.21826171875]",-2.9430718421936035,Musk Roseling spawn,observation-only; home/slot/respawn unresolved
131,3328110d-a3cf-4129-8787-69fe7823fc90,2026-09-16T05:28:51.8910919Z,128,Lower La Noscea,unresolved,unresolved,ambient,remaining overworld monster ambient candidate,monster,Aldgoat Nanny,unresolved,profile-29e7368b41e51dd7,"[-2528.0,-3008.0,2080.0,1600.0]","[1104.2828369140625,53.185604095458984,-761.6791381835938]",2.546189546585083,Aldgoat Nanny spawn,observation-only; home/slot/respawn unresolved
132,fedbb084-a233-4087-a8a9-c086f3536554,2026-09-16T05:29:24.8505258Z,128,Lower La Noscea,unresolved,unresolved,ambient,remaining overworld monster ambient candidate,monster,Giant Crab,unresolved,profile-29e7368b41e51dd7,"[-2528.0,-3008.0,2080.0,1600.0]","[1178.1531982421875,43.626747131347656,-713.986328125]",-1.5360965728759766,Giant Crab spawn,observation-only; home/slot/respawn unresolved
133,92750a6f-1745-4e12-862d-6d98ac4b8939,2026-09-16T05:31:01.4349644Z,128,Lower La Noscea,unresolved,unresolved,ambient,remaining overworld monster ambient candidate,monster,Aldgoat Nanny,unresolved,profile-29e7368b41e51dd7,"[-2528.0,-3008.0,2080.0,1600.0]","[1122.046630859375,46.044830322265625,-760.6575317382812]",0.8486217260360718,Aldgoat Nanny spawn,observation-only; home/slot/respawn unresolved
134,a43f56fd-82a3-456e-a588-f92ed5261074,2026-09-16T05:31:39.0745985Z,128,Lower La Noscea,unresolved,unresolved,ambient,remaining overworld monster ambient candidate,monster,Aldgoat Nanny,unresolved,profile-29e7368b41e51dd7,"[-2528.0,-3008.0,2080.0,1600.0]","[1083.9041748046875,54.315853118896484,-782.0397338867188]",0.9278472065925598,Aldgoat Nanny spawn,observation-only; home/slot/respawn unresolved
135,6823afb8-572f-46ee-bfb6-fe13de0856b5,2026-09-16T11:59:27.8197361Z,128,Lower La Noscea,unresolved,unresolved,ambient,remaining overworld monster ambient candidate,monster,Wharf Rat,unresolved,profile-29e7368b41e51dd7,"[-2528.0,-3008.0,2080.0,1600.0]","[-18.082393646240234,43.714881896972656,-91.72139739990234]",-0.3961477279663086,Wharf Rat spawn,observation-only; home/slot/respawn unresolved
136,8a2aa2d1-a08a-42d6-82cb-be7e4f68f804,2026-09-16T11:59:38.8756085Z,128,Lower La Noscea,unresolved,unresolved,ambient,remaining overworld monster ambient candidate,monster,Wharf Rat,unresolved,profile-29e7368b41e51dd7,"[-2528.0,-3008.0,2080.0,1600.0]","[-37.06678771972656,45.273887634277344,-85.09697723388672]",-1.5175209045410156,Wharf Rat spawn,observation-only; home/slot/respawn unresolved
137,ee3af0d4-e5bc-4899-9c7b-8793da8f9697,2026-09-16T12:00:21.9476267Z,128,Lower La Noscea,unresolved,unresolved,ambient,remaining overworld monster ambient candidate,monster,Wharf Rat spawn,unresolved,profile-29e7368b41e51dd7,"[-2528.0,-3008.0,2080.0,1600.0]","[-43.963130950927734,46.2835807800293,-154.60604858398438]",0.7940073609352112,Wharf Rat,observation-only; home/slot/respawn unresolved
138,8ca9a861-96b6-48d7-a386-91f9f72e4cbe,2026-09-16T12:00:43.5316135Z,128,Lower La Noscea,unresolved,unresolved,ambient,remaining overworld monster ambient candidate,monster,Wharf Rat,unresolved,profile-29e7368b41e51dd7,"[-2528.0,-3008.0,2080.0,1600.0]","[-23.231536865234375,49.667762756347656,-179.56944274902344]",2.5819129943847656,Wharf Rat spawn,observation-only; home/slot/respawn unresolved
139,213525a1-9c4b-49d6-a2de-6fc7ab739a9e,2026-09-16T12:02:29.7563688Z,128,Lower La Noscea,unresolved,unresolved,ambient,remaining overworld monster ambient candidate,monster,Bumble beetle,unresolved,profile-29e7368b41e51dd7,"[-2528.0,-3008.0,2080.0,1600.0]","[-17.620941162109375,51.28884506225586,-174.0821075439453]",0.34750059247016907,Bumble Beetle spawn,observation-only; home/slot/respawn unresolved
140,0e6b40bf-f7d6-4793-aae8-ef792e72f482,2026-09-16T12:03:03.9797229Z,128,Lower La Noscea,unresolved,unresolved,ambient,remaining overworld monster ambient candidate,monster,Wharf Rat,unresolved,profile-29e7368b41e51dd7,"[-2528.0,-3008.0,2080.0,1600.0]","[-65.57721710205078,54.402923583984375,-185.16944885253906]",0.22903165221214294,Wharf Rat spawn,observation-only; home/slot/respawn unresolved
141,9fc27108-5015-4e9a-98d9-8d36b4c335f8,2026-09-16T12:08:01.1079869Z,128,Lower La Noscea,unresolved,unresolved,ambient,remaining overworld monster ambient candidate,monster,Wharf Rat,unresolved,profile-29e7368b41e51dd7,"[-2528.0,-3008.0,2080.0,1600.0]","[-54.42060089111328,51.87611770629883,-223.5874786376953]",0.7818774580955505,Wharf Rat spawn,observation-only; home/slot/respawn unresolved
142,4f18ed56-7b8c-43ce-a483-a3ddbb8959ea,2026-09-16T12:08:19.0117543Z,128,Lower La Noscea,unresolved,unresolved,ambient,remaining overworld monster ambient candidate,monster,Bumble Beetle,unresolved,profile-29e7368b41e51dd7,"[-2528.0,-3008.0,2080.0,1600.0]","[-59.998085021972656,53.242706298828125,-235.21878051757812]",-0.22148704528808594,Bumble Beetle spawn,observation-only; home/slot/respawn unresolved
143,02533167-cb33-44c9-abc8-eff07b50e99c,2026-09-16T12:10:34.5319406Z,128,Lower La Noscea,unresolved,unresolved,ambient,remaining overworld monster ambient candidate,monster,Wharf Rat,unresolved,profile-29e7368b41e51dd7,"[-2528.0,-3008.0,2080.0,1600.0]","[-8.399113655090332,53.81523513793945,-239.26693725585938]",1.714139699935913,Wharf Rat spawn,observation-only; home/slot/respawn unresolved
144,a6340fa3-d362-4c7d-b0c1-051655896d7b,2026-09-16T12:10:43.7718239Z,128,Lower La Noscea,unresolved,unresolved,ambient,remaining overworld monster ambient candidate,monster,Wharf Rat,unresolved,profile-29e7368b41e51dd7,"[-2528.0,-3008.0,2080.0,1600.0]","[0.7634328603744507,52.7412109375,-229.63107299804688]",0.30453789234161377,Wharf Rat spawn,observation-only; home/slot/respawn unresolved
145,b99ee1f4-6858-4e23-aa8d-fea3f14a383e,2026-09-16T12:15:07.1880444Z,128,Lower La Noscea,unresolved,unresolved,ambient,remaining overworld monster ambient candidate,monster,Wharf Rat,unresolved,profile-29e7368b41e51dd7,"[-2528.0,-3008.0,2080.0,1600.0]","[22.921260833740234,48.97529602050781,-223.50192260742188]",-1.5479750633239746,Wharf Rat spawn,observation-only; home/slot/respawn unresolved
146,e970ecb3-be77-46b2-820f-06ab6b714f7e,2026-09-16T12:15:50.6360314Z,128,Lower La Noscea,unresolved,unresolved,ambient,remaining overworld monster ambient candidate,monster,Wharf Rat,unresolved,profile-29e7368b41e51dd7,"[-2528.0,-3008.0,2080.0,1600.0]","[-58.76557159423828,54.103729248046875,-241.47015380859375]",-1.7839937210083008,Wharf Rat spawn,observation-only; home/slot/respawn unresolved
147,055e06be-3f10-45b7-aa91-b7d665095926,2026-09-16T12:16:03.0366113Z,128,Lower La Noscea,unresolved,unresolved,ambient,remaining overworld monster ambient candidate,monster,Wharf Rat,unresolved,profile-29e7368b41e51dd7,"[-2528.0,-3008.0,2080.0,1600.0]","[-62.050758361816406,54.52214813232422,-264.9117736816406]",-3.026183605194092,Wharf Rat spawn,observation-only; home/slot/respawn unresolved
148,c7628a31-90da-4f52-8255-51b0e1602e0a,2026-09-16T12:16:21.2135891Z,128,Lower La Noscea,unresolved,unresolved,ambient,remaining overworld monster ambient candidate,monster,Wharf Rat,unresolved,profile-29e7368b41e51dd7,"[-2528.0,-3008.0,2080.0,1600.0]","[-71.22630310058594,52.7396125793457,-297.13262939453125]",-2.92893385887146,Wharf Rat spawn,observation-only; home/slot/respawn unresolved
149,4588a741-f125-4a6a-8ca0-cf4000581985,2026-09-16T12:16:49.2762519Z,128,Lower La Noscea,unresolved,unresolved,ambient,remaining overworld monster ambient candidate,monster,Wharf Rat,unresolved,profile-29e7368b41e51dd7,"[-2528.0,-3008.0,2080.0,1600.0]","[-155.30322265625,53.16372299194336,-276.0201110839844]",-1.8806977272033691,Wharf Rat spawn,observation-only; home/slot/respawn unresolved
150,e8223d13-b6bf-443d-8839-1ed02e0ae791,2026-09-16T12:17:28.3719827Z,128,Lower La Noscea,unresolved,unresolved,ambient,remaining overworld monster ambient candidate,monster,Wharf Rat,unresolved,profile-29e7368b41e51dd7,"[-2528.0,-3008.0,2080.0,1600.0]","[-226.06661987304688,52.51858901977539,-329.4226379394531]",-2.7127182483673096,Wharf Rat spawn,observation-only; home/slot/respawn unresolved
151,4c9d2c97-8cae-4a96-aacc-7dfe28f39973,2026-09-16T12:17:44.0840106Z,128,Lower La Noscea,unresolved,unresolved,ambient,remaining overworld monster ambient candidate,monster,Wharf Rat,unresolved,profile-29e7368b41e51dd7,"[-2528.0,-3008.0,2080.0,1600.0]","[-234.46754455566406,52.86393737792969,-314.8381042480469]",-1.2558765411376953,Wharf Rat spawn,observation-only; home/slot/respawn unresolved
152,328445af-92be-4b60-9587-4352f76095ae,2026-09-16T12:17:53.0522416Z,128,Lower La Noscea,unresolved,unresolved,ambient,remaining overworld monster ambient candidate,monster,Wharf Rat,unresolved,profile-29e7368b41e51dd7,"[-2528.0,-3008.0,2080.0,1600.0]","[-243.88143920898438,54.38988494873047,-322.401123046875]",-2.52016544342041,Wharf Rat spawn,observation-only; home/slot/respawn unresolved
153,8bd68341-7501-4473-84d1-845570c8376a,2026-09-16T12:27:03.2603748Z,128,Lower La Noscea,unresolved,unresolved,ambient,remaining overworld monster ambient candidate,monster,Wharf Rat,unresolved,profile-29e7368b41e51dd7,"[-2528.0,-3008.0,2080.0,1600.0]","[-280.33795166015625,50.687965393066406,-433.778076171875]",-2.291745662689209,Wharf Rat spawn,observation-only; home/slot/respawn unresolved
154,b6702885-5418-4716-9e7d-5625e7abcdbf,2026-09-16T12:27:13.764212Z,128,Lower La Noscea,unresolved,unresolved,ambient,remaining overworld monster ambient candidate,monster,Wharf Rat,unresolved,profile-29e7368b41e51dd7,"[-2528.0,-3008.0,2080.0,1600.0]","[-266.11676025390625,54.463233947753906,-450.1376953125]",2.0294532775878906,Wharf Rat spawn,observation-only; home/slot/respawn unresolved
155,f2d86ea7-2fdc-4339-8582-508f0bf7c3ce,2026-09-16T12:27:36.7083752Z,128,Lower La Noscea,unresolved,unresolved,ambient,remaining overworld monster ambient candidate,monster,Aldgoat nanny,unresolved,profile-29e7368b41e51dd7,"[-2528.0,-3008.0,2080.0,1600.0]","[-316.59930419921875,53.18636703491211,-489.9506530761719]",3.0825142860412598,Aldgoat nanny spawn,observation-only; home/slot/respawn unresolved
156,c9f17ff5-c777-4f1a-af0d-1d24048da49d,2026-09-16T12:29:14.4923272Z,128,Lower La Noscea,unresolved,unresolved,ambient,remaining overworld monster ambient candidate,monster,Wharf Rat,unresolved,profile-29e7368b41e51dd7,"[-2528.0,-3008.0,2080.0,1600.0]","[-382.4009094238281,46.48551559448242,-374.2948913574219]",0.9847381711006165,Wharf Rat spawn,observation-only; home/slot/respawn unresolved
157,97e79bb6-3870-4e0e-a49e-050586ccec4b,2026-09-16T12:29:30.0046753Z,128,Lower La Noscea,unresolved,unresolved,ambient,remaining overworld monster ambient candidate,monster,Wharf Rat,unresolved,profile-29e7368b41e51dd7,"[-2528.0,-3008.0,2080.0,1600.0]","[-398.4783935546875,46.248008728027344,-387.07989501953125]",-2.167654037475586,Wharf Rat spawn,observation-only; home/slot/respawn unresolved
158,c551461c-dadd-4df7-9164-fcc7615c3c8c,2026-09-16T12:30:00.7322541Z,128,Lower La Noscea,unresolved,unresolved,ambient,remaining overworld monster ambient candidate,monster,Wharf Rat,unresolved,profile-29e7368b41e51dd7,"[-2528.0,-3008.0,2080.0,1600.0]","[-364.3604736328125,51.58164596557617,-443.2147216796875]",-2.318354368209839,Wharf Rat spawn,observation-only; home/slot/respawn unresolved
159,70ee9a45-5e46-4d6d-8371-a18a9bd273c2,2026-09-16T12:30:15.7322513Z,128,Lower La Noscea,unresolved,unresolved,ambient,remaining overworld monster ambient candidate,monster,Wharf Rat,unresolved,profile-29e7368b41e51dd7,"[-2528.0,-3008.0,2080.0,1600.0]","[-382.3609619140625,54.164100646972656,-433.4751892089844]",2.0860207080841064,Wharf Rat spawn,observation-only; home/slot/respawn unresolved
160,c4b0c1b5-559b-4e84-bb5d-42500b0e7549,2026-09-16T12:30:30.7804102Z,128,Lower La Noscea,unresolved,unresolved,ambient,remaining overworld monster ambient candidate,monster,Wharf Rat,unresolved,profile-29e7368b41e51dd7,"[-2528.0,-3008.0,2080.0,1600.0]","[-338.89154052734375,51.402347564697266,-441.5609436035156]",0.8575507402420044,Wharf Rat spawn,observation-only; home/slot/respawn unresolved
161,84dd7c6a-451b-4278-b7ef-305a23816a48,2026-09-16T12:30:52.2443795Z,128,Lower La Noscea,unresolved,unresolved,ambient,remaining overworld monster ambient candidate,monster,Wharf Rat,unresolved,profile-29e7368b41e51dd7,"[-2528.0,-3008.0,2080.0,1600.0]","[-368.0758361816406,51.83257293701172,-466.2795715332031]",-2.2770419120788574,Wharf Rat spawn,observation-only; home/slot/respawn unresolved
162,3bd257de-6aea-4209-93ad-3f46aef073e7,2026-09-16T12:31:02.020349Z,128,Lower La Noscea,unresolved,unresolved,ambient,remaining overworld monster ambient candidate,monster,Wharf Rat,unresolved,profile-29e7368b41e51dd7,"[-2528.0,-3008.0,2080.0,1600.0]","[-355.2308044433594,50.48338317871094,-479.7135009765625]",1.0849218368530273,Wharf Rat spawn,observation-only; home/slot/respawn unresolved
163,9445a17c-3296-4ac5-a49d-592e26868b4d,2026-09-16T12:31:23.9828675Z,128,Lower La Noscea,unresolved,unresolved,ambient,remaining overworld monster ambient candidate,monster,Wharf Rat,unresolved,profile-29e7368b41e51dd7,"[-2528.0,-3008.0,2080.0,1600.0]","[-385.0559997558594,54.17577362060547,-496.9675598144531]",-2.00667142868042,Wharf Rat spawn,observation-only; home/slot/respawn unresolved
164,18ca34f1-7407-43cc-844b-785141ddb24f,2026-09-16T12:32:41.0682541Z,128,Lower La Noscea,unresolved,unresolved,ambient,remaining overworld monster ambient candidate,monster,Wharf Rat,unresolved,profile-29e7368b41e51dd7,"[-2528.0,-3008.0,2080.0,1600.0]","[-388.06591796875,62.30307388305664,-565.982666015625]",1.151577353477478,Wharf Rat Spawn,observation-only; home/slot/respawn unresolved
165,4a521467-ebfd-4559-b58d-e6d2009cb1f7,2026-09-16T12:32:59.6044027Z,128,Lower La Noscea,unresolved,unresolved,ambient,remaining overworld monster ambient candidate,monster,Bumble Beetle,unresolved,profile-29e7368b41e51dd7,"[-2528.0,-3008.0,2080.0,1600.0]","[-375.68707275390625,62.48231506347656,-571.0869750976562]",1.999133586883545,Bumble Beetle spawn,observation-only; home/slot/respawn unresolved
166,c0cbd004-2e4f-4659-94f1-77461c41ca12,2026-09-16T12:49:52.1968972Z,128,Lower La Noscea,unresolved,unresolved,ambient,remaining overworld monster ambient candidate,monster,Puk,unresolved,profile-29e7368b41e51dd7,"[-2528.0,-3008.0,2080.0,1600.0]","[-358.24700927734375,60.83979034423828,-575.3208618164062]",1.9561817646026611,Puk spawn,observation-only; home/slot/respawn unresolved
167,e850714f-c6fb-4fa9-a4e1-780a30b319e1,2026-09-16T12:50:39.727504Z,128,Lower La Noscea,unresolved,unresolved,ambient,remaining overworld monster ambient candidate,monster,Ladybug,unresolved,profile-29e7368b41e51dd7,"[-2528.0,-3008.0,2080.0,1600.0]","[-330.5158996582031,62.17772674560547,-565.8375854492188]",1.192159652709961,Ladybug Spawn,observation-only; home/slot/respawn unresolved
168,b3ae0ab5-a16b-4b2e-aab6-64002d203b9c,2026-09-16T12:51:14.5169649Z,128,Lower La Noscea,unresolved,unresolved,ambient,remaining overworld monster ambient candidate,monster,Wharf Rat,unresolved,profile-29e7368b41e51dd7,"[-2528.0,-3008.0,2080.0,1600.0]","[-414.9532165527344,57.07255935668945,-550.1895141601562]",-2.394223213195801,Wharf Rat spawn,observation-only; home/slot/respawn unresolved
169,11812809-c855-4580-9277-c5c338027c32,2026-09-16T12:51:25.7729016Z,128,Lower La Noscea,unresolved,unresolved,ambient,remaining overworld monster ambient candidate,monster,Puk,unresolved,profile-29e7368b41e51dd7,"[-2528.0,-3008.0,2080.0,1600.0]","[-394.5195007324219,61.94063949584961,-571.0052490234375]",2.179945230484009,Puk spawn,observation-only; home/slot/respawn unresolved
170,5c0e662c-ab33-4ad1-ada7-8a78e0b918ca,2026-09-16T12:54:47.9010928Z,128,Lower La Noscea,unresolved,unresolved,ambient,remaining overworld monster ambient candidate,monster,Puk,unresolved,profile-29e7368b41e51dd7,"[-2528.0,-3008.0,2080.0,1600.0]","[-623.3184814453125,61.21449279785156,-721.8137817382812]",-2.195486545562744,Puk spawn,observation-only; home/slot/respawn unresolved
171,828077bc-ebfa-42e0-a94f-83c3fd7f61a0,2026-09-16T12:55:35.4929485Z,128,Lower La Noscea,unresolved,unresolved,ambient,remaining overworld monster ambient candidate,monster,Puk Hatchling,unresolved,profile-29e7368b41e51dd7,"[-2528.0,-3008.0,2080.0,1600.0]","[-623.7221069335938,60.62240982055664,-737.6161499023438]",-3.050828456878662,Puk Hatchling spawn,observation-only; home/slot/respawn unresolved
172,f41c1ea0-e619-400c-bd60-269be9edb05b,2026-09-16T12:55:45.5569766Z,128,Lower La Noscea,unresolved,unresolved,ambient,remaining overworld monster ambient candidate,monster,Puk Hatchling,unresolved,profile-29e7368b41e51dd7,"[-2528.0,-3008.0,2080.0,1600.0]","[-587.2880859375,61.383949279785156,-763.7262573242188]",2.2231600284576416,Puk Hatchling spawn,observation-only; home/slot/respawn unresolved
173,44acafea-2d88-4b5a-8448-68c206b0c5b5,2026-09-16T12:55:58.172944Z,128,Lower La Noscea,unresolved,unresolved,ambient,remaining overworld monster ambient candidate,monster,Puk Hatchling,unresolved,profile-29e7368b41e51dd7,"[-2528.0,-3008.0,2080.0,1600.0]","[-592.6163330078125,59.71552276611328,-802.2825317382812]",-2.8558573722839355,Puk Hatchling spawn,observation-only; home/slot/respawn unresolved
174,baf10a65-8aee-4258-9421-e2c32b8a3559,2026-09-16T12:58:16.1254383Z,128,Lower La Noscea,unresolved,unresolved,ambient,remaining overworld monster ambient candidate,monster,Puk Hatchling,unresolved,profile-29e7368b41e51dd7,"[-2528.0,-3008.0,2080.0,1600.0]","[-619.0321044921875,60.337589263916016,-812.06396484375]",-1.6600284576416016,Puk Hatchling spawn,observation-only; home/slot/respawn unresolved
175,3ec738fd-2473-444c-a37c-e43512946309,2026-09-16T12:58:28.6769703Z,128,Lower La Noscea,unresolved,unresolved,ambient,remaining overworld monster ambient candidate,monster,Puk Hatchling,unresolved,profile-29e7368b41e51dd7,"[-2528.0,-3008.0,2080.0,1600.0]","[-648.3274536132812,61.517520904541016,-822.0733032226562]",-1.7303180694580078,Puk Hatchling spawn,observation-only; home/slot/respawn unresolved
176,73deb699-af28-4466-bdd2-e8de2321105c,2026-09-16T13:00:39.4851887Z,128,Lower La Noscea,unresolved,unresolved,ambient,remaining overworld monster ambient candidate,monster,Puk Hatchling,unresolved,profile-29e7368b41e51dd7,"[-2528.0,-3008.0,2080.0,1600.0]","[-693.146728515625,53.70404815673828,-769.990234375]",-0.5083141326904297,Puk Hatchling spawn,observation-only; home/slot/respawn unresolved
177,7d882feb-1731-4244-b0c9-d19fbd3e2b9a,2026-09-16T13:00:57.6611933Z,128,Lower La Noscea,unresolved,unresolved,ambient,remaining overworld monster ambient candidate,monster,Puk Hatchling,unresolved,profile-29e7368b41e51dd7,"[-2528.0,-3008.0,2080.0,1600.0]","[-719.0033569335938,53.980953216552734,-776.2081909179688]",-1.8762445449829102,Puk Hatchling spawn,observation-only; home/slot/respawn unresolved
178,efdf28d0-1dc5-47c3-a1f8-dbc47be3b09d,2026-09-16T13:01:29.99745Z,128,Lower La Noscea,unresolved,unresolved,ambient,remaining overworld monster ambient candidate,monster,Puk Hatchling,unresolved,profile-29e7368b41e51dd7,"[-2528.0,-3008.0,2080.0,1600.0]","[-723.9487915039062,53.09013366699219,-786.887451171875]",-1.0395612716674805,Puk Hatchling spawn,observation-only; home/slot/respawn unresolved
179,d47863f5-12cc-40cb-9bb8-5577602a09dd,2026-09-16T13:01:41.5970867Z,128,Lower La Noscea,unresolved,unresolved,ambient,remaining overworld monster ambient candidate,monster,Puk Hatchling,unresolved,profile-29e7368b41e51dd7,"[-2528.0,-3008.0,2080.0,1600.0]","[-748.7674560546875,53.111061096191406,-825.494873046875]",-2.5853936672210693,Puk Hatchling sapwn,observation-only; home/slot/respawn unresolved
180,2b6e57b5-7867-4aff-a73f-967178299975,2026-09-16T13:02:30.5412733Z,128,Lower La Noscea,unresolved,unresolved,ambient,remaining overworld monster ambient candidate,monster,Wharf Rat,unresolved,profile-29e7368b41e51dd7,"[-2528.0,-3008.0,2080.0,1600.0]","[-754.8499755859375,54.319122314453125,-828.50732421875]",0.11801840364933014,Wharf Rat spawn,observation-only; home/slot/respawn unresolved
181,9004ea31-edeb-43a2-869c-634ece7cb130,2026-09-16T13:02:42.0451269Z,128,Lower La Noscea,unresolved,unresolved,ambient,remaining overworld monster ambient candidate,monster,Puk Hatchling,unresolved,profile-29e7368b41e51dd7,"[-2528.0,-3008.0,2080.0,1600.0]","[-765.5844116210938,52.05937957763672,-785.8558349609375]",2.6986382007598877,Puk Hatchling spawn,observation-only; home/slot/respawn unresolved
182,e8a3fb45-81fe-4402-8927-b8461ce1bcf2,2026-09-16T13:02:56.6132065Z,128,Lower La Noscea,unresolved,unresolved,ambient,remaining overworld monster ambient candidate,monster,Wharf Rat,unresolved,profile-29e7368b41e51dd7,"[-2528.0,-3008.0,2080.0,1600.0]","[-773.0526733398438,54.45195770263672,-771.1588134765625]",-0.5141000747680664,Wharf Rat spawn,observation-only; home/slot/respawn unresolved
183,b8a2a995-d892-473d-9f0d-f81ba34b24d0,2026-09-16T13:03:25.9494745Z,128,Lower La Noscea,unresolved,unresolved,ambient,remaining overworld monster ambient candidate,monster,Wharf Rat,unresolved,profile-29e7368b41e51dd7,"[-2528.0,-3008.0,2080.0,1600.0]","[-794.3731689453125,53.86206817626953,-756.5946044921875]",-0.1934041976928711,Wharf Rat spawn,observation-only; home/slot/respawn unresolved
184,cb3a07ea-25da-486d-820f-ef7bed4a528b,2026-09-16T13:03:35.7652693Z,128,Lower La Noscea,unresolved,unresolved,ambient,remaining overworld monster ambient candidate,monster,Wharf Rat,unresolved,profile-29e7368b41e51dd7,"[-2528.0,-3008.0,2080.0,1600.0]","[-778.0677490234375,53.84640121459961,-757.2356567382812]",1.8234208822250366,Wharf Rat spawn,observation-only; home/slot/respawn unresolved
185,e70cc943-eec6-4311-9768-67264d9fd4c5,2026-09-16T13:03:57.0052367Z,128,Lower La Noscea,unresolved,unresolved,ambient,remaining overworld monster ambient candidate,monster,Wharf Rat,unresolved,profile-29e7368b41e51dd7,"[-2528.0,-3008.0,2080.0,1600.0]","[-830.293212890625,58.658565521240234,-806.6016235351562]",-2.043590545654297,Wharf Rat spawn,observation-only; home/slot/respawn unresolved
186,1e629396-983e-4af9-bad1-506e17abf334,2026-09-16T13:04:22.7733367Z,128,Lower La Noscea,unresolved,unresolved,ambient,remaining overworld monster ambient candidate,monster,Puk Hatchling,unresolved,profile-29e7368b41e51dd7,"[-2528.0,-3008.0,2080.0,1600.0]","[-824.8967895507812,62.527854919433594,-770.6387939453125]",0.4014531970024109,Puk Hatchling spawn,observation-only; home/slot/respawn unresolved
187,f8868211-0a31-4997-97b1-5a8c92f84ced,2026-09-16T13:04:47.7651802Z,128,Lower La Noscea,unresolved,unresolved,ambient,remaining overworld monster ambient candidate,monster,Puk Hatchling,unresolved,profile-29e7368b41e51dd7,"[-2528.0,-3008.0,2080.0,1600.0]","[-817.6818237304688,61.16700744628906,-776.7305297851562]",1.975239634513855,Puk Hatchling sapwn,observation-only; home/slot/respawn unresolved
188,130830ce-3b36-4dce-aa90-079f75adffe4,2026-09-16T13:08:39.3412734Z,128,Lower La Noscea,unresolved,unresolved,ambient,remaining overworld monster ambient candidate,monster,Plains Rat,unresolved,profile-29e7368b41e51dd7,"[-2528.0,-3008.0,2080.0,1600.0]","[-842.3959350585938,58.62321472167969,-806.0645751953125]",1.0752894878387451,Plains Rat spawn,observation-only; home/slot/respawn unresolved
189,f2668cb0-5c23-4c84-a327-5ef5467fa3fb,2026-09-16T13:08:48.7413453Z,128,Lower La Noscea,unresolved,unresolved,ambient,remaining overworld monster ambient candidate,monster,Plains Rat,unresolved,profile-29e7368b41e51dd7,"[-2528.0,-3008.0,2080.0,1600.0]","[-835.2554931640625,61.39900207519531,-820.7361450195312]",2.856445789337158,Plains Rat spawn,observation-only; home/slot/respawn unresolved
190,7a991326-4864-453e-aaf9-9075d389c35d,2026-09-16T13:09:01.9254407Z,128,Lower La Noscea,unresolved,unresolved,ambient,remaining overworld monster ambient candidate,monster,Plains Rat,unresolved,profile-29e7368b41e51dd7,"[-2528.0,-3008.0,2080.0,1600.0]","[-838.202880859375,59.08119583129883,-789.0803833007812]",-0.11182785034179688,Plains Rat spawn,observation-only; home/slot/respawn unresolved
191,1f853801-96a9-4d1c-a284-ba78211bf3b3,2026-09-16T13:09:24.2054977Z,128,Lower La Noscea,unresolved,unresolved,ambient,remaining overworld monster ambient candidate,monster,Plains Rat,unresolved,profile-29e7368b41e51dd7,"[-2528.0,-3008.0,2080.0,1600.0]","[-904.7608032226562,53.63993835449219,-821.6636962890625]",-2.095503807067871,Plains Rat spawn,observation-only; home/slot/respawn unresolved
192,8df522f5-ab45-42ec-9499-22764f7633cd,2026-09-16T13:09:49.6533536Z,128,Lower La Noscea,unresolved,unresolved,ambient,remaining overworld monster ambient candidate,monster,Plains Rat,unresolved,profile-29e7368b41e51dd7,"[-2528.0,-3008.0,2080.0,1600.0]","[-940.9708862304688,53.17927932739258,-816.09716796875]",2.321838855743408,Plains Rat spawn,observation-only; home/slot/respawn unresolved
193,a9a9e72d-1621-4592-9427-a937d1009e78,2026-09-16T13:10:05.8613665Z,128,Lower La Noscea,unresolved,unresolved,ambient,remaining overworld monster ambient candidate,monster,Plains Rat,unresolved,profile-29e7368b41e51dd7,"[-2528.0,-3008.0,2080.0,1600.0]","[-963.8638305664062,54.521541595458984,-836.597900390625]",-2.686558485031128,Plains Rat spawn,observation-only; home/slot/respawn unresolved
194,6db6ae6b-67c2-474b-bfce-32a329d59416,2026-09-16T13:10:12.9097552Z,128,Lower La Noscea,unresolved,unresolved,ambient,remaining overworld monster ambient candidate,monster,Plains Rat,unresolved,profile-29e7368b41e51dd7,"[-2528.0,-3008.0,2080.0,1600.0]","[-959.8111572265625,53.41558074951172,-851.9249267578125]",2.993748664855957,Plains Rat spawn,observation-only; home/slot/respawn unresolved
195,43db3fd3-1d73-4fd2-b86b-140b3a55376f,2026-09-16T13:10:20.7331051Z,128,Lower La Noscea,unresolved,unresolved,ambient,remaining overworld monster ambient candidate,monster,Plains Rat,unresolved,profile-29e7368b41e51dd7,"[-2528.0,-3008.0,2080.0,1600.0]","[-948.1797485351562,54.608306884765625,-841.861083984375]",1.1604782342910767,Plains Rat spawn,observation-only; home/slot/respawn unresolved
196,1f95daf6-91a4-4255-ad3d-78d63ee7af5c,2026-09-16T13:10:34.3093838Z,128,Lower La Noscea,unresolved,unresolved,ambient,remaining overworld monster ambient candidate,monster,Plains Rat,unresolved,profile-29e7368b41e51dd7,"[-2528.0,-3008.0,2080.0,1600.0]","[-993.6620483398438,51.72587585449219,-821.4666137695312]",-2.139763355255127,Plains Rat spawn,observation-only; home/slot/respawn unresolved
197,3f778975-2197-4179-a272-e8799d3c5ab4,2026-09-16T13:11:49.5813835Z,128,Lower La Noscea,unresolved,unresolved,ambient,remaining overworld monster ambient candidate,monster,Lost Ewe,unresolved,profile-29e7368b41e51dd7,"[-2528.0,-3008.0,2080.0,1600.0]","[-967.704833984375,52.786746978759766,-871.636962890625]",2.03513765335083,Lost Ewe spawn,observation-only; home/slot/respawn unresolved
198,abc9d988-e635-43fd-8251-903ad44618df,2026-09-16T13:12:08.0133959Z,128,Lower La Noscea,unresolved,unresolved,ambient,remaining overworld monster ambient candidate,monster,Lost Ewe,unresolved,profile-29e7368b41e51dd7,"[-2528.0,-3008.0,2080.0,1600.0]","[-962.2078247070312,54.51050567626953,-891.335693359375]",2.8439106941223145,Lost Ewe spawn,observation-only; home/slot/respawn unresolved
199,3b59ed7d-0aa7-431c-9b61-382a2528fb6b,2026-09-16T13:12:15.6933719Z,128,Lower La Noscea,unresolved,unresolved,ambient,remaining overworld monster ambient candidate,monster,Lost Ewe,unresolved,profile-29e7368b41e51dd7,"[-2528.0,-3008.0,2080.0,1600.0]","[-972.5562744140625,53.18040466308594,-895.4119873046875]",-1.843614101409912,Lost Ewe spawn,observation-only; home/slot/respawn unresolved
208,c5475c1c-e924-48fa-9651-fe7d9c6117c2,2026-09-16T13:31:38.7818984Z,128,Lower La Noscea,unresolved,unresolved,ambient,remaining overworld monster ambient candidate,monster,Jellyfish,unresolved,profile-29e7368b41e51dd7,"[-2528.0,-3008.0,2080.0,1600.0]","[-1017.0805053710938,62.07169723510742,-774.5805053710938]",-0.5404467582702637,Jellyfish spawn,observation-only; home/slot/respawn unresolved
209,f149524b-b7c1-4c95-9bc6-0f0c97c45aee,2026-09-16T13:31:48.3186372Z,128,Lower La Noscea,unresolved,unresolved,ambient,remaining overworld monster ambient candidate,monster,Jellyfish,unresolved,profile-29e7368b41e51dd7,"[-2528.0,-3008.0,2080.0,1600.0]","[-1026.14501953125,62.53507995605469,-775.87890625]",-1.5200433731079102,Jellyfish sapwn,observation-only; home/slot/respawn unresolved
210,41b31000-703f-42af-b3e4-b3fc02b42efd,2026-09-16T13:32:03.8779896Z,128,Lower La Noscea,unresolved,unresolved,ambient,remaining overworld monster ambient candidate,monster,Jellyfish,unresolved,profile-29e7368b41e51dd7,"[-2528.0,-3008.0,2080.0,1600.0]","[-1020.9217529296875,62.01646423339844,-783.7880249023438]",3.04799485206604,Jellyfish spawn,observation-only; home/slot/respawn unresolved
211,e4c47fe9-3f30-4f49-a3a9-4fe37b4fc730,2026-09-16T13:32:13.0698646Z,128,Lower La Noscea,unresolved,unresolved,ambient,remaining overworld monster ambient candidate,monster,Jellyfish,unresolved,profile-29e7368b41e51dd7,"[-2528.0,-3008.0,2080.0,1600.0]","[-1004.5889282226562,59.60087585449219,-779.7736206054688]",1.2157094478607178,Jellyfish spawn,observation-only; home/slot/respawn unresolved
212,ae4418c6-d4a6-4289-b70e-586061bb4743,2026-09-16T13:34:02.4300928Z,128,Lower La Noscea,unresolved,unresolved,ambient,remaining overworld monster ambient candidate,monster,Scalepuk,unresolved,profile-29e7368b41e51dd7,"[-2528.0,-3008.0,2080.0,1600.0]","[-1019.3226928710938,54.05813217163086,-880.7177124023438]",-2.1451034545898438,Scalepuk spawn,observation-only; home/slot/respawn unresolved
213,bb52c36f-b2f7-42cc-bc05-e5821dda1dc0,2026-09-16T13:34:09.462391Z,128,Lower La Noscea,unresolved,unresolved,ambient,remaining overworld monster ambient candidate,monster,Scalepuk,unresolved,profile-29e7368b41e51dd7,"[-2528.0,-3008.0,2080.0,1600.0]","[-1022.0216674804688,53.19806671142578,-872.205810546875]",0.30334770679473877,Scalepukspawn,observation-only; home/slot/respawn unresolved
214,2de6abe0-e515-4996-9efb-e8296f2a384b,2026-09-16T13:34:17.1183756Z,128,Lower La Noscea,unresolved,unresolved,ambient,remaining overworld monster ambient candidate,monster,Scalepuk,unresolved,profile-29e7368b41e51dd7,"[-2528.0,-3008.0,2080.0,1600.0]","[-1016.7657470703125,52.48513412475586,-860.2536010742188]",0.4221656918525696,Scalepuk sapwn,observation-only; home/slot/respawn unresolved
215,45d3ed45-0bcd-437b-8b94-2862d512c132,2026-09-16T13:34:28.8700767Z,128,Lower La Noscea,unresolved,unresolved,ambient,remaining overworld monster ambient candidate,monster,Scalepuk,unresolved,profile-29e7368b41e51dd7,"[-2528.0,-3008.0,2080.0,1600.0]","[-1009.1925659179688,52.607154846191406,-866.0120239257812]",2.1905999183654785,Scalepuk spawn,observation-only; home/slot/respawn unresolved
216,a75ff5b7-6f82-4689-9bd5-e5f6fd923fd2,2026-09-16T13:34:46.2378691Z,128,Lower La Noscea,unresolved,unresolved,ambient,remaining overworld monster ambient candidate,monster,Dodo,unresolved,profile-29e7368b41e51dd7,"[-2528.0,-3008.0,2080.0,1600.0]","[-956.8652954101562,53.734649658203125,-878.128662109375]",2.191704034805298,Dodo sapwn,observation-only; home/slot/respawn unresolved
217,cfbd8742-8312-4ec9-94ee-b65345098159,2026-09-16T13:34:59.7256954Z,128,Lower La Noscea,unresolved,unresolved,ambient,remaining overworld monster ambient candidate,monster,Dodo,unresolved,profile-29e7368b41e51dd7,"[-2528.0,-3008.0,2080.0,1600.0]","[-965.4072875976562,53.94019317626953,-879.5604858398438]",-1.3679590225219727,Dodo spawn,observation-only; home/slot/respawn unresolved
218,0243facf-9a44-49d0-bae4-f4964ef19d29,2026-09-16T13:36:27.0941365Z,128,Lower La Noscea,unresolved,unresolved,ambient,remaining overworld monster ambient candidate,monster,Ocean Roseling,unresolved,profile-29e7368b41e51dd7,"[-2528.0,-3008.0,2080.0,1600.0]","[-947.8359985351562,57.12978744506836,-958.3056640625]",1.5648424625396729,Ocean Roseling spawn,observation-only; home/slot/respawn unresolved
219,aa0758d9-ead6-4db5-a429-f60f6ae0e2b1,2026-09-16T13:36:35.974408Z,128,Lower La Noscea,unresolved,unresolved,ambient,remaining overworld monster ambient candidate,monster,Ocean Roseling,unresolved,profile-29e7368b41e51dd7,"[-2528.0,-3008.0,2080.0,1600.0]","[-940.2620239257812,58.908016204833984,-952.4788818359375]",1.1984202861785889,Ocean Roseling spawn,observation-only; home/slot/respawn unresolved
220,c29bddd4-fe85-418a-b7b6-20a986d8e36b,2026-09-16T13:36:43.5899364Z,128,Lower La Noscea,unresolved,unresolved,ambient,remaining overworld monster ambient candidate,monster,Ocean Roseling,unresolved,profile-29e7368b41e51dd7,"[-2528.0,-3008.0,2080.0,1600.0]","[-949.2199096679688,56.63291549682617,-952.18115234375]",-1.5800247192382812,Ocean Roseling spawn,observation-only; home/slot/respawn unresolved
221,007f3596-d440-43ae-a315-7b1b37e44692,2026-09-16T13:36:51.82209Z,128,Lower La Noscea,unresolved,unresolved,ambient,remaining overworld monster ambient candidate,monster,Ocean Roseling,unresolved,profile-29e7368b41e51dd7,"[-2528.0,-3008.0,2080.0,1600.0]","[-948.1614990234375,57.03519058227539,-964.539794921875]",2.8964805603027344,Ocean Roseling spawn,observation-only; home/slot/respawn unresolved
222,8561dcdf-72ae-4b53-bbb5-d58debdfb54b,2026-09-16T13:38:15.3819864Z,128,Lower La Noscea,unresolved,unresolved,ambient,remaining overworld monster ambient candidate,monster,Pack Rat,unresolved,profile-29e7368b41e51dd7,"[-2528.0,-3008.0,2080.0,1600.0]","[-1087.014892578125,52.147666931152344,-1058.363037109375]",-1.6203217506408691,Pack Rat spawn,observation-only; home/slot/respawn unresolved
223,b7a32b12-42b9-4a8d-943b-66ad6ad1cf65,2026-09-16T13:38:22.9811394Z,128,Lower La Noscea,unresolved,unresolved,ambient,remaining overworld monster ambient candidate,monster,Pack Rat,unresolved,profile-29e7368b41e51dd7,"[-2528.0,-3008.0,2080.0,1600.0]","[-1087.3165283203125,53.27363967895508,-1066.7451171875]",2.97739315032959,Pack Rat spawn,observation-only; home/slot/respawn unresolved
224,fd0c0ac3-cbd6-43f4-852c-7bbc7abfefca,2026-09-16T13:38:32.9345204Z,128,Lower La Noscea,unresolved,unresolved,ambient,remaining overworld monster ambient candidate,monster,Pack Rat,unresolved,profile-29e7368b41e51dd7,"[-2528.0,-3008.0,2080.0,1600.0]","[-1084.7197265625,52.08745574951172,-1054.6011962890625]",-0.35437917709350586,Pack Rat spawn,observation-only; home/slot/respawn unresolved
225,95e66687-b210-4f18-abf1-66b6a469c366,2026-09-16T13:38:40.5100492Z,128,Lower La Noscea,unresolved,unresolved,ambient,remaining overworld monster ambient candidate,monster,Pack Rat,unresolved,profile-29e7368b41e51dd7,"[-2528.0,-3008.0,2080.0,1600.0]","[-1078.4224853515625,52.68515396118164,-1065.4783935546875]",2.8885436058044434,Pack Rat spawn,observation-only; home/slot/respawn unresolved
226,550999a6-3f25-421f-be5f-79623496433f,2026-09-16T13:38:48.9262076Z,128,Lower La Noscea,unresolved,unresolved,ambient,remaining overworld monster ambient candidate,monster,Pack Rat,unresolved,profile-29e7368b41e51dd7,"[-2528.0,-3008.0,2080.0,1600.0]","[-1095.3980712890625,53.44993209838867,-1061.3226318359375]",-1.6106395721435547,Pack Rat spawn,observation-only; home/slot/respawn unresolved
227,e25e4007-49fd-457b-9f08-2b50f3d4bc66,2026-09-16T13:39:03.8461667Z,128,Lower La Noscea,unresolved,unresolved,ambient,remaining overworld monster ambient candidate,monster,Dodo,unresolved,profile-29e7368b41e51dd7,"[-2528.0,-3008.0,2080.0,1600.0]","[-1097.28955078125,54.310791015625,-1039.473388671875]",-0.6563091278076172,Dodo spawn,observation-only; home/slot/respawn unresolved
228,baa04344-1b3e-4814-a7c6-9187eca6cfa2,2026-09-16T13:55:09.4302137Z,128,Lower La Noscea,unresolved,unresolved,ambient,remaining overworld monster ambient candidate,monster,Rhotano Buccaneer,unresolved,profile-29e7368b41e51dd7,"[-2528.0,-3008.0,2080.0,1600.0]","[-1783.47900390625,54.097198486328125,-1350.76318359375]",1.907591700553894,Rhotano Buccaneer spawn,observation-only; home/slot/respawn unresolved
229,7b02afda-2a3f-4825-93a4-dd538e847305,2026-09-16T13:55:32.8142795Z,128,Lower La Noscea,unresolved,unresolved,ambient,remaining overworld monster ambient candidate,monster,Rhotano Buccaneer,unresolved,profile-29e7368b41e51dd7,"[-2528.0,-3008.0,2080.0,1600.0]","[-1764.1820068359375,55.46054458618164,-1367.6962890625]",2.0089359283447266,Rhotano Buccaneer spawn,observation-only; home/slot/respawn unresolved
230,7f2e6386-ef28-4c8f-a304-85b72af997ee,2026-09-16T13:55:43.5425354Z,128,Lower La Noscea,unresolved,unresolved,ambient,remaining overworld monster ambient candidate,monster,Rhotano Buccaneer,unresolved,profile-29e7368b41e51dd7,"[-2528.0,-3008.0,2080.0,1600.0]","[-1782.7567138671875,53.835792541503906,-1359.94775390625]",-1.0975360870361328,Rhotano Buccaneer spawn,observation-only; home/slot/respawn unresolved
231,9cd61d7d-d9c5-4c63-a087-5592862cbf14,2026-09-16T13:56:03.3744549Z,128,Lower La Noscea,unresolved,unresolved,ambient,remaining overworld monster ambient candidate,monster,Rhotano Buccaneer,unresolved,profile-29e7368b41e51dd7,"[-2528.0,-3008.0,2080.0,1600.0]","[-1778.827880859375,46.31858444213867,-1393.350830078125]",1.7986090183258057,Rhotano Buccaneer spawn,observation-only; home/slot/respawn unresolved
232,22970a05-d0ac-42b1-970a-700d8afcf2a1,2026-09-16T13:56:11.8706857Z,128,Lower La Noscea,unresolved,unresolved,ambient,remaining overworld monster ambient candidate,monster,Rhotano Buccaneer,unresolved,profile-29e7368b41e51dd7,"[-2528.0,-3008.0,2080.0,1600.0]","[-1761.745361328125,46.720340728759766,-1387.2276611328125]",1.0756700038909912,Rhotano Buccaneer spawn,observation-only; home/slot/respawn unresolved
233,51c38660-130d-407b-8cbd-cdc8ab5b6e26,2026-09-16T13:56:34.8782275Z,128,Lower La Noscea,unresolved,unresolved,ambient,remaining overworld monster ambient candidate,monster,Rhotano Buccaneer,unresolved,profile-29e7368b41e51dd7,"[-2528.0,-3008.0,2080.0,1600.0]","[-1692.8497314453125,47.246665954589844,-1328.209716796875]",1.7826943397521973,Rhotano Buccaneer spawn,observation-only; home/slot/respawn unresolved
234,f81ae8e8-71b6-4f80-8e21-7df3ea25c148,2026-09-16T13:56:43.1585403Z,128,Lower La Noscea,unresolved,unresolved,ambient,remaining overworld monster ambient candidate,monster,Rhotano Buccaneer,unresolved,profile-29e7368b41e51dd7,"[-2528.0,-3008.0,2080.0,1600.0]","[-1685.7764892578125,46.38935470581055,-1314.8345947265625]",1.0440990924835205,Rhotano Buccaneer spawn,observation-only; home/slot/respawn unresolved
235,88af7ea5-b1d0-4928-90e3-8cae17f4de37,2026-09-16T14:31:29.3192524Z,128,Lower La Noscea,unresolved,unresolved,ambient,remaining overworld monster ambient candidate,monster,Black Crow Cleaver,unresolved,profile-29e7368b41e51dd7,"[-2528.0,-3008.0,2080.0,1600.0]","[-1724.8995361328125,46.369293212890625,-1331.6016845703125]",-1.759566307067871,Black Crow Cleaver Spawn,observation-only; home/slot/respawn unresolved
236,acfc8797-ae10-44a0-ac39-fe432cf5ba9a,2026-09-16T14:32:03.9838992Z,128,Lower La Noscea,unresolved,unresolved,ambient,remaining overworld monster ambient candidate,monster,Black Crow Swashbuckler,unresolved,profile-29e7368b41e51dd7,"[-2528.0,-3008.0,2080.0,1600.0]","[-1718.2020263671875,46.281925201416016,-1338.4140625]",2.9973533153533936,Black Crow Swashbuckler spawn,observation-only; home/slot/respawn unresolved
237,1466a755-973f-4d32-82aa-4d017a2c5793,2026-09-16T14:32:41.6793867Z,128,Lower La Noscea,unresolved,unresolved,ambient,remaining overworld monster ambient candidate,monster,Black Crow archer,unresolved,profile-29e7368b41e51dd7,"[-2528.0,-3008.0,2080.0,1600.0]","[-1719.22705078125,45.27799987792969,-1330.9825439453125]",0.8579387068748474,Black Crow archer spawn,observation-only; home/slot/respawn unresolved
18,20d62b06-0d0c-423f-a27f-f70cfc4d33cc,2026-09-16T03:39:24.8561769Z,128,Lower La Noscea,unresolved,unresolved,npc,raw subject_type=npc,npc,Brunadier,unresolved,profile-29e7368b41e51dd7,"[-2528.0,-3008.0,2080.0,1600.0]","[1130.3653564453125,45.582237243652344,-929.8154907226562]",-0.27739906311035156,Brunadier camp npc,observation-only; home/slot/respawn unresolved
19,17e1178a-13d1-4153-aa2a-01a7fe75dd21,2026-09-16T03:40:00.5756452Z,128,Lower La Noscea,unresolved,unresolved,npc,raw subject_type=npc,npc,Kokomui,unresolved,profile-29e7368b41e51dd7,"[-2528.0,-3008.0,2080.0,1600.0]","[1131.264404296875,45.537593841552734,-925.3712768554688]",-1.2662873268127441,Kokomui spawn,observation-only; home/slot/respawn unresolved
119,3ba86aaf-cc58-4031-8531-b50e9afe2f37,2026-09-16T05:20:55.8264701Z,128,Lower La Noscea,unresolved,unresolved,npc,raw subject_type=npc,npc,Lolojo,unresolved,profile-29e7368b41e51dd7,"[-2528.0,-3008.0,2080.0,1600.0]","[1089.176025390625,54.5,-452.09893798828125]",-2.1464314460754395,Lolojo spawn,observation-only; home/slot/respawn unresolved
120,c625ac69-8e79-4ad3-b1ed-748a054a0e05,2026-09-16T05:21:34.7704291Z,128,Lower La Noscea,unresolved,unresolved,npc,raw subject_type=npc,npc,Tutumoko,unresolved,profile-29e7368b41e51dd7,"[-2528.0,-3008.0,2080.0,1600.0]","[1096.4749755859375,54.28865051269531,-454.253662109375]",-2.5394434928894043,Tutumoko spawn,observation-only; home/slot/respawn unresolved
200,a17bd38a-eb79-49f9-95ce-1ef3d4b86ecf,2026-09-16T13:18:10.9974235Z,128,Lower La Noscea,unresolved,unresolved,npc,raw subject_type=npc,npc,Solelle,unresolved,profile-29e7368b41e51dd7,"[-2528.0,-3008.0,2080.0,1600.0]","[-990.972412109375,61.74954605102539,-1108.9969482421875]",-0.14174795150756836,Camp npc spawn,observation-only; home/slot/respawn unresolved
201,18483a27-b15e-4770-a749-454f93487c25,2026-09-16T13:25:45.7496403Z,128,Lower La Noscea,unresolved,unresolved,npc,raw subject_type=npc,npc,storm sargeant Larille,unresolved,profile-29e7368b41e51dd7,"[-2528.0,-3008.0,2080.0,1600.0]","[-1009.955078125,61.685237884521484,-1125.631103515625]",-2.4177350997924805,storm sargeant Larille spawn,observation-only; home/slot/respawn unresolved
202,5ecc96f5-2f26-423f-af62-521ca5507ece,2026-09-16T13:26:12.8538236Z,128,Lower La Noscea,unresolved,unresolved,npc,raw subject_type=npc,npc,Randwulf,unresolved,profile-29e7368b41e51dd7,"[-2528.0,-3008.0,2080.0,1600.0]","[-1009.7875366210938,61.69905090332031,-1132.6949462890625]",3.038337469100952,Randwulf spawn,observation-only; home/slot/respawn unresolved
203,58c82238-dcd1-4669-b190-3cfb9f65a496,2026-09-16T13:26:35.4536674Z,128,Lower La Noscea,unresolved,unresolved,npc,raw subject_type=npc,npc,Pack chocobo,unresolved,profile-29e7368b41e51dd7,"[-2528.0,-3008.0,2080.0,1600.0]","[-1016.7656860351562,61.67667770385742,-1130.1251220703125]",-1.4534854888916016,Pack chocobo spawn,observation-only; home/slot/respawn unresolved
204,747d1d4e-81ef-4ad4-a97f-11086435f45f,2026-09-16T13:28:31.5497262Z,128,Lower La Noscea,unresolved,unresolved,npc,raw subject_type=npc,npc,Ahldeon,unresolved,profile-29e7368b41e51dd7,"[-2528.0,-3008.0,2080.0,1600.0]","[-993.4061889648438,61.474830627441406,-1133.4354248046875]",0.15774761140346527,Ahldeon spawn,observation-only; home/slot/respawn unresolved
205,306d41ea-10cb-4184-9bb3-9dce1e138975,2026-09-16T13:28:54.1097314Z,128,Lower La Noscea,unresolved,unresolved,npc,raw subject_type=npc,npc,E'ptolmi,unresolved,profile-29e7368b41e51dd7,"[-2528.0,-3008.0,2080.0,1600.0]","[-990.1720581054688,61.51192855834961,-1131.9136962890625]",-0.35544776916503906,E'ptolmi spawn,observation-only; home/slot/respawn unresolved
206,ef9816b5-6cbc-4450-b221-81fe67a696d4,2026-09-16T13:29:15.3981311Z,128,Lower La Noscea,unresolved,unresolved,npc,raw subject_type=npc,npc,Hihyaja,unresolved,profile-29e7368b41e51dd7,"[-2528.0,-3008.0,2080.0,1600.0]","[-996.4512329101562,61.600955963134766,-1130.2200927734375]",-0.135406494140625,Hihyaja spawn,observation-only; home/slot/respawn unresolved
207,61961d9b-2fc8-4b75-9140-54f39114b783,2026-09-16T13:29:38.0139385Z,128,Lower La Noscea,unresolved,unresolved,npc,raw subject_type=npc,npc,Haustefort,unresolved,profile-29e7368b41e51dd7,"[-2528.0,-3008.0,2080.0,1600.0]","[-997.3286743164062,61.47658920288086,-1134.67822265625]",-0.585637092590332,Haustefort spawn,observation-only; home/slot/respawn unresolved
1,b665b9cc-2d78-425c-9cc8-dbf674386c2c,2026-09-17T04:49:41.8373282Z,128,Lower La Noscea,unresolved,unresolved,npc,raw subject_type=npc,npc,Forchetaix,unresolved,profile-29e7368b41e51dd7,"[-2528.0,-3008.0,2080.0,1600.0]","[281.55224609375,26.966699600219727,344.67852783203125]",1.001664400100708,Forchetaix npc spawn,observation-only; home/slot/respawn unresolved
2,ae2ecc91-33a4-407b-8aa9-6bae5cc34dca,2026-09-17T04:51:17.317296Z,128,Lower La Noscea,unresolved,unresolved,npc,raw subject_type=npc,npc,ChaChapi,unresolved,profile-29e7368b41e51dd7,"[-2528.0,-3008.0,2080.0,1600.0]","[291.06341552734375,27.730684280395508,345.0544128417969]",0.0,"ChaChapi npc spawn, they are sitting on the box",observation-only; home/slot/respawn unresolved
3,d7455b07-bdec-4fa6-9c2f-3337a8f61e59,2026-09-17T04:51:51.9492175Z,128,Lower La Noscea,unresolved,unresolved,npc,raw subject_type=npc,npc,Baenryss,unresolved,profile-29e7368b41e51dd7,"[-2528.0,-3008.0,2080.0,1600.0]","[292.64959716796875,27.89442253112793,348.8808898925781]",-1.5828208923339844,Baenryss npc spawn,observation-only; home/slot/respawn unresolved
735,fcaff974-178c-4bc1-939d-e8fba7c4a962,2026-09-19T05:17:25.2274825Z,128,Lower La Noscea,unresolved,unresolved,npc,raw subject_type=npc,npc,Guiding Star,unresolved,profile-29e7368b41e51dd7,"[-2528.0,-3008.0,2080.0,1600.0]","[665.14794921875,64.14472961425781,-1109.91748046875]",-0.621678352355957,Guiding Star npc spawn,observation-only; home/slot/respawn unresolved
718,cba246f2-cd1c-443c-b830-b41c1f80f60b,2026-09-19T05:17:48.2433125Z,128,Lower La Noscea,unresolved,unresolved,npc,raw subject_type=npc,npc,Hundred Eyes,unresolved,profile-29e7368b41e51dd7,"[-2528.0,-3008.0,2080.0,1600.0]","[659.4371337890625,64.4596939086914,-1109.8763427734375]",0.9493892192840576,Hundred Eyes npc spawn,observation-only; home/slot/respawn unresolved
714,c768ca78-c7df-40a9-8198-c3018def9c6d,2026-09-19T05:18:30.7632535Z,128,Lower La Noscea,unresolved,unresolved,npc,raw subject_type=npc,npc,Eyriguht,unresolved,profile-29e7368b41e51dd7,"[-2528.0,-3008.0,2080.0,1600.0]","[610.197021484375,53.1308479309082,-1162.3798828125]",1.1751049757003784,Eyriguht npc spawn,observation-only; home/slot/respawn unresolved
677,4b9593b8-997e-4ec4-a198-5137ddfaec48,2026-09-19T05:19:10.5719892Z,128,Lower La Noscea,unresolved,unresolved,npc,raw subject_type=npc,npc,Magaswyn,unresolved,profile-29e7368b41e51dd7,"[-2528.0,-3008.0,2080.0,1600.0]","[615.018798828125,53.631561279296875,-1181.0250244140625]",1.268347144126892,Magaswyn npc spawn,observation-only; home/slot/respawn unresolved
720,d305a8a4-e4cf-4e10-a7f5-972758ba8710,2026-09-19T05:19:38.1313498Z,128,Lower La Noscea,unresolved,unresolved,npc,raw subject_type=npc,npc,Senah Chalahko,unresolved,profile-29e7368b41e51dd7,"[-2528.0,-3008.0,2080.0,1600.0]","[636.4481811523438,52.64878845214844,-1182.85009765625]",-0.6473865509033203,Senah Chalahko npc spawn,observation-only; home/slot/respawn unresolved
652,035d78cc-966d-41b7-a4ca-b7c12a7e9d71,2026-09-19T05:20:20.9796065Z,128,Lower La Noscea,unresolved,unresolved,npc,raw subject_type=npc,npc,Sizha Epocan,unresolved,profile-29e7368b41e51dd7,"[-2528.0,-3008.0,2080.0,1600.0]","[627.7476806640625,53.586666107177734,-1197.88623046875]",0.5302900075912476,Sizha Epocan npc spawn,observation-only; home/slot/respawn unresolved
657,0e70cf65-84d2-4213-bfdf-274cf3ddf3b7,2026-09-19T05:20:54.1715066Z,128,Lower La Noscea,unresolved,unresolved,npc,raw subject_type=npc,npc,E'bandala Sweetmane,unresolved,profile-29e7368b41e51dd7,"[-2528.0,-3008.0,2080.0,1600.0]","[621.5770263671875,53.606719970703125,-1195.7791748046875]",-0.3708486557006836,E'bandala Sweetmane npc spawn,observation-only; home/slot/respawn unresolved
724,df297f11-44cc-4156-949c-c7e4e5335f90,2026-09-19T05:21:27.6671687Z,128,Lower La Noscea,unresolved,unresolved,npc,raw subject_type=npc,npc,Waldibert,unresolved,profile-29e7368b41e51dd7,"[-2528.0,-3008.0,2080.0,1600.0]","[605.6527099609375,53.84126663208008,-1185.47509765625]",1.2085533142089844,Waldibert npc spawn,observation-only; home/slot/respawn unresolved
725,e171ec02-620c-4251-beb1-7fac62ea33e1,2026-09-19T05:22:00.1632844Z,128,Lower La Noscea,unresolved,unresolved,npc,raw subject_type=npc,npc,Walcher,unresolved,profile-29e7368b41e51dd7,"[-2528.0,-3008.0,2080.0,1600.0]","[622.1185913085938,53.80223846435547,-1206.168701171875]",-1.2788424491882324,Walcher npc spawn,observation-only; home/slot/respawn unresolved
667,2f9d5435-95d1-4f7d-8fa7-88015bdc7b11,2026-09-19T05:22:29.8112622Z,128,Lower La Noscea,unresolved,unresolved,npc,raw subject_type=npc,npc,I'nairoh,unresolved,profile-29e7368b41e51dd7,"[-2528.0,-3008.0,2080.0,1600.0]","[598.1356811523438,55.000022888183594,-1215.1417236328125]",0.14859016239643097,I'nairoh npc spawn,observation-only; home/slot/respawn unresolved
723,def367e4-9198-448b-bc8b-7f8cccd69fce,2026-09-19T05:23:05.9554084Z,128,Lower La Noscea,unresolved,unresolved,npc,raw subject_type=npc,npc,Syzfrusk,unresolved,profile-29e7368b41e51dd7,"[-2528.0,-3008.0,2080.0,1600.0]","[585.1802978515625,54.17418670654297,-1200.3582763671875]",1.838661789894104,Syzfrusk npc spawn,observation-only; home/slot/respawn unresolved
690,7c77ed9f-539a-4a0f-bd7b-160ecba406ca,2026-09-19T11:10:27.6689162Z,128,Lower La Noscea,unresolved,unresolved,npc,raw subject_type=npc,npc,Lolojo,unresolved,profile-29e7368b41e51dd7,"[-2528.0,-3008.0,2080.0,1600.0]","[1079.0018310546875,54.4985237121582,-452.2247924804687]",-2.77874493598938,Lolojo npc spawn,observation-only; home/slot/respawn unresolved
686,74b31b9e-5506-4073-8cdf-1297ff72845d,2026-09-19T11:11:54.2849421Z,128,Lower La Noscea,unresolved,unresolved,npc,raw subject_type=npc,npc,Tutumoko,unresolved,profile-29e7368b41e51dd7,"[-2528.0,-3008.0,2080.0,1600.0]","[1096.9847412109375,54.50474166870117,-451.8767700195313]",-2.975881338119507,Tutumoko npc spawn,observation-only; home/slot/respawn unresolved
707,b8da5142-226e-43fa-a86e-4ebbcc4ad84e,2026-09-19T11:12:27.8772976Z,128,Lower La Noscea,unresolved,unresolved,npc,raw subject_type=npc,npc,Brianna,unresolved,profile-29e7368b41e51dd7,"[-2528.0,-3008.0,2080.0,1600.0]","[1104.363525390625,54.0370979309082,-444.8581848144531]",-1.7013897895812988,Brianna npc spawn,observation-only; home/slot/respawn unresolved
673,3f998c00-6d87-4052-8060-2a8ce015ac41,2026-09-19T11:14:46.3730047Z,128,Lower La Noscea,unresolved,unresolved,npc,raw subject_type=npc,npc,Aerghaemr,unresolved,profile-29e7368b41e51dd7,"[-2528.0,-3008.0,2080.0,1600.0]","[-1824.26416015625,60.052276611328125,-960.9053955078124]",-2.837064266204834,Aerghaemr npc spawn,observation-only; home/slot/respawn unresolved
726,e4405be7-d200-4258-81f3-942b577ad4b9,2026-09-19T11:15:16.2690468Z,128,Lower La Noscea,unresolved,unresolved,npc,raw subject_type=npc,npc,Q'molosi,unresolved,profile-29e7368b41e51dd7,"[-2528.0,-3008.0,2080.0,1600.0]","[-1793.6170654296875,62.50248336791992,-958.9014282226562]",-1.828162670135498,Q'molosi npc spawn,observation-only; home/slot/respawn unresolved
699,90c9b30d-8cd9-4a54-b7c4-82228d642f70,2026-09-19T11:15:53.1808037Z,128,Lower La Noscea,unresolved,unresolved,npc,raw subject_type=npc,npc,Faine,unresolved,profile-29e7368b41e51dd7,"[-2528.0,-3008.0,2080.0,1600.0]","[-1797.8160400390625,60.15534973144531,-928.8588256835938]",3.020233392715454,Faine npc spawn,observation-only; home/slot/respawn unresolved
665,2891e2d5-8053-40d0-b0b0-d6fda272a0d9,2026-09-19T11:16:47.5089471Z,128,Lower La Noscea,unresolved,unresolved,npc,raw subject_type=npc,npc,Bran,unresolved,profile-29e7368b41e51dd7,"[-2528.0,-3008.0,2080.0,1600.0]","[-1793.0814208984375,62.5,-895.9244384765625]",-2.1567139625549316,Bran npc spawn,observation-only; home/slot/respawn unresolved
703,a0bbe092-ed6c-452f-9d4e-38b05db6a4a1,2026-09-18T20:12:03.848874Z,150,unresolved,unresolved,unresolved,npc,raw subject_type=npc,npc,Camp Nine Ivies Aetheryte,unresolved,profile-916f13c342159f90,"[-3104.0,-3808.0,3040.0,2336.0]","[1701.879150390625,20.072010040283203,-861.7147827148438]",3.1157679557800293,Camp Nine Ivies Aetheryte spawn,observation-only; home/slot/respawn unresolved
696,8a5a1391-f48c-4c95-b57f-b21d487bd23c,2026-09-18T20:12:43.7368576Z,150,unresolved,unresolved,unresolved,npc,raw subject_type=npc,npc,Zehkrepf,unresolved,profile-916f13c342159f90,"[-3104.0,-3808.0,3040.0,2336.0]","[1701.7103271484375,20.376333236694336,-852.72412109375]",3.0812649726867676,Zehkrepf camp npc spawn,observation-only; home/slot/respawn unresolved
697,8ae21dca-ac92-40e3-a8f1-4f1079b9a15d,2026-09-18T20:13:29.3688847Z,150,unresolved,unresolved,unresolved,npc,raw subject_type=npc,npc,Mauh Lihzeh,unresolved,profile-916f13c342159f90,"[-3104.0,-3808.0,3040.0,2336.0]","[1705.507568359375,20.60012435913086,-849.6683959960938]",3.032389879226685,Mauh Lihzeh camp npc spawn,observation-only; home/slot/respawn unresolved
682,65130a86-5f6e-4256-acd2-9a0ca7d8a15a,2026-09-18T20:14:12.8495044Z,150,unresolved,unresolved,unresolved,npc,raw subject_type=npc,npc,Troehmoer,unresolved,profile-916f13c342159f90,"[-3104.0,-3808.0,3040.0,2336.0]","[1707.7447509765625,20.491697311401367,-854.8310546875]",-2.3194427490234375,Troehmoer camp npc spawn,observation-only; home/slot/respawn unresolved
681,649b2889-9e90-4ec1-89f5-5577649b6042,2026-09-18T20:15:23.8012372Z,150,unresolved,unresolved,unresolved,npc,raw subject_type=npc,npc,Ahldwaen,unresolved,profile-916f13c342159f90,"[-3104.0,-3808.0,3040.0,2336.0]","[1710.611083984375,20.51495361328125,-854.6354370117188]",-2.1914453506469727,Ahldwaen camp npc spawn,observation-only; home/slot/respawn unresolved
693,82abfebc-e107-4f49-a39c-2b867d8260ac,2026-09-18T20:18:29.2730786Z,150,unresolved,unresolved,unresolved,npc,raw subject_type=npc,npc,Camp Crimson Bark Aetheryte,unresolved,profile-916f13c342159f90,"[-3104.0,-3808.0,3040.0,2336.0]","[-1565.9346923828125,-11.9043550491333,-550.6651000976562]",-0.3284311294555664,Camp Crimson Bark Aetheryte spawn,observation-only; home/slot/respawn unresolved
654,07364352-248b-4b1e-8347-53cc091a7ca8,2026-09-19T01:46:06.8026583Z,150,unresolved,unresolved,unresolved,npc,raw subject_type=npc,npc,Fraemhar,unresolved,profile-916f13c342159f90,"[-3104.0,-3808.0,3040.0,2336.0]","[1953.330810546875,20.87608337402344,-523.96533203125]",1.4209741353988647,Fraemhar npc spawn sitting on a cut log,observation-only; home/slot/respawn unresolved
695,88dbbfd8-ebfb-40f5-9975-565480177de0,2026-09-19T01:47:02.9863824Z,150,unresolved,unresolved,unresolved,npc,raw subject_type=npc,npc,Arnott,unresolved,profile-916f13c342159f90,"[-3104.0,-3808.0,3040.0,2336.0]","[1958.955322265625,20.4016056060791,-534.3756103515625]",-1.606400489807129,Arnott npc spawn,observation-only; home/slot/respawn unresolved
655,0925eab1-f0a0-45db-abf8-379980056de2,2026-09-19T01:47:53.9784169Z,150,unresolved,unresolved,unresolved,npc,raw subject_type=npc,npc,Lora,unresolved,profile-916f13c342159f90,"[-3104.0,-3808.0,3040.0,2336.0]","[1953.7352294921875,20.056968688964844,-549.822998046875]",1.6108884811401367,Lora npc spawn,observation-only; home/slot/respawn unresolved
708,b9873845-2bc2-4a08-b151-4abe79175cd1,2026-09-19T01:52:30.9544378Z,150,unresolved,unresolved,unresolved,npc,raw subject_type=npc,npc,Wawaramu,unresolved,profile-916f13c342159f90,"[-3104.0,-3808.0,3040.0,2336.0]","[415.04730224609375,4.000000953674316,539.3812866210938]",2.910221576690674,Wawaramu npc spawn,observation-only; home/slot/respawn unresolved
731,f135a8de-8452-4923-99a2-fe70f9e94a5b,2026-09-19T01:53:08.2746898Z,150,unresolved,unresolved,unresolved,npc,raw subject_type=npc,npc,Chamberliaux,unresolved,profile-916f13c342159f90,"[-3104.0,-3808.0,3040.0,2336.0]","[414.361083984375,4.000001430511475,544.6292114257812]",2.829941511154175,Chamberliaux npc spawn,observation-only; home/slot/respawn unresolved
712,c3da22cc-4d5b-4cf2-98ec-3970c84bdcf2,2026-09-19T01:54:13.2265949Z,150,unresolved,unresolved,unresolved,npc,raw subject_type=npc,npc,X'bhowaqi,unresolved,profile-916f13c342159f90,"[-3104.0,-3808.0,3040.0,2336.0]","[433.8603515625,4.62499475479126,547.7255249023438]",1.4158467054367063,X'bhowaqi npc spawn,observation-only; home/slot/respawn unresolved
675,47e4ef06-1d8a-43f2-9db0-5c1ab0cb84f5,2026-09-19T01:58:14.2107647Z,150,unresolved,unresolved,unresolved,npc,raw subject_type=npc,npc,Juliembert,unresolved,profile-916f13c342159f90,"[-3104.0,-3808.0,3040.0,2336.0]","[726.8653564453125,-11.53128433227539,1131.6053466796875]",2.463493824005127,Juliembert npc spawn,observation-only; home/slot/respawn unresolved
653,05095569-b355-4c00-964a-0c2d4f35e531,2026-09-19T01:58:32.6984987Z,150,unresolved,unresolved,unresolved,npc,raw subject_type=npc,npc,Hab,unresolved,profile-916f13c342159f90,"[-3104.0,-3808.0,3040.0,2336.0]","[726.623779296875,-11.474815368652344,1134.584228515625]",2.449115037918091,Hab npc spawn,observation-only; home/slot/respawn unresolved
733,f40d301f-0677-41dd-b59a-79ce10e7e8c0,2026-09-19T01:59:18.155143Z,150,unresolved,unresolved,unresolved,npc,raw subject_type=npc,npc,Camp tranquil aetheryte,unresolved,profile-916f13c342159f90,"[-3104.0,-3808.0,3040.0,2336.0]","[733.7918090820312,-11.858148574829102,1126.3897705078125]",2.673182964324951,Camp tranquil aetheryte spawn,observation-only; home/slot/respawn unresolved
691,7f40b2ad-2de3-48ac-bc4c-37668d4aba81,2026-09-19T04:10:38.1559406Z,150,unresolved,unresolved,unresolved,npc,raw subject_type=npc,npc,Camp Emerald Moss atheryte,unresolved,profile-916f13c342159f90,"[-3104.0,-3808.0,3040.0,2336.0]","[-1051.81787109375,20.006681442260746,-1760.302978515625]",0.27098244428634644,Camp Emerald Moss atheryte spawn,observation-only; home/slot/respawn unresolved
658,12842ad9-2ede-463d-ae93-1788c5494368,2026-09-19T04:13:58.8590624Z,150,unresolved,unresolved,unresolved,npc,raw subject_type=npc,npc,Miraudont,unresolved,profile-916f13c342159f90,"[-3104.0,-3808.0,3040.0,2336.0]","[-1047.795654296875,20.60012435913086,-1744.69873046875]",0.0159510038793087,Miraudont npc spawn,observation-only; home/slot/respawn unresolved
662,20fb57b1-23a0-42a6-9e66-97dad5a10768,2026-09-19T04:15:07.4669377Z,150,unresolved,unresolved,unresolved,npc,raw subject_type=npc,npc,Bubunakka,unresolved,profile-916f13c342159f90,"[-3104.0,-3808.0,3040.0,2336.0]","[-1046.93994140625,20.4366397857666,-1768.5439453125]",-0.8071317672729492,Bubunakka npc spawn,observation-only; home/slot/respawn unresolved
705,b445495e-bbc7-497a-b7af-01140c514bac,2026-09-19T04:15:28.5389728Z,150,unresolved,unresolved,unresolved,npc,raw subject_type=npc,npc,R'dyunbu,unresolved,profile-916f13c342159f90,"[-3104.0,-3808.0,3040.0,2336.0]","[-1045.689697265625,20.527502059936523,-1771.134033203125]",-0.8097739219665527,R'dyunbu npc spawn,observation-only; home/slot/respawn unresolved
520,091494f5-6ac1-443d-ad44-7107786b4060,2026-09-16T16:02:29.2654409Z,159,The Thousand Maws of Toto-Rak,fst0Dungeon03,resolved,npc,raw subject_type=npc,npc,Teary Moogle,unresolved,profile-4bda7a4d87bab618,"[544.0,224.0,1824.0,1248.0]","[1163.0850830078125,-48.98980712890625,697.4112548828125]",2.9775965213775635,Teary Moogle spawn,observation-only; home/slot/respawn unresolved
521,6796f0b7-3b22-48ad-8b2b-07108c7aff68,2026-09-16T16:03:17.6015279Z,159,The Thousand Maws of Toto-Rak,fst0Dungeon03,resolved,npc,raw subject_type=npc,npc,Pudgy Moogle,unresolved,profile-4bda7a4d87bab618,"[544.0,224.0,1824.0,1248.0]","[1161.5673828125,-48.98980712890625,697.5560913085938]",2.977468490600586,gives blackened accumulator,observation-only; home/slot/respawn unresolved
542,d60087b4-8265-4524-a48b-1fb59eba23cd,2026-09-16T16:26:09.6100309Z,159,The Thousand Maws of Toto-Rak,fst0Dungeon03,resolved,npc,raw subject_type=npc,npc,A-Ruhn-Senna,unresolved,profile-4bda7a4d87bab618,"[544.0,224.0,1824.0,1248.0]","[1164.3646240234375,-48.999996185302734,695.856201171875]",-3.0647106170654297,A-Ruhn-Senna spawn for quest Imperial Devices (Gridania),observation-only; home/slot/respawn unresolved
483,b92c4901-ca8f-460e-9950-0e754394d144,2026-09-16T14:56:55.89589Z,159,The Thousand Maws of Toto-Rak,fst0Dungeon03,resolved,encounter,The Thousand Maws of Toto-Rak monster encounter candidate,monster,Prison Pteroc,unresolved,profile-4bda7a4d87bab618,"[544.0,224.0,1824.0,1248.0]","[1000.845458984375,-40.784542083740234,655.820068359375]",-1.6693806648254395,Prison Pteroc spawn,observation-only; home/slot/respawn unresolved
484,eae4f949-0661-4451-8e91-472b9ce6e3ae,2026-09-16T14:57:39.5038375Z,159,The Thousand Maws of Toto-Rak,fst0Dungeon03,resolved,encounter,The Thousand Maws of Toto-Rak monster encounter candidate,monster,Mun-Tuy Sapling,unresolved,profile-4bda7a4d87bab618,"[544.0,224.0,1824.0,1248.0]","[1010.9420776367188,-41.12124252319336,656.5443725585938]",-1.8806800842285156,Mun-tuy Sapling,observation-only; home/slot/respawn unresolved
485,c5fa9b25-9254-453c-aeea-bd2c121a73d4,2026-09-16T14:57:51.0485126Z,159,The Thousand Maws of Toto-Rak,fst0Dungeon03,resolved,encounter,The Thousand Maws of Toto-Rak monster encounter candidate,monster,Prison Pteroc,unresolved,profile-4bda7a4d87bab618,"[544.0,224.0,1824.0,1248.0]","[1009.4976806640625,-40.236209869384766,668.1655883789062]",-0.24945354461669922,Prison Pteroc spawn,observation-only; home/slot/respawn unresolved
486,78a23341-cb74-4ed9-bdb2-1cfbf9a74245,2026-09-16T14:58:00.1198791Z,159,The Thousand Maws of Toto-Rak,fst0Dungeon03,resolved,encounter,The Thousand Maws of Toto-Rak monster encounter candidate,monster,Prison Pteroc,unresolved,profile-4bda7a4d87bab618,"[544.0,224.0,1824.0,1248.0]","[1006.9213256835938,-39.82878112792969,681.8055419921875]",-0.14954566955566406,Prison Pteroc spawn,observation-only; home/slot/respawn unresolved
487,eca99c6b-721c-49da-b879-cbf97c8eee66,2026-09-16T14:58:08.7759551Z,159,The Thousand Maws of Toto-Rak,fst0Dungeon03,resolved,encounter,The Thousand Maws of Toto-Rak monster encounter candidate,monster,Prison Pteroc,unresolved,profile-4bda7a4d87bab618,"[544.0,224.0,1824.0,1248.0]","[1005.3134765625,-39.32215881347656,693.1224365234375]",-0.14124584197998047,Prison Pteroc spawn,observation-only; home/slot/respawn unresolved
488,dfd970bb-2069-4de9-b97b-e1a50b9eeb82,2026-09-16T14:58:57.6399103Z,159,The Thousand Maws of Toto-Rak,fst0Dungeon03,resolved,encounter,The Thousand Maws of Toto-Rak monster encounter candidate,monster,Prison Pteroc,unresolved,profile-4bda7a4d87bab618,"[544.0,224.0,1824.0,1248.0]","[1009.3280639648438,-39.94106674194336,707.4072875976562]",0.05249053239822388,Prison Pteroc spawn,observation-only; home/slot/respawn unresolved
489,bfc58327-b63a-4526-86a6-5076be244779,2026-09-16T14:59:05.6243217Z,159,The Thousand Maws of Toto-Rak,fst0Dungeon03,resolved,encounter,The Thousand Maws of Toto-Rak monster encounter candidate,monster,Prison Pteroc,unresolved,profile-4bda7a4d87bab618,"[544.0,224.0,1824.0,1248.0]","[1005.412841796875,-39.751834869384766,714.4476928710938]",-0.0767507553100586,Prison Pteroc spawn,observation-only; home/slot/respawn unresolved
490,14b56602-4fed-49ab-b6c0-545ac4953488,2026-09-16T14:59:38.1603321Z,159,The Thousand Maws of Toto-Rak,fst0Dungeon03,resolved,encounter,The Thousand Maws of Toto-Rak monster encounter candidate,monster,Prison Pteroc,unresolved,profile-4bda7a4d87bab618,"[544.0,224.0,1824.0,1248.0]","[951.1808471679688,-35.75008773803711,657.8282470703125]",1.5789711475372314,Prison Pteroc spawn,observation-only; home/slot/respawn unresolved
491,42fedd24-891b-414e-bfcd-2ad1bebd061e,2026-09-16T14:59:45.2880895Z,159,The Thousand Maws of Toto-Rak,fst0Dungeon03,resolved,encounter,The Thousand Maws of Toto-Rak monster encounter candidate,monster,Prison Pteroc,unresolved,profile-4bda7a4d87bab618,"[544.0,224.0,1824.0,1248.0]","[958.2366333007812,-35.98702621459961,655.0446166992188]",1.5790400505065918,Prison Pteroc spawn,observation-only; home/slot/respawn unresolved
492,99d4c60c-c763-4f0f-8068-660cf1ec394b,2026-09-16T14:59:52.9921596Z,159,The Thousand Maws of Toto-Rak,fst0Dungeon03,resolved,encounter,The Thousand Maws of Toto-Rak monster encounter candidate,monster,Prison Pteroc,unresolved,profile-4bda7a4d87bab618,"[544.0,224.0,1824.0,1248.0]","[963.092041015625,-36.1949462890625,657.9390869140625]",1.5790400505065918,Prison Pteroc spawn,observation-only; home/slot/respawn unresolved
493,de1f7bcd-8876-4cd0-9a15-cf0c068ea651,2026-09-16T15:01:11.3442674Z,159,The Thousand Maws of Toto-Rak,fst0Dungeon03,resolved,encounter,The Thousand Maws of Toto-Rak monster encounter candidate,monster,Mun-Tuy Sapling,unresolved,profile-4bda7a4d87bab618,"[544.0,224.0,1824.0,1248.0]","[1070.479248046875,-38.89485549926758,757.5316162109375]",-2.1371893882751465,Mun-Tuy Sapling spawn,observation-only; home/slot/respawn unresolved
494,492fa2fc-9484-4f22-9fba-f2d538936a06,2026-09-16T15:01:20.183999Z,159,The Thousand Maws of Toto-Rak,fst0Dungeon03,resolved,encounter,The Thousand Maws of Toto-Rak monster encounter candidate,monster,Mun-Tuy Sapling,unresolved,profile-4bda7a4d87bab618,"[544.0,224.0,1824.0,1248.0]","[1065.3953857421875,-39.0455207824707,756.4144897460938]",-2.137096881866455,Mun-Tuy Sapling spawn,observation-only; home/slot/respawn unresolved
495,c3a6a36b-8fd7-487e-8b76-daea7a2d59ee,2026-09-16T15:01:30.1044483Z,159,The Thousand Maws of Toto-Rak,fst0Dungeon03,resolved,encounter,The Thousand Maws of Toto-Rak monster encounter candidate,monster,Mun-Tuy Sapling,unresolved,profile-4bda7a4d87bab618,"[544.0,224.0,1824.0,1248.0]","[1066.7427978515625,-38.57990264892578,752.04296875]",2.7978687286376953,Mun-Tuy Sapling spawn,observation-only; home/slot/respawn unresolved
496,427f4854-5e07-4e23-9e73-1c39c5a74822,2026-09-16T15:01:46.0478877Z,159,The Thousand Maws of Toto-Rak,fst0Dungeon03,resolved,encounter,The Thousand Maws of Toto-Rak monster encounter candidate,monster,Mun-Tuy Sapling,unresolved,profile-4bda7a4d87bab618,"[544.0,224.0,1824.0,1248.0]","[1071.7510986328125,-38.77650833129883,754.98291015625]",-3.065504550933838,Mun-Tuy Sapling spawn,observation-only; home/slot/respawn unresolved
497,52c6aab5-9683-4b77-b094-f10072080157,2026-09-16T15:02:16.6649791Z,159,The Thousand Maws of Toto-Rak,fst0Dungeon03,resolved,encounter,The Thousand Maws of Toto-Rak monster encounter candidate,monster,Mun-Tuy Sapling,unresolved,profile-4bda7a4d87bab618,"[544.0,224.0,1824.0,1248.0]","[1068.0767822265625,-39.0211067199707,785.9901123046875]",2.6751394271850586,Mun-Tuy Sapling spawn,observation-only; home/slot/respawn unresolved
498,53600e4d-d4e1-4a52-b840-19444edb5c4b,2026-09-16T15:02:52.7362386Z,159,The Thousand Maws of Toto-Rak,fst0Dungeon03,resolved,encounter,The Thousand Maws of Toto-Rak monster encounter candidate,monster,Prison Pteroc,unresolved,profile-4bda7a4d87bab618,"[544.0,224.0,1824.0,1248.0]","[1087.175048828125,-39.99385452270508,784.6588745117188]",1.5285059213638306,Prison Pteroc spawn,observation-only; home/slot/respawn unresolved
499,57a3ef6e-7e81-4f1f-a398-82a2fffb9842,2026-09-16T15:03:38.8400648Z,159,The Thousand Maws of Toto-Rak,fst0Dungeon03,resolved,encounter,The Thousand Maws of Toto-Rak monster encounter candidate,monster,Mun-Tuy Sapling,unresolved,profile-4bda7a4d87bab618,"[544.0,224.0,1824.0,1248.0]","[1113.2972412109375,-40.0,808.0108642578125]",2.3718695640563965,Mun-Tuy Sapling spawn,observation-only; home/slot/respawn unresolved
500,bec3e6e2-d8c2-4ecb-a872-eed2c492e549,2026-09-16T15:03:54.7198324Z,159,The Thousand Maws of Toto-Rak,fst0Dungeon03,resolved,encounter,The Thousand Maws of Toto-Rak monster encounter candidate,monster,Mun-Tuy Sapling,unresolved,profile-4bda7a4d87bab618,"[544.0,224.0,1824.0,1248.0]","[1103.2972412109375,-40.05506896972656,806.4382934570312]",-2.570521593093872,Mun-Tuy Sapling spawn,observation-only; home/slot/respawn unresolved
505,c2956578-9401-4dcc-8ec6-825fb5ce5fd0,2026-09-16T15:20:58.944513Z,159,The Thousand Maws of Toto-Rak,fst0Dungeon03,resolved,encounter,The Thousand Maws of Toto-Rak monster encounter candidate,monster,Tainted Louse,unresolved,profile-4bda7a4d87bab618,"[544.0,224.0,1824.0,1248.0]","[1017.3788452148438,-44.785491943359375,877.3392333984375]",-1.6844062805175781,Tainted Louse spawn,observation-only; home/slot/respawn unresolved
506,0653c385-d623-4db1-8cde-c7f589071f74,2026-09-16T15:21:10.0329619Z,159,The Thousand Maws of Toto-Rak,fst0Dungeon03,resolved,encounter,The Thousand Maws of Toto-Rak monster encounter candidate,monster,Tainted Louse,unresolved,profile-4bda7a4d87bab618,"[544.0,224.0,1824.0,1248.0]","[1018.105224609375,-44.66557312011719,873.1578369140625]",0.15376996994018555,Tainted Louse spawn,observation-only; home/slot/respawn unresolved
507,2a3a1c6b-4c50-4d11-9acb-6429f9f31956,2026-09-16T15:21:21.2404581Z,159,The Thousand Maws of Toto-Rak,fst0Dungeon03,resolved,encounter,The Thousand Maws of Toto-Rak monster encounter candidate,monster,Tainted Louse,unresolved,profile-4bda7a4d87bab618,"[544.0,224.0,1824.0,1248.0]","[1020.63720703125,-45.06803894042969,877.15673828125]",2.731292963027954,Tainted Louse spawn,observation-only; home/slot/respawn unresolved
508,7474e9b8-140c-4350-8c6e-4bce5b7ea260,2026-09-16T15:21:29.656419Z,159,The Thousand Maws of Toto-Rak,fst0Dungeon03,resolved,encounter,The Thousand Maws of Toto-Rak monster encounter candidate,monster,Tainted Louse,unresolved,profile-4bda7a4d87bab618,"[544.0,224.0,1824.0,1248.0]","[1021.372802734375,-44.9130859375,872.751953125]",3.0409960746765137,Tainted Louse spawn,observation-only; home/slot/respawn unresolved
510,62f447a2-56de-47cd-9a41-06568adb7b3d,2026-09-16T15:25:21.841164Z,159,The Thousand Maws of Toto-Rak,fst0Dungeon03,resolved,encounter,The Thousand Maws of Toto-Rak monster encounter candidate,monster,Prison Pteroc,unresolved,profile-4bda7a4d87bab618,"[544.0,224.0,1824.0,1248.0]","[1005.3031616210938,-44.08284378051758,793.0511474609375]",0.6169917583465576,Prison Pteroc spawn,observation-only; home/slot/respawn unresolved
511,8e6d6e0c-b0bf-483c-b0b0-fe7516597bbb,2026-09-16T15:25:35.4165862Z,159,The Thousand Maws of Toto-Rak,fst0Dungeon03,resolved,encounter,The Thousand Maws of Toto-Rak monster encounter candidate,monster,Prison Pteroc,unresolved,profile-4bda7a4d87bab618,"[544.0,224.0,1824.0,1248.0]","[1012.9017944335938,-42.91357421875,778.18359375]",-0.35947179794311523,Prison Pteroc spawn,observation-only; home/slot/respawn unresolved
512,b580e7dc-457f-4fd9-9c58-561543a4677a,2026-09-16T15:25:59.3685944Z,159,The Thousand Maws of Toto-Rak,fst0Dungeon03,resolved,encounter,The Thousand Maws of Toto-Rak monster encounter candidate,monster,Prison Pteroc,unresolved,profile-4bda7a4d87bab618,"[544.0,224.0,1824.0,1248.0]","[1008.2007446289062,-43.57212829589844,771.6451416015625]",-2.627048969268799,Prison Pteroc spawn,observation-only; home/slot/respawn unresolved
513,31d32c27-944c-4b5e-ab71-463251ce4a91,2026-09-16T15:27:37.0167504Z,159,The Thousand Maws of Toto-Rak,fst0Dungeon03,resolved,encounter,The Thousand Maws of Toto-Rak monster encounter candidate,monster,Mun-Tuy Sapling,unresolved,profile-4bda7a4d87bab618,"[544.0,224.0,1824.0,1248.0]","[1003.7151489257812,-39.520790100097656,723.8485717773438]",-1.7013583183288574,Mun-Tuy sapling,observation-only; home/slot/respawn unresolved
514,27c346bb-1857-4488-99d9-4b3a6150ca40,2026-09-16T15:27:59.1927774Z,159,The Thousand Maws of Toto-Rak,fst0Dungeon03,resolved,encounter,The Thousand Maws of Toto-Rak monster encounter candidate,monster,Mun-Tuy sapling,unresolved,profile-4bda7a4d87bab618,"[544.0,224.0,1824.0,1248.0]","[1000.931640625,-39.234493255615234,717.188720703125]",1.293318510055542,Mun-Tuy Sapling spawn,observation-only; home/slot/respawn unresolved
522,081c0955-97cb-4916-a504-13348b28ec3a,2026-09-16T16:05:02.8418179Z,159,The Thousand Maws of Toto-Rak,fst0Dungeon03,resolved,encounter,The Thousand Maws of Toto-Rak monster encounter candidate,monster,Prison Pteroc,unresolved,profile-4bda7a4d87bab618,"[544.0,224.0,1824.0,1248.0]","[1233.352783203125,-51.79533004760742,699.37841796875]",0.4905267059803009,Prison Pteroc spawn,observation-only; home/slot/respawn unresolved
523,121c66c8-770c-4d0e-88e0-5ae6e4151867,2026-09-16T16:05:23.4575085Z,159,The Thousand Maws of Toto-Rak,fst0Dungeon03,resolved,encounter,The Thousand Maws of Toto-Rak monster encounter candidate,monster,Mitetrap,unresolved,profile-4bda7a4d87bab618,"[544.0,224.0,1824.0,1248.0]","[1233.198486328125,-52.20647048950195,707.365966796875]",0.024827569723129272,Mitetrap spawn,observation-only; home/slot/respawn unresolved
524,8eff4965-f552-4bb4-b505-524c3e1a6435,2026-09-16T16:05:41.9138386Z,159,The Thousand Maws of Toto-Rak,fst0Dungeon03,resolved,encounter,The Thousand Maws of Toto-Rak monster encounter candidate,monster,Mitetrap,unresolved,profile-4bda7a4d87bab618,"[544.0,224.0,1824.0,1248.0]","[1232.3179931640625,-52.53337097167969,713.8912963867188]",0.019391600042581558,Mitetrap spawn,observation-only; home/slot/respawn unresolved
525,365b31bd-0d41-4a1d-a1d7-6ab44af51f39,2026-09-16T16:06:03.4182109Z,159,The Thousand Maws of Toto-Rak,fst0Dungeon03,resolved,encounter,The Thousand Maws of Toto-Rak monster encounter candidate,monster,Mitetrap,unresolved,profile-4bda7a4d87bab618,"[544.0,224.0,1824.0,1248.0]","[1226.71435546875,-52.86904525756836,712.6448974609375]",-1.551426887512207,Mitetrap spawn,observation-only; home/slot/respawn unresolved
526,0d1decab-5e32-42a9-9fae-d3ca88c7714a,2026-09-16T16:06:14.3140808Z,159,The Thousand Maws of Toto-Rak,fst0Dungeon03,resolved,encounter,The Thousand Maws of Toto-Rak monster encounter candidate,monster,Mitetrap,unresolved,profile-4bda7a4d87bab618,"[544.0,224.0,1824.0,1248.0]","[1229.17529296875,-52.310184478759766,710.3478393554688]",-1.928481101989746,Mitetrap spawn,observation-only; home/slot/respawn unresolved
528,110d79b1-6d9d-4115-a99b-f27ccc6c70f8,2026-09-16T16:12:42.8898804Z,159,The Thousand Maws of Toto-Rak,fst0Dungeon03,resolved,encounter,The Thousand Maws of Toto-Rak monster encounter candidate,monster,Prison Pteroc,unresolved,profile-4bda7a4d87bab618,"[544.0,224.0,1824.0,1248.0]","[1255.2613525390625,-55.85990524291992,748.6961669921875]",1.909942865371704,Prison Pteroc spawn,observation-only; home/slot/respawn unresolved
529,cd16a8d9-5002-4f52-8883-bc0ec352455b,2026-09-16T16:12:49.7538228Z,159,The Thousand Maws of Toto-Rak,fst0Dungeon03,resolved,encounter,The Thousand Maws of Toto-Rak monster encounter candidate,monster,Prison Pteroc,unresolved,profile-4bda7a4d87bab618,"[544.0,224.0,1824.0,1248.0]","[1258.2655029296875,-55.80706787109375,750.264892578125]",0.9665907025337219,Prison Pteroc spawn,observation-only; home/slot/respawn unresolved
530,bd42e76c-1468-486c-9377-40712b2c031a,2026-09-16T16:12:57.7139815Z,159,The Thousand Maws of Toto-Rak,fst0Dungeon03,resolved,encounter,The Thousand Maws of Toto-Rak monster encounter candidate,monster,Prison Pteroc,unresolved,profile-4bda7a4d87bab618,"[544.0,224.0,1824.0,1248.0]","[1260.9886474609375,-55.94182205200195,745.7583618164062]",2.7026240825653076,Prison Pteroc sapwn,observation-only; home/slot/respawn unresolved
531,ede42325-22fb-428d-8912-02cd2fdf5fda,2026-09-16T16:19:14.8821438Z,159,The Thousand Maws of Toto-Rak,fst0Dungeon03,resolved,encounter,The Thousand Maws of Toto-Rak monster encounter candidate,monster,Mun-Tuy Sapling,unresolved,profile-4bda7a4d87bab618,"[544.0,224.0,1824.0,1248.0]","[1105.0343017578125,-46.7965087890625,719.4931030273438]",2.865899085998535,Mun-Tuy Sapling spawn,observation-only; home/slot/respawn unresolved
532,33972717-0173-4162-b37a-44542d0e15a2,2026-09-16T16:19:37.9141809Z,159,The Thousand Maws of Toto-Rak,fst0Dungeon03,resolved,encounter,The Thousand Maws of Toto-Rak monster encounter candidate,monster,Prison Pteroc,unresolved,profile-4bda7a4d87bab618,"[544.0,224.0,1824.0,1248.0]","[1126.6259765625,-47.07275390625,719.8021850585938]",1.498490333557129,Prison Pteroc spawn,observation-only; home/slot/respawn unresolved
533,4fe9a24a-00be-4d09-90bd-6906fe517dce,2026-09-16T16:19:56.4339196Z,159,The Thousand Maws of Toto-Rak,fst0Dungeon03,resolved,encounter,The Thousand Maws of Toto-Rak monster encounter candidate,monster,Prison Pteroc,unresolved,profile-4bda7a4d87bab618,"[544.0,224.0,1824.0,1248.0]","[1113.0152587890625,-48.55833435058594,754.356201171875]",-1.2475662231445312,Prison Pteroc sapwn,observation-only; home/slot/respawn unresolved
534,2f89f02a-dc54-49dd-97c2-c96302eb40e8,2026-09-16T16:20:08.9782926Z,159,The Thousand Maws of Toto-Rak,fst0Dungeon03,resolved,encounter,The Thousand Maws of Toto-Rak monster encounter candidate,monster,Prison Pteroc,unresolved,profile-4bda7a4d87bab618,"[544.0,224.0,1824.0,1248.0]","[1135.1973876953125,-46.940040588378906,752.7057495117188]",0.2924061119556427,Prison Pteroc spawn,observation-only; home/slot/respawn unresolved
535,3b9cd12f-b00e-4c98-affe-8f7aadc6cb9d,2026-09-16T16:20:30.7698994Z,159,The Thousand Maws of Toto-Rak,fst0Dungeon03,resolved,encounter,The Thousand Maws of Toto-Rak monster encounter candidate,monster,Mitetrap,unresolved,profile-4bda7a4d87bab618,"[544.0,224.0,1824.0,1248.0]","[1140.090087890625,-46.93107604980469,754.149658203125]",1.4833961725234985,Mitetrap spawn,observation-only; home/slot/respawn unresolved
536,e19e506d-4d1b-4fd4-9f23-995a5bd93509,2026-09-16T16:20:54.0259437Z,159,The Thousand Maws of Toto-Rak,fst0Dungeon03,resolved,encounter,The Thousand Maws of Toto-Rak monster encounter candidate,monster,Mun-tuy Sapling,unresolved,profile-4bda7a4d87bab618,"[544.0,224.0,1824.0,1248.0]","[1142.46923828125,-47.7288818359375,749.8900146484375]",2.3383100032806396,Mun-Tuy Sapling spawn,observation-only; home/slot/respawn unresolved
537,e9389f17-c0a6-4e03-ab46-8e145e188cff,2026-09-16T16:21:03.3298237Z,159,The Thousand Maws of Toto-Rak,fst0Dungeon03,resolved,encounter,The Thousand Maws of Toto-Rak monster encounter candidate,monster,Prison Pteroc,unresolved,profile-4bda7a4d87bab618,"[544.0,224.0,1824.0,1248.0]","[1139.4483642578125,-47.687744140625,747.939208984375]",2.6321535110473633,Prison Pteroc spawn,observation-only; home/slot/respawn unresolved
543,d3d16d3c-2d0a-4160-9635-589fab68fc1f,2026-09-16T16:27:39.594951Z,159,The Thousand Maws of Toto-Rak,fst0Dungeon03,resolved,encounter,The Thousand Maws of Toto-Rak monster encounter candidate,monster,???,unresolved,profile-4bda7a4d87bab618,"[544.0,224.0,1824.0,1248.0]","[1162.157958984375,-48.999996185302734,693.4478759765625]",-0.04006338119506836,Magitek device sitting on the floor,observation-only; home/slot/respawn unresolved
544,9832e088-8c56-4876-98a2-2a2160734ec3,2026-09-16T16:35:43.5944987Z,159,The Thousand Maws of Toto-Rak,fst0Dungeon03,resolved,encounter,The Thousand Maws of Toto-Rak monster encounter candidate,monster,Prison Pteroc,unresolved,profile-4bda7a4d87bab618,"[544.0,224.0,1824.0,1248.0]","[1229.9847412109375,-52.19621276855469,706.9561767578125]",-0.2542848587036133,Prison Pteroc spawn,observation-only; home/slot/respawn unresolved
545,f3d1851c-6037-4d98-87ad-cd529ee06ca4,2026-09-16T16:36:01.2901932Z,159,The Thousand Maws of Toto-Rak,fst0Dungeon03,resolved,encounter,The Thousand Maws of Toto-Rak monster encounter candidate,monster,Mitetrap,unresolved,profile-4bda7a4d87bab618,"[544.0,224.0,1824.0,1248.0]","[1230.895263671875,-52.6689567565918,713.1859130859375]",-0.2537679672241211,Mitetrap spawn,observation-only; home/slot/respawn unresolved
546,da22651d-6685-4cb4-8bdc-3fad4111c27c,2026-09-16T16:36:08.9703854Z,159,The Thousand Maws of Toto-Rak,fst0Dungeon03,resolved,encounter,The Thousand Maws of Toto-Rak monster encounter candidate,monster,Mitetrap,unresolved,profile-4bda7a4d87bab618,"[544.0,224.0,1824.0,1248.0]","[1227.7818603515625,-52.905094146728516,713.2152709960938]",-1.5613679885864258,Mitetrap spawn,observation-only; home/slot/respawn unresolved
547,2f299f7d-4340-468d-88b2-ca6a80bfc36d,2026-09-16T16:36:18.3867267Z,159,The Thousand Maws of Toto-Rak,fst0Dungeon03,resolved,encounter,The Thousand Maws of Toto-Rak monster encounter candidate,monster,Mitetrap,unresolved,profile-4bda7a4d87bab618,"[544.0,224.0,1824.0,1248.0]","[1233.346923828125,-52.40810012817383,711.4741821289062]",1.5802597999572754,Mitetrap spawn,observation-only; home/slot/respawn unresolved
548,b8d4b76b-d219-4f70-b559-affc6ccbd829,2026-09-16T16:36:32.4745011Z,159,The Thousand Maws of Toto-Rak,fst0Dungeon03,resolved,encounter,The Thousand Maws of Toto-Rak monster encounter candidate,monster,Mitetrap,unresolved,profile-4bda7a4d87bab618,"[544.0,224.0,1824.0,1248.0]","[1229.9315185546875,-53.65876770019531,719.680908203125]",0.47311174869537354,Mitetrap spawn,observation-only; home/slot/respawn unresolved
549,e386c6fc-6f05-4a54-83b9-b5b1c3deee28,2026-09-16T16:42:38.0506913Z,159,The Thousand Maws of Toto-Rak,fst0Dungeon03,resolved,encounter,The Thousand Maws of Toto-Rak monster encounter candidate,monster,Gaoler's Lantern,unresolved,profile-4bda7a4d87bab618,"[544.0,224.0,1824.0,1248.0]","[1254.30322265625,-55.907379150390625,749.0946655273438]",1.9560469388961792,Gaoler's Lantern spawn,observation-only; home/slot/respawn unresolved
550,8d031b41-fa83-4d17-8f5b-691b1aab7ec1,2026-09-16T16:42:45.2424893Z,159,The Thousand Maws of Toto-Rak,fst0Dungeon03,resolved,encounter,The Thousand Maws of Toto-Rak monster encounter candidate,monster,Gaoler's Lantern,unresolved,profile-4bda7a4d87bab618,"[544.0,224.0,1824.0,1248.0]","[1255.91162109375,-55.9997673034668,753.061767578125]",0.38522282242774963,Gaoler's Lantern spawn,observation-only; home/slot/respawn unresolved
551,22c82b8b-4a5b-4cb9-b386-ba3a7f7e785e,2026-09-16T16:43:01.9943829Z,159,The Thousand Maws of Toto-Rak,fst0Dungeon03,resolved,encounter,The Thousand Maws of Toto-Rak monster encounter candidate,monster,Prison Pteroc,unresolved,profile-4bda7a4d87bab618,"[544.0,224.0,1824.0,1248.0]","[1264.33251953125,-55.553916931152344,753.5572509765625]",1.56215238571167,Prison Pteroc spawn,observation-only; home/slot/respawn unresolved
552,cf5115dc-3f94-4948-9e9d-67053eab09bf,2026-09-16T16:43:14.4905794Z,159,The Thousand Maws of Toto-Rak,fst0Dungeon03,resolved,encounter,The Thousand Maws of Toto-Rak monster encounter candidate,monster,Prison Pteroc,unresolved,profile-4bda7a4d87bab618,"[544.0,224.0,1824.0,1248.0]","[1266.779052734375,-55.55851745605469,750.447509765625]",2.6773557662963867,Prison Pteroc spawn,observation-only; home/slot/respawn unresolved
553,779048cd-3e20-49b4-8e77-eecbeada81fc,2026-09-16T16:44:10.3945017Z,159,The Thousand Maws of Toto-Rak,fst0Dungeon03,resolved,encounter,The Thousand Maws of Toto-Rak monster encounter candidate,monster,Mitetrap,unresolved,profile-4bda7a4d87bab618,"[544.0,224.0,1824.0,1248.0]","[1264.2164306640625,-56.03067398071289,776.8245239257812]",-0.10213422775268555,Mitetrap spawn,observation-only; home/slot/respawn unresolved
554,b8c25bdc-b60e-4b11-ba73-6aed35952d46,2026-09-16T16:44:41.8988215Z,159,The Thousand Maws of Toto-Rak,fst0Dungeon03,resolved,encounter,The Thousand Maws of Toto-Rak monster encounter candidate,monster,Gaoler's Lantern,unresolved,profile-4bda7a4d87bab618,"[544.0,224.0,1824.0,1248.0]","[1273.3458251953125,-56.0,777.6636962890625]",1.4483505487442017,Gaoler's Lantern spawn,observation-only; home/slot/respawn unresolved
555,ea45263d-2dbc-425e-a25e-ff7d50492076,2026-09-16T16:45:19.9790837Z,159,The Thousand Maws of Toto-Rak,fst0Dungeon03,resolved,encounter,The Thousand Maws of Toto-Rak monster encounter candidate,monster,Prison Pudding,unresolved,profile-4bda7a4d87bab618,"[544.0,224.0,1824.0,1248.0]","[1243.962158203125,-52.01607894897461,817.7982788085938]",-1.4404988288879395,Prison Pudding spawn,observation-only; home/slot/respawn unresolved
556,e37396e8-c65b-457b-86a4-fd6aee186afd,2026-09-16T16:45:31.7065766Z,159,The Thousand Maws of Toto-Rak,fst0Dungeon03,resolved,encounter,The Thousand Maws of Toto-Rak monster encounter candidate,monster,Prison Pudding,unresolved,profile-4bda7a4d87bab618,"[544.0,224.0,1824.0,1248.0]","[1230.416748046875,-52.009517669677734,820.6439819335938]",-1.0190362930297852,Prison Pudding sapwn,observation-only; home/slot/respawn unresolved
557,da969237-8f55-42b4-a1fb-0c1cf920a8c6,2026-09-16T16:52:29.4106698Z,159,The Thousand Maws of Toto-Rak,fst0Dungeon03,resolved,encounter,The Thousand Maws of Toto-Rak monster encounter candidate,monster,Prison Pudding,unresolved,profile-4bda7a4d87bab618,"[544.0,224.0,1824.0,1248.0]","[1263.4638671875,-56.00019836425781,682.960205078125]",3.1066205501556396,Blue Prison Pudding spawn,observation-only; home/slot/respawn unresolved
558,54604f8c-b7d5-4a15-9e7b-dcee071c5ce9,2026-09-16T16:54:37.4827814Z,159,The Thousand Maws of Toto-Rak,fst0Dungeon03,resolved,encounter,The Thousand Maws of Toto-Rak monster encounter candidate,monster,Gaoler's Lantern,unresolved,profile-4bda7a4d87bab618,"[544.0,224.0,1824.0,1248.0]","[1286.88623046875,-56.086212158203125,685.5098266601562]",-1.489269733428955,Gaoler's Lantern spawn,observation-only; home/slot/respawn unresolved
559,f0d57b08-b3b5-4e54-a209-55b9d28d5c32,2026-09-16T16:55:08.0107459Z,159,The Thousand Maws of Toto-Rak,fst0Dungeon03,resolved,encounter,The Thousand Maws of Toto-Rak monster encounter candidate,monster,Gaoler's Lantern,unresolved,profile-4bda7a4d87bab618,"[544.0,224.0,1824.0,1248.0]","[1302.35546875,-56.892662048339844,692.9596557617188]",0.795967161655426,Gaoler's Lantern spawn,observation-only; home/slot/respawn unresolved
561,116d9bda-6c64-4549-9b80-1278007e35d0,2026-09-16T17:00:26.2914099Z,159,The Thousand Maws of Toto-Rak,fst0Dungeon03,resolved,encounter,The Thousand Maws of Toto-Rak monster encounter candidate,monster,Mitetrap,unresolved,profile-4bda7a4d87bab618,"[544.0,224.0,1824.0,1248.0]","[1335.4989013671875,-56.000186920166016,691.945068359375]",0.40064388513565063,Mitetrap spawn,observation-only; home/slot/respawn unresolved
564,5fcc6cd7-2e8f-45d1-aba5-d6600092db87,2026-09-16T17:07:40.5792934Z,159,The Thousand Maws of Toto-Rak,fst0Dungeon03,resolved,encounter,The Thousand Maws of Toto-Rak monster encounter candidate,monster,Prison Pudding,unresolved,profile-4bda7a4d87bab618,"[544.0,224.0,1824.0,1248.0]","[1354.3070068359375,-56.425437927246094,717.7081909179688]",-0.7611279487609863,Prison Pudding spawn,observation-only; home/slot/respawn unresolved
565,e7b52437-3c2f-48ff-af87-387f9d497e04,2026-09-16T17:08:12.219088Z,159,The Thousand Maws of Toto-Rak,fst0Dungeon03,resolved,encounter,The Thousand Maws of Toto-Rak monster encounter candidate,monster,Prison Pudding,unresolved,profile-4bda7a4d87bab618,"[544.0,224.0,1824.0,1248.0]","[1335.5340576171875,-57.093624114990234,719.6354370117188]",-1.60052490234375,Green Prison Pudding spawn,observation-only; home/slot/respawn unresolved
566,39076907-c457-44c4-9b1c-599013d9fe2f,2026-09-16T17:08:40.4275442Z,159,The Thousand Maws of Toto-Rak,fst0Dungeon03,resolved,encounter,The Thousand Maws of Toto-Rak monster encounter candidate,monster,Mitetrap,unresolved,profile-4bda7a4d87bab618,"[544.0,224.0,1824.0,1248.0]","[1332.1650390625,-57.0,729.6776733398438]",-0.4057426452636719,MiteTrap spawn,observation-only; home/slot/respawn unresolved
567,15cf2e36-b56f-436f-bc51-02360708b5b6,2026-09-16T17:09:06.7074628Z,159,The Thousand Maws of Toto-Rak,fst0Dungeon03,resolved,encounter,raw subject_type=mmonster encounter candidate,mmonster,Prison Pudding,unresolved,profile-4bda7a4d87bab618,"[544.0,224.0,1824.0,1248.0]","[1320.597412109375,-55.99999237060547,725.9189453125]",-0.6123824119567871,Orange Prison Pudding spawn,observation-only; home/slot/respawn unresolved
568,68b016f4-2ad4-495e-b33d-50c66685f115,2026-09-16T17:09:57.9235004Z,159,The Thousand Maws of Toto-Rak,fst0Dungeon03,resolved,encounter,The Thousand Maws of Toto-Rak monster encounter candidate,monster,Mitetrap,unresolved,profile-4bda7a4d87bab618,"[544.0,224.0,1824.0,1248.0]","[1397.7159423828125,-57.50984573364258,687.210205078125]",1.5895966291427612,Mitetrap spawn,observation-only; home/slot/respawn unresolved
569,4c5f0c91-8288-4c82-8341-2f3503528765,2026-09-16T17:10:15.9232145Z,159,The Thousand Maws of Toto-Rak,fst0Dungeon03,resolved,encounter,The Thousand Maws of Toto-Rak monster encounter candidate,monster,Mitetrap,unresolved,profile-4bda7a4d87bab618,"[544.0,224.0,1824.0,1248.0]","[1398.45263671875,-57.543663024902344,683.9735717773438]",3.129885673522949,Mitetrap spawn,observation-only; home/slot/respawn unresolved
570,19c0c465-b42a-4dea-b67f-da641fa9103b,2026-09-16T17:10:25.2351454Z,159,The Thousand Maws of Toto-Rak,fst0Dungeon03,resolved,encounter,The Thousand Maws of Toto-Rak monster encounter candidate,monster,Gaoler's Lantern,unresolved,profile-4bda7a4d87bab618,"[544.0,224.0,1824.0,1248.0]","[1402.00341796875,-57.429500579833984,684.9880981445312]",3.1298677921295166,Gaoler's Lantern spawn,observation-only; home/slot/respawn unresolved
571,d9bb175e-1595-4404-a32a-2eb73b277622,2026-09-16T17:10:47.6433388Z,159,The Thousand Maws of Toto-Rak,fst0Dungeon03,resolved,encounter,The Thousand Maws of Toto-Rak monster encounter candidate,monster,Gaoler's Lantern,unresolved,profile-4bda7a4d87bab618,"[544.0,224.0,1824.0,1248.0]","[1387.1075439453125,-57.1435661315918,705.0623779296875]",-0.3237180709838867,Gaoler's Lantern spawn,observation-only; home/slot/respawn unresolved
572,d9c7ec4a-00da-40fb-8643-cbb7c4cf7fb0,2026-09-16T17:11:02.8271614Z,159,The Thousand Maws of Toto-Rak,fst0Dungeon03,resolved,encounter,The Thousand Maws of Toto-Rak monster encounter candidate,monster,Prison Pudding,unresolved,profile-4bda7a4d87bab618,"[544.0,224.0,1824.0,1248.0]","[1385.56201171875,-57.46269226074219,717.3170776367188]",-0.18332433700561523,Prison pudding spawn,observation-only; home/slot/respawn unresolved
573,957ab952-0879-4312-8f21-be5ce02a6daa,2026-09-16T17:11:16.3553701Z,159,The Thousand Maws of Toto-Rak,fst0Dungeon03,resolved,encounter,The Thousand Maws of Toto-Rak monster encounter candidate,monster,Gaoler's Lantern,unresolved,profile-4bda7a4d87bab618,"[544.0,224.0,1824.0,1248.0]","[1388.7982177734375,-57.58131408691406,726.9805297851562]",0.349910169839859,Gaoler's Lantern spawn,observation-only; home/slot/respawn unresolved
574,7cd626d6-d464-4380-8d97-c64ca75778e3,2026-09-16T17:12:18.2357795Z,159,The Thousand Maws of Toto-Rak,fst0Dungeon03,resolved,encounter,The Thousand Maws of Toto-Rak monster encounter candidate,monster,Gaoler's Lantern,unresolved,profile-4bda7a4d87bab618,"[544.0,224.0,1824.0,1248.0]","[1428.7379150390625,-57.22694396972656,683.0564575195312]",1.7558051347732544,Gaoler's Lantern spawn,observation-only; home/slot/respawn unresolved
575,5390e22d-a61e-435f-b7a2-25117eb8ebfa,2026-09-16T17:12:37.0112926Z,159,The Thousand Maws of Toto-Rak,fst0Dungeon03,resolved,encounter,The Thousand Maws of Toto-Rak monster encounter candidate,monster,Prison Pudding,unresolved,profile-4bda7a4d87bab618,"[544.0,224.0,1824.0,1248.0]","[1446.7386474609375,-57.18116760253906,686.8141479492188]",1.5897183418273926,Prison Pudding spawn,observation-only; home/slot/respawn unresolved
576,57108c05-013d-4bc2-942e-bc4cf9548599,2026-09-16T17:13:00.9072756Z,159,The Thousand Maws of Toto-Rak,fst0Dungeon03,resolved,encounter,The Thousand Maws of Toto-Rak monster encounter candidate,monster,Prison Pudding,unresolved,profile-4bda7a4d87bab618,"[544.0,224.0,1824.0,1248.0]","[1456.65283203125,-58.41716003417969,682.8842163085938]",3.0669965744018555,Prison Pudding spawn,observation-only; home/slot/respawn unresolved
579,a060e0ca-3079-444a-ab85-c620f48d0ed3,2026-09-16T17:17:38.1874392Z,159,The Thousand Maws of Toto-Rak,fst0Dungeon03,resolved,encounter,The Thousand Maws of Toto-Rak monster encounter candidate,monster,Tainted Louse,unresolved,profile-4bda7a4d87bab618,"[544.0,224.0,1824.0,1248.0]","[1350.754150390625,-56.8513298034668,753.84423828125]",-1.6462960243225098,Tainted louse spawn,observation-only; home/slot/respawn unresolved
580,754a3aae-1c6f-47bc-9324-65d666b34e9b,2026-09-16T17:17:58.4355367Z,159,The Thousand Maws of Toto-Rak,fst0Dungeon03,resolved,encounter,The Thousand Maws of Toto-Rak monster encounter candidate,monster,Tainted Louse,unresolved,profile-4bda7a4d87bab618,"[544.0,224.0,1824.0,1248.0]","[1347.6331787109375,-56.46855926513672,752.5291748046875]",-2.07774019241333,Tainted louse spawn,observation-only; home/slot/respawn unresolved
581,f3ae12aa-6800-4d43-b303-9ad0def79de5,2026-09-16T17:18:13.5079242Z,159,The Thousand Maws of Toto-Rak,fst0Dungeon03,resolved,encounter,The Thousand Maws of Toto-Rak monster encounter candidate,monster,Tainted louse,unresolved,profile-4bda7a4d87bab618,"[544.0,224.0,1824.0,1248.0]","[1348.56396484375,-56.49755859375,756.72265625]",-0.9608645439147949,Tainted louse spawn,observation-only; home/slot/respawn unresolved
582,650c69df-c20a-42dc-b41d-e6d75b256cd0,2026-09-16T17:18:23.0833874Z,159,The Thousand Maws of Toto-Rak,fst0Dungeon03,resolved,encounter,The Thousand Maws of Toto-Rak monster encounter candidate,monster,Gaoler's Lantern,unresolved,profile-4bda7a4d87bab618,"[544.0,224.0,1824.0,1248.0]","[1344.7657470703125,-56.14054870605469,754.2783813476562]",-2.3157804012298584,Gaoler's Lantern spawn,observation-only; home/slot/respawn unresolved
583,6b4b8c63-b668-4c8e-bc14-94165d2291fb,2026-09-16T17:19:10.2034889Z,159,The Thousand Maws of Toto-Rak,fst0Dungeon03,resolved,encounter,The Thousand Maws of Toto-Rak monster encounter candidate,monster,Tainted louse,unresolved,profile-4bda7a4d87bab618,"[544.0,224.0,1824.0,1248.0]","[1347.461181640625,-56.41626739501953,748.774658203125]",3.0697896480560303,tainted louse spawn,observation-only; home/slot/respawn unresolved
584,bd16fa8f-6995-4808-a578-2243ed9ed74d,2026-09-16T17:19:34.0453571Z,159,The Thousand Maws of Toto-Rak,fst0Dungeon03,resolved,encounter,The Thousand Maws of Toto-Rak monster encounter candidate,monster,Tainted Louse,unresolved,profile-4bda7a4d87bab618,"[544.0,224.0,1824.0,1248.0]","[1351.062744140625,-56.78178024291992,749.563720703125]",1.4989932775497437,Tainted Louse spawn,observation-only; home/slot/respawn unresolved
585,5050c09c-ebbb-43bd-a685-be6eab60b310,2026-09-16T17:19:44.4194094Z,159,The Thousand Maws of Toto-Rak,fst0Dungeon03,resolved,encounter,The Thousand Maws of Toto-Rak monster encounter candidate,monster,Gaoler's Lantern,unresolved,profile-4bda7a4d87bab618,"[544.0,224.0,1824.0,1248.0]","[1332.47021484375,-57.12172317504883,752.4819946289062]",-0.4863095283508301,Gaoler's Lantern spawn,observation-only; home/slot/respawn unresolved
587,317bd6e0-8185-4e99-961e-e42b8c9cca46,2026-09-16T17:21:48.5314408Z,159,The Thousand Maws of Toto-Rak,fst0Dungeon03,resolved,encounter,The Thousand Maws of Toto-Rak monster encounter candidate,monster,Horde Mite,unresolved,profile-4bda7a4d87bab618,"[544.0,224.0,1824.0,1248.0]","[1470.3709716796875,-58.95021438598633,639.7647094726562]",2.3289237022399902,Horde Mite spawn with boss,observation-only; home/slot/respawn unresolved
588,ef13ec49-c930-43eb-9787-09032b693c67,2026-09-16T17:21:58.8753978Z,159,The Thousand Maws of Toto-Rak,fst0Dungeon03,resolved,encounter,The Thousand Maws of Toto-Rak monster encounter candidate,monster,Horde Mite,unresolved,profile-4bda7a4d87bab618,"[544.0,224.0,1824.0,1248.0]","[1476.9947509765625,-58.95653533935547,640.3052978515625]",1.9047248363494873,Horde Mite spawn with boss,observation-only; home/slot/respawn unresolved
589,1f0fd67a-d653-45ca-9995-a5a9ce2c749e,2026-09-16T17:22:09.9153558Z,159,The Thousand Maws of Toto-Rak,fst0Dungeon03,resolved,encounter,The Thousand Maws of Toto-Rak monster encounter candidate,monster,Horde Mite,unresolved,profile-4bda7a4d87bab618,"[544.0,224.0,1824.0,1248.0]","[1471.1341552734375,-58.97525405883789,632.6715087890625]",-2.8262863159179688,Horde Mite spawn with boss,observation-only; home/slot/respawn unresolved
590,89f6fe95-1ddc-415c-8b60-41ed910a6643,2026-09-16T17:22:30.595383Z,159,The Thousand Maws of Toto-Rak,fst0Dungeon03,resolved,encounter,The Thousand Maws of Toto-Rak monster encounter candidate,monster,Sargas,unresolved,profile-4bda7a4d87bab618,"[544.0,224.0,1824.0,1248.0]","[1475.619384765625,-58.90843963623047,636.1669921875]",-0.8126726150512695,Diremite boss for dungeon,observation-only; home/slot/respawn unresolved
596,21f8751d-017f-4f64-a648-6e5f44ec707c,2026-09-16T17:34:01.6365983Z,159,The Thousand Maws of Toto-Rak,fst0Dungeon03,resolved,encounter,The Thousand Maws of Toto-Rak monster encounter candidate,monster,qm_photocell2,unresolved,profile-4bda7a4d87bab618,"[544.0,224.0,1824.0,1248.0]","[1170.0281982421875,-44.12324523925781,831.556396484375]",2.282870292663574,photocell 2 spawn location,observation-only; home/slot/respawn unresolved
597,6a51cd2d-4f06-4a1f-b55a-6cca81af82ca,2026-09-16T17:35:26.2200201Z,159,The Thousand Maws of Toto-Rak,fst0Dungeon03,resolved,encounter,The Thousand Maws of Toto-Rak monster encounter candidate,monster,Gaoler's lantern,unresolved,profile-4bda7a4d87bab618,"[544.0,224.0,1824.0,1248.0]","[1103.910400390625,-51.438720703125,655.6282958984375]",-2.8042750358581543,Gaoler's lantern spawn,observation-only; home/slot/respawn unresolved
598,63aa8898-48cc-4996-9205-04eb7f897d23,2026-09-16T17:35:42.8997312Z,159,The Thousand Maws of Toto-Rak,fst0Dungeon03,resolved,encounter,The Thousand Maws of Toto-Rak monster encounter candidate,monster,Mitetrap,unresolved,profile-4bda7a4d87bab618,"[544.0,224.0,1824.0,1248.0]","[1105.2529296875,-51.18982696533203,651.5018920898438]",2.4900052547454834,Mitetrap spawn,observation-only; home/slot/respawn unresolved
600,b886e9a1-5fc4-4e02-96b3-f011c4d3762a,2026-09-16T17:36:18.515906Z,159,The Thousand Maws of Toto-Rak,fst0Dungeon03,resolved,encounter,The Thousand Maws of Toto-Rak monster encounter candidate,monster,Mitetrap,unresolved,profile-4bda7a4d87bab618,"[544.0,224.0,1824.0,1248.0]","[1110.5714111328125,-53.54802322387695,627.1134033203125]",3.116075038909912,Mitetrap spawn,observation-only; home/slot/respawn unresolved
601,d55f0837-957b-40c7-b5db-8f30067421d1,2026-09-16T17:37:18.667899Z,159,The Thousand Maws of Toto-Rak,fst0Dungeon03,resolved,encounter,The Thousand Maws of Toto-Rak monster encounter candidate,monster,Mitetrap,unresolved,profile-4bda7a4d87bab618,"[544.0,224.0,1824.0,1248.0]","[1108.16845703125,-53.47537612915039,627.152587890625]",-3.096662759780884,Mitetrap spawn,observation-only; home/slot/respawn unresolved
602,9adf806f-da06-47bf-b70e-46ff65d09e74,2026-09-16T17:37:28.3808418Z,159,The Thousand Maws of Toto-Rak,fst0Dungeon03,resolved,encounter,The Thousand Maws of Toto-Rak monster encounter candidate,monster,Gaoler's lantern,unresolved,profile-4bda7a4d87bab618,"[544.0,224.0,1824.0,1248.0]","[1110.3587646484375,-52.699214935302734,599.9859619140625]",2.9599411487579346,Gaoler's lantern spawn,observation-only; home/slot/respawn unresolved
603,8c7c5131-726d-4333-871c-f14b03760338,2026-09-16T17:37:50.94842Z,159,The Thousand Maws of Toto-Rak,fst0Dungeon03,resolved,encounter,The Thousand Maws of Toto-Rak monster encounter candidate,monster,Tainted louse,unresolved,profile-4bda7a4d87bab618,"[544.0,224.0,1824.0,1248.0]","[1143.702392578125,-53.65133285522461,596.5800170898438]",1.8515931367874146,Tainted louse spawn,observation-only; home/slot/respawn unresolved
604,b918db1a-75d3-46c6-a843-4b70544068cb,2026-09-16T17:38:01.6119737Z,159,The Thousand Maws of Toto-Rak,fst0Dungeon03,resolved,encounter,The Thousand Maws of Toto-Rak monster encounter candidate,monster,Tainted louse,unresolved,profile-4bda7a4d87bab618,"[544.0,224.0,1824.0,1248.0]","[1144.438720703125,-53.55253601074219,599.1700439453125]",0.2769430875778198,Tainted louse spawn,observation-only; home/slot/respawn unresolved
605,af6e0e4a-8e8e-4402-a395-6938b86b8779,2026-09-16T17:38:10.7799369Z,159,The Thousand Maws of Toto-Rak,fst0Dungeon03,resolved,encounter,The Thousand Maws of Toto-Rak monster encounter candidate,monster,Tainted louse,unresolved,profile-4bda7a4d87bab618,"[544.0,224.0,1824.0,1248.0]","[1140.1759033203125,-53.67693328857422,596.8540649414062]",-1.2898502349853516,Tainted louse spawn,observation-only; home/slot/respawn unresolved
606,03e3c4cf-7c46-4556-92fd-01a764e14bae,2026-09-16T17:38:18.3478988Z,159,The Thousand Maws of Toto-Rak,fst0Dungeon03,resolved,encounter,The Thousand Maws of Toto-Rak monster encounter candidate,monster,Tainted louse,unresolved,profile-4bda7a4d87bab618,"[544.0,224.0,1824.0,1248.0]","[1140.126220703125,-53.65068435668945,599.6031494140625]",-0.4058713912963867,Tainted louse spawn,observation-only; home/slot/respawn unresolved
607,c411686b-5291-4184-b8ce-b4cff20d2535,2026-09-16T17:38:28.6281059Z,159,The Thousand Maws of Toto-Rak,fst0Dungeon03,resolved,encounter,The Thousand Maws of Toto-Rak monster encounter candidate,monster,Tainted louse,unresolved,profile-4bda7a4d87bab618,"[544.0,224.0,1824.0,1248.0]","[1150.7347412109375,-53.24421691894531,596.3057250976562]",1.941499948501587,Tainted louse spawn,observation-only; home/slot/respawn unresolved
608,1570b92f-db93-4eee-aeb9-b8fa5fa6aefd,2026-09-16T17:39:00.1558585Z,159,The Thousand Maws of Toto-Rak,fst0Dungeon03,resolved,encounter,The Thousand Maws of Toto-Rak monster encounter candidate,monster,cell mite,unresolved,profile-4bda7a4d87bab618,"[544.0,224.0,1824.0,1248.0]","[1161.5107421875,-53.09498596191406,611.2517700195312]",-0.3909015655517578,cell mite spawn,observation-only; home/slot/respawn unresolved
609,458d7635-c90e-46e3-99f3-2c97593d6bdb,2026-09-16T17:39:12.9718684Z,159,The Thousand Maws of Toto-Rak,fst0Dungeon03,resolved,encounter,The Thousand Maws of Toto-Rak monster encounter candidate,monster,mitetrap,unresolved,profile-4bda7a4d87bab618,"[544.0,224.0,1824.0,1248.0]","[1165.9571533203125,-53.33381271362305,616.5294189453125]",0.48128050565719604,mitetrap spawn,observation-only; home/slot/respawn unresolved
610,42d2e220-0433-48dc-bb46-457beda809df,2026-09-16T17:39:23.8602908Z,159,The Thousand Maws of Toto-Rak,fst0Dungeon03,resolved,encounter,The Thousand Maws of Toto-Rak monster encounter candidate,monster,mitetrap,unresolved,profile-4bda7a4d87bab618,"[544.0,224.0,1824.0,1248.0]","[1168.8450927734375,-53.24687957763672,615.8493041992188]",1.518545150756836,mitetrap spawn,observation-only; home/slot/respawn unresolved
611,6dbb022d-7f0f-4af5-a9f9-48492c4973bc,2026-09-16T17:39:35.0039074Z,159,The Thousand Maws of Toto-Rak,fst0Dungeon03,resolved,encounter,The Thousand Maws of Toto-Rak monster encounter candidate,monster,mitetrap,unresolved,profile-4bda7a4d87bab618,"[544.0,224.0,1824.0,1248.0]","[1171.843994140625,-53.17670822143555,623.1841430664062]",0.43425852060317993,mitetrap spwan,observation-only; home/slot/respawn unresolved
612,2f504c56-d597-487b-a3d8-84f845232bb3,2026-09-16T17:39:52.6679554Z,159,The Thousand Maws of Toto-Rak,fst0Dungeon03,resolved,encounter,The Thousand Maws of Toto-Rak monster encounter candidate,monster,Cell Mite,unresolved,profile-4bda7a4d87bab618,"[544.0,224.0,1824.0,1248.0]","[1169.848876953125,-53.059547424316406,627.8757934570312]",-0.04624509811401367,Cell Mite spawn,observation-only; home/slot/respawn unresolved
613,dc2550bb-8ae6-461c-b201-3d7bd4dfbdcc,2026-09-16T17:40:16.7483766Z,159,The Thousand Maws of Toto-Rak,fst0Dungeon03,resolved,encounter,The Thousand Maws of Toto-Rak monster encounter candidate,monster,Cell Mite,unresolved,profile-4bda7a4d87bab618,"[544.0,224.0,1824.0,1248.0]","[1190.3402099609375,-53.233211517333984,624.814697265625]",1.8974583148956299,Cell Mite spawn,observation-only; home/slot/respawn unresolved
614,6de86cab-0ccb-40e9-822e-2d1c92467d1f,2026-09-16T17:40:31.8518426Z,159,The Thousand Maws of Toto-Rak,fst0Dungeon03,resolved,encounter,The Thousand Maws of Toto-Rak monster encounter candidate,monster,Cell Mite,unresolved,profile-4bda7a4d87bab618,"[544.0,224.0,1824.0,1248.0]","[1197.78369140625,-53.08878707885742,618.73291015625]",2.0078814029693604,Cell Mite spawn,observation-only; home/slot/respawn unresolved
615,fcdf7746-7262-4e6a-91d9-fa596185d913,2026-09-16T17:41:03.5001328Z,159,The Thousand Maws of Toto-Rak,fst0Dungeon03,resolved,encounter,The Thousand Maws of Toto-Rak monster encounter candidate,monster,Cell Mite,unresolved,profile-4bda7a4d87bab618,"[544.0,224.0,1824.0,1248.0]","[1225.677001953125,-53.17322540283203,591.6309814453125]",-2.963834524154663,Cell Mite spawn,observation-only; home/slot/respawn unresolved
616,894e65ff-d559-43f5-889e-cb1e4a8d08f5,2026-09-16T17:41:11.8523816Z,159,The Thousand Maws of Toto-Rak,fst0Dungeon03,resolved,encounter,The Thousand Maws of Toto-Rak monster encounter candidate,monster,Cell Mite,unresolved,profile-4bda7a4d87bab618,"[544.0,224.0,1824.0,1248.0]","[1230.492919921875,-53.13666915893555,586.0638427734375]",2.516080617904663,Cell Mite spawn,observation-only; home/slot/respawn unresolved
617,4cd90180-13f0-4dae-a2da-93af02960498,2026-09-16T17:41:22.9881443Z,159,The Thousand Maws of Toto-Rak,fst0Dungeon03,resolved,encounter,The Thousand Maws of Toto-Rak monster encounter candidate,monster,Cell Mite,unresolved,profile-4bda7a4d87bab618,"[544.0,224.0,1824.0,1248.0]","[1236.6553955078125,-53.13703918457031,592.8692626953125]",2.8526737689971924,Cell Mite spawn,observation-only; home/slot/respawn unresolved
618,53fb5b87-8654-4a84-be50-918ff7d36523,2026-09-16T17:42:04.2984991Z,159,The Thousand Maws of Toto-Rak,fst0Dungeon03,resolved,encounter,The Thousand Maws of Toto-Rak monster encounter candidate,monster,Prison Pteroc,unresolved,profile-4bda7a4d87bab618,"[544.0,224.0,1824.0,1248.0]","[1231.76318359375,-51.54744338989258,643.9039916992188]",2.9021053314208984,Prison Pteroc spawn,observation-only; home/slot/respawn unresolved
619,e0052df7-02b5-4f36-85b0-6973e8794fa6,2026-09-16T17:42:13.99596Z,159,The Thousand Maws of Toto-Rak,fst0Dungeon03,resolved,encounter,The Thousand Maws of Toto-Rak monster encounter candidate,monster,Prison Pteroc,unresolved,profile-4bda7a4d87bab618,"[544.0,224.0,1824.0,1248.0]","[1233.6627197265625,-51.197689056396484,652.586669921875]",0.1587299406528473,Prison Pteroc spawn,observation-only; home/slot/respawn unresolved
620,46972895-56ea-4320-b47e-1d3468401635,2026-09-16T17:43:06.3559742Z,159,The Thousand Maws of Toto-Rak,fst0Dungeon03,resolved,encounter,The Thousand Maws of Toto-Rak monster encounter candidate,monster,Gaoler's Lantern,unresolved,profile-4bda7a4d87bab618,"[544.0,224.0,1824.0,1248.0]","[1239.6370849609375,-50.999996185302734,650.3238525390625]",-0.9137430191040039,Gaoler's lanter spawn,observation-only; home/slot/respawn unresolved
628,44c409d3-13dd-4ef5-92d0-a5b2fa94cb5f,2026-09-16T17:48:45.2763314Z,159,The Thousand Maws of Toto-Rak,fst0Dungeon03,resolved,encounter,The Thousand Maws of Toto-Rak monster encounter candidate,monster,Cell Mite,unresolved,profile-4bda7a4d87bab618,"[544.0,224.0,1824.0,1248.0]","[1269.26318359375,-56.9523811340332,618.4966430664062]",1.4866300821304321,Cell Mite spawn,observation-only; home/slot/respawn unresolved
629,390cb757-e71c-458b-847c-699d69324cd5,2026-09-16T17:49:03.684281Z,159,The Thousand Maws of Toto-Rak,fst0Dungeon03,resolved,encounter,The Thousand Maws of Toto-Rak monster encounter candidate,monster,Mitetrap,unresolved,profile-4bda7a4d87bab618,"[544.0,224.0,1824.0,1248.0]","[1266.4610595703125,-59.03352737426758,625.5745239257812]",-0.34697866439819336,Mitetrap spawn,observation-only; home/slot/respawn unresolved
630,0a803a7a-6611-4365-b984-fcc044cd97dc,2026-09-16T17:49:13.3079477Z,159,The Thousand Maws of Toto-Rak,fst0Dungeon03,resolved,encounter,The Thousand Maws of Toto-Rak monster encounter candidate,monster,Mitetrap,unresolved,profile-4bda7a4d87bab618,"[544.0,224.0,1824.0,1248.0]","[1267.4554443359375,-59.2703742980957,630.2106323242188]",-0.031304359436035156,Mitetrap spawn,observation-only; home/slot/respawn unresolved
631,ba8d6386-2a56-461d-9b73-23b48470d80e,2026-09-16T17:49:37.4041542Z,159,The Thousand Maws of Toto-Rak,fst0Dungeon03,resolved,encounter,The Thousand Maws of Toto-Rak monster encounter candidate,monster,Cell Mite,unresolved,profile-4bda7a4d87bab618,"[544.0,224.0,1824.0,1248.0]","[1273.2305908203125,-59.651588439941406,629.1773071289062]",2.6698007583618164,Cell Mite spawn,observation-only; home/slot/respawn unresolved
632,dd8709b6-375c-4dd2-a303-c686106d169f,2026-09-16T17:49:59.0042617Z,159,The Thousand Maws of Toto-Rak,fst0Dungeon03,resolved,encounter,The Thousand Maws of Toto-Rak monster encounter candidate,monster,Cell Mite,unresolved,profile-4bda7a4d87bab618,"[544.0,224.0,1824.0,1248.0]","[1275.3885498046875,-59.95591354370117,630.6624145507812]",-0.7640175819396973,Cell Mite spawn,observation-only; home/slot/respawn unresolved
633,4624e492-61d6-42cf-92f6-86187c6c90e1,2026-09-16T17:50:08.9082777Z,159,The Thousand Maws of Toto-Rak,fst0Dungeon03,resolved,encounter,The Thousand Maws of Toto-Rak monster encounter candidate,monster,Mitetrap,unresolved,profile-4bda7a4d87bab618,"[544.0,224.0,1824.0,1248.0]","[1275.806396484375,-59.8139762878418,623.4803466796875]",2.447458267211914,Mitetrap spawn,observation-only; home/slot/respawn unresolved
634,71b88062-2a2e-444a-8057-1d9d9639ee35,2026-09-16T17:50:18.9563511Z,159,The Thousand Maws of Toto-Rak,fst0Dungeon03,resolved,encounter,The Thousand Maws of Toto-Rak monster encounter candidate,monster,Mitetrap,unresolved,profile-4bda7a4d87bab618,"[544.0,224.0,1824.0,1248.0]","[1280.9632568359375,-60.12282180786133,626.2138061523438]",2.3695600032806396,Mitetrap spawn,observation-only; home/slot/respawn unresolved
635,72d1e27c-ed81-498b-98e7-10bf58ca80e1,2026-09-16T17:50:56.8763847Z,159,The Thousand Maws of Toto-Rak,fst0Dungeon03,resolved,encounter,The Thousand Maws of Toto-Rak monster encounter candidate,monster,Cell Mite,unresolved,profile-4bda7a4d87bab618,"[544.0,224.0,1824.0,1248.0]","[1306.0535888671875,-60.92485046386719,623.889404296875]",2.1087300777435303,Cell Mite Spawn,observation-only; home/slot/respawn unresolved
636,6c2b3f53-1810-4163-9854-3089733b03c2,2026-09-16T17:51:20.5481716Z,159,The Thousand Maws of Toto-Rak,fst0Dungeon03,resolved,encounter,The Thousand Maws of Toto-Rak monster encounter candidate,monster,Gaoler's Lantern,unresolved,profile-4bda7a4d87bab618,"[544.0,224.0,1824.0,1248.0]","[1295.417236328125,-60.886985778808594,618.28759765625]",-2.0215206146240234,Gaoler's Lantern spawn,observation-only; home/slot/respawn unresolved
637,85ea1120-a89f-4e0d-9953-29643a5f53e0,2026-09-16T17:51:28.4761589Z,159,The Thousand Maws of Toto-Rak,fst0Dungeon03,resolved,encounter,The Thousand Maws of Toto-Rak monster encounter candidate,monster,Gaoler's Lantern,unresolved,profile-4bda7a4d87bab618,"[544.0,224.0,1824.0,1248.0]","[1295.010498046875,-60.42165756225586,613.219482421875]",-2.1819186210632324,Gaoler's Lantern spawn,observation-only; home/slot/respawn unresolved
638,dca6cd12-b4a5-4ee8-8624-90b32b154f60,2026-09-16T17:51:42.7481371Z,159,The Thousand Maws of Toto-Rak,fst0Dungeon03,resolved,encounter,The Thousand Maws of Toto-Rak monster encounter candidate,monster,Cell Mite,unresolved,profile-4bda7a4d87bab618,"[544.0,224.0,1824.0,1248.0]","[1297.735595703125,-60.125,608.0855712890625]",2.435699462890625,Cell Mite Spawn,observation-only; home/slot/respawn unresolved
639,5db3c13d-976b-4b36-b0f6-282543befca0,2026-09-16T17:51:58.0122153Z,159,The Thousand Maws of Toto-Rak,fst0Dungeon03,resolved,encounter,The Thousand Maws of Toto-Rak monster encounter candidate,monster,Cell Mite Spawn,unresolved,profile-4bda7a4d87bab618,"[544.0,224.0,1824.0,1248.0]","[1300.3912353515625,-61.30927276611328,595.7605590820312]",-3.003096342086792,,observation-only; home/slot/respawn unresolved
641,bdb090e2-d86f-48bb-9e76-f4e1077857a0,2026-09-16T17:55:49.3002273Z,159,The Thousand Maws of Toto-Rak,fst0Dungeon03,resolved,encounter,The Thousand Maws of Toto-Rak monster encounter candidate,monster,Bastard Mite,unresolved,profile-4bda7a4d87bab618,"[544.0,224.0,1824.0,1248.0]","[1338.188720703125,-62.945560455322266,546.0029296875]",2.20766282081604,Bastard Mite spawns with boss,observation-only; home/slot/respawn unresolved
642,31039611-bebd-4b4d-ad51-ff2d841b6d22,2026-09-16T17:55:59.2765061Z,159,The Thousand Maws of Toto-Rak,fst0Dungeon03,resolved,encounter,The Thousand Maws of Toto-Rak monster encounter candidate,monster,Bastard Mite,unresolved,profile-4bda7a4d87bab618,"[544.0,224.0,1824.0,1248.0]","[1347.6683349609375,-62.95021438598633,544.8291625976562]",2.0866944789886475,Bastard Mite spawns with boss,observation-only; home/slot/respawn unresolved
643,7eca57a6-5bd9-4fd2-959b-647cc7d95801,2026-09-16T17:56:12.1643451Z,159,The Thousand Maws of Toto-Rak,fst0Dungeon03,resolved,encounter,The Thousand Maws of Toto-Rak monster encounter candidate,monster,Bastard Mite,unresolved,profile-4bda7a4d87bab618,"[544.0,224.0,1824.0,1248.0]","[1340.6097412109375,-62.886985778808594,537.704345703125]",0.5558471083641052,Bastard Mite spawns with boss,observation-only; home/slot/respawn unresolved
644,6eed632a-a317-4b2b-ad84-7bddae047b10,2026-09-16T17:56:40.0285567Z,159,The Thousand Maws of Toto-Rak,fst0Dungeon03,resolved,encounter,The Thousand Maws of Toto-Rak monster encounter candidate,monster,Shaula,unresolved,profile-4bda7a4d87bab618,"[544.0,224.0,1824.0,1248.0]","[1343.7974853515625,-62.952293395996094,539.8340454101562]",-0.24782419204711914,Shaula Diremite dungeon boss,observation-only; home/slot/respawn unresolved
501,7c86b302-87fd-4ca7-8a3b-8b5de9e00ab7,2026-09-16T15:05:46.0401062Z,159,The Thousand Maws of Toto-Rak,fst0Dungeon03,resolved,misc,raw subject_type=misc,misc,Stage 1 Photocell,unresolved,profile-4bda7a4d87bab618,"[544.0,224.0,1824.0,1248.0]","[1095.0135498046875,-39.999996185302734,808.8655395507812]",-1.8167109489440918,Stage 1 Photocell item for dungeon,observation-only; home/slot/respawn unresolved
502,52f07963-31f8-4a80-badc-cb4dc3e24f69,2026-09-16T15:06:52.3202181Z,159,The Thousand Maws of Toto-Rak,fst0Dungeon03,resolved,misc,raw subject_type=misc,misc,Stage 1 Photocell,unresolved,profile-4bda7a4d87bab618,"[544.0,224.0,1824.0,1248.0]","[1012.306640625,-40.92855453491211,645.4020385742188]",-3.0903830528259277,Stage 1 Photocell item for dungeon,observation-only; home/slot/respawn unresolved
503,6444350b-a8f4-4a35-966e-8783074542a4,2026-09-16T15:18:43.3283978Z,159,The Thousand Maws of Toto-Rak,fst0Dungeon03,resolved,misc,raw subject_type=misc,misc,???,unresolved,profile-4bda7a4d87bab618,"[544.0,224.0,1824.0,1248.0]","[1066.9300537109375,-45.19092559814453,875.9149780273438]",0.0,"Interactactable paper on wall that states ""4.) Device Located. but one team yet to return. Barrier terminal unresponsive until technologist suggests applying set of four photocells. how does he know these things? watch him. Lancer suggests locating missing team. decide to press on.""",observation-only; home/slot/respawn unresolved
504,302d178c-f018-4817-81a0-8633682338cd,2026-09-16T15:20:12.3125356Z,159,The Thousand Maws of Toto-Rak,fst0Dungeon03,resolved,misc,raw subject_type=misc,misc,Stage 1 photocell,unresolved,profile-4bda7a4d87bab618,"[544.0,224.0,1824.0,1248.0]","[1066.909912109375,-44.999996185302734,892.4935302734375]",-0.19517755508422852,Stage 1 photocell spawn for dungeon,observation-only; home/slot/respawn unresolved
509,e28baa46-7759-43da-b0b0-14e5c4029443,2026-09-16T15:23:57.5045425Z,159,The Thousand Maws of Toto-Rak,fst0Dungeon03,resolved,misc,raw subject_type=misc,misc,Stage 1 Photocell,unresolved,profile-4bda7a4d87bab618,"[544.0,224.0,1824.0,1248.0]","[1010.9786987304688,-45.00831604003906,844.747802734375]",0.29196494817733765,Stage 1 Photocell spawn for dungeon,observation-only; home/slot/respawn unresolved
515,2def32ea-1b1c-4138-9f84-913a8c44a87c,2026-09-16T15:34:45.0489253Z,159,The Thousand Maws of Toto-Rak,fst0Dungeon03,resolved,misc,raw subject_type=misc,misc,???,unresolved,profile-4bda7a4d87bab618,"[544.0,224.0,1824.0,1248.0]","[974.5375366210938,-37.581172943115234,661.912353515625]",0.41378796100616455,"Interactable Paper on the wall that states ""First Spear Rydel
Toto-Rak Expedition notes
1.) Strange lights sighted from just the inside dungeon entrance. creatures of the forest?
closer inspection reveals them to be man-made machines. Ashcrown Consortium technologist accompanying party believes them to be of garlean design. Labels them 'magitek photocells' collect for further study.""",observation-only; home/slot/respawn unresolved
516,442093fd-ca76-4a94-b771-2a98cc220659,2026-09-16T15:39:20.8090086Z,159,The Thousand Maws of Toto-Rak,fst0Dungeon03,resolved,misc,raw subject_type=misc,misc,???,unresolved,profile-4bda7a4d87bab618,"[544.0,224.0,1824.0,1248.0]","[1011.4505004882812,-43.17466735839844,758.4981689453125]",2.564039707183838,"Interactable paper that states "" 3. Lancer Downed attempting to breach what Ashcrown technologist calls a 'magitek field' technologist advises that there should be a device in the vicinity powering the barrier. No choice but to look for it. Divided party into four teams to expedite search. Whisperings of discontent? No. Just my imagination.""",observation-only; home/slot/respawn unresolved
517,6f421992-7725-4e54-a21a-ad0d5f961413,2026-09-16T15:48:18.1931959Z,159,The Thousand Maws of Toto-Rak,fst0Dungeon03,resolved,misc,raw subject_type=misc,misc,Stage 1 Photocell,unresolved,profile-4bda7a4d87bab618,"[544.0,224.0,1824.0,1248.0]","[1140.7713623046875,-47.50127029418945,743.13916015625]",0.884788990020752,Stage 1 photocell spawn for dungeon,observation-only; home/slot/respawn unresolved
518,2a788938-6e96-41c3-aed1-365f299fed86,2026-09-16T15:49:33.4573769Z,159,The Thousand Maws of Toto-Rak,fst0Dungeon03,resolved,misc,raw subject_type=misc,misc,???,unresolved,profile-4bda7a4d87bab618,"[544.0,224.0,1824.0,1248.0]","[1135.780029296875,-48.13232421875,687.508544921875]",2.701172113418579,device used to unlock magitek fields in toto-rak,observation-only; home/slot/respawn unresolved
519,459875b6-5343-4a04-a2d4-5ccf7bd01df6,2026-09-16T16:01:14.5535847Z,159,The Thousand Maws of Toto-Rak,fst0Dungeon03,resolved,misc,raw subject_type=misc,Misc,???,unresolved,profile-4bda7a4d87bab618,"[544.0,224.0,1824.0,1248.0]","[1104.1756591796875,-44.12974166870117,880.7843627929688]",-1.4447917938232422,device used to unlock magitek fields in toto-rak,observation-only; home/slot/respawn unresolved
527,93778d85-6faf-4273-8704-629174b48952,2026-09-16T16:10:24.3219022Z,159,The Thousand Maws of Toto-Rak,fst0Dungeon03,resolved,misc,raw subject_type=misc,misc,???,unresolved,profile-4bda7a4d87bab618,"[544.0,224.0,1824.0,1248.0]","[1226.1488037109375,-53.60417175292969,719.615478515625]",-1.527987003326416,"Interactable note on wall that states ""5.) Encountered sheer drop several yalms down passage. Rock face looks treacherous but descent should be possible with ropes. Return climb may be troublesome-especially with the technologist slowing us down. Lancers seem uncertain. After consulting with second officer, have decided to proceed. will send scouts to find alternate route back to entrance.""",observation-only; home/slot/respawn unresolved
538,0f1d9d52-0a88-4e18-a711-9ab152087a3f,2026-09-16T16:22:38.7873971Z,159,The Thousand Maws of Toto-Rak,fst0Dungeon03,resolved,misc,raw subject_type=misc,misc,Loot Chest,unresolved,profile-4bda7a4d87bab618,"[544.0,224.0,1824.0,1248.0]","[1104.68017578125,-48.069358825683594,765.8971557617188]",-0.7530016899108887,contains random loot but can also contain Warden's Barbut,observation-only; home/slot/respawn unresolved
539,1bb67e36-9de7-418d-bc97-4598d56d7365,2026-09-16T16:23:21.7467393Z,159,The Thousand Maws of Toto-Rak,fst0Dungeon03,resolved,misc,raw subject_type=misc,misc,Mun-Tuy Sapling,unresolved,profile-4bda7a4d87bab618,"[544.0,224.0,1824.0,1248.0]","[1168.2132568359375,-49.06117630004883,780.8359985351562]",-3.107137441635132,Mun-Tuy Sapling spawn,observation-only; home/slot/respawn unresolved
540,878bb3ee-ac0c-4cde-b228-e6b5dfe0cc5b,2026-09-16T16:23:31.2262869Z,159,The Thousand Maws of Toto-Rak,fst0Dungeon03,resolved,misc,raw subject_type=misc,misc,Prison Pteroc,unresolved,profile-4bda7a4d87bab618,"[544.0,224.0,1824.0,1248.0]","[1169.2119140625,-48.18080139160156,769.19189453125]",3.008077621459961,Prison Pteroc spawn,observation-only; home/slot/respawn unresolved
541,9c31c1e2-eb52-4f5a-807b-9506fb1a0281,2026-09-16T16:23:40.8900943Z,159,The Thousand Maws of Toto-Rak,fst0Dungeon03,resolved,misc,raw subject_type=misc,misc,Prison Pteroc,unresolved,profile-4bda7a4d87bab618,"[544.0,224.0,1824.0,1248.0]","[1167.2552490234375,-49.16825485229492,787.6375122070312]",0.15735287964344025,Prison Pteroc spawn,observation-only; home/slot/respawn unresolved
560,d8624a03-55fb-43bf-be30-51ad56155ba7,2026-09-16T16:59:57.9951925Z,159,The Thousand Maws of Toto-Rak,fst0Dungeon03,resolved,misc,raw subject_type=misc,misc,qm_lancer'snote,unresolved,profile-4bda7a4d87bab618,"[544.0,224.0,1824.0,1248.0]","[1315.98388671875,-56.37815475463867,688.81005859375]",-0.33273887634277344,"Interactable note on the wall that states ""6.) Discovered mangled bodies of the missing team beyond the drop. have lost linkpearl contact with the two scouts sent to find an alternate route out. Presumed lost or deserted. Will continue expedition for now. but must consider retreat if situation worsens.""",observation-only; home/slot/respawn unresolved
562,68d06e57-0917-4270-819a-4efb6bbe299e,2026-09-16T17:01:46.0749156Z,159,The Thousand Maws of Toto-Rak,fst0Dungeon03,resolved,misc,raw subject_type=misc,misc,qm_photocell3,unresolved,profile-4bda7a4d87bab618,"[544.0,224.0,1824.0,1248.0]","[1265.372314453125,-55.99349594116211,689.0284423828125]",0.5210145711898804,photocell 3 spawn loaction,observation-only; home/slot/respawn unresolved
563,49331ab6-9ec3-426d-8e7e-60d1f72d2030,2026-09-16T17:02:39.3073124Z,159,The Thousand Maws of Toto-Rak,fst0Dungeon03,resolved,misc,raw subject_type=misc,misc,qm_photocell3,unresolved,profile-4bda7a4d87bab618,"[544.0,224.0,1824.0,1248.0]","[1318.05859375,-56.0,710.1997680664062]",-2.9140827655792236,photocell 3 spawn location,observation-only; home/slot/respawn unresolved
577,ddeb7c4e-2f5f-4e35-ac11-c33bda6ed59b,2026-09-16T17:13:59.8112045Z,159,The Thousand Maws of Toto-Rak,fst0Dungeon03,resolved,misc,raw subject_type=misc,misc,qm_unlockingdevice,unresolved,profile-4bda7a4d87bab618,"[544.0,224.0,1824.0,1248.0]","[1456.528564453125,-59.101844787597656,679.698974609375]",-2.954389810562134,requires 4 photocells to unlock,observation-only; home/slot/respawn unresolved
578,e9ab42c6-e07f-4bda-985e-1a77d69d6b6e,2026-09-16T17:17:11.1152751Z,159,The Thousand Maws of Toto-Rak,fst0Dungeon03,resolved,misc,raw subject_type=misc,misc,qm_Photocell3,unresolved,profile-4bda7a4d87bab618,"[544.0,224.0,1824.0,1248.0]","[1385.16650390625,-56.51796340942383,745.8939819335938]",0.6007785797119141,Photocell 3 spawn location,observation-only; home/slot/respawn unresolved
586,5892144a-17f2-4f2b-bd38-b70ae361b04f,2026-09-16T17:20:07.7812808Z,159,The Thousand Maws of Toto-Rak,fst0Dungeon03,resolved,misc,raw subject_type=misc,misc,qm_photocell3,unresolved,profile-4bda7a4d87bab618,"[544.0,224.0,1824.0,1248.0]","[1327.0311279296875,-57.22445297241211,748.2470703125]",-1.6425981521606445,photocell 3 spawn location,observation-only; home/slot/respawn unresolved
591,5d025fd3-3db7-4b01-a2fa-987177c46342,2026-09-16T17:29:38.6036634Z,159,The Thousand Maws of Toto-Rak,fst0Dungeon03,resolved,misc,raw subject_type=misc,misc,lootchest,unresolved,profile-4bda7a4d87bab618,"[544.0,224.0,1824.0,1248.0]","[1286.015625,-56.99995422363281,646.0853881835938]",-1.629422664642334,4th dungeon chest contains Brigand's gloves and random loot,observation-only; home/slot/respawn unresolved
592,760ca3bb-eb33-438c-b00a-677026dbd527,2026-09-16T17:30:31.2197055Z,159,The Thousand Maws of Toto-Rak,fst0Dungeon03,resolved,misc,raw subject_type=misc,misc,qm_photocell2,unresolved,profile-4bda7a4d87bab618,"[544.0,224.0,1824.0,1248.0]","[1227.0260009765625,-54.947566986083984,747.3587036132812]",-1.841130256652832,photocell 2 spawn location,observation-only; home/slot/respawn unresolved
593,0a297b89-be69-4bba-af5a-792f9285ce12,2026-09-16T17:31:08.6279122Z,159,The Thousand Maws of Toto-Rak,fst0Dungeon03,resolved,misc,raw subject_type=misc,misc,qm_photocell2,unresolved,profile-4bda7a4d87bab618,"[544.0,224.0,1824.0,1248.0]","[1274.0029296875,-56.999996185302734,791.415771484375]",0.7512199282646179,Photocell 2 spawn location,observation-only; home/slot/respawn unresolved
594,1489e29e-243d-4617-8809-996e556dd677,2026-09-16T17:32:29.3958125Z,159,The Thousand Maws of Toto-Rak,fst0Dungeon03,resolved,misc,raw subject_type=misc,misc,qm_photocell2,unresolved,profile-4bda7a4d87bab618,"[544.0,224.0,1824.0,1248.0]","[1205.435791015625,-47.999996185302734,898.1414794921875]",-2.4598286151885986,photocell 2 spawn location,observation-only; home/slot/respawn unresolved
595,f7436566-9947-4ac3-b199-9bd95638909b,2026-09-16T17:33:30.6359815Z,159,The Thousand Maws of Toto-Rak,fst0Dungeon03,resolved,misc,raw subject_type=misc,misc,lootchest,unresolved,profile-4bda7a4d87bab618,"[544.0,224.0,1824.0,1248.0]","[1156.0380859375,-44.973960876464844,852.6769409179688]",-1.8851547241210938,3rd Dungeon loot chest contains random loot or birgand's acton,observation-only; home/slot/respawn unresolved
599,e71a42fc-6c9c-4752-9c9a-d83120fca66e,2026-09-16T17:35:52.5957887Z,159,The Thousand Maws of Toto-Rak,fst0Dungeon03,resolved,misc,raw subject_type=misc,misc,Gaoler's lantern,unresolved,profile-4bda7a4d87bab618,"[544.0,224.0,1824.0,1248.0]","[1106.2962646484375,-51.797119140625,641.9666137695312]",2.958935260772705,Gaoler's lantern spawn,observation-only; home/slot/respawn unresolved
621,324eed94-8a68-45aa-b71a-07d8cadd81e7,2026-09-16T17:43:46.3720418Z,159,The Thousand Maws of Toto-Rak,fst0Dungeon03,resolved,misc,raw subject_type=misc,misc,qm_photocell4,unresolved,profile-4bda7a4d87bab618,"[544.0,224.0,1824.0,1248.0]","[1240.29052734375,-50.99424743652344,648.7776489257812]",2.519158363342285,Photocell4 spawn location,observation-only; home/slot/respawn unresolved
622,5c85d94c-f67c-4aa9-8d83-48293ddeb974,2026-09-16T17:44:10.3398401Z,159,The Thousand Maws of Toto-Rak,fst0Dungeon03,resolved,misc,raw subject_type=misc,misc,qm_photocell4,unresolved,profile-4bda7a4d87bab618,"[544.0,224.0,1824.0,1248.0]","[1234.4210205078125,-53.21933364868164,582.3253173828125]",-2.0471653938293457,photocell4 spawn location,observation-only; home/slot/respawn unresolved
623,6ed82e52-e974-4344-b1d8-1a678ecbe557,2026-09-16T17:45:41.8360516Z,159,The Thousand Maws of Toto-Rak,fst0Dungeon03,resolved,misc,raw subject_type=misc,misc,lootchest,unresolved,profile-4bda7a4d87bab618,"[544.0,224.0,1824.0,1248.0]","[1090.9498291015625,-50.9827880859375,653.5313720703125]",-1.18662691116333,5th dungeon loot chest contains random loot or Torturer's Duckbills,observation-only; home/slot/respawn unresolved
624,ce60ff51-d912-48b9-9923-51748f185387,2026-09-16T17:46:28.0758645Z,159,The Thousand Maws of Toto-Rak,fst0Dungeon03,resolved,misc,raw subject_type=misc,misc,qm_photocell4,unresolved,profile-4bda7a4d87bab618,"[544.0,224.0,1824.0,1248.0]","[1203.3262939453125,-53.09130096435547,620.6866455078125]",1.9421957731246948,photocell4 spawn location,observation-only; home/slot/respawn unresolved
625,85ab0c27-b119-455d-81da-44b5b771e63e,2026-09-16T17:47:06.0999578Z,159,The Thousand Maws of Toto-Rak,fst0Dungeon03,resolved,misc,raw subject_type=misc,misc,qm_photocell4,unresolved,profile-4bda7a4d87bab618,"[544.0,224.0,1824.0,1248.0]","[1223.1842041015625,-53.024078369140625,621.6207885742188]",-2.3981120586395264,photocell4 spawn location,observation-only; home/slot/respawn unresolved
626,e3a9973d-61a9-4fb2-aa82-9ab043193de2,2026-09-16T17:47:48.5546532Z,159,The Thousand Maws of Toto-Rak,fst0Dungeon03,resolved,misc,raw subject_type=misc,misc,lootchest,unresolved,profile-4bda7a4d87bab618,"[544.0,224.0,1824.0,1248.0]","[1218.314208984375,-50.976104736328125,652.523681640625]",-0.9121551513671875,6th dungeon loot chest contains Warden's Gloves or random loot,observation-only; home/slot/respawn unresolved
627,7aaab367-1859-4ac5-9d36-398643508811,2026-09-16T17:48:35.4282766Z,159,The Thousand Maws of Toto-Rak,fst0Dungeon03,resolved,misc,raw subject_type=misc,misc,Cell Mite,unresolved,profile-4bda7a4d87bab618,"[544.0,224.0,1824.0,1248.0]","[1262.19775390625,-54.620086669921875,615.3167114257812]",1.2217674255371094,Cell Mite spawn,observation-only; home/slot/respawn unresolved
640,923a07bc-fbd0-4315-9e2a-16568b3df9e0,2026-09-16T17:55:04.3562235Z,159,The Thousand Maws of Toto-Rak,fst0Dungeon03,resolved,misc,raw subject_type=misc,misc,qm_unlockingdevice,unresolved,profile-4bda7a4d87bab618,"[544.0,224.0,1824.0,1248.0]","[1301.0357666015625,-62.406620025634766,559.0545043945312]",1.411328673362732,requires 4 photocells to unlock,observation-only; home/slot/respawn unresolved
645,83b64e90-19fb-4299-b796-580476a15781,2026-09-16T18:00:27.9329574Z,159,The Thousand Maws of Toto-Rak,fst0Dungeon03,resolved,misc,raw subject_type=misc,misc,qm_unlockingdevice,unresolved,profile-4bda7a4d87bab618,"[544.0,224.0,1824.0,1248.0]","[1203.750244140625,-47.90559005737305,911.2518920898438]",1.5126680135726929,requires 4 photocells to unlock,observation-only; home/slot/respawn unresolved
646,69d2909c-d5cd-4966-a5e0-a17c5f41b3b2,2026-09-16T18:01:26.1963716Z,159,The Thousand Maws of Toto-Rak,fst0Dungeon03,resolved,misc,raw subject_type=misc,misc,Horde Mite,unresolved,profile-4bda7a4d87bab618,"[544.0,224.0,1824.0,1248.0]","[1253.134521484375,-46.85856628417969,921.594482421875]",-2.0868349075317383,Horde Mite spawns with boss,observation-only; home/slot/respawn unresolved
647,878464d0-aca7-4686-8ac9-b8806132528d,2026-09-16T18:01:38.364511Z,159,The Thousand Maws of Toto-Rak,fst0Dungeon03,resolved,misc,raw subject_type=misc,misc,Horde Mite,unresolved,profile-4bda7a4d87bab618,"[544.0,224.0,1824.0,1248.0]","[1246.8436279296875,-46.94636535644531,932.0]",-2.3761768341064453,Horde Mite spawns with boss,observation-only; home/slot/respawn unresolved
648,5caf9f54-a6c1-47cc-97c5-277f6e4c5144,2026-09-16T18:01:51.1167618Z,159,The Thousand Maws of Toto-Rak,fst0Dungeon03,resolved,misc,raw subject_type=misc,misc,Horde Mite,unresolved,profile-4bda7a4d87bab618,"[544.0,224.0,1824.0,1248.0]","[1244.7047119140625,-46.94572448730469,925.8970947265625]",-2.2441797256469727,Horde Mite spawns with boss,observation-only; home/slot/respawn unresolved
649,60368e81-385f-4345-9f9e-444f0da30105,2026-09-16T18:02:22.44443Z,159,The Thousand Maws of Toto-Rak,fst0Dungeon03,resolved,misc,raw subject_type=misc,misc,Antares,unresolved,profile-4bda7a4d87bab618,"[544.0,224.0,1824.0,1248.0]","[1251.37109375,-46.9111328125,931.208251953125]",-2.1528120040893555,Dungeon diremite boss,observation-only; home/slot/respawn unresolved
650,905fae1c-8b7c-4d06-8ba8-0f3d49038aa5,2026-09-16T18:04:06.7485128Z,159,The Thousand Maws of Toto-Rak,fst0Dungeon03,resolved,misc,raw subject_type=misc,misc,lootchest,unresolved,profile-4bda7a4d87bab618,"[544.0,224.0,1824.0,1248.0]","[1008.906494140625,-40.90117645263672,645.2291259765625]",3.037909746170044,1st Dungeon chest contains random loot or Torturer's Monocle,observation-only; home/slot/respawn unresolved
685,7498c4f8-3c0b-44a8-8f56-5e1e30a1b718,2026-09-19T04:36:08.1952712Z,170,unresolved,unresolved,unresolved,npc,raw subject_type=npc,npc,Doestolg,unresolved,profile-23c7c3b3ecee2203,"[-2687.0,-3072.0,2945.0,2560.0]","[1260.6925048828125,264.00042724609375,-544.8277587890625]",-1.4813904762268066,Doestolg camp npc spawn,observation-only; home/slot/respawn unresolved
728,e8131b31-f55f-49bf-a829-62dd8b3244f3,2026-09-19T04:36:46.5873597Z,170,unresolved,unresolved,unresolved,npc,raw subject_type=npc,npc,Frediswitha,unresolved,profile-23c7c3b3ecee2203,"[-2687.0,-3072.0,2945.0,2560.0]","[1258.674560546875,264.00018310546875,-543.3764038085938]",-1.4519968032836914,Frediswitha camp npc spawn,observation-only; home/slot/respawn unresolved
687,77cf3f04-1562-45b8-8838-48162ff65b0e,2026-09-19T04:40:09.3553122Z,170,unresolved,unresolved,unresolved,npc,raw subject_type=npc,npc,Drybone Battlewarden,unresolved,profile-23c7c3b3ecee2203,"[-2687.0,-3072.0,2945.0,2560.0]","[1243.9344482421875,264.01751708984375,-559.9678955078125]",-2.7310259342193604,Drybone Battlewarden spawn,observation-only; home/slot/respawn unresolved
660,151c53b5-72df-4ee2-bb0a-d88ab2c74dcf,2026-09-19T04:42:15.9872188Z,170,unresolved,unresolved,unresolved,npc,raw subject_type=npc,npc,Z'Ilayan,unresolved,profile-23c7c3b3ecee2203,"[-2687.0,-3072.0,2945.0,2560.0]","[1239.207275390625,264.0037536621094,-538.5639038085938]",-1.4795303344726562,Z'Ilayan npc spawn,observation-only; home/slot/respawn unresolved
706,b852fe01-5007-4192-aebc-e261269a81bb,2026-09-19T04:52:25.9795389Z,170,unresolved,unresolved,unresolved,npc,raw subject_type=npc,npc,Camp Broken Water Atheryte,unresolved,profile-23c7c3b3ecee2203,"[-2687.0,-3072.0,2945.0,2560.0]","[1687.7353515625,296.00665283203125,1003.0166625976562]",-2.157113552093506,Camp Broken Water Atheryte spawn,observation-only; home/slot/respawn unresolved
704,b0ba3f0b-f709-4c0a-ab75-ffb9e9006ffd,2026-09-19T04:53:16.3633729Z,170,unresolved,unresolved,unresolved,npc,raw subject_type=npc,npc,Vanicie,unresolved,profile-23c7c3b3ecee2203,"[-2687.0,-3072.0,2945.0,2560.0]","[1701.1551513671875,296.0006408691406,992.4057006835938]",-1.535874366760254,Vanicie camp npc spawn,observation-only; home/slot/respawn unresolved
688,79d22030-5718-43de-aa2b-11ca843d6f0d,2026-09-19T04:53:45.3472707Z,170,unresolved,unresolved,unresolved,npc,raw subject_type=npc,npc,Caspar,unresolved,profile-23c7c3b3ecee2203,"[-2687.0,-3072.0,2945.0,2560.0]","[1703.1807861328125,296.0003662109375,991.4087524414062]",-1.5668492317199707,Caspar npc spawn,observation-only; home/slot/respawn unresolved
716,c88c45d8-25a8-4294-8a00-caa8044844af,2026-09-19T04:54:21.412358Z,170,unresolved,unresolved,unresolved,npc,raw subject_type=npc,npc,Papatori,unresolved,profile-23c7c3b3ecee2203,"[-2687.0,-3072.0,2945.0,2560.0]","[1706.8214111328125,296.0001525878906,995.151123046875]",-1.7624411582946775,Papatori npc spawn,observation-only; home/slot/respawn unresolved
683,6e0c730b-a6d1-485f-b8a0-b16f1feecce4,2026-09-19T04:55:16.2032967Z,170,unresolved,unresolved,unresolved,npc,raw subject_type=npc,npc,Flame Sergeant Fouillel,unresolved,profile-23c7c3b3ecee2203,"[-2687.0,-3072.0,2945.0,2560.0]","[1703.699951171875,296.0011291503906,998.6212158203124]",-1.084977626800537,Flame Sergeant Fouillel npc spawn,observation-only; home/slot/respawn unresolved
727,e64e2558-2ab2-4da8-8e8a-2acc0a6b35eb,2026-09-19T04:55:59.3634079Z,170,unresolved,unresolved,unresolved,npc,raw subject_type=npc,npc,Wunthyml,unresolved,profile-23c7c3b3ecee2203,"[-2687.0,-3072.0,2945.0,2560.0]","[1707.9464111328125,296.0008544921875,1000.6204833984376]",-1.9279489517211912,Wunthyml npc spawn,observation-only; home/slot/respawn unresolved
721,d67033e1-c120-4f3b-b155-17faf62a257c,2026-09-19T05:01:59.2033026Z,170,unresolved,unresolved,unresolved,npc,raw subject_type=npc,npc,Camp Horizon Aetheryte,unresolved,profile-23c7c3b3ecee2203,"[-2687.0,-3072.0,2945.0,2560.0]","[-1314.4825439453125,56.02035140991211,-145.83058166503906]",0.4143182635307312,Camp Horizon Aetheryte spawn,observation-only; home/slot/respawn unresolved
709,bc54ac64-fdeb-4ef9-8312-85522cfec48e,2026-09-19T05:02:27.2352026Z,170,unresolved,unresolved,unresolved,npc,raw subject_type=npc,npc,Ririgeo,unresolved,profile-23c7c3b3ecee2203,"[-2687.0,-3072.0,2945.0,2560.0]","[-1302.748779296875,56.00050735473633,-149.2259521484375]",-1.3206191062927246,Ririgeo npc spawn,observation-only; home/slot/respawn unresolved
730,ede6cbd5-0bfb-4e35-9bd9-dcbb021ecc91,2026-09-19T05:02:49.5235686Z,170,unresolved,unresolved,unresolved,npc,raw subject_type=npc,npc,Aistrach,unresolved,profile-23c7c3b3ecee2203,"[-2687.0,-3072.0,2945.0,2560.0]","[-1302.9127197265625,56.00373458862305,-146.36260986328125]",-1.740487575531006,Aistrach npc spawn,observation-only; home/slot/respawn unresolved
680,4ed0f77c-9a23-45e0-9254-fadc314a30ef,2026-09-19T05:08:07.2918845Z,170,unresolved,unresolved,unresolved,npc,raw subject_type=npc,npc,Gerlac,unresolved,profile-23c7c3b3ecee2203,"[-2687.0,-3072.0,2945.0,2560.0]","[-155.29525756835938,280.0015563964844,-1701.003662109375]",-1.456510066986084,Gerlac npc spawn,observation-only; home/slot/respawn unresolved
722,d8721fc2-48f6-45e4-ba5d-6cc31b868c95,2026-09-19T05:08:38.6600967Z,170,unresolved,unresolved,unresolved,npc,raw subject_type=npc,npc,J'dyalani,unresolved,profile-23c7c3b3ecee2203,"[-2687.0,-3072.0,2945.0,2560.0]","[-153.17364501953125,280.00103759765625,-1702.4931640625]",-1.6657471656799316,J'dyalani npc spawn,observation-only; home/slot/respawn unresolved
664,25a14d85-a38e-41fb-898e-2b3f73c80d31,2026-09-19T05:09:07.8355629Z,170,unresolved,unresolved,unresolved,npc,raw subject_type=npc,npc,Montorgains,unresolved,profile-23c7c3b3ecee2203,"[-2687.0,-3072.0,2945.0,2560.0]","[-150.56591796875,280.0000305175781,-1707.5125732421875]",-1.5364680290222168,Montorgains npc spawn,observation-only; home/slot/respawn unresolved
689,7b3f009d-d629-4a8a-817e-d56663ff11c0,2026-09-19T05:09:37.0515674Z,170,unresolved,unresolved,unresolved,npc,raw subject_type=npc,npc,Yloise,unresolved,profile-23c7c3b3ecee2203,"[-2687.0,-3072.0,2945.0,2560.0]","[-149.67669677734375,280.0000305175781,-1710.880126953125]",-1.57017183303833,Yloise npc spawn,observation-only; home/slot/respawn unresolved
729,ec9cbcbf-b3f6-445f-99e6-7544c43417a7,2026-09-19T05:10:21.755382Z,170,unresolved,unresolved,unresolved,npc,raw subject_type=npc,npc,Lolomaya,unresolved,profile-23c7c3b3ecee2203,"[-2687.0,-3072.0,2945.0,2560.0]","[-173.11358642578125,280.0138244628906,-1687.901123046875]",2.0776407718658447,Lolomaya npc spawn,observation-only; home/slot/respawn unresolved
698,8af0d2d0-c21c-4667-9f42-7d934c4812c6,2026-09-19T05:11:18.0913276Z,170,unresolved,unresolved,unresolved,npc,raw subject_type=npc,npc,Camp Bluefog Atheryte,unresolved,profile-23c7c3b3ecee2203,"[-2687.0,-3072.0,2945.0,2560.0]","[-166.62435913085938,280.00146484375,-1698.8603515625]",0.9233418703079224,Camp Bluefog Atheryte spawn,observation-only; home/slot/respawn unresolved
651,005deba0-25ed-4cd2-a1fd-363af362d889,2026-09-19T05:27:18.9234081Z,170,unresolved,unresolved,unresolved,npc,raw subject_type=npc,npc,Jajaba,unresolved,profile-23c7c3b3ecee2203,"[-2687.0,-3072.0,2945.0,2560.0]","[1109.358154296875,311.9106140136719,-1077.1080322265625]",-0.719810962677002,Jajaba npc spawn,observation-only; home/slot/respawn unresolved
674,42cc7f84-d99e-4124-895d-793b0cd7dd84,2026-09-19T05:27:40.7155322Z,170,unresolved,unresolved,unresolved,npc,raw subject_type=npc,npc,Jujuya,unresolved,profile-23c7c3b3ecee2203,"[-2687.0,-3072.0,2945.0,2560.0]","[1103.75146484375,312.0948181152344,-1080.5274658203125]",-0.2336277961730957,Jujuya npc spawn,observation-only; home/slot/respawn unresolved
700,91e92861-55d4-4ab4-b942-90efd68d35cf,2026-09-19T05:28:15.0196037Z,170,unresolved,unresolved,unresolved,npc,raw subject_type=npc,npc,Adeldreda,unresolved,profile-23c7c3b3ecee2203,"[-2687.0,-3072.0,2945.0,2560.0]","[1119.909912109375,312.1930236816406,-1106.80810546875]",-0.4626841545104981,Adeldreda npc spawn,observation-only; home/slot/respawn unresolved
679,4eafd181-e776-4b60-abef-fca466ee6739,2026-09-19T05:28:37.2753249Z,170,unresolved,unresolved,unresolved,npc,raw subject_type=npc,npc,Fromelaut,unresolved,profile-23c7c3b3ecee2203,"[-2687.0,-3072.0,2945.0,2560.0]","[1114.1845703125,312.1930236816406,-1109.0238037109375]",0.34827882051467896,Fromelaut npc spawn,observation-only; home/slot/respawn unresolved
668,326d0c27-fbad-4f12-88e3-b7354cce2d97,2026-09-19T05:29:02.7153717Z,170,unresolved,unresolved,unresolved,npc,raw subject_type=npc,npc,Zilili,unresolved,profile-23c7c3b3ecee2203,"[-2687.0,-3072.0,2945.0,2560.0]","[1099.8924560546875,312.0532531738281,-1117.88525390625]",3.13608455657959,Zilili npc spawn,observation-only; home/slot/respawn unresolved
678,4e6e2e2e-838a-43ee-aec3-43c7c9a1a4fe,2026-09-19T05:29:38.7715379Z,170,unresolved,unresolved,unresolved,npc,raw subject_type=npc,npc,Papala,unresolved,profile-23c7c3b3ecee2203,"[-2687.0,-3072.0,2945.0,2560.0]","[1099.8590087890625,311.8896484375,-1145.0802001953125]",0.15139934420585632,Papala npc spawn sitting on box,observation-only; home/slot/respawn unresolved
659,139ccf93-001c-48a3-8819-01f0f1d4345c,2026-09-19T05:30:20.667525Z,170,unresolved,unresolved,unresolved,npc,raw subject_type=npc,npc,Sasapano,unresolved,profile-23c7c3b3ecee2203,"[-2687.0,-3072.0,2945.0,2560.0]","[1134.27001953125,312.1930236816406,-1128.34814453125]",2.7282872200012207,Sasapano npc spawn,observation-only; home/slot/respawn unresolved
692,81b9aea2-7c7a-4ce4-8d6f-03e62ccb5107,2026-09-19T05:30:52.8275461Z,170,unresolved,unresolved,unresolved,npc,raw subject_type=npc,npc,Bibiroku,unresolved,profile-23c7c3b3ecee2203,"[-2687.0,-3072.0,2945.0,2560.0]","[1150.1392822265625,312.79998779296875,-1146.9130859375]",-0.07255268096923828,Bibiroku npc spawn,observation-only; home/slot/respawn unresolved
669,3413b0ee-c09b-457a-9512-ac65ff173f2d,2026-09-19T05:31:28.3634793Z,170,unresolved,unresolved,unresolved,npc,raw subject_type=npc,npc,Bernier,unresolved,profile-23c7c3b3ecee2203,"[-2687.0,-3072.0,2945.0,2560.0]","[1157.998779296875,312.288330078125,-1127.264892578125]",-1.1440176963806152,Bernier npc spawn,observation-only; home/slot/respawn unresolved
734,f421bb2d-4f7e-4239-9e61-61bb41194ddd,2026-09-19T05:33:22.8675053Z,170,unresolved,unresolved,unresolved,npc,raw subject_type=npc,npc,Seserikku,unresolved,profile-23c7c3b3ecee2203,"[-2687.0,-3072.0,2945.0,2560.0]","[1132.1412353515625,312.19384765625,-1109.8787841796875]",0.5295308828353882,Seserikku npc spawn,observation-only; home/slot/respawn unresolved
736,ff90f9db-370b-4832-afdd-8741057f0633,2026-09-19T05:43:56.7956013Z,170,unresolved,unresolved,unresolved,npc,raw subject_type=npc,npc,Fiachre,unresolved,profile-23c7c3b3ecee2203,"[-2687.0,-3072.0,2945.0,2560.0]","[-2173.158935546875,14.304194450378418,-432.5517578125]",0.1532876044511795,Fiachre npc spawn,observation-only; home/slot/respawn unresolved
717,cb2d6c12-4f00-4e7a-a3d1-c9483c544f53,2026-09-19T05:44:22.5475198Z,170,unresolved,unresolved,unresolved,npc,raw subject_type=npc,npc,Taylor,unresolved,profile-23c7c3b3ecee2203,"[-2687.0,-3072.0,2945.0,2560.0]","[-2195.479736328125,14.085356712341309,-419.3943176269531]",-3.06369948387146,Taylor npc spawn,observation-only; home/slot/respawn unresolved
670,3648e9a8-e90a-4842-abff-a2277cebc0dd,2026-09-19T05:44:46.2513645Z,170,unresolved,unresolved,unresolved,npc,raw subject_type=npc,npc,Spiraling Path,unresolved,profile-23c7c3b3ecee2203,"[-2687.0,-3072.0,2945.0,2560.0]","[-2184.6220703125,14.46405029296875,-417.5222473144531]",-2.6459410190582275,Spiraling Path npc spawn,observation-only; home/slot/respawn unresolved
663,23aecd84-22e1-4e07-b537-c115f23b46d5,2026-09-19T05:45:30.2674247Z,170,unresolved,unresolved,unresolved,npc,raw subject_type=npc,npc,Sylviel,unresolved,profile-23c7c3b3ecee2203,"[-2687.0,-3072.0,2945.0,2560.0]","[-2190.908447265625,15.000008583068848,-408.768798828125]",1.9868639707565308,Sylviel npc spawn,observation-only; home/slot/respawn unresolved
694,84642e27-a9ca-4f35-863e-60b938698f9b,2026-09-19T05:46:19.2033648Z,170,unresolved,unresolved,unresolved,npc,raw subject_type=npc,npc,Wahlbert,unresolved,profile-23c7c3b3ecee2203,"[-2687.0,-3072.0,2945.0,2560.0]","[-2205.150390625,14.103129386901855,-430.36175537109375]",1.3194111585617063,Wahlbert npc spawn,observation-only; home/slot/respawn unresolved
732,f296727f-16d4-4e27-8f5f-e254efd77809,2026-09-19T06:03:59.3877227Z,170,unresolved,unresolved,unresolved,npc,raw subject_type=npc,npc,Athalwolf,unresolved,profile-23c7c3b3ecee2203,"[-2687.0,-3072.0,2945.0,2560.0]","[-1338.8291015625,56.46295547485352,485.9264526367187]",-3.0573856830596924,Athalwolf npc spawn,observation-only; home/slot/respawn unresolved
676,497149df-9a9d-43fd-9af1-9e23dc19a86a,2026-09-19T06:04:22.9157019Z,170,unresolved,unresolved,unresolved,npc,raw subject_type=npc,npc,Padaku Sondaku,unresolved,profile-23c7c3b3ecee2203,"[-2687.0,-3072.0,2945.0,2560.0]","[-1347.28515625,56.32220077514648,486.78460693359375]",2.8756837844848633,Padaku Sondaku npc spawn,observation-only; home/slot/respawn unresolved
710,bf10222e-4ccb-4f00-9b31-41a1c6cc7476,2026-09-19T06:04:50.2438096Z,170,unresolved,unresolved,unresolved,npc,raw subject_type=npc,npc,Kikinori,unresolved,profile-23c7c3b3ecee2203,"[-2687.0,-3072.0,2945.0,2560.0]","[-1345.903564453125,55.75282669067383,524.1992797851562]",-2.0289530754089355,Kikinori npc spawn,observation-only; home/slot/respawn unresolved
671,3d0b86c5-17aa-4b6f-a177-009171e7dc6b,2026-09-19T06:05:24.1632083Z,170,unresolved,unresolved,unresolved,npc,raw subject_type=npc,npc,Sarra,unresolved,profile-23c7c3b3ecee2203,"[-2687.0,-3072.0,2945.0,2560.0]","[-1358.521240234375,56.01751327514648,543.9714965820312]",1.4075641632080078,Sarra npc spawn,observation-only; home/slot/respawn unresolved
684,734bc9da-dcbc-434d-955c-e64e2c78b187,2026-09-19T06:06:35.4754629Z,170,unresolved,unresolved,unresolved,npc,raw subject_type=npc,npc,Gaganji,unresolved,profile-23c7c3b3ecee2203,"[-2687.0,-3072.0,2945.0,2560.0]","[-1383.666748046875,56.54875946044922,516.319091796875]",-0.07608985900878906,Gaganji npc spawn,observation-only; home/slot/respawn unresolved
701,96431b80-98a8-4795-ba4f-dcff6a9dc775,2026-09-19T06:11:14.4435778Z,170,unresolved,unresolved,unresolved,npc,raw subject_type=npc,npc,Agzu Rungzu,unresolved,profile-23c7c3b3ecee2203,"[-2687.0,-3072.0,2945.0,2560.0]","[-1396.0054931640625,56.84059524536133,570.2926635742188]",-3.028031349182129,Agzu Rungzu npc spawn,observation-only; home/slot/respawn unresolved
656,0ad4a677-bb81-41a5-92ab-f82ad7d2692c,2026-09-19T06:12:33.0756336Z,170,unresolved,unresolved,unresolved,npc,raw subject_type=npc,npc,Celie,unresolved,profile-23c7c3b3ecee2203,"[-2687.0,-3072.0,2945.0,2560.0]","[-1369.9208984375,56.15455627441406,551.6262817382812]",-0.29468774795532227,Celie npc spawn,observation-only; home/slot/respawn unresolved
666,29dd9c55-79cc-4232-b91f-2e58f7f9fb57,2026-09-19T10:59:01.4530858Z,170,unresolved,unresolved,unresolved,npc,raw subject_type=npc,npc,Abelard,unresolved,profile-23c7c3b3ecee2203,"[-2687.0,-3072.0,2945.0,2560.0]","[-1725.7987060546875,56.59122085571289,-316.69268798828125]",0.5120795965194702,Abelard npc spawn,observation-only; home/slot/respawn unresolved
702,9b0c3a43-6deb-4237-9c9a-28a1dd15e31d,2026-09-19T10:59:22.3091467Z,170,unresolved,unresolved,unresolved,npc,raw subject_type=npc,npc,Bartholomew,unresolved,profile-23c7c3b3ecee2203,"[-2687.0,-3072.0,2945.0,2560.0]","[-1728.257568359375,56.125,-311.24810791015625]",0.19924411177635193,Bartholomew npc spawn,observation-only; home/slot/respawn unresolved
719,cca22d2e-ab7f-41f6-ae2a-f2edd44311b5,2026-09-19T11:00:12.9329078Z,170,unresolved,unresolved,unresolved,npc,raw subject_type=npc,npc,Haipo Eipo,unresolved,profile-23c7c3b3ecee2203,"[-2687.0,-3072.0,2945.0,2560.0]","[-1740.2550048828125,55.76066970825195,-324.2772216796875]",0.13969150185585022,Haipo Eipo npc spawn,observation-only; home/slot/respawn unresolved
711,c15f19a9-37bd-4af9-bd40-f0fa477bea40,2026-09-19T11:00:42.861006Z,170,unresolved,unresolved,unresolved,npc,raw subject_type=npc,npc,Chocobo,unresolved,profile-23c7c3b3ecee2203,"[-2687.0,-3072.0,2945.0,2560.0]","[-1742.0904541015625,56.015254974365234,-325.70452880859375]",0.10285236686468124,Chocobo npc spawn,observation-only; home/slot/respawn unresolved
661,155d03ae-9d07-4474-8e77-a518c55334ce,2026-09-19T11:05:01.5571022Z,170,unresolved,unresolved,unresolved,npc,raw subject_type=npc,npc,Aldebrand,unresolved,profile-23c7c3b3ecee2203,"[-2687.0,-3072.0,2945.0,2560.0]","[1371.96337890625,256.2514953613281,-227.1663360595703]",1.836284041404724,Aldebrand npc spawn,observation-only; home/slot/respawn unresolved
713,c5b126a3-b4de-4860-aaf5-ec8c45b0837b,2026-09-19T11:05:54.0212991Z,170,unresolved,unresolved,unresolved,npc,raw subject_type=npc,npc,Bertouaint,unresolved,profile-23c7c3b3ecee2203,"[-2687.0,-3072.0,2945.0,2560.0]","[1361.3504638671875,255.87771606445312,-236.46856689453125]",-0.24311017990112305,Bertouaint npc spawn sitting down on box,observation-only; home/slot/respawn unresolved
715,c7771c63-8778-4190-9889-02f606f53785,2026-09-19T11:06:25.8449743Z,170,unresolved,unresolved,unresolved,npc,raw subject_type=npc,npc,Kokofubu,unresolved,profile-23c7c3b3ecee2203,"[-2687.0,-3072.0,2945.0,2560.0]","[1348.0408935546875,256.665771484375,-222.4150390625]",1.1498111486434937,Kokofubu npc spawn,observation-only; home/slot/respawn unresolved
672,3f3f915f-225e-4eba-b7bb-696f166eb02d,2026-09-19T11:07:13.0129668Z,170,unresolved,unresolved,unresolved,npc,raw subject_type=npc,npc,Pyha Jawantal,unresolved,profile-23c7c3b3ecee2203,"[-2687.0,-3072.0,2945.0,2560.0]","[1335.665283203125,256.00506591796875,-225.22247314453125]",-1.8783745765686035,Pyha Jawantal npc spawn,observation-only; home/slot/respawn unresolved
238,8158b468-621a-4fea-b7b4-51234f005f04,2026-09-15T06:38:52.0976623Z,190,Mor Dhona,unresolved,unresolved,ambient,remaining overworld monster ambient candidate,monster,Toxic Toad,unresolved,profile-a0c58b95907685c3,"[-1280.0,-1344.0,1280.0,1216.0]","[523.5669555664062,20.8164005279541,639.14892578125]",-2.606640577316284,Toxic Toad spawn in overworld zone,observation-only; home/slot/respawn unresolved
239,2d831dec-d2ea-4392-9a94-a1af39a4ee1c,2026-09-15T06:39:54.2975099Z,190,Mor Dhona,unresolved,unresolved,ambient,remaining overworld monster ambient candidate,monster,Toxic Toad,unresolved,profile-a0c58b95907685c3,"[-1280.0,-1344.0,1280.0,1216.0]","[477.358154296875,16.700027465820312,600.8224487304688]",2.502004384994507,Toxic Toad spawn in overworld zone,observation-only; home/slot/respawn unresolved
240,d3b20dfe-3dcf-47e7-9d7c-92344eaea7e7,2026-09-15T06:41:39.2820866Z,190,Mor Dhona,unresolved,unresolved,ambient,remaining overworld monster ambient candidate,monster,Toxic Toad,unresolved,profile-a0c58b95907685c3,"[-1280.0,-1344.0,1280.0,1216.0]","[422.0696105957031,16.70026206970215,610.1468505859375]",-0.16578388214111328,Toxic Toad spawn in overworld,observation-only; home/slot/respawn unresolved
241,705ba159-18b2-48ae-a3c2-5cb43bb025ae,2026-09-15T06:43:40.6655917Z,190,Mor Dhona,unresolved,unresolved,ambient,remaining overworld monster ambient candidate,monster,Diremite,unresolved,profile-a0c58b95907685c3,"[-1280.0,-1344.0,1280.0,1216.0]","[314.7387390136719,20.375829696655273,710.3136596679688]",1.3221855163574219,Diremite spawn in overworld zone,observation-only; home/slot/respawn unresolved
242,180b3fc2-e163-44e3-aa8e-1266c7cdb071,2026-09-15T06:44:25.9294797Z,190,Mor Dhona,unresolved,unresolved,ambient,remaining overworld monster ambient candidate,monster,Diremite,unresolved,profile-a0c58b95907685c3,"[-1280.0,-1344.0,1280.0,1216.0]","[319.834228515625,19.535184860229492,757.835693359375]",2.9423160552978516,Diremite spawn in overworld zone,observation-only; home/slot/respawn unresolved
243,4098a017-4b90-4105-a1ea-3fccd96e0ac3,2026-09-15T06:44:51.9057094Z,190,Mor Dhona,unresolved,unresolved,ambient,remaining overworld monster ambient candidate,monster,Diremite,unresolved,profile-a0c58b95907685c3,"[-1280.0,-1344.0,1280.0,1216.0]","[318.6385192871094,21.493438720703125,783.251708984375]",2.8495566844940186,Diremite spawn in overworld zone,observation-only; home/slot/respawn unresolved
244,f285e5b4-bd01-47ce-8cf1-2dc6b979cd8c,2026-09-15T06:45:12.745852Z,190,Mor Dhona,unresolved,unresolved,ambient,remaining overworld monster ambient candidate,monster,Diremite,unresolved,profile-a0c58b95907685c3,"[-1280.0,-1344.0,1280.0,1216.0]","[338.2401428222656,18.872541427612305,757.9501953125]",2.768191337585449,Diremite spawn in overworld zone,observation-only; home/slot/respawn unresolved
245,a88e8007-d690-4455-babc-d313c66c156e,2026-09-15T06:45:49.2577707Z,190,Mor Dhona,unresolved,unresolved,ambient,remaining overworld monster ambient candidate,monster,Diremite,unresolved,profile-a0c58b95907685c3,"[-1280.0,-1344.0,1280.0,1216.0]","[271.0683288574219,19.22539710998535,768.1387939453125]",2.5579090118408203,Diremite spawn in overworld zone,observation-only; home/slot/respawn unresolved
246,5b57c660-3574-400f-84b3-669388948041,2026-09-15T06:46:35.9699931Z,190,Mor Dhona,unresolved,unresolved,ambient,remaining overworld monster ambient candidate,monster,Diremite,unresolved,profile-a0c58b95907685c3,"[-1280.0,-1344.0,1280.0,1216.0]","[196.3005828857422,20.818124771118164,775.6934814453125]",-2.7670273780822754,Diremite spawn in overworld zone,observation-only; home/slot/respawn unresolved
247,7ed3bc34-1b0a-421b-ad0c-575b29c9807d,2026-09-15T06:46:51.929707Z,190,Mor Dhona,unresolved,unresolved,ambient,remaining overworld monster ambient candidate,monster,Diremite,unresolved,profile-a0c58b95907685c3,"[-1280.0,-1344.0,1280.0,1216.0]","[181.52427673339844,19.46322250366211,764.631591796875]",2.3179783821105957,Diremite spawn in overworld zone,observation-only; home/slot/respawn unresolved
248,4d6a337a-dab9-4bd1-8678-22f63d3ee09f,2026-09-15T06:47:55.4740298Z,190,Mor Dhona,unresolved,unresolved,ambient,remaining overworld monster ambient candidate,monster,Diremite,unresolved,profile-a0c58b95907685c3,"[-1280.0,-1344.0,1280.0,1216.0]","[219.6509246826172,21.753597259521484,784.0829467773438]",2.8495237827301025,Diremite spawn in overworld zone,observation-only; home/slot/respawn unresolved
249,1b693e95-e42b-43af-ad36-430cbff90287,2026-09-15T06:48:53.209714Z,190,Mor Dhona,unresolved,unresolved,ambient,remaining overworld monster ambient candidate,monster,Diremite,unresolved,profile-a0c58b95907685c3,"[-1280.0,-1344.0,1280.0,1216.0]","[198.4929962158203,20.42457389831543,642.9314575195312]",-1.7847477197647095,Diremite spawn in overworld zone,observation-only; home/slot/respawn unresolved
250,d768a03b-fe1f-47d2-ad08-7702eea8a50d,2026-09-15T06:51:12.2342236Z,190,Mor Dhona,unresolved,unresolved,ambient,remaining overworld monster ambient candidate,monster,Diremite,unresolved,profile-a0c58b95907685c3,"[-1280.0,-1344.0,1280.0,1216.0]","[209.544189453125,21.857318878173828,578.7450561523438]",-2.437415838241577,Diremite spawn in overworld zone,observation-only; home/slot/respawn unresolved
251,df378d28-61d8-441e-99ed-c34204dd1d53,2026-09-15T06:51:43.8978924Z,190,Mor Dhona,unresolved,unresolved,ambient,remaining overworld monster ambient candidate,monster,Diremite,unresolved,profile-a0c58b95907685c3,"[-1280.0,-1344.0,1280.0,1216.0]","[201.50331115722656,20.580137252807617,570.6658325195312]",-2.4212348461151123,Diremite spawn in overworld zone,observation-only; home/slot/respawn unresolved
252,bc989eac-329c-4c1c-bbf9-3b2749c06aa2,2026-09-15T06:52:25.7059791Z,190,Mor Dhona,unresolved,unresolved,ambient,remaining overworld monster ambient candidate,monster,Diremite,unresolved,profile-a0c58b95907685c3,"[-1280.0,-1344.0,1280.0,1216.0]","[134.0458221435547,19.643461227416992,570.1137084960938]",-0.9174970984458923,Diremite spawn in overworld zone,observation-only; home/slot/respawn unresolved
253,5b864346-e02c-4f9e-96f6-bae310d2af90,2026-09-15T06:53:25.3305606Z,190,Mor Dhona,unresolved,unresolved,ambient,remaining overworld monster ambient candidate,monster,Toxic Toad,unresolved,profile-a0c58b95907685c3,"[-1280.0,-1344.0,1280.0,1216.0]","[149.44419860839844,16.73543930053711,544.4360961914062]",-0.5254564881324768,Toxic Toad toad spawn,observation-only; home/slot/respawn unresolved
254,c648025d-61bd-4dcd-a76e-6160fbfa15f2,2026-09-15T06:55:34.0178579Z,190,Mor Dhona,unresolved,unresolved,ambient,remaining overworld monster ambient candidate,monster,Toxic Toad,unresolved,profile-a0c58b95907685c3,"[-1280.0,-1344.0,1280.0,1216.0]","[8.431275367736816,31.44540786743164,513.275634765625]",0.7182333469390869,Toxic Toad toad spawn,observation-only; home/slot/respawn unresolved
255,45bb12e5-1bc0-4acf-b753-7559f9f7df3a,2026-09-15T06:56:02.6978378Z,190,Mor Dhona,unresolved,unresolved,ambient,remaining overworld monster ambient candidate,monster,Diremite,unresolved,profile-a0c58b95907685c3,"[-1280.0,-1344.0,1280.0,1216.0]","[-18.568767547607422,33.91365051269531,573.314697265625]",-1.2525506019592285,Diremite spawn in overworld zone,observation-only; home/slot/respawn unresolved
256,50f6095b-1f07-4fe7-b72a-606d164d2523,2026-09-15T07:01:42.9862162Z,190,Mor Dhona,unresolved,unresolved,ambient,remaining overworld monster ambient candidate,monster,Toxic Toad,unresolved,profile-a0c58b95907685c3,"[-1280.0,-1344.0,1280.0,1216.0]","[155.46487426757812,18.04656410217285,451.3872985839844]",2.7603232860565186,Toxic Toad toad spawn,observation-only; home/slot/respawn unresolved
257,77ce3137-d9c2-4d5d-a723-a6bf1f34aa1c,2026-09-15T07:12:42.2582869Z,190,Mor Dhona,unresolved,unresolved,ambient,remaining overworld monster ambient candidate,monster,Smolenkos,unresolved,profile-a0c58b95907685c3,"[-1280.0,-1344.0,1280.0,1216.0]","[-507.50396728515625,-29.94124984741211,-413.60595703125]",-2.3931565284729004,Smolenkos spawn,observation-only; home/slot/respawn unresolved
258,7b4a9071-1a5d-45a2-920e-30c9d55dd768,2026-09-15T07:14:09.6670433Z,190,Mor Dhona,unresolved,unresolved,ambient,remaining overworld monster ambient candidate,monster,Smolenkos,unresolved,profile-a0c58b95907685c3,"[-1280.0,-1344.0,1280.0,1216.0]","[-507.50396728515625,-29.94124984741211,-413.60595703125]",-2.3931565284729004,Smolenkos spawn,observation-only; home/slot/respawn unresolved
259,8631768d-5875-4a67-aeff-37d7fbae26c6,2026-09-15T07:19:57.1471555Z,190,Mor Dhona,unresolved,unresolved,ambient,remaining overworld monster ambient candidate,monster,Rainbow Basilisk,unresolved,profile-a0c58b95907685c3,"[-1280.0,-1344.0,1280.0,1216.0]","[-323.2584228515625,-3.788766622543335,-249.1692657470703]",-3.0697896480560303,Rainbow Basilisk Spawn,observation-only; home/slot/respawn unresolved
260,d07fe089-cbc2-4642-a680-9e45e3089147,2026-09-15T07:20:14.2664567Z,190,Mor Dhona,unresolved,unresolved,ambient,remaining overworld monster ambient candidate,monster,Rainbow Basilisk,unresolved,profile-a0c58b95907685c3,"[-1280.0,-1344.0,1280.0,1216.0]","[-313.2740783691406,-4.429272651672363,-270.7356262207031]",0.3046262860298157,Rainbow Basilisk spawn,observation-only; home/slot/respawn unresolved
261,5beb0641-6eff-4791-bece-16df24387516,2026-09-15T07:22:46.8105162Z,190,Mor Dhona,unresolved,unresolved,ambient,remaining overworld monster ambient candidate,monster,Rainbow Basilisk,unresolved,profile-a0c58b95907685c3,"[-1280.0,-1344.0,1280.0,1216.0]","[-317.2331237792969,-3.8750596046447754,-449.1759033203125]",-2.9524312019348145,Rainbow Basilisk spawn,observation-only; home/slot/respawn unresolved
262,e78a8008-d57d-43ae-ae19-3538e6a7108e,2026-09-15T07:24:33.8667748Z,190,Mor Dhona,unresolved,unresolved,ambient,remaining overworld monster ambient candidate,monster,Rainbow Basilisk,unresolved,profile-a0c58b95907685c3,"[-1280.0,-1344.0,1280.0,1216.0]","[-370.6682434082031,-15.835716247558594,-365.058837890625]",0.7700535655021667,Rainbow Basilisk spawn,observation-only; home/slot/respawn unresolved
263,19d94a37-aaba-47ac-a58a-beb058a7f8de,2026-09-15T07:25:27.7627166Z,190,Mor Dhona,unresolved,unresolved,ambient,remaining overworld monster ambient candidate,monster,Rainbow Basilisk,unresolved,profile-a0c58b95907685c3,"[-1280.0,-1344.0,1280.0,1216.0]","[-380.05010986328125,-16.933774948120117,-337.12908935546875]",-2.963426351547241,Rainbow Basilisk spawn,observation-only; home/slot/respawn unresolved
264,4bf9a01d-8e6c-407e-a63d-e429e25cdf98,2026-09-15T07:33:49.9788802Z,190,Mor Dhona,unresolved,unresolved,ambient,remaining overworld monster ambient candidate,monster,puroboros,unresolved,profile-a0c58b95907685c3,"[-1280.0,-1344.0,1280.0,1216.0]","[-405.1636047363281,-31.299997329711914,-468.9435729980469]",-0.694315493106842,puroboros spawn,observation-only; home/slot/respawn unresolved
265,fd9b2793-1e41-42f8-995d-1cd315c791af,2026-09-15T07:34:15.2349753Z,190,Mor Dhona,unresolved,unresolved,ambient,remaining overworld monster ambient candidate,monster,puroboros,unresolved,profile-a0c58b95907685c3,"[-1280.0,-1344.0,1280.0,1216.0]","[-435.5472106933594,-30.455951690673828,-485.1417541503906]",-1.9041123390197754,puroboros spawn,observation-only; home/slot/respawn unresolved
266,b15cb614-a5e8-4f7b-a81c-76ce910c78f6,2026-09-15T07:35:39.1708424Z,190,Mor Dhona,unresolved,unresolved,ambient,remaining overworld monster ambient candidate,monster,Headrip Ogre,unresolved,profile-a0c58b95907685c3,"[-1280.0,-1344.0,1280.0,1216.0]","[-398.60443115234375,-28.402681350708008,-500.53558349609375]",-0.4520592987537384,Headrip Ogre spawn,observation-only; home/slot/respawn unresolved
267,35c997da-3627-4fc8-89c9-e397e82e76da,2026-09-15T07:36:48.2029986Z,190,Mor Dhona,unresolved,unresolved,ambient,remaining overworld monster ambient candidate,monster,Headrip Ogre,unresolved,profile-a0c58b95907685c3,"[-1280.0,-1344.0,1280.0,1216.0]","[-429.3943786621094,-30.541643142700195,-489.721923828125]",-0.8817024230957031,Headrip Ogre spawn,observation-only; home/slot/respawn unresolved
268,1d7d05a8-9bf9-4d39-a24f-60a01506016b,2026-09-15T07:38:28.7712368Z,190,Mor Dhona,unresolved,unresolved,ambient,remaining overworld monster ambient candidate,monster,Smolenkos,unresolved,profile-a0c58b95907685c3,"[-1280.0,-1344.0,1280.0,1216.0]","[-428.1927185058594,-27.577442169189453,-523.83056640625]",-1.9849480390548706,Smolenkos spawn,observation-only; home/slot/respawn unresolved
269,a823b640-fb10-4808-9517-44cb079c0112,2026-09-15T07:38:54.8195329Z,190,Mor Dhona,unresolved,unresolved,ambient,remaining overworld monster ambient candidate,monster,Smolenkos,unresolved,profile-a0c58b95907685c3,"[-1280.0,-1344.0,1280.0,1216.0]","[-445.88385009765625,-28.22705078125,-504.7292175292969]",-0.7539142966270447,Smolenkos spawn,observation-only; home/slot/respawn unresolved
270,40226d0f-6c2f-4be9-b070-7c276f4cf47f,2026-09-15T07:40:19.6272628Z,190,Mor Dhona,unresolved,unresolved,ambient,remaining overworld monster ambient candidate,monster,Headrip ogre,unresolved,profile-a0c58b95907685c3,"[-1280.0,-1344.0,1280.0,1216.0]","[-444.598876953125,-28.000003814697266,-445.5767822265625]",0.3879234194755554,Headrip ogre spawn,observation-only; home/slot/respawn unresolved
271,e2b86640-e2a6-49f0-a3f6-603408f503d5,2026-09-15T07:43:37.9630982Z,190,Mor Dhona,unresolved,unresolved,ambient,remaining overworld monster ambient candidate,monster,Goblin Bouncer,unresolved,profile-a0c58b95907685c3,"[-1280.0,-1344.0,1280.0,1216.0]","[-380.7312316894531,19.999996185302734,256.47674560546875]",-1.689382791519165,Goblin bouncer spawn,observation-only; home/slot/respawn unresolved
272,fff6c155-406f-4fa6-8413-c7cef4422b15,2026-09-15T07:44:13.0992086Z,190,Mor Dhona,unresolved,unresolved,ambient,remaining overworld monster ambient candidate,monster,Goblin bouncer,unresolved,profile-a0c58b95907685c3,"[-1280.0,-1344.0,1280.0,1216.0]","[-368.9949645996094,21.89516830444336,212.48770141601562]",3.0786306858062744,Goblin bouncer spawn,observation-only; home/slot/respawn unresolved
273,76555fa7-401f-4cdd-afbd-b961b24bd31a,2026-09-15T07:44:27.9711131Z,190,Mor Dhona,unresolved,unresolved,ambient,remaining overworld monster ambient candidate,monster,Goblin bouncer,unresolved,profile-a0c58b95907685c3,"[-1280.0,-1344.0,1280.0,1216.0]","[-365.6448669433594,21.988649368286133,187.56478881835938]",-0.3590588867664337,Goblin bouncer spawn,observation-only; home/slot/respawn unresolved
274,c5ccba70-167e-457d-8a8c-68ca1056bc2d,2026-09-15T07:46:23.1470435Z,190,Mor Dhona,unresolved,unresolved,ambient,remaining overworld monster ambient candidate,monster,Goblin bouncer,unresolved,profile-a0c58b95907685c3,"[-1280.0,-1344.0,1280.0,1216.0]","[-356.52490234375,11.409217834472656,300.2069091796875]",-2.66154146194458,Goblin bouncer spawn,observation-only; home/slot/respawn unresolved
275,05d06c0e-df12-412a-9c0f-cf8798dbafdd,2026-09-15T07:50:23.6512952Z,190,Mor Dhona,unresolved,unresolved,ambient,remaining overworld monster ambient candidate,monster,Saltspray Pteroc,unresolved,profile-a0c58b95907685c3,"[-1280.0,-1344.0,1280.0,1216.0]","[830.8970336914062,33.07413864135742,-269.40667724609375]",-2.6667943000793457,Saltspray Pteroc spawn,observation-only; home/slot/respawn unresolved
276,d1c348f4-2413-4ee4-99a1-b29d9c0c9f20,2026-09-15T07:50:36.9474122Z,190,Mor Dhona,unresolved,unresolved,ambient,remaining overworld monster ambient candidate,monster,Saltspray Pteroc,unresolved,profile-a0c58b95907685c3,"[-1280.0,-1344.0,1280.0,1216.0]","[833.3562622070312,33.25963592529297,-241.536376953125]",-0.04690265655517578,Saltspray Pteroc spawn,observation-only; home/slot/respawn unresolved
277,0a8b43c0-49c7-4a51-ab92-d60851326fad,2026-09-15T07:50:48.8751903Z,190,Mor Dhona,unresolved,unresolved,ambient,remaining overworld monster ambient candidate,monster,Saltspray Pteroc,unresolved,profile-a0c58b95907685c3,"[-1280.0,-1344.0,1280.0,1216.0]","[852.5265502929688,34.23478698730469,-253.0661163330078]",1.725332498550415,Saltspray Pteroc spawn,observation-only; home/slot/respawn unresolved
278,2daddf0d-9d2d-450d-ba92-a627f712780f,2026-09-15T07:50:59.9635283Z,190,Mor Dhona,unresolved,unresolved,ambient,remaining overworld monster ambient candidate,monster,Saltspray Pteroc,unresolved,profile-a0c58b95907685c3,"[-1280.0,-1344.0,1280.0,1216.0]","[846.1607055664062,32.690731048583984,-230.93185424804688]",0.49105849862098694,Saltspray Pteroc spawn,observation-only; home/slot/respawn unresolved
279,b1460406-87fc-442c-a477-fa3ff6e782ee,2026-09-15T07:51:54.8834234Z,190,Mor Dhona,unresolved,unresolved,ambient,remaining overworld monster ambient candidate,monster,Saltspray Pteroc,unresolved,profile-a0c58b95907685c3,"[-1280.0,-1344.0,1280.0,1216.0]","[728.8524169921875,31.625612258911133,-300.5026550292969]",-1.4911948442459106,Saltspray Pteroc spawn,observation-only; home/slot/respawn unresolved
280,abdd85d9-310a-4650-a099-0fd0f0fdb52f,2026-09-15T07:54:52.915452Z,190,Mor Dhona,unresolved,unresolved,ambient,remaining overworld monster ambient candidate,monster,Toadstool,unresolved,profile-a0c58b95907685c3,"[-1280.0,-1344.0,1280.0,1216.0]","[705.5159912109375,30.586999893188477,-279.6792907714844]",-0.7691440582275391,Toadstool spawn,observation-only; home/slot/respawn unresolved
281,91454fd7-74ae-4577-88d5-3b7fecb0dc26,2026-09-15T07:55:04.4356071Z,190,Mor Dhona,unresolved,unresolved,ambient,remaining overworld monster ambient candidate,monster,Toadstool,unresolved,profile-a0c58b95907685c3,"[-1280.0,-1344.0,1280.0,1216.0]","[665.038818359375,30.4683837890625,-277.7151794433594]",-0.9158262610435486,Toadstool spawn,observation-only; home/slot/respawn unresolved
282,18ccafa1-5853-4ef5-bf6f-e3b6e76451ae,2026-09-15T07:56:12.1317848Z,190,Mor Dhona,unresolved,unresolved,ambient,remaining overworld monster ambient candidate,monster,Toadstool,unresolved,profile-a0c58b95907685c3,"[-1280.0,-1344.0,1280.0,1216.0]","[526.5701293945312,41.767887115478516,-247.03591918945312]",3.0168163776397705,Toadstoolspawn,observation-only; home/slot/respawn unresolved
283,cebfc20f-becd-4f94-b564-c6ce92092c8b,2026-09-15T07:56:22.45999Z,190,Mor Dhona,unresolved,unresolved,ambient,remaining overworld monster ambient candidate,monster,Toadstool,unresolved,profile-a0c58b95907685c3,"[-1280.0,-1344.0,1280.0,1216.0]","[526.5701293945312,41.767887115478516,-247.03591918945312]",3.0168163776397705,Toadstool spawn,observation-only; home/slot/respawn unresolved
284,f8cdb3d0-ba28-490f-b9b2-4656cac6da73,2026-09-15T07:59:16.3155194Z,190,Mor Dhona,unresolved,unresolved,ambient,remaining overworld monster ambient candidate,monster,Toadstool,unresolved,profile-a0c58b95907685c3,"[-1280.0,-1344.0,1280.0,1216.0]","[639.7634887695312,54.231693267822266,-137.26510620117188]",0.2852092385292053,Toadstool spawn,observation-only; home/slot/respawn unresolved
285,b984f2b6-9438-4d1e-b52c-00dc28291b5e,2026-09-15T07:59:56.7399519Z,190,Mor Dhona,unresolved,unresolved,ambient,remaining overworld monster ambient candidate,monster,Toadstool,unresolved,profile-a0c58b95907685c3,"[-1280.0,-1344.0,1280.0,1216.0]","[640.1073608398438,55.61676025390625,-119.27357482910156]",-0.5541215538978577,Toadstool spawn,observation-only; home/slot/respawn unresolved
286,4ff950a6-6144-4494-b129-1969a7d9d6fe,2026-09-15T08:01:34.7476987Z,190,Mor Dhona,unresolved,unresolved,ambient,remaining overworld monster ambient candidate,monster,Toadstool,unresolved,profile-a0c58b95907685c3,"[-1280.0,-1344.0,1280.0,1216.0]","[560.3294677734375,52.65983200073242,-20.06716537475586]",-2.2891151905059814,Toadstool spawn,observation-only; home/slot/respawn unresolved
287,ab63a67a-0d5c-4342-874a-58a9d51d024e,2026-09-15T08:01:46.0277323Z,190,Mor Dhona,unresolved,unresolved,ambient,remaining overworld monster ambient candidate,monster,Toadstool,unresolved,profile-a0c58b95907685c3,"[-1280.0,-1344.0,1280.0,1216.0]","[576.6154174804688,53.622520446777344,-17.585372924804688]",1.4112197160720825,Toadstool spawn,observation-only; home/slot/respawn unresolved
288,ba8341c2-3350-4b4f-90c1-3c88d4ac430c,2026-09-15T08:01:57.3156041Z,190,Mor Dhona,unresolved,unresolved,ambient,remaining overworld monster ambient candidate,monster,Toadstool,unresolved,profile-a0c58b95907685c3,"[-1280.0,-1344.0,1280.0,1216.0]","[566.8384399414062,55.265289306640625,-1.6149946451187134]",-0.7014641761779785,Toadstool spawn,observation-only; home/slot/respawn unresolved
289,cf506b04-2485-4b2b-983f-d0eb8002603d,2026-09-15T08:04:07.8837309Z,190,Mor Dhona,unresolved,unresolved,ambient,remaining overworld monster ambient candidate,monster,Pugot,unresolved,profile-a0c58b95907685c3,"[-1280.0,-1344.0,1280.0,1216.0]","[529.1093139648438,56.73325729370117,271.9432678222656]",-0.019370077177882195,Pugot Spawn,observation-only; home/slot/respawn unresolved
290,267ba22a-ebc5-4094-8812-028e42c0cc6a,2026-09-15T08:04:25.5086133Z,190,Mor Dhona,unresolved,unresolved,ambient,remaining overworld monster ambient candidate,monster,Pugot,unresolved,profile-a0c58b95907685c3,"[-1280.0,-1344.0,1280.0,1216.0]","[504.9324645996094,55.35314178466797,267.9412536621094]",-2.343019485473633,Pugot Spawn,observation-only; home/slot/respawn unresolved
291,94e4139a-e3e5-4bb9-92c6-e6f1e3edb349,2026-09-15T08:06:15.1559364Z,190,Mor Dhona,unresolved,unresolved,ambient,remaining overworld monster ambient candidate,monster,Smolenkos,unresolved,profile-a0c58b95907685c3,"[-1280.0,-1344.0,1280.0,1216.0]","[534.5452270507812,33.80064010620117,223.51913452148438]",-2.114981174468994,Smolenkos ,observation-only; home/slot/respawn unresolved
292,746dfd9b-5d5b-4dd8-8c45-f6129b7b72de,2026-09-15T08:06:22.6277373Z,190,Mor Dhona,unresolved,unresolved,ambient,remaining overworld monster ambient candidate,monster,Smolenkos,unresolved,profile-a0c58b95907685c3,"[-1280.0,-1344.0,1280.0,1216.0]","[528.7064208984375,33.3778190612793,212.28994750976562]",-2.3483707904815674,Smolenkos spawn ,observation-only; home/slot/respawn unresolved
293,328e1400-6e57-45d6-bd37-f9095da1f446,2026-09-15T08:06:35.2038994Z,190,Mor Dhona,unresolved,unresolved,ambient,remaining overworld monster ambient candidate,monster,Smolenkos,unresolved,profile-a0c58b95907685c3,"[-1280.0,-1344.0,1280.0,1216.0]","[514.2462158203125,32.68128204345703,201.08328247070312]",-1.4482976198196411,Smolenkos spawn,observation-only; home/slot/respawn unresolved
294,9b0862a3-ce76-4ce3-9e34-0500710d79f0,2026-09-15T08:11:32.9797839Z,190,Mor Dhona,unresolved,unresolved,ambient,remaining overworld monster ambient candidate,monster,Headrip Ogre,unresolved,profile-a0c58b95907685c3,"[-1280.0,-1344.0,1280.0,1216.0]","[557.9694213867188,66.25581359863281,314.4174499511719]",0.4342098534107208,Headrip Ogre spawn,observation-only; home/slot/respawn unresolved
295,362686de-b3a3-4355-97be-15d73c97752e,2026-09-15T08:11:45.076042Z,190,Mor Dhona,unresolved,unresolved,ambient,remaining overworld monster ambient candidate,monster,Headrip Ogre,unresolved,profile-a0c58b95907685c3,"[-1280.0,-1344.0,1280.0,1216.0]","[570.5237426757812,67.62235260009766,316.1309814453125]",1.087541103363037,Headrip Ogre spawn,observation-only; home/slot/respawn unresolved
296,d84b983b-4742-4e18-b433-0ed350b46813,2026-09-15T08:12:05.6285775Z,190,Mor Dhona,unresolved,unresolved,ambient,remaining overworld monster ambient candidate,monster,Headrip Ogre,unresolved,profile-a0c58b95907685c3,"[-1280.0,-1344.0,1280.0,1216.0]","[574.155029296875,66.78437042236328,308.8780212402344]",1.1041538715362549,Headrip Ogre spawn,observation-only; home/slot/respawn unresolved
297,54a1faf3-85b5-48a1-a49b-9bbf7fa1a1a9,2026-09-15T08:13:20.2683238Z,190,Mor Dhona,unresolved,unresolved,ambient,remaining overworld monster ambient candidate,monster,Headrip Ogre,unresolved,profile-a0c58b95907685c3,"[-1280.0,-1344.0,1280.0,1216.0]","[579.061767578125,67.56593322753906,441.6715087890625]",-0.07040977478027344,Headrip Ogre spawn,observation-only; home/slot/respawn unresolved
298,33aa8fc0-9f2b-41b7-b0c8-6a79d1d151de,2026-09-15T08:14:31.4843108Z,190,Mor Dhona,unresolved,unresolved,ambient,remaining overworld monster ambient candidate,monster,Smolenkos,unresolved,profile-a0c58b95907685c3,"[-1280.0,-1344.0,1280.0,1216.0]","[625.291748046875,45.122982025146484,477.33843994140625]",-0.2593684196472168,Smolenkos spawn,observation-only; home/slot/respawn unresolved
299,15691e08-0622-4d39-b817-f5d6a4f3b8ad,2026-09-15T08:14:43.1723705Z,190,Mor Dhona,unresolved,unresolved,ambient,remaining overworld monster ambient candidate,monster,Smolenkos,unresolved,profile-a0c58b95907685c3,"[-1280.0,-1344.0,1280.0,1216.0]","[643.4094848632812,42.27870178222656,473.9523010253906]",1.363134503364563,Smolenkos spawn,observation-only; home/slot/respawn unresolved
300,fe4094c6-a5f0-467e-8a08-401a325d10c4,2026-09-15T08:15:48.5719982Z,190,Mor Dhona,unresolved,unresolved,ambient,remaining overworld monster ambient candidate,monster,Smolenkos,unresolved,profile-a0c58b95907685c3,"[-1280.0,-1344.0,1280.0,1216.0]","[697.0902709960938,23.298301696777344,427.1736145019531]",0.6835697889328003,Smolenkos spawn,observation-only; home/slot/respawn unresolved
301,9f6054dd-e67f-4d1f-b9eb-b05c8209a614,2026-09-15T08:16:00.7878708Z,190,Mor Dhona,unresolved,unresolved,ambient,remaining overworld monster ambient candidate,monster,Smolenkos,unresolved,profile-a0c58b95907685c3,"[-1280.0,-1344.0,1280.0,1216.0]","[716.0027465820312,22.350374221801758,441.86163330078125]",0.8495827317237854,Smolenkos spawn,observation-only; home/slot/respawn unresolved
302,8bcce9a5-4cad-498c-8c11-65a75c5f19b5,2026-09-15T08:17:51.4521797Z,190,Mor Dhona,unresolved,unresolved,ambient,remaining overworld monster ambient candidate,monster,Smolenkos,unresolved,profile-a0c58b95907685c3,"[-1280.0,-1344.0,1280.0,1216.0]","[581.4850463867188,46.56383514404297,559.5775756835938]",-1.238085389137268,Smolenkos spawn,observation-only; home/slot/respawn unresolved
303,24499e83-1a09-432e-8e5f-88f91f8b0719,2026-09-15T08:18:03.2762976Z,190,Mor Dhona,unresolved,unresolved,ambient,remaining overworld monster ambient candidate,monster,Smolenkos,unresolved,profile-a0c58b95907685c3,"[-1280.0,-1344.0,1280.0,1216.0]","[596.4273681640625,42.726505279541016,576.6350708007812]",0.8720681071281433,Smolenkos spawn,observation-only; home/slot/respawn unresolved
304,20cce211-4926-49f1-ae08-55e3e511bb8e,2026-09-15T08:18:47.4840437Z,190,Mor Dhona,unresolved,unresolved,ambient,remaining overworld monster ambient candidate,monster,Smolenkos,unresolved,profile-a0c58b95907685c3,"[-1280.0,-1344.0,1280.0,1216.0]","[688.3430786132812,40.17833709716797,551.5284423828125]",1.097879409790039,Smolenkos spawn,observation-only; home/slot/respawn unresolved
305,efbd6cbf-f60d-4f93-8c66-e9a0d387e4fe,2026-09-15T08:20:27.8522995Z,190,Mor Dhona,unresolved,unresolved,ambient,remaining overworld monster ambient candidate,monster,Pugot,unresolved,profile-a0c58b95907685c3,"[-1280.0,-1344.0,1280.0,1216.0]","[712.5289306640625,42.19880676269531,672.3480834960938]",-0.5601439476013184,Pugot spawn,observation-only; home/slot/respawn unresolved
306,5ec59d62-038a-4480-83c2-aa04f4d081bf,2026-09-15T08:20:49.5882178Z,190,Mor Dhona,unresolved,unresolved,ambient,remaining overworld monster ambient candidate,monster,Pugot,unresolved,profile-a0c58b95907685c3,"[-1280.0,-1344.0,1280.0,1216.0]","[726.0165405273438,46.70764923095703,707.75341796875]",-1.808207631111145,Pugot spawn,observation-only; home/slot/respawn unresolved
307,57a41c2d-90c3-47f8-b04b-3f272a0b2c37,2026-09-15T08:21:03.0923459Z,190,Mor Dhona,unresolved,unresolved,ambient,remaining overworld monster ambient candidate,monster,Pugot,unresolved,profile-a0c58b95907685c3,"[-1280.0,-1344.0,1280.0,1216.0]","[696.757080078125,45.41899108886719,710.3951416015625]",-2.829594373703003,Pugot spawn,observation-only; home/slot/respawn unresolved
308,96012048-640f-495d-a500-999ce6498092,2026-09-15T08:21:38.065022Z,190,Mor Dhona,unresolved,unresolved,ambient,remaining overworld monster ambient candidate,monster,Pugot,unresolved,profile-a0c58b95907685c3,"[-1280.0,-1344.0,1280.0,1216.0]","[681.4344482421875,46.796974182128906,700.8106079101562]",-2.470737934112549,Pugot spawn,observation-only; home/slot/respawn unresolved
309,3419276b-6a69-4ef4-a235-d67a896fa0bc,2026-09-15T15:17:54.4462618Z,190,Mor Dhona,unresolved,unresolved,ambient,remaining overworld monster ambient candidate,monster,Toadstool,unresolved,profile-a0c58b95907685c3,"[-1280.0,-1344.0,1280.0,1216.0]","[692.6671752929688,31.246055603027344,-311.65478515625]",-2.592817544937134,toadstool spawn,observation-only; home/slot/respawn unresolved
310,7f6d571c-571c-4232-b023-1b3c8e4ab318,2026-09-15T15:20:09.8061119Z,190,Mor Dhona,unresolved,unresolved,ambient,remaining overworld monster ambient candidate,monster,Saltspray Pteroc,unresolved,profile-a0c58b95907685c3,"[-1280.0,-1344.0,1280.0,1216.0]","[725.960205078125,31.67355728149414,-394.7053527832031]",0.05242611840367317,"Saltspray Pteroc spawn
",observation-only; home/slot/respawn unresolved
311,e5b46d53-8873-4428-bb96-494cb03238c9,2026-09-15T15:20:49.9420198Z,190,Mor Dhona,unresolved,unresolved,ambient,remaining overworld monster ambient candidate,monster,Saltspray Pteroc,unresolved,profile-a0c58b95907685c3,"[-1280.0,-1344.0,1280.0,1216.0]","[690.3926391601562,44.30875015258789,-442.35296630859375]",-1.0332040786743164,Saltspray Pteroc spawn,observation-only; home/slot/respawn unresolved
312,3f620cd6-07be-41e4-896d-8d358b52d9a4,2026-09-15T15:22:07.3820041Z,190,Mor Dhona,unresolved,unresolved,ambient,remaining overworld monster ambient candidate,monster,toadstool,unresolved,profile-a0c58b95907685c3,"[-1280.0,-1344.0,1280.0,1216.0]","[691.5029296875,50.14650344848633,-469.5973205566406]",1.772581934928894,Toadstool spawn,observation-only; home/slot/respawn unresolved
313,b0933a30-91be-4705-bd9c-07e0dc563bed,2026-09-15T15:23:39.9671689Z,190,Mor Dhona,unresolved,unresolved,ambient,remaining overworld monster ambient candidate,monster,Toadstool,unresolved,profile-a0c58b95907685c3,"[-1280.0,-1344.0,1280.0,1216.0]","[743.8426513671875,42.327880859375,-442.9015197753906]",-2.8926351070404053,Toadstool spawn,observation-only; home/slot/respawn unresolved
314,9e6cfebd-14dd-4f13-bc74-83e8a41788d1,2026-09-15T15:27:30.2940936Z,190,Mor Dhona,unresolved,unresolved,ambient,remaining overworld monster ambient candidate,monster,Toxic Toad,unresolved,profile-a0c58b95907685c3,"[-1280.0,-1344.0,1280.0,1216.0]","[780.091064453125,41.97480773925781,-558.2908325195312]",1.7685282230377197, Toxic Toad spawn,observation-only; home/slot/respawn unresolved
315,ee73db33-ba26-4de8-9890-15e3ed9b7a60,2026-09-15T15:27:48.0061416Z,190,Mor Dhona,unresolved,unresolved,ambient,remaining overworld monster ambient candidate,monster,Toxic Toad,unresolved,profile-a0c58b95907685c3,"[-1280.0,-1344.0,1280.0,1216.0]","[792.2606811523438,40.70000457763672,-532.7286376953125]",0.7373272180557251,Toxic Toad spawn,observation-only; home/slot/respawn unresolved
316,45c9fc4f-4960-48bb-b837-81ce78d3bdaa,2026-09-15T15:30:08.9902302Z,190,Mor Dhona,unresolved,unresolved,ambient,remaining overworld monster ambient candidate,monster,Toadstool,unresolved,profile-a0c58b95907685c3,"[-1280.0,-1344.0,1280.0,1216.0]","[788.4552612304688,40.70000457763672,-536.562744140625]",-2.566458225250244,Toadstool spawn,observation-only; home/slot/respawn unresolved
317,bd8ef8a4-ffb9-4080-91ed-c611458d9f37,2026-09-15T15:32:45.2782526Z,190,Mor Dhona,unresolved,unresolved,ambient,remaining overworld monster ambient candidate,monster,Toadstool,unresolved,profile-a0c58b95907685c3,"[-1280.0,-1344.0,1280.0,1216.0]","[769.337646484375,42.59159469604492,-600.0486450195312]",2.809377670288086,Toadstool spawn,observation-only; home/slot/respawn unresolved
318,bdb5a66c-4e78-43c7-8380-efefcde90454,2026-09-15T15:33:11.8462656Z,190,Mor Dhona,unresolved,unresolved,ambient,remaining overworld monster ambient candidate,monster,Toadstool,unresolved,profile-a0c58b95907685c3,"[-1280.0,-1344.0,1280.0,1216.0]","[803.0430297851562,45.70003128051758,-592.0599365234375]",0.29414308071136475,Toadstool Spawn,observation-only; home/slot/respawn unresolved
319,a467ca05-85b2-4508-8ac3-e62b50dd0e2d,2026-09-15T15:33:23.1747495Z,190,Mor Dhona,unresolved,unresolved,ambient,remaining overworld monster ambient candidate,monster,Toadstool,unresolved,profile-a0c58b95907685c3,"[-1280.0,-1344.0,1280.0,1216.0]","[822.697265625,43.54697036743164,-575.6602783203125]",1.1888508796691895,Toadstool spawn,observation-only; home/slot/respawn unresolved
320,31a228b7-bcc8-4d74-bb1c-c64b84541228,2026-09-15T15:43:33.7425603Z,190,Mor Dhona,unresolved,unresolved,ambient,remaining overworld monster ambient candidate,monster,Truffle Hog,unresolved,profile-a0c58b95907685c3,"[-1280.0,-1344.0,1280.0,1216.0]","[276.5278015136719,18.42084312438965,391.6005859375]",1.406030535697937,Truffle Hog spawn,observation-only; home/slot/respawn unresolved
321,a3a8ad61-da6c-4009-a71b-4baae6cbf0d0,2026-09-15T15:44:05.3507386Z,190,Mor Dhona,unresolved,unresolved,ambient,remaining overworld monster ambient candidate,monster,Truffle Hog,unresolved,profile-a0c58b95907685c3,"[-1280.0,-1344.0,1280.0,1216.0]","[272.5484619140625,21.241588592529297,328.3176574707031]",-0.3679046630859375,Truffle Hog spawn,observation-only; home/slot/respawn unresolved
322,942e3859-8232-4fa3-8090-87bc929be17f,2026-09-15T15:48:12.0709749Z,190,Mor Dhona,unresolved,unresolved,ambient,remaining overworld monster ambient candidate,monster,Truffle Hog,unresolved,profile-a0c58b95907685c3,"[-1280.0,-1344.0,1280.0,1216.0]","[243.75221252441406,18.01761817932129,426.6018371582031]",-1.0589489936828613,Truffle Hog spawn,observation-only; home/slot/respawn unresolved
323,b6579d38-6665-4c33-a62b-7f715d6ec9c5,2026-09-15T15:49:43.1590096Z,190,Mor Dhona,unresolved,unresolved,ambient,remaining overworld monster ambient candidate,monster,Truffle Hog,unresolved,profile-a0c58b95907685c3,"[-1280.0,-1344.0,1280.0,1216.0]","[364.9163818359375,41.350364685058594,318.26068115234375]",1.1458357572555542,Truffle Hog spawn,observation-only; home/slot/respawn unresolved
324,53662901-7939-46cd-a241-733e86e08c1a,2026-09-15T16:06:09.3350796Z,190,Mor Dhona,unresolved,unresolved,ambient,remaining overworld monster ambient candidate,monster,Truffle Hog,unresolved,profile-a0c58b95907685c3,"[-1280.0,-1344.0,1280.0,1216.0]","[61.93601989746094,5.9749627113342285,739.0735473632812]",2.5302066802978516,Truffle Hog spawn,observation-only; home/slot/respawn unresolved
325,029b7aec-7fb7-482e-99d6-a159f944b26c,2026-09-15T16:06:23.4950361Z,190,Mor Dhona,unresolved,unresolved,ambient,remaining overworld monster ambient candidate,monster,Truffle Hog,unresolved,profile-a0c58b95907685c3,"[-1280.0,-1344.0,1280.0,1216.0]","[37.28691101074219,13.367305755615234,739.1729125976562]",0.8201700448989868,Truffle Hog spawn,observation-only; home/slot/respawn unresolved
326,b27e48c9-793a-4446-bcb9-c64484869781,2026-09-15T16:06:43.5912926Z,190,Mor Dhona,unresolved,unresolved,ambient,remaining overworld monster ambient candidate,monster,Truffle Hog,unresolved,profile-a0c58b95907685c3,"[-1280.0,-1344.0,1280.0,1216.0]","[70.92185974121094,6.87279748916626,688.7988891601562]",2.898311138153076,Truffle Hog spawn,observation-only; home/slot/respawn unresolved
327,8acd5600-5867-468c-9ef9-dbf464005e65,2026-09-15T16:13:32.2392801Z,190,Mor Dhona,unresolved,unresolved,ambient,remaining overworld monster ambient candidate,monster,Truffle Hog,unresolved,profile-a0c58b95907685c3,"[-1280.0,-1344.0,1280.0,1216.0]","[-191.58566284179688,7.744165420532227,454.8138732910156]",1.817935824394226,Truffle Hog spawn,observation-only; home/slot/respawn unresolved
328,fa3e3151-47b9-44c5-a664-d8e8661bb74f,2026-09-15T16:13:43.1034915Z,190,Mor Dhona,unresolved,unresolved,ambient,remaining overworld monster ambient candidate,monster,Truffle Hog,unresolved,profile-a0c58b95907685c3,"[-1280.0,-1344.0,1280.0,1216.0]","[-196.6269989013672,7.644000053405762,502.74700927734375]",0.0,Truffle Hog spawn,observation-only; home/slot/respawn unresolved
329,ac0c2880-5150-459c-91dd-42cfe0f7eeff,2026-09-15T16:14:36.519296Z,190,Mor Dhona,unresolved,unresolved,ambient,remaining overworld monster ambient candidate,monster,Truffle Hog,unresolved,profile-a0c58b95907685c3,"[-1280.0,-1344.0,1280.0,1216.0]","[259.9478454589844,19.95981216430664,254.66876220703125]",-0.05142927169799805,Truffle Hog spawn,observation-only; home/slot/respawn unresolved
330,8e9e519d-a38d-4639-94e0-beb404073d2c,2026-09-15T16:14:56.5592592Z,190,Mor Dhona,unresolved,unresolved,ambient,remaining overworld monster ambient candidate,monster,Truffle Hog,unresolved,profile-a0c58b95907685c3,"[-1280.0,-1344.0,1280.0,1216.0]","[320.2372131347656,17.814041137695312,224.97520446777344]",2.4339332580566406,Truffle Hog spawn,observation-only; home/slot/respawn unresolved
331,3f043e5f-20ec-40c4-8438-39981a1316e9,2026-09-15T16:15:24.4478549Z,190,Mor Dhona,unresolved,unresolved,ambient,remaining overworld monster ambient candidate,monster,Truffle Hog,unresolved,profile-a0c58b95907685c3,"[-1280.0,-1344.0,1280.0,1216.0]","[342.5060729980469,24.090892791748047,238.36619567871094]",-0.18751096725463867,Truffle Hog spawn,observation-only; home/slot/respawn unresolved
332,fc1a0af3-bb3a-4533-b099-c50f2e55f05b,2026-09-15T16:15:37.6401783Z,190,Mor Dhona,unresolved,unresolved,ambient,remaining overworld monster ambient candidate,monster,Truffle Hog,unresolved,profile-a0c58b95907685c3,"[-1280.0,-1344.0,1280.0,1216.0]","[329.37664794921875,22.054027557373047,267.2361755371094]",-0.18006134033203125,Truffle Hog spawn,observation-only; home/slot/respawn unresolved
333,85b8c6fd-5ccd-4356-bc7a-1ec7b98cb736,2026-09-15T16:18:59.6474012Z,190,Mor Dhona,unresolved,unresolved,ambient,remaining overworld monster ambient candidate,monster,Headrip Ogre,unresolved,profile-a0c58b95907685c3,"[-1280.0,-1344.0,1280.0,1216.0]","[-450.9153747558594,-52.0,-251.3751220703125]",0.23803667724132538,Headrip Ogre spawn,observation-only; home/slot/respawn unresolved
334,3b0f11f9-dbb1-49f1-9dfe-5c5b39e3bc95,2026-09-15T16:25:16.5354919Z,190,Mor Dhona,unresolved,unresolved,ambient,remaining overworld monster ambient candidate,monster,TruffleHog,unresolved,profile-a0c58b95907685c3,"[-1280.0,-1344.0,1280.0,1216.0]","[-281.2878112792969,23.88934326171875,233.7032928466797]",-2.2590079307556152,TruffleHog spawn,observation-only; home/slot/respawn unresolved
335,2dc68e66-683e-4289-86d0-9ffb6a156362,2026-09-15T16:25:50.9997929Z,190,Mor Dhona,unresolved,unresolved,ambient,remaining overworld monster ambient candidate,monster,Goblin Bouncer,unresolved,profile-a0c58b95907685c3,"[-1280.0,-1344.0,1280.0,1216.0]","[-393.25299072265625,21.188989639282227,198.16900634765625]",0.0,Goblin Bouncer spawn,observation-only; home/slot/respawn unresolved
336,50bf74cc-44e2-4e10-af2f-46b50b3907e8,2026-09-15T16:28:12.0157113Z,190,Mor Dhona,unresolved,unresolved,ambient,remaining overworld monster ambient candidate,monster,Trufflehog,unresolved,profile-a0c58b95907685c3,"[-1280.0,-1344.0,1280.0,1216.0]","[-389.24322509765625,19.059520721435547,79.2617416381836]",0.14450766146183014,Trufflehog spawn,observation-only; home/slot/respawn unresolved
337,cca03be9-c806-4662-9afc-bac1d86f652a,2026-09-15T16:28:56.3519763Z,190,Mor Dhona,unresolved,unresolved,ambient,remaining overworld monster ambient candidate,monster,Goblin Bouncer,unresolved,profile-a0c58b95907685c3,"[-1280.0,-1344.0,1280.0,1216.0]","[-425.6709899902344,1.1562244892120361,67.4962387084961]",-1.1920313835144043,Goblin Bouncer spawn,observation-only; home/slot/respawn unresolved
338,690d5fea-1b68-4374-a391-2f497416a84d,2026-09-15T16:29:08.3602716Z,190,Mor Dhona,unresolved,unresolved,ambient,remaining overworld monster ambient candidate,monster,Goblin Bouncer,unresolved,profile-a0c58b95907685c3,"[-1280.0,-1344.0,1280.0,1216.0]","[-450.02752685546875,-3.396552562713623,54.77857208251953]",-2.345996379852295,Goblin Bouncer spawn,observation-only; home/slot/respawn unresolved
339,75c898d6-aa33-4a49-a6f8-96ae473980be,2026-09-15T16:30:00.3677857Z,190,Mor Dhona,unresolved,unresolved,ambient,remaining overworld monster ambient candidate,monster,Truffle Hog,unresolved,profile-a0c58b95907685c3,"[-1280.0,-1344.0,1280.0,1216.0]","[-359.25048828125,18.588115692138672,59.004425048828125]",1.7449451684951782,Truffle Hog spawn,observation-only; home/slot/respawn unresolved
340,1dacb84b-75d3-4be0-8944-ede80ab5d1e3,2026-09-15T16:30:11.2637466Z,190,Mor Dhona,unresolved,unresolved,ambient,remaining overworld monster ambient candidate,monster,Truffle Hog,unresolved,profile-a0c58b95907685c3,"[-1280.0,-1344.0,1280.0,1216.0]","[-337.0754699707031,19.42530632019043,66.98173522949219]",1.2178924083709717,Truffle Hog spawn,observation-only; home/slot/respawn unresolved
341,ce1b18e9-7d9c-47b0-8ae4-3d5bffbac8e8,2026-09-15T16:30:36.7596738Z,190,Mor Dhona,unresolved,unresolved,ambient,remaining overworld monster ambient candidate,monster,Truffle Hog,unresolved,profile-a0c58b95907685c3,"[-1280.0,-1344.0,1280.0,1216.0]","[-310.1288757324219,23.977920532226562,87.42876434326172]",2.9633214473724365,Truffle Hog spawn,observation-only; home/slot/respawn unresolved
342,3720e9b1-03ba-4295-b2c7-4283f7c479c2,2026-09-15T16:31:15.0320499Z,190,Mor Dhona,unresolved,unresolved,ambient,remaining overworld monster ambient candidate,monster,Truffle Hog,unresolved,profile-a0c58b95907685c3,"[-1280.0,-1344.0,1280.0,1216.0]","[-358.2113952636719,23.42485809326172,-65.04724884033203]",3.0154805183410645,Truffle Hog spawn,observation-only; home/slot/respawn unresolved
343,f8952933-4d79-4422-b2e8-26c10ffe6fd6,2026-09-15T16:31:27.6076878Z,190,Mor Dhona,unresolved,unresolved,ambient,remaining overworld monster ambient candidate,monster,Truffle Hog,unresolved,profile-a0c58b95907685c3,"[-1280.0,-1344.0,1280.0,1216.0]","[-382.3523254394531,20.000003814697266,-66.65604400634766]",2.3610901832580566,Truffle Hog spawn,observation-only; home/slot/respawn unresolved
344,b8bd16ea-49c3-4b0e-9f36-f6856dbe159f,2026-09-15T16:31:39.5361234Z,190,Mor Dhona,unresolved,unresolved,ambient,remaining overworld monster ambient candidate,monster,Truffle Hog,unresolved,profile-a0c58b95907685c3,"[-1280.0,-1344.0,1280.0,1216.0]","[-382.78302001953125,21.736433029174805,-46.61190414428711]",-0.048985958099365234,Truffle Hog spawn,observation-only; home/slot/respawn unresolved
345,e21e68d9-8ab7-4336-8656-00b992b3ac11,2026-09-15T16:32:07.8481896Z,190,Mor Dhona,unresolved,unresolved,ambient,remaining overworld monster ambient candidate,monster,Truffle Hog,unresolved,profile-a0c58b95907685c3,"[-1280.0,-1344.0,1280.0,1216.0]","[-387.1537780761719,19.732702255249023,-126.56523132324219]",2.728102922439575,Truffle Hog spawn,observation-only; home/slot/respawn unresolved
346,7b1617bc-fa7a-4eee-a9ef-667e44808a6c,2026-09-15T16:32:58.4479102Z,190,Mor Dhona,unresolved,unresolved,ambient,remaining overworld monster ambient candidate,monster,Pugot,unresolved,profile-a0c58b95907685c3,"[-1280.0,-1344.0,1280.0,1216.0]","[-440.8363952636719,-2.0932037830352783,-140.47332763671875]",-1.353363037109375,Pugot Spawn,observation-only; home/slot/respawn unresolved
347,a44725fa-b827-42e2-8c58-581b4db9028a,2026-09-15T16:33:54.2880131Z,190,Mor Dhona,unresolved,unresolved,ambient,remaining overworld monster ambient candidate,monster,Truffle Hog,unresolved,profile-a0c58b95907685c3,"[-1280.0,-1344.0,1280.0,1216.0]","[259.2298583984375,19.661611557006836,503.7633972167969]",-3.0968639850616455,Truffle Hog spawn,observation-only; home/slot/respawn unresolved
348,39554879-3504-4fa9-b5a6-b62da63767ad,2026-09-15T16:34:07.5197254Z,190,Mor Dhona,unresolved,unresolved,ambient,remaining overworld monster ambient candidate,monster,Truffle Hog,unresolved,profile-a0c58b95907685c3,"[-1280.0,-1344.0,1280.0,1216.0]","[301.69769287109375,18.807703018188477,507.29937744140625]",1.064339280128479,Truffle Hog spawn,observation-only; home/slot/respawn unresolved
349,51343393-dd25-43af-8b67-c84c5c4b7cd4,2026-09-15T16:34:17.9040726Z,190,Mor Dhona,unresolved,unresolved,ambient,remaining overworld monster ambient candidate,monster,Truffle Hog,unresolved,profile-a0c58b95907685c3,"[-1280.0,-1344.0,1280.0,1216.0]","[314.14117431640625,18.109966278076172,485.54156494140625]",3.029020071029663,Truffle Hog spawn,observation-only; home/slot/respawn unresolved
350,7da842b7-d8c2-497b-9c8f-4cc18dd364fc,2026-09-15T16:34:41.7196724Z,190,Mor Dhona,unresolved,unresolved,ambient,remaining overworld monster ambient candidate,monster,Truffle Hog,unresolved,profile-a0c58b95907685c3,"[-1280.0,-1344.0,1280.0,1216.0]","[262.5909423828125,19.434904098510742,463.4281311035156]",-2.926410436630249,Truffle Hog spawn,observation-only; home/slot/respawn unresolved
351,6cfbe7f5-16fa-41ad-9f03-0af104c4df82,2026-09-15T16:36:23.0884956Z,190,Mor Dhona,unresolved,unresolved,ambient,remaining overworld monster ambient candidate,monster,Qiqirn Scrambler,unresolved,profile-a0c58b95907685c3,"[-1280.0,-1344.0,1280.0,1216.0]","[323.8550109863281,31.2620906829834,329.25299072265625]",0.0,Qiqirn Scrambler spawn,observation-only; home/slot/respawn unresolved
352,8c9caa6a-1b83-4d5a-afe8-3572a536db29,2026-09-15T16:36:37.8560862Z,190,Mor Dhona,unresolved,unresolved,ambient,remaining overworld monster ambient candidate,monster,Qiqirn Scrambler,unresolved,profile-a0c58b95907685c3,"[-1280.0,-1344.0,1280.0,1216.0]","[286.29620361328125,25.35172462463379,347.3249206542969]",-1.4449348449707031,Qiqirn Scrambler spawn,observation-only; home/slot/respawn unresolved
353,457da88d-f7dc-418c-8164-c8fe1a5c7867,2026-09-15T16:36:53.1599698Z,190,Mor Dhona,unresolved,unresolved,ambient,remaining overworld monster ambient candidate,monster,Qiqirn Scrambler,unresolved,profile-a0c58b95907685c3,"[-1280.0,-1344.0,1280.0,1216.0]","[327.6985168457031,31.90471649169922,324.5814514160156]",1.6307328939437866,Qiqirn Scrambler spawn,observation-only; home/slot/respawn unresolved
354,c6355718-14bd-4480-a462-81e1985534c5,2026-09-15T16:37:27.5838454Z,190,Mor Dhona,unresolved,unresolved,ambient,remaining overworld monster ambient candidate,monster,Qiqirn Scrambler,unresolved,profile-a0c58b95907685c3,"[-1280.0,-1344.0,1280.0,1216.0]","[393.03594970703125,42.52207565307617,267.47039794921875]",2.5727412700653076,Qiqirn Scrambler spawn,observation-only; home/slot/respawn unresolved
355,51cb690f-04d0-4bbe-bbad-55a27b2f0e3f,2026-09-15T16:39:15.9797767Z,190,Mor Dhona,unresolved,unresolved,ambient,remaining overworld monster ambient candidate,monster,Toxic Toad,unresolved,profile-a0c58b95907685c3,"[-1280.0,-1344.0,1280.0,1216.0]","[-33.627288818359375,16.80403709411621,406.7980041503906]",-2.8261661529541016,Toxic toad spawn,observation-only; home/slot/respawn unresolved
356,5f6d9419-8177-4519-8749-4231d6494af7,2026-09-15T16:39:39.0240919Z,190,Mor Dhona,unresolved,unresolved,ambient,remaining overworld monster ambient candidate,monster,Truffle hog,unresolved,profile-a0c58b95907685c3,"[-1280.0,-1344.0,1280.0,1216.0]","[-46.908931732177734,18.45931053161621,378.0321350097656]",-2.9862046241760254,Truffle hog spawn,observation-only; home/slot/respawn unresolved
357,f8daf763-ea1c-4984-9496-c182d2343b81,2026-09-15T16:39:53.1118468Z,190,Mor Dhona,unresolved,unresolved,ambient,remaining overworld monster ambient candidate,monster,Truffle hog,unresolved,profile-a0c58b95907685c3,"[-1280.0,-1344.0,1280.0,1216.0]","[-64.75813293457031,17.845338821411133,373.5384216308594]",-1.8279132843017578,Truffle hog spawn,observation-only; home/slot/respawn unresolved
358,5c6c5fa6-59a6-4d15-b3c6-a0ba3a1fb682,2026-09-15T16:45:30.1758624Z,190,Mor Dhona,unresolved,unresolved,ambient,remaining overworld monster ambient candidate,monster,Truffle hog,unresolved,profile-a0c58b95907685c3,"[-1280.0,-1344.0,1280.0,1216.0]","[-131.00112915039062,17.84906768798828,353.8258972167969]",-2.644172191619873,Truffle hog spawn,observation-only; home/slot/respawn unresolved
359,749169b8-77ec-4afe-b9ed-4cb53f8a05c4,2026-09-15T16:45:40.0319384Z,190,Mor Dhona,unresolved,unresolved,ambient,remaining overworld monster ambient candidate,monster,Truffle hog,unresolved,profile-a0c58b95907685c3,"[-1280.0,-1344.0,1280.0,1216.0]","[-159.42140197753906,18.51512908935547,350.5476989746094]",1.31333589553833,Truffle hog spawn,observation-only; home/slot/respawn unresolved
360,3343169d-b2a1-4714-a93b-c0b289d4402e,2026-09-15T16:46:02.2096799Z,190,Mor Dhona,unresolved,unresolved,ambient,remaining overworld monster ambient candidate,monster,Toxic Toad,unresolved,profile-a0c58b95907685c3,"[-1280.0,-1344.0,1280.0,1216.0]","[-224.03329467773438,16.700002670288086,360.6569519042969]",-0.9942545890808105,Toxic Toad spawn,observation-only; home/slot/respawn unresolved
361,15c32ff9-9416-4ae5-82b2-36683ebc6fd8,2026-09-15T16:46:15.9447012Z,190,Mor Dhona,unresolved,unresolved,ambient,remaining overworld monster ambient candidate,monster,Truffle hog,unresolved,profile-a0c58b95907685c3,"[-1280.0,-1344.0,1280.0,1216.0]","[-252.00250244140625,18.346376419067383,409.5751037597656]",-1.3278388977050781,Truffle hog spawn,observation-only; home/slot/respawn unresolved
362,d29a1723-d28e-4b12-bc8f-7b6b981d944c,2026-09-15T16:55:26.1765103Z,190,Mor Dhona,unresolved,unresolved,ambient,remaining overworld monster ambient candidate,monster,Truffle hog,unresolved,profile-a0c58b95907685c3,"[-1280.0,-1344.0,1280.0,1216.0]","[-323.8028564453125,8.384112358093262,707.6823120117188]",-1.9902968406677246,Truffle hog spawn,observation-only; home/slot/respawn unresolved
363,93903b6f-135b-44e5-94ef-37d457cdfe10,2026-09-15T16:55:34.7204003Z,190,Mor Dhona,unresolved,unresolved,ambient,remaining overworld monster ambient candidate,monster,Truffle hog,unresolved,profile-a0c58b95907685c3,"[-1280.0,-1344.0,1280.0,1216.0]","[-312.8509521484375,7.42026424407959,695.7381591796875]",1.5255461931228638,Truffle hog spawn,observation-only; home/slot/respawn unresolved
364,517350f3-8b53-47be-9b46-84ac23751ac8,2026-09-15T16:55:48.8086087Z,190,Mor Dhona,unresolved,unresolved,ambient,remaining overworld monster ambient candidate,monster,Truffle hog,unresolved,profile-a0c58b95907685c3,"[-1280.0,-1344.0,1280.0,1216.0]","[-297.17626953125,6.809257507324219,707.8060913085938]",0.46997788548469543,Truffle hog spawn,observation-only; home/slot/respawn unresolved
365,2dd47507-8743-47ff-9755-be05cdd6d8de,2026-09-15T16:56:16.784259Z,190,Mor Dhona,unresolved,unresolved,ambient,remaining overworld monster ambient candidate,monster,Truffle hog,unresolved,profile-a0c58b95907685c3,"[-1280.0,-1344.0,1280.0,1216.0]","[-254.6479949951172,8.000025749206543,638.595947265625]",2.7038726806640625,Truffle hog spawn,observation-only; home/slot/respawn unresolved
366,df16e90a-30bc-4511-afe4-869492d05291,2026-09-15T16:57:11.2561995Z,190,Mor Dhona,unresolved,unresolved,ambient,remaining overworld monster ambient candidate,monster,Evil Eye,unresolved,profile-a0c58b95907685c3,"[-1280.0,-1344.0,1280.0,1216.0]","[-164.26783752441406,10.617175102233887,661.1163330078125]",2.6838815212249756,Evil Eye spawn,observation-only; home/slot/respawn unresolved
367,b0692c49-8dc4-466f-9ac7-27d0949cd0c1,2026-09-15T16:58:25.7603435Z,190,Mor Dhona,unresolved,unresolved,ambient,remaining overworld monster ambient candidate,monster,Truffle hog,unresolved,profile-a0c58b95907685c3,"[-1280.0,-1344.0,1280.0,1216.0]","[-119.73953247070312,36.912349700927734,614.2036743164062]",2.3311924934387207,Truffle hog spawn,observation-only; home/slot/respawn unresolved
368,09214c0d-2858-449c-9410-8c81f9201fba,2026-09-15T16:58:53.1761472Z,190,Mor Dhona,unresolved,unresolved,ambient,remaining overworld monster ambient candidate,monster,Truffle hog,unresolved,profile-a0c58b95907685c3,"[-1280.0,-1344.0,1280.0,1216.0]","[-129.4758758544922,31.859567642211914,648.4982299804688]",-0.5443892478942871,Truffle hog spawn,observation-only; home/slot/respawn unresolved
369,e53df191-9103-41e1-b190-daf7f2757157,2026-09-15T16:59:52.4324047Z,190,Mor Dhona,unresolved,unresolved,ambient,remaining overworld monster ambient candidate,monster,Diremite,unresolved,profile-a0c58b95907685c3,"[-1280.0,-1344.0,1280.0,1216.0]","[-165.8775177001953,30.647850036621094,633.6513671875]",-1.7133030891418457,Diremite Spawn,observation-only; home/slot/respawn unresolved
370,baf52467-a301-4877-b122-4c9ed03a06df,2026-09-15T21:58:48.6956296Z,190,Mor Dhona,unresolved,unresolved,ambient,remaining overworld monster ambient candidate,monster,Imperial Sagittarius,unresolved,profile-a0c58b95907685c3,"[-1280.0,-1344.0,1280.0,1216.0]","[-578.868408203125,-1.3252862691879272,-41.91325378417969]",1.2498663663864136,imperial Sagittarius spawn,observation-only; home/slot/respawn unresolved
442,4908d34a-b9f1-4d54-bcc3-8cfd5fcbac0e,2026-09-16T01:07:08.1723051Z,190,Mor Dhona,unresolved,unresolved,ambient,remaining overworld monster ambient candidate,monster,Toxic Toad,unresolved,profile-a0c58b95907685c3,"[-1280.0,-1344.0,1280.0,1216.0]","[-605.301025390625,-31.22801399230957,-368.5780029296875]",0.0,Toxic Toad spawn,observation-only; home/slot/respawn unresolved
443,c749ad6e-d8cb-4e1f-9fb2-4d6e3c8d9987,2026-09-16T01:20:46.0925936Z,190,Mor Dhona,unresolved,unresolved,ambient,remaining overworld monster ambient candidate,monster,Hunter Kalong,unresolved,profile-a0c58b95907685c3,"[-1280.0,-1344.0,1280.0,1216.0]","[-275.1878967285156,17.423080444335938,177.47276306152344]",0.9042161703109741,Hunter Kalong spawn,observation-only; home/slot/respawn unresolved
444,affb15c9-9a93-4cf7-8904-f1f9a8606edd,2026-09-16T01:21:10.6845342Z,190,Mor Dhona,unresolved,unresolved,ambient,remaining overworld monster ambient candidate,monster,Hunter Kalong,unresolved,profile-a0c58b95907685c3,"[-1280.0,-1344.0,1280.0,1216.0]","[-288.50628662109375,17.41611099243164,183.20767211914062]",-1.0905208587646484,Hunter Kalong spawn,observation-only; home/slot/respawn unresolved
445,4503370a-17b8-4a8b-970a-ad39fe80fc10,2026-09-16T01:21:59.4053596Z,190,Mor Dhona,unresolved,unresolved,ambient,remaining overworld monster ambient candidate,monster,Goblin Bouncer,unresolved,profile-a0c58b95907685c3,"[-1280.0,-1344.0,1280.0,1216.0]","[-382.7963562011719,19.972410202026367,123.42720794677734]",2.1213581562042236,Goblin Bouncer spawn,observation-only; home/slot/respawn unresolved
446,5c3548dd-5532-4de1-8674-aaaa94b47a02,2026-09-16T01:22:22.557185Z,190,Mor Dhona,unresolved,unresolved,ambient,remaining overworld monster ambient candidate,monster,Goblin Bouncer,unresolved,profile-a0c58b95907685c3,"[-1280.0,-1344.0,1280.0,1216.0]","[-408.3793029785156,18.816661834716797,134.4464569091797]",-1.468034267425537,Goblin Bouncer spawn,observation-only; home/slot/respawn unresolved
447,755d4c28-48c7-45ec-87dd-f09efe7ae147,2026-09-16T01:22:38.5594531Z,190,Mor Dhona,unresolved,unresolved,ambient,remaining overworld monster ambient candidate,monster,Goblin Bouncer,unresolved,profile-a0c58b95907685c3,"[-1280.0,-1344.0,1280.0,1216.0]","[-387.86016845703125,19.92510223388672,133.39695739746094]",1.4825340509414673,Goblin Bouncer,observation-only; home/slot/respawn unresolved
448,fa2fe4cf-c847-4f93-aa27-b60614b73144,2026-09-16T01:24:59.4053849Z,190,Mor Dhona,unresolved,unresolved,ambient,remaining overworld monster ambient candidate,monster,Goblin Bouncer,unresolved,profile-a0c58b95907685c3,"[-1280.0,-1344.0,1280.0,1216.0]","[-445.0025329589844,21.447072982788086,246.4295196533203]",0.2854054570198059,Goblin Bouncer spawn,observation-only; home/slot/respawn unresolved
449,1398cb50-fd75-42ba-8e3f-295392236665,2026-09-16T01:27:28.853605Z,190,Mor Dhona,unresolved,unresolved,ambient,remaining overworld monster ambient candidate,monster,VIIth Legion Sagitarius,unresolved,profile-a0c58b95907685c3,"[-1280.0,-1344.0,1280.0,1216.0]","[-524.1965942382812,-2.340445041656494,322.0445556640625]",-2.1602907180786133,VIIth Legion Sagitarius spawn,observation-only; home/slot/respawn unresolved
450,a214eeca-3675-4456-82a4-027b8432f335,2026-09-16T01:27:56.4852918Z,190,Mor Dhona,unresolved,unresolved,ambient,remaining overworld monster ambient candidate,monster,VIIth Legion Eques,unresolved,profile-a0c58b95907685c3,"[-1280.0,-1344.0,1280.0,1216.0]","[-515.3585815429688,-3.7515838146209717,316.5167541503906]",2.142068386077881,VIIth Legion Eques spawn,observation-only; home/slot/respawn unresolved
451,c1d57eac-77d4-47db-aea0-df0350e1fe52,2026-09-16T01:28:21.5807283Z,190,Mor Dhona,unresolved,unresolved,ambient,remaining overworld monster ambient candidate,monster,VIIth Legion Medicus,unresolved,profile-a0c58b95907685c3,"[-1280.0,-1344.0,1280.0,1216.0]","[-528.2259521484375,-5.140018939971924,341.9927062988281]",0.525902271270752,VIIth Legion Medicus spawn,observation-only; home/slot/respawn unresolved
452,b6cd10c4-f459-4924-b9c7-3f9d7cac7c18,2026-09-16T01:28:39.5652537Z,190,Mor Dhona,unresolved,unresolved,ambient,remaining overworld monster ambient candidate,monster,VIIth Legion Laquearius,unresolved,profile-a0c58b95907685c3,"[-1280.0,-1344.0,1280.0,1216.0]","[-523.4188842773438,-3.8695034980773926,354.1614990234375]",1.143584966659546,VIIth Legion Laquearius spawn,observation-only; home/slot/respawn unresolved
453,c4e2a335-cf26-4fbf-9147-7c6c0c99ada6,2026-09-16T01:28:57.4211315Z,190,Mor Dhona,unresolved,unresolved,ambient,remaining overworld monster ambient candidate,monster,VIIth Legion Secutor,unresolved,profile-a0c58b95907685c3,"[-1280.0,-1344.0,1280.0,1216.0]","[-512.7552490234375,-6.240433692932129,352.0129089355469]",1.9454880952835083,VIIth Legion Secutor spawn,observation-only; home/slot/respawn unresolved
454,d0871663-4a51-4d52-b17a-c37f50970b57,2026-09-16T01:29:18.7891421Z,190,Mor Dhona,unresolved,unresolved,ambient,remaining overworld monster ambient candidate,monster,VIIth Legion Signifer,unresolved,profile-a0c58b95907685c3,"[-1280.0,-1344.0,1280.0,1216.0]","[-510.4235534667969,-4.550036907196045,330.72003173828125]",2.877495288848877,VIIth Legion Signifer spawn,observation-only; home/slot/respawn unresolved
455,b772a101-5a49-4328-9a42-7787c9ba78a9,2026-09-16T01:29:53.9173015Z,190,Mor Dhona,unresolved,unresolved,ambient,remaining overworld monster ambient candidate,monster,VIIth Legion Hoplomachus,unresolved,profile-a0c58b95907685c3,"[-1280.0,-1344.0,1280.0,1216.0]","[-517.33056640625,-5.925548553466797,284.02386474609375]",-2.878203868865967,VIIth Legion Hoplomachus spawn,observation-only; home/slot/respawn unresolved
456,1f288e88-62dc-4706-ae46-ebad2e6cb4b1,2026-09-16T01:30:21.4215301Z,190,Mor Dhona,unresolved,unresolved,ambient,remaining overworld monster ambient candidate,monster,Goblin Bouncer,unresolved,profile-a0c58b95907685c3,"[-1280.0,-1344.0,1280.0,1216.0]","[-517.0352783203125,-4.8177289962768555,241.64779663085938]",0.1570199429988861,Goblin Bouncer spawn,observation-only; home/slot/respawn unresolved
457,f0f84588-2b03-4131-b88a-6e86f2945833,2026-09-16T01:30:40.821541Z,190,Mor Dhona,unresolved,unresolved,ambient,remaining overworld monster ambient candidate,monster,Toxic toad,unresolved,profile-a0c58b95907685c3,"[-1280.0,-1344.0,1280.0,1216.0]","[-543.0789794921875,-7.163887977600098,233.89370727539062]",-2.5441858768463135,Toxic Toad spawn,observation-only; home/slot/respawn unresolved
458,cf7e8e7e-0733-4875-8bf2-4d53b0355eda,2026-09-16T01:30:57.8292464Z,190,Mor Dhona,unresolved,unresolved,ambient,remaining overworld monster ambient candidate,monster,Goblin Bouncer,unresolved,profile-a0c58b95907685c3,"[-1280.0,-1344.0,1280.0,1216.0]","[-517.4921875,-6.122737884521484,226.9540252685547]",2.6896703243255615,Goblin Bouncer spawn,observation-only; home/slot/respawn unresolved
459,e4e5ef48-ef42-416d-8f46-69cfb7d5326d,2026-09-16T01:31:16.9328268Z,190,Mor Dhona,unresolved,unresolved,ambient,remaining overworld monster ambient candidate,monster,Goblin Bouncer,unresolved,profile-a0c58b95907685c3,"[-1280.0,-1344.0,1280.0,1216.0]","[-510.92559814453125,-5.3382110595703125,213.68479919433594]",2.681943416595459,Goblin Bouncer spawn,observation-only; home/slot/respawn unresolved
460,985a84fe-2820-4126-955c-37ed10af882a,2026-09-16T01:31:46.0048819Z,190,Mor Dhona,unresolved,unresolved,ambient,remaining overworld monster ambient candidate,monster,Truffle Hog,unresolved,profile-a0c58b95907685c3,"[-1280.0,-1344.0,1280.0,1216.0]","[-568.6105346679688,-4.307472229003906,254.0265350341797]",-2.320161819458008,Truffle Hog Spawn,observation-only; home/slot/respawn unresolved
461,72cc6f1b-02dc-4945-be2e-38baac250dea,2026-09-16T01:32:32.2697836Z,190,Mor Dhona,unresolved,unresolved,ambient,remaining overworld monster ambient candidate,monster,Truffle hog,unresolved,profile-a0c58b95907685c3,"[-1280.0,-1344.0,1280.0,1216.0]","[-520.5181274414062,-4.487763404846191,199.38555908203125]",3.0475821495056152,Truffle Hog spawn,observation-only; home/slot/respawn unresolved
462,ebcf7092-a488-4de1-b02f-7cff61f31163,2026-09-16T01:32:49.3810287Z,190,Mor Dhona,unresolved,unresolved,ambient,remaining overworld monster ambient candidate,monster,Goblin Bouncer,unresolved,profile-a0c58b95907685c3,"[-1280.0,-1344.0,1280.0,1216.0]","[-514.4833984375,-4.032110691070557,187.139404296875]",3.0475223064422607,Goblin Bouncer spawn,observation-only; home/slot/respawn unresolved
463,6b223e6b-b6df-4e53-a09b-4ac55d6b7211,2026-09-16T01:33:21.5571003Z,190,Mor Dhona,unresolved,unresolved,ambient,remaining overworld monster ambient candidate,monster,Truffle hog,unresolved,profile-a0c58b95907685c3,"[-1280.0,-1344.0,1280.0,1216.0]","[-486.5565185546875,1.1562504768371582,134.51036071777344]",-2.9173855781555176,Truffle hog spawn,observation-only; home/slot/respawn unresolved
464,8bfae776-51e8-4f6b-a3ce-b06bc84b015c,2026-09-16T01:33:48.6929361Z,190,Mor Dhona,unresolved,unresolved,ambient,remaining overworld monster ambient candidate,monster,Truffle hog,unresolved,profile-a0c58b95907685c3,"[-1280.0,-1344.0,1280.0,1216.0]","[-529.451904296875,-2.6716232299804688,115.6646957397461]",-0.046326637268066406,Truffle hog spawn,observation-only; home/slot/respawn unresolved
465,efe55a1f-1583-46b8-9340-528dbdaafffb,2026-09-16T01:34:18.8212675Z,190,Mor Dhona,unresolved,unresolved,ambient,remaining overworld monster ambient candidate,monster,Truffle Hog,unresolved,profile-a0c58b95907685c3,"[-1280.0,-1344.0,1280.0,1216.0]","[-469.68585205078125,-3.406907081604004,47.08518981933594]",-2.2268433570861816,Truffle Hog spawn,observation-only; home/slot/respawn unresolved
466,8371d724-5fa9-442b-b92e-1d50e1c2da2a,2026-09-16T01:41:57.6932288Z,190,Mor Dhona,unresolved,unresolved,ambient,remaining overworld monster ambient candidate,monster,Toxic toad,unresolved,profile-a0c58b95907685c3,"[-1280.0,-1344.0,1280.0,1216.0]","[-608.7486572265625,-7.299935340881348,-597.31298828125]",2.892824649810791,Toxic Toad spawn,observation-only; home/slot/respawn unresolved
467,21f76a9f-4f6b-4c24-bd15-63835a104dd1,2026-09-16T01:48:59.8772813Z,190,Mor Dhona,unresolved,unresolved,ambient,remaining overworld monster ambient candidate,monster,Toxic Toad,unresolved,profile-a0c58b95907685c3,"[-1280.0,-1344.0,1280.0,1216.0]","[-468.67132568359375,-54.60507583618164,-227.105712890625]",1.2840558290481567,Toxic toad spawn,observation-only; home/slot/respawn unresolved
468,c398ddce-7113-4425-bc6d-7176a66a70f7,2026-09-16T01:49:20.5415229Z,190,Mor Dhona,unresolved,unresolved,ambient,remaining overworld monster ambient candidate,monster,Toxic toad,unresolved,profile-a0c58b95907685c3,"[-1280.0,-1344.0,1280.0,1216.0]","[-487.7908020019531,-55.29999542236328,-231.7661895751953]",2.52052903175354,toxic toad spawn,observation-only; home/slot/respawn unresolved
469,64520c8f-2922-44bc-9cf9-d78cfc2a6828,2026-09-16T01:51:00.4455166Z,190,Mor Dhona,unresolved,unresolved,ambient,remaining overworld monster ambient candidate,monster,Toxic toad,unresolved,profile-a0c58b95907685c3,"[-1280.0,-1344.0,1280.0,1216.0]","[-274.52490234375,-6.882807731628418,-352.8558654785156]",1.0408494472503662,Toxic toad spawn,observation-only; home/slot/respawn unresolved
470,d2f0974d-aef1-4621-8011-dd563a3527aa,2026-09-16T01:51:22.8935002Z,190,Mor Dhona,unresolved,unresolved,ambient,remaining overworld monster ambient candidate,monster,Toxic Toad,unresolved,profile-a0c58b95907685c3,"[-1280.0,-1344.0,1280.0,1216.0]","[-298.7216796875,-7.300001621246338,-361.1624755859375]",-1.016963005065918,Toxic toad spawn,observation-only; home/slot/respawn unresolved
471,b3435d08-8454-492d-b322-ef31662aeab1,2026-09-16T02:17:49.7104576Z,190,Mor Dhona,unresolved,unresolved,ambient,remaining overworld monster ambient candidate,monster,Toxic Toad,unresolved,profile-a0c58b95907685c3,"[-1280.0,-1344.0,1280.0,1216.0]","[677.9010009765625,29.438831329345703,107.9409408569336]",1.0404000282287598,Toxic Toad spawn,observation-only; home/slot/respawn unresolved
472,1bdb0798-72ac-465d-afe9-73a746d98c8b,2026-09-16T02:25:31.0620836Z,190,Mor Dhona,unresolved,unresolved,ambient,remaining overworld monster ambient candidate,monster,Toadstool,unresolved,profile-a0c58b95907685c3,"[-1280.0,-1344.0,1280.0,1216.0]","[137.79571533203125,43.4479866027832,-736.3616943359375]",-0.28522157669067383,Toadstool spawn,observation-only; home/slot/respawn unresolved
473,23e92fe9-8776-4be6-9a4d-0893d07f6262,2026-09-16T02:28:09.1348036Z,190,Mor Dhona,unresolved,unresolved,ambient,remaining overworld monster ambient candidate,monster,Mountain Peiste,unresolved,profile-a0c58b95907685c3,"[-1280.0,-1344.0,1280.0,1216.0]","[35.79080581665039,30.292980194091797,-682.6671142578125]",-1.2253546714782715,Mountain Peiste spawn,observation-only; home/slot/respawn unresolved
474,bb1e7828-3ecf-4c03-8508-3faa552035f3,2026-09-16T02:28:48.8704325Z,190,Mor Dhona,unresolved,unresolved,ambient,remaining overworld monster ambient candidate,monster,Mountain Peiste,unresolved,profile-a0c58b95907685c3,"[-1280.0,-1344.0,1280.0,1216.0]","[-132.63076782226562,20.00973129272461,-701.619140625]",-0.9688506126403809,Mountain Peiste spawn,observation-only; home/slot/respawn unresolved
475,30c1b902-3d20-4229-a565-4af5eab8c25e,2026-09-16T02:29:53.7318677Z,190,Mor Dhona,unresolved,unresolved,ambient,remaining overworld monster ambient candidate,monster,Mountain Peiste,unresolved,profile-a0c58b95907685c3,"[-1280.0,-1344.0,1280.0,1216.0]","[-129.52581787109375,19.48991584777832,-756.9954223632812]",0.0955648347735405,Mountain Peiste spawn,observation-only; home/slot/respawn unresolved
476,2c31c040-b968-4f08-974f-ab0d0fe8828f,2026-09-16T02:38:38.438378Z,190,Mor Dhona,unresolved,unresolved,ambient,remaining overworld monster ambient candidate,monster,Toxic Toad,unresolved,profile-a0c58b95907685c3,"[-1280.0,-1344.0,1280.0,1216.0]","[-551.8408813476562,-7.299999713897705,213.7572784423828]",1.7802211046218872,Toxic Toad spawn,observation-only; home/slot/respawn unresolved
477,067cef32-ce50-4653-bf29-4c388b70843c,2026-09-16T03:13:53.000141Z,190,Mor Dhona,unresolved,unresolved,ambient,remaining overworld monster ambient candidate,monster,Pugot,unresolved,profile-a0c58b95907685c3,"[-1280.0,-1344.0,1280.0,1216.0]","[435.50054931640625,45.217552185058594,-78.80497741699219]",-2.492697238922119,Pugot spawn,observation-only; home/slot/respawn unresolved
478,dfbc40a9-cfb7-495f-8e3d-6eaf1a77895a,2026-09-16T03:14:21.8231048Z,190,Mor Dhona,unresolved,unresolved,ambient,remaining overworld monster ambient candidate,monster,Pugot,unresolved,profile-a0c58b95907685c3,"[-1280.0,-1344.0,1280.0,1216.0]","[497.0611572265625,43.19231033325195,-56.94991683959961]",-2.6763670444488525,Pugot spawn,observation-only; home/slot/respawn unresolved
479,1b0aaa2c-1a5b-4568-92fd-b2c2a42270f4,2026-09-16T03:14:41.6000488Z,190,Mor Dhona,unresolved,unresolved,ambient,remaining overworld monster ambient candidate,monster,Pugot,unresolved,profile-a0c58b95907685c3,"[-1280.0,-1344.0,1280.0,1216.0]","[509.055419921875,44.0,-61.748939514160156]",2.052304267883301,Pugot spawn,observation-only; home/slot/respawn unresolved
480,7b13e26d-6cc9-4d48-8f14-d8302a258503,2026-09-16T03:15:01.0163805Z,190,Mor Dhona,unresolved,unresolved,ambient,remaining overworld monster ambient candidate,monster,Pugot,unresolved,profile-a0c58b95907685c3,"[-1280.0,-1344.0,1280.0,1216.0]","[515.4215698242188,44.00007247924805,-125.77979278564453]",2.442629337310791,Pugot spawn,observation-only; home/slot/respawn unresolved
481,d56275e5-1eb4-4a03-96a2-e9e926a26dbb,2026-09-16T03:18:38.1436658Z,190,Mor Dhona,unresolved,unresolved,ambient,remaining overworld monster ambient candidate,monster,Pugot,unresolved,profile-a0c58b95907685c3,"[-1280.0,-1344.0,1280.0,1216.0]","[451.0566711425781,42.05173110961914,27.756696701049805]",-0.4143495559692383,Pugot spawn,observation-only; home/slot/respawn unresolved
482,cd15b252-0e52-487a-9760-314e228e4301,2026-09-16T03:18:57.2876863Z,190,Mor Dhona,unresolved,unresolved,ambient,remaining overworld monster ambient candidate,monster,Pugot,unresolved,profile-a0c58b95907685c3,"[-1280.0,-1344.0,1280.0,1216.0]","[437.409423828125,43.3736457824707,68.17859649658203]",1.8065403699874878,Pugot spawn,observation-only; home/slot/respawn unresolved
371,e02b3db8-f956-4175-90c3-c01901ba3001,2026-09-15T22:11:16.0479794Z,190,Mor Dhona,unresolved,unresolved,encounter,explicit quest/Grand Company/GC/boss/content note encounter candidate,monster,Imperial Hoplomachus,unresolved,profile-a0c58b95907685c3,"[-1280.0,-1344.0,1280.0,1216.0]","[-577.8932495117188,-3.8310282230377197,-60.82206344604492]",-0.1830759048461914,"Imperial Hoplomachus Grand company quest ""united we stand"" spawn",observation-only; home/slot/respawn unresolved
372,70305a1c-dc43-4ad8-9b51-a19b29bb52c1,2026-09-15T22:11:54.9360093Z,190,Mor Dhona,unresolved,unresolved,encounter,explicit quest/Grand Company/GC/boss/content note encounter candidate,monster,Imperial Eques,unresolved,profile-a0c58b95907685c3,"[-1280.0,-1344.0,1280.0,1216.0]","[-590.2637329101562,-3.571269989013672,-60.52533721923828]",-0.7848219871520996,"Imperial Eques Grand company quest ""united we stand"" spawn",observation-only; home/slot/respawn unresolved
373,a96c1160-5350-499c-9f4c-033053a9c3a6,2026-09-15T22:12:22.5760151Z,190,Mor Dhona,unresolved,unresolved,encounter,explicit quest/Grand Company/GC/boss/content note encounter candidate,monster,Imperial Eques,unresolved,profile-a0c58b95907685c3,"[-1280.0,-1344.0,1280.0,1216.0]","[-579.8452758789062,-3.0070221424102783,-51.0522346496582]",0.5702424049377441,"Imperial Eques Grand company quest ""united we stand"" spawn",observation-only; home/slot/respawn unresolved
374,f69b5fe3-b99f-4023-ab2d-3b994beec0f1,2026-09-15T22:13:36.6720037Z,190,Mor Dhona,unresolved,unresolved,encounter,explicit quest/Grand Company/GC/boss/content note encounter candidate,monster,Imperial Sagittarius,unresolved,profile-a0c58b95907685c3,"[-1280.0,-1344.0,1280.0,1216.0]","[-564.3738403320312,-3.3052518367767334,-83.40838623046875]",0.19498372077941895,"Imperial Sagittarius  Grand company quest ""united we stand"" spawn",observation-only; home/slot/respawn unresolved
375,55792c30-f543-4a44-aa90-54a8cabea927,2026-09-15T22:14:37.8240657Z,190,Mor Dhona,unresolved,unresolved,encounter,explicit quest/Grand Company/GC/boss/content note encounter candidate,monster,Imperial Laquearius,unresolved,profile-a0c58b95907685c3,"[-1280.0,-1344.0,1280.0,1216.0]","[-587.5994873046875,-3.5712709426879883,-71.38166046142578]",1.0837773084640503,"Imperial Laquearius Grand company quest ""united we stand"" spawn",observation-only; home/slot/respawn unresolved
376,cd16a966-1d18-4dec-b97e-169e15cecb29,2026-09-15T22:15:46.3365585Z,190,Mor Dhona,unresolved,unresolved,encounter,explicit quest/Grand Company/GC/boss/content note encounter candidate,monster,Imperial Sagittarius,unresolved,profile-a0c58b95907685c3,"[-1280.0,-1344.0,1280.0,1216.0]","[-582.55126953125,-2.072455406188965,-83.67156219482422]",2.1431760787963867,"Imperial Sagittarius Grand company quest ""united we stand"" spawn",observation-only; home/slot/respawn unresolved
377,c80f0300-7921-43e4-ab7e-8fdf1b8265e3,2026-09-15T22:20:16.1919904Z,190,Mor Dhona,unresolved,unresolved,encounter,explicit quest/Grand Company/GC/boss/content note encounter candidate,monster,Magitek Vanguard,unresolved,profile-a0c58b95907685c3,"[-1280.0,-1344.0,1280.0,1216.0]","[-670.1781005859375,-7.258807182312012,-43.233882904052734]",-0.5845866203308105,"Magitek Vanguard  Grand company quest ""united we stand"" spawn",observation-only; home/slot/respawn unresolved
378,2c12981d-2d72-485e-9836-18fe2a328cdc,2026-09-15T22:22:38.5839837Z,190,Mor Dhona,unresolved,unresolved,encounter,explicit quest/Grand Company/GC/boss/content note encounter candidate,monster,Imperial War Hound,unresolved,profile-a0c58b95907685c3,"[-1280.0,-1344.0,1280.0,1216.0]","[-641.3265991210938,-4.369024753570557,-51.68729782104492]",-0.21661996841430664,"Imperial War Hound Grand company quest ""united we stand"" spawn",observation-only; home/slot/respawn unresolved
379,66926a3a-b963-45c3-8243-7dd075c2c24f,2026-09-15T22:23:03.2643803Z,190,Mor Dhona,unresolved,unresolved,encounter,explicit quest/Grand Company/GC/boss/content note encounter candidate,monster,Imperial War Hound,unresolved,profile-a0c58b95907685c3,"[-1280.0,-1344.0,1280.0,1216.0]","[-641.6909790039062,-4.429783821105957,-41.27848815917969]",1.4760483503341675,"Imperial War Hound Grand company quest ""united we stand"" spawn",observation-only; home/slot/respawn unresolved
380,01d723c4-c3a5-47b3-8555-f82fb214f917,2026-09-15T22:25:49.6804583Z,190,Mor Dhona,unresolved,unresolved,encounter,explicit quest/Grand Company/GC/boss/content note encounter candidate,monster,Imperial Hoplomachus,unresolved,profile-a0c58b95907685c3,"[-1280.0,-1344.0,1280.0,1216.0]","[-657.9796142578125,-5.596469879150391,-47.114501953125]",-2.7830772399902344,"Imperial Hoplomachus Grand company quest ""united we stand"" spawn",observation-only; home/slot/respawn unresolved
381,660d121f-6ce9-4ef9-84f2-ec2dce846b96,2026-09-15T22:26:14.2640452Z,190,Mor Dhona,unresolved,unresolved,encounter,explicit quest/Grand Company/GC/boss/content note encounter candidate,monster,Imperial Sagitarius,unresolved,profile-a0c58b95907685c3,"[-1280.0,-1344.0,1280.0,1216.0]","[-662.182373046875,-6.208137035369873,-47.89345932006836]",-2.9878599643707275,"Imperial Sagitarius Grand company quest ""united we stand"" spawn",observation-only; home/slot/respawn unresolved
382,d434ad9e-98a2-4009-a196-52494b31c552,2026-09-15T22:26:57.64031Z,190,Mor Dhona,unresolved,unresolved,encounter,explicit quest/Grand Company/GC/boss/content note encounter candidate,monster,Imperial Medicus,unresolved,profile-a0c58b95907685c3,"[-1280.0,-1344.0,1280.0,1216.0]","[-657.5737915039062,-6.358209609985352,-38.79438400268555]",-2.151073455810547,"Imperial Medicus Grand company quest ""united we stand"" spawn",observation-only; home/slot/respawn unresolved
383,341e95cc-936a-40dc-b55e-99d45cf8599b,2026-09-15T22:27:58.9441805Z,190,Mor Dhona,unresolved,unresolved,encounter,explicit quest/Grand Company/GC/boss/content note encounter candidate,monster,Imperial Medicus,unresolved,profile-a0c58b95907685c3,"[-1280.0,-1344.0,1280.0,1216.0]","[-697.2839965820312,-4.187035083770752,-53.67790985107422]",0.8870989680290222,"Imperial Medicus Grand company quest ""united we stand"" spawn",observation-only; home/slot/respawn unresolved
384,550994a0-0085-41b4-95fb-873ad3645d20,2026-09-15T22:28:23.0804025Z,190,Mor Dhona,unresolved,unresolved,encounter,explicit quest/Grand Company/GC/boss/content note encounter candidate,monster,Imperial Hoplomachus,unresolved,profile-a0c58b95907685c3,"[-1280.0,-1344.0,1280.0,1216.0]","[-690.5711059570312,-5.006531715393066,-55.95180892944336]",1.6841566562652588,"Imperial Hoplomachus Grand company quest ""united we stand"" spawn",observation-only; home/slot/respawn unresolved
385,d26652cc-e56a-4361-8ffd-c433f501c158,2026-09-15T22:28:54.0243662Z,190,Mor Dhona,unresolved,unresolved,encounter,explicit quest/Grand Company/GC/boss/content note encounter candidate,monster,Imperial Eques,unresolved,profile-a0c58b95907685c3,"[-1280.0,-1344.0,1280.0,1216.0]","[-689.291015625,-5.745423316955566,-52.104087829589844]",1.8251398801803589,"Imperial Eques Grand company quest ""united we stand"" spawn",observation-only; home/slot/respawn unresolved
386,8dc7fcbd-54d0-4267-ad14-9693aa586767,2026-09-15T22:31:46.8480999Z,190,Mor Dhona,unresolved,unresolved,encounter,explicit quest/Grand Company/GC/boss/content note encounter candidate,monster,Imperial Sagitarius,unresolved,profile-a0c58b95907685c3,"[-1280.0,-1344.0,1280.0,1216.0]","[-669.0028076171875,-7.300000190734863,-21.748065948486328]",-3.058950662612915,"Grand company quest ""united we stand"" spawn",observation-only; home/slot/respawn unresolved
387,fc8d103d-0629-4ecc-ad17-a1297936d0ec,2026-09-15T22:32:28.0001334Z,190,Mor Dhona,unresolved,unresolved,encounter,explicit quest/Grand Company/GC/boss/content note encounter candidate,monster,Imperial Secutor,unresolved,profile-a0c58b95907685c3,"[-1280.0,-1344.0,1280.0,1216.0]","[-693.2953491210938,-5.184300422668457,-51.98991012573242]",2.8760616779327393,"Imperial Secutor Grand company quest ""united we stand"" spawn",observation-only; home/slot/respawn unresolved
388,63e0a370-1ec0-41fd-a36a-785d9edfbd13,2026-09-15T22:33:08.4001639Z,190,Mor Dhona,unresolved,unresolved,encounter,explicit quest/Grand Company/GC/boss/content note encounter candidate,monster,Imperial Eques,unresolved,profile-a0c58b95907685c3,"[-1280.0,-1344.0,1280.0,1216.0]","[-703.1719970703125,-4.375924587249756,-76.81361389160156]",-2.081387519836426,"Imperial Eques Grand company quest ""united we stand"" spawn",observation-only; home/slot/respawn unresolved
389,ebe83177-2e31-42b1-aa5e-7d3339186cf8,2026-09-15T22:33:32.7130374Z,190,Mor Dhona,unresolved,unresolved,encounter,explicit quest/Grand Company/GC/boss/content note encounter candidate,monster,Imperial Medicus,unresolved,profile-a0c58b95907685c3,"[-1280.0,-1344.0,1280.0,1216.0]","[-712.02880859375,-4.459667205810547,-78.47650909423828]",-0.9969453811645508,"Imperial Medicus Grand company quest ""united we stand"" spawn",observation-only; home/slot/respawn unresolved
390,9c2b3dee-6d9e-470c-a8db-642c18a282cf,2026-09-15T22:33:58.5602934Z,190,Mor Dhona,unresolved,unresolved,encounter,explicit quest/Grand Company/GC/boss/content note encounter candidate,monster,Imperial Laquearius,unresolved,profile-a0c58b95907685c3,"[-1280.0,-1344.0,1280.0,1216.0]","[-710.7164916992188,-4.008516788482666,-74.49109649658203]",0.7687543630599976,"Imperial Laquearius Grand company quest ""united we stand"" spawn",observation-only; home/slot/respawn unresolved
391,ed7929f9-6104-4769-a19b-4dd054d0a13f,2026-09-15T22:35:40.9366754Z,190,Mor Dhona,unresolved,unresolved,encounter,explicit quest/Grand Company/GC/boss/content note encounter candidate,monster,Magitek Vanguard,unresolved,profile-a0c58b95907685c3,"[-1280.0,-1344.0,1280.0,1216.0]","[-708.7882080078125,-5.032245635986328,-109.88572692871094]",-0.05451154708862305,"Magitek Vanguard Grand company quest ""united we stand"" spawn",observation-only; home/slot/respawn unresolved
392,7eac46f5-1b04-43e6-b4ff-6b40356245e0,2026-09-15T22:36:26.55239Z,190,Mor Dhona,unresolved,unresolved,encounter,explicit quest/Grand Company/GC/boss/content note encounter candidate,monster,Magitek Vanguard,unresolved,profile-a0c58b95907685c3,"[-1280.0,-1344.0,1280.0,1216.0]","[-749.3986206054688,-3.6261849403381348,-106.63946533203125]",-1.7218823432922363,"Magitek Vanguard Grand company quest ""united we stand"" spawn",observation-only; home/slot/respawn unresolved
393,4b2a9fe3-232b-4a71-9a72-7a8bfa6a6242,2026-09-15T22:39:11.6964893Z,190,Mor Dhona,unresolved,unresolved,encounter,explicit quest/Grand Company/GC/boss/content note encounter candidate,monster,Imperial Laquearius,unresolved,profile-a0c58b95907685c3,"[-1280.0,-1344.0,1280.0,1216.0]","[-778.2033081054688,-2.1907029151916504,-122.40009307861328]",1.2519384622573853,"Grand company quest ""united we stand"" spawn",observation-only; home/slot/respawn unresolved
394,7c2072fc-3168-427e-8556-21d785df88d2,2026-09-15T22:39:38.4962949Z,190,Mor Dhona,unresolved,unresolved,encounter,explicit quest/Grand Company/GC/boss/content note encounter candidate,monster,Imperial Hoplomachus,unresolved,profile-a0c58b95907685c3,"[-1280.0,-1344.0,1280.0,1216.0]","[-772.3894653320312,-3.545241594314575,-129.2411651611328]",2.070080280303955,"Grand company quest ""united we stand"" spawn",observation-only; home/slot/respawn unresolved
395,64774f25-0f05-41ad-ab03-8073b796ebed,2026-09-15T22:40:04.9700757Z,190,Mor Dhona,unresolved,unresolved,encounter,explicit quest/Grand Company/GC/boss/content note encounter candidate,monster,Imperial Medicus,unresolved,profile-a0c58b95907685c3,"[-1280.0,-1344.0,1280.0,1216.0]","[-765.6693115234375,-3.9997522830963135,-131.71768188476562]",0.38848215341567993,"Grand company quest ""united we stand""",observation-only; home/slot/respawn unresolved
396,1f3c7390-5422-4569-b516-789e41ed90dd,2026-09-15T22:41:22.2100325Z,190,Mor Dhona,unresolved,unresolved,encounter,explicit quest/Grand Company/GC/boss/content note encounter candidate,monster,Imperial Medicus,unresolved,profile-a0c58b95907685c3,"[-1280.0,-1344.0,1280.0,1216.0]","[-765.8160400390625,-6.169811725616455,-160.49400329589844]",0.06431746482849121,"Grand company quest ""united we stand""",observation-only; home/slot/respawn unresolved
397,fb633583-0970-45d0-b49f-37f72af4ed26,2026-09-15T22:41:58.3045893Z,190,Mor Dhona,unresolved,unresolved,encounter,explicit quest/Grand Company/GC/boss/content note encounter candidate,monster,Imperial Eques,unresolved,profile-a0c58b95907685c3,"[-1280.0,-1344.0,1280.0,1216.0]","[-771.0282592773438,-5.623326301574707,-155.74789428710938]",-0.4725947380065918,"Grand company quest ""united we stand"" spawn",observation-only; home/slot/respawn unresolved
398,27d7bf15-7f75-4fa9-9f22-ceed3b9bc7ae,2026-09-15T22:42:24.5286097Z,190,Mor Dhona,unresolved,unresolved,encounter,explicit quest/Grand Company/GC/boss/content note encounter candidate,monster,Imperial Secutor,unresolved,profile-a0c58b95907685c3,"[-1280.0,-1344.0,1280.0,1216.0]","[-767.0599975585938,-6.166460990905762,-158.2178497314453]",0.7280327081680298,"Grand company quest ""united we stand"" spawn",observation-only; home/slot/respawn unresolved
399,37255422-11b2-4861-bd1b-545eef42df7e,2026-09-15T22:43:15.9207189Z,190,Mor Dhona,unresolved,unresolved,encounter,explicit quest/Grand Company/GC/boss/content note encounter candidate,monster,Magitek Vanguard,unresolved,profile-a0c58b95907685c3,"[-1280.0,-1344.0,1280.0,1216.0]","[-778.2650146484375,-2.9741106033325195,-174.91256713867188]",-0.07019805908203125,"Grand company quest ""united we stand"" Spawn",observation-only; home/slot/respawn unresolved
400,7ac7952b-4f94-47d3-962b-4e751eb4c5cf,2026-09-15T22:45:48.0887029Z,190,Mor Dhona,unresolved,unresolved,encounter,explicit quest/Grand Company/GC/boss/content note encounter candidate,monster,Imperial War Hound,unresolved,profile-a0c58b95907685c3,"[-1280.0,-1344.0,1280.0,1216.0]","[-767.7234497070312,-6.22941780090332,-159.84132385253906]",-0.17168951034545898,"Grand company quest ""united we stand"" spawn",observation-only; home/slot/respawn unresolved
401,ce64121b-8d8a-40fb-8bf2-7460228e7329,2026-09-15T22:50:32.6368439Z,190,Mor Dhona,unresolved,unresolved,encounter,explicit quest/Grand Company/GC/boss/content note encounter candidate,monster,IMperial War Hound,unresolved,profile-a0c58b95907685c3,"[-1280.0,-1344.0,1280.0,1216.0]","[-784.5013427734375,-1.536350965499878,-219.43931579589844]",-0.042751312255859375,"Grand company quest ""united we stand"" spawn",observation-only; home/slot/respawn unresolved
402,ac8f8b83-75ac-4f91-9146-fcf19db382af,2026-09-15T22:51:05.560978Z,190,Mor Dhona,unresolved,unresolved,encounter,explicit quest/Grand Company/GC/boss/content note encounter candidate,monster,Imperial Secutor,unresolved,profile-a0c58b95907685c3,"[-1280.0,-1344.0,1280.0,1216.0]","[-768.7242431640625,-5.728208541870117,-230.02877807617188]",-1.4964189529418945,"Grand company quest ""united we stand"" spawn",observation-only; home/slot/respawn unresolved
403,60f274fb-0694-45d9-8c7d-6b5f3e8ae5eb,2026-09-15T22:51:27.7769807Z,190,Mor Dhona,unresolved,unresolved,encounter,explicit quest/Grand Company/GC/boss/content note encounter candidate,monster,Imperial Eques,unresolved,profile-a0c58b95907685c3,"[-1280.0,-1344.0,1280.0,1216.0]","[-776.0471801757812,-4.999266147613525,-231.68502807617188]",-1.1630535125732422,"Grand company quest ""united we stand"" spawn",observation-only; home/slot/respawn unresolved
404,ea12419d-15a0-448d-8a43-62e79f3317b4,2026-09-15T22:52:22.9933293Z,190,Mor Dhona,unresolved,unresolved,encounter,explicit quest/Grand Company/GC/boss/content note encounter candidate,monster,Imperial Hoplomachus,unresolved,profile-a0c58b95907685c3,"[-1280.0,-1344.0,1280.0,1216.0]","[-767.6544799804688,-5.615894794464111,-230.28761291503906]",0.06361863762140274,"Grand company quest ""united we stand"" spawn",observation-only; home/slot/respawn unresolved
405,269a34ee-1e21-4e69-8e6f-80277e24dace,2026-09-15T22:52:45.0327755Z,190,Mor Dhona,unresolved,unresolved,encounter,explicit quest/Grand Company/GC/boss/content note encounter candidate,monster,Imperial Laquearius,unresolved,profile-a0c58b95907685c3,"[-1280.0,-1344.0,1280.0,1216.0]","[-773.1635131835938,-5.675552845001221,-222.0003662109375]",0.892848014831543,"Grand company quest ""united we stand"" spawn",observation-only; home/slot/respawn unresolved
406,87c05f35-04a6-4e53-bae5-c14325244d3f,2026-09-15T22:53:20.0888609Z,190,Mor Dhona,unresolved,unresolved,encounter,explicit quest/Grand Company/GC/boss/content note encounter candidate,monster,Imperial War Hound,unresolved,profile-a0c58b95907685c3,"[-1280.0,-1344.0,1280.0,1216.0]","[-756.8611450195312,-1.9227010011672974,-182.58079528808594]",0.5471532940864563,"Grand company quest ""united we stand"" spawn",observation-only; home/slot/respawn unresolved
407,b6fd69a2-2e4c-401d-b4b9-4284e720e56e,2026-09-15T22:53:47.857158Z,190,Mor Dhona,unresolved,unresolved,encounter,explicit quest/Grand Company/GC/boss/content note encounter candidate,monster,Imperial Medicus,unresolved,profile-a0c58b95907685c3,"[-1280.0,-1344.0,1280.0,1216.0]","[-751.7803344726562,-1.4092031717300415,-165.00323486328125]",0.392782986164093,"Grand company quest ""united we stand"" spawn",observation-only; home/slot/respawn unresolved
408,9aa720d4-d79f-47c8-9753-e0974dd7c3b7,2026-09-15T22:54:13.2807835Z,190,Mor Dhona,unresolved,unresolved,encounter,explicit quest/Grand Company/GC/boss/content note encounter candidate,monster,Imperial Sagittarius,unresolved,profile-a0c58b95907685c3,"[-1280.0,-1344.0,1280.0,1216.0]","[-746.3782958984375,-0.22101742029190063,-166.27037048339844]",2.838167190551758,"Grand company quest ""united we stand"" spawn",observation-only; home/slot/respawn unresolved
409,23f84e57-d402-4d16-bef0-dd29300869a2,2026-09-15T22:57:29.8090516Z,190,Mor Dhona,unresolved,unresolved,encounter,explicit quest/Grand Company/GC/boss/content note encounter candidate,monster,Magitek Vanguard,unresolved,profile-a0c58b95907685c3,"[-1280.0,-1344.0,1280.0,1216.0]","[-710.1399536132812,-3.0495264530181885,-136.3221893310547]",1.3338079452514648,"Grand company quest ""united we stand"" spawn",observation-only; home/slot/respawn unresolved
410,15ba374d-5ca3-4710-846d-2a53cb935823,2026-09-15T22:58:33.5291013Z,190,Mor Dhona,unresolved,unresolved,encounter,explicit quest/Grand Company/GC/boss/content note encounter candidate,monster,Imperial War Hound,unresolved,profile-a0c58b95907685c3,"[-1280.0,-1344.0,1280.0,1216.0]","[-715.6124267578125,-4.480931758880615,-130.19244384765625]",-0.535731315612793,"Grand company quest ""united we stand"" spawn",observation-only; home/slot/respawn unresolved
411,5b03bb59-0374-4d55-bf7e-61e3ef924925,2026-09-15T23:00:05.6648881Z,190,Mor Dhona,unresolved,unresolved,encounter,explicit quest/Grand Company/GC/boss/content note encounter candidate,monster,Imperial signifer,unresolved,profile-a0c58b95907685c3,"[-1280.0,-1344.0,1280.0,1216.0]","[-769.4733276367188,-6.149963855743408,-222.5895233154297]",-2.481740951538086,"Grand company quest ""united we stand"" spawn",observation-only; home/slot/respawn unresolved
412,a02e8078-1218-4a74-9be2-020bf3d74e56,2026-09-15T23:01:11.7530591Z,190,Mor Dhona,unresolved,unresolved,encounter,explicit quest/Grand Company/GC/boss/content note encounter candidate,monster,Imperial Hoplomachus,unresolved,profile-a0c58b95907685c3,"[-1280.0,-1344.0,1280.0,1216.0]","[-769.601806640625,-4.595226287841797,-244.0501251220703]",-0.5837221145629883,"Grand company quest ""united we stand"" spawn",observation-only; home/slot/respawn unresolved
413,6b5f5bd1-b16e-45e4-b55a-3a1414cf8a6b,2026-09-15T23:01:26.609256Z,190,Mor Dhona,unresolved,unresolved,encounter,explicit quest/Grand Company/GC/boss/content note encounter candidate,monster,Imperial Eques,unresolved,profile-a0c58b95907685c3,"[-1280.0,-1344.0,1280.0,1216.0]","[-765.9422607421875,-4.7155842781066895,-242.18954467773438]",0.36208802461624146,"Grand company quest ""united we stand"" spawn",observation-only; home/slot/respawn unresolved
414,523ba9cb-23d7-42f9-bafe-40c57f85713d,2026-09-15T23:01:54.2415626Z,190,Mor Dhona,unresolved,unresolved,encounter,explicit quest/Grand Company/GC/boss/content note encounter candidate,monster,Imperial sagittarius,unresolved,profile-a0c58b95907685c3,"[-1280.0,-1344.0,1280.0,1216.0]","[-780.3425903320312,-4.406394004821777,-245.17832946777344]",-1.1333932876586914,"Grand company quest ""united we stand"" spawn",observation-only; home/slot/respawn unresolved
415,37a85aa1-954d-493c-bf51-b6d7514d0e6f,2026-09-15T23:19:52.4976742Z,190,Mor Dhona,unresolved,unresolved,encounter,explicit quest/Grand Company/GC/boss/content note encounter candidate,monster,Imperial Sagittarius,unresolved,profile-a0c58b95907685c3,"[-1280.0,-1344.0,1280.0,1216.0]","[-786.7431640625,-3.8042376041412354,-240.3377685546875]",1.979560375213623,"Grand company quest ""united we stand"" spawn",observation-only; home/slot/respawn unresolved
416,5f8ea3b8-2802-4d94-8335-307a98f2cdce,2026-09-15T23:20:31.1627398Z,190,Mor Dhona,unresolved,unresolved,encounter,explicit quest/Grand Company/GC/boss/content note encounter candidate,monster,Imperial Laquearius,unresolved,profile-a0c58b95907685c3,"[-1280.0,-1344.0,1280.0,1216.0]","[-789.7999877929688,-4.594900608062744,-245.58665466308594]",0.6819140315055847,"Grand company quest ""united we stand"" spawn",observation-only; home/slot/respawn unresolved
417,2054bb1d-3f78-408f-afd9-0b87b05cb47f,2026-09-15T23:21:36.7534497Z,190,Mor Dhona,unresolved,unresolved,encounter,explicit quest/Grand Company/GC/boss/content note encounter candidate,monster,Imperial Laquerius,unresolved,profile-a0c58b95907685c3,"[-1280.0,-1344.0,1280.0,1216.0]","[-853.32958984375,0.5844095349311829,-252.2020721435547]",-0.03496074676513672,"Grand company quest ""united we stand"" spawn",observation-only; home/slot/respawn unresolved
418,2972b612-7b7a-432b-b886-8f2897bc8853,2026-09-15T23:22:02.1534577Z,190,Mor Dhona,unresolved,unresolved,encounter,explicit quest/Grand Company/GC/boss/content note encounter candidate,monster,Imperial Medicus,unresolved,profile-a0c58b95907685c3,"[-1280.0,-1344.0,1280.0,1216.0]","[-852.7434692382812,0.35578444600105286,-257.3896179199219]",-2.9069764614105225,"Grand company quest ""united we stand"" spawn",observation-only; home/slot/respawn unresolved
419,4d36b4de-1236-472d-8012-04d5bbcbd8e6,2026-09-15T23:22:36.7454331Z,190,Mor Dhona,unresolved,unresolved,encounter,explicit quest/Grand Company/GC/boss/content note encounter candidate,monster,Imperial Hoplomachus,unresolved,profile-a0c58b95907685c3,"[-1280.0,-1344.0,1280.0,1216.0]","[-847.943603515625,-0.8231326341629028,-255.7245330810547]",1.6122370958328247,"Grand company quest ""united we stand"" spawn",observation-only; home/slot/respawn unresolved
420,e601ea4c-a1b0-459e-bb87-4db814e6cf7f,2026-09-15T23:23:01.8417132Z,190,Mor Dhona,unresolved,unresolved,encounter,explicit quest/Grand Company/GC/boss/content note encounter candidate,monster,Magitek Vanguard,unresolved,profile-a0c58b95907685c3,"[-1280.0,-1344.0,1280.0,1216.0]","[-811.0226440429688,-6.894690036773682,-286.9248046875]",2.6853177547454834,"Grand company quest ""united we stand"" spawn",observation-only; home/slot/respawn unresolved
421,331f0be2-dcd4-40c2-88d6-4c09fb2059c8,2026-09-15T23:23:19.3615408Z,190,Mor Dhona,unresolved,unresolved,encounter,explicit quest/Grand Company/GC/boss/content note encounter candidate,monster,Imperial Medicus,unresolved,profile-a0c58b95907685c3,"[-1280.0,-1344.0,1280.0,1216.0]","[-810.8806762695312,-6.16473388671875,-300.783203125]",-0.5033555030822754,"Grand company quest ""united we stand"" spawn",observation-only; home/slot/respawn unresolved
422,053f10c0-2006-41d8-a6ab-8aa27bddd1ac,2026-09-15T23:23:39.6375804Z,190,Mor Dhona,unresolved,unresolved,encounter,explicit quest/Grand Company/GC/boss/content note encounter candidate,monster,Imperial Sagittarius,unresolved,profile-a0c58b95907685c3,"[-1280.0,-1344.0,1280.0,1216.0]","[-814.26513671875,-5.929404258728027,-300.46038818359375]",0.12833869457244873,"Grand company quest ""united we stand"" spawn",observation-only; home/slot/respawn unresolved
423,79e6a867-3945-4823-8824-617a35b05ecd,2026-09-15T23:24:36.9850904Z,190,Mor Dhona,unresolved,unresolved,encounter,explicit quest/Grand Company/GC/boss/content note encounter candidate,monster,Imperial Laquearius,unresolved,profile-a0c58b95907685c3,"[-1280.0,-1344.0,1280.0,1216.0]","[-824.6348876953125,-5.383014678955078,-273.8279724121094]",-0.410916805267334,"Grand company quest ""united we stand"" spawn",observation-only; home/slot/respawn unresolved
424,dbd2c541-8046-497a-9aba-3b629e7576bd,2026-09-15T23:25:20.6896267Z,190,Mor Dhona,unresolved,unresolved,encounter,explicit quest/Grand Company/GC/boss/content note encounter candidate,monster,Imperial Secutor,unresolved,profile-a0c58b95907685c3,"[-1280.0,-1344.0,1280.0,1216.0]","[-821.8912353515625,-5.321168422698975,-270.6844787597656]",-1.3807649612426758,"Grand company quest ""united we stand"" spawn",observation-only; home/slot/respawn unresolved
425,933c46e5-a6fc-4978-9d8c-599839617755,2026-09-15T23:28:28.7936782Z,190,Mor Dhona,unresolved,unresolved,encounter,explicit quest/Grand Company/GC/boss/content note encounter candidate,monster,Elite Sagittarius,unresolved,profile-a0c58b95907685c3,"[-1280.0,-1344.0,1280.0,1216.0]","[-812.529296875,-5.053094863891602,-307.8127746582031]",-0.6015701293945312,"Grand company quest ""united we stand"" spawn",observation-only; home/slot/respawn unresolved
426,3b105025-113c-4354-b63a-12d66467f4a7,2026-09-15T23:33:28.6260607Z,190,Mor Dhona,unresolved,unresolved,encounter,explicit quest/Grand Company/GC/boss/content note encounter candidate,monster,Elite Signifer,unresolved,profile-a0c58b95907685c3,"[-1280.0,-1344.0,1280.0,1216.0]","[-801.5964965820312,-4.420711517333984,-309.1687316894531]",-1.1179261207580566,"Grand company quest ""united we stand"" spawn",observation-only; home/slot/respawn unresolved
427,ca35a7db-ac44-4b84-99c2-545919a2076c,2026-09-15T23:33:55.8579181Z,190,Mor Dhona,unresolved,unresolved,encounter,explicit quest/Grand Company/GC/boss/content note encounter candidate,monster,Elite Laquearius,unresolved,profile-a0c58b95907685c3,"[-1280.0,-1344.0,1280.0,1216.0]","[-805.228515625,-7.208922863006592,-298.9374694824219]",-0.6092710494995117,"Grand company quest ""united we stand"" spawn",observation-only; home/slot/respawn unresolved
428,2370bf93-caca-4356-b3b1-88b7e88c68b4,2026-09-15T23:34:27.0180984Z,190,Mor Dhona,unresolved,unresolved,encounter,explicit quest/Grand Company/GC/boss/content note encounter candidate,monster,Elite Hoplomachus,unresolved,profile-a0c58b95907685c3,"[-1280.0,-1344.0,1280.0,1216.0]","[-799.4588012695312,-7.300000190734863,-290.392822265625]",-1.6607108116149902,"Grand company quest ""united we stand"" spawn",observation-only; home/slot/respawn unresolved
429,c0e2caef-6403-4e2f-9ac3-77e738ad27a9,2026-09-16T00:08:06.7947804Z,190,Mor Dhona,unresolved,unresolved,encounter,explicit quest/Grand Company/GC/boss/content note encounter candidate,monster,Elite Laquearius,unresolved,profile-a0c58b95907685c3,"[-1280.0,-1344.0,1280.0,1216.0]","[-852.0003051757812,-1.5953242778778076,-297.54583740234375]",-2.9269189834594727,"Grand company quest ""united we stand"" spawn ",observation-only; home/slot/respawn unresolved
430,cf1b8065-a877-43b4-bd8c-f759532f08e6,2026-09-16T00:08:21.8354664Z,190,Mor Dhona,unresolved,unresolved,encounter,explicit quest/Grand Company/GC/boss/content note encounter candidate,monster,Elite Medicus,unresolved,profile-a0c58b95907685c3,"[-1280.0,-1344.0,1280.0,1216.0]","[-857.966796875,-0.8291786909103394,-316.3019104003906]",0.31057682633399963,"Grand company quest ""united we stand"" spawn ",observation-only; home/slot/respawn unresolved
431,f236a66b-06b8-4912-bfdf-3905451374f8,2026-09-16T00:09:44.2036606Z,190,Mor Dhona,unresolved,unresolved,encounter,explicit quest/Grand Company/GC/boss/content note encounter candidate,monster,Imperial War Hound,unresolved,profile-a0c58b95907685c3,"[-1280.0,-1344.0,1280.0,1216.0]","[-853.0828857421875,-1.615033745765686,-314.56781005859375]",1.3330349922180176,"Grand company quest ""united we stand"" spawn ",observation-only; home/slot/respawn unresolved
432,ea217c88-a75f-44a7-a1ec-b323bcd2ecd8,2026-09-16T00:11:13.4353748Z,190,Mor Dhona,unresolved,unresolved,encounter,explicit quest/Grand Company/GC/boss/content note encounter candidate,monster,Elite Sagitarius,unresolved,profile-a0c58b95907685c3,"[-1280.0,-1344.0,1280.0,1216.0]","[-839.6346435546875,-1.7732704877853394,-333.1175537109375]",-0.3768758773803711,"Grand company quest ""united we stand"" spawn ",observation-only; home/slot/respawn unresolved
433,0bc7b83e-aeb3-4a34-b65c-d07a7683fb1c,2026-09-16T00:12:05.5394953Z,190,Mor Dhona,unresolved,unresolved,encounter,explicit quest/Grand Company/GC/boss/content note encounter candidate,monster,Elite Hoplomachus,unresolved,profile-a0c58b95907685c3,"[-1280.0,-1344.0,1280.0,1216.0]","[-792.5126953125,-4.598823070526123,-323.74169921875]",-1.5089836120605469,"Grand company quest ""united we stand"" spawn ",observation-only; home/slot/respawn unresolved
434,2d3ae6e4-459b-4e01-a209-9214ec729c1d,2026-09-16T00:12:56.0269425Z,190,Mor Dhona,unresolved,unresolved,encounter,explicit quest/Grand Company/GC/boss/content note encounter candidate,monster,Elite Eques,unresolved,profile-a0c58b95907685c3,"[-1280.0,-1344.0,1280.0,1216.0]","[-789.4176025390625,-3.98848557472229,-321.75140380859375]",-1.5089702606201172,"Grand company quest ""united we stand"" spawn ",observation-only; home/slot/respawn unresolved
435,da1f9c15-5be0-4355-a8d8-7d3515d32c72,2026-09-16T00:13:25.5390921Z,190,Mor Dhona,unresolved,unresolved,encounter,explicit quest/Grand Company/GC/boss/content note encounter candidate,monster,Elite Laquearius,unresolved,profile-a0c58b95907685c3,"[-1280.0,-1344.0,1280.0,1216.0]","[-788.989501953125,-2.2598605155944824,-330.6622314453125]",-1.771193027496338,"Grand company quest ""united we stand"" spawn ",observation-only; home/slot/respawn unresolved
436,e5b8e786-30c5-4c34-b219-7a55d64249ea,2026-09-16T00:13:40.0201973Z,190,Mor Dhona,unresolved,unresolved,encounter,explicit quest/Grand Company/GC/boss/content note encounter candidate,monster,Elite Medicus,unresolved,profile-a0c58b95907685c3,"[-1280.0,-1344.0,1280.0,1216.0]","[-779.8101806640625,-3.794079065322876,-323.5046691894531]",1.3459004163742065,"Grand company quest ""united we stand"" spawn ",observation-only; home/slot/respawn unresolved
437,770eda31-a883-497c-a975-8aa8d8bc0c9c,2026-09-16T00:13:57.794934Z,190,Mor Dhona,unresolved,unresolved,encounter,explicit quest/Grand Company/GC/boss/content note encounter candidate,monster,Elite Signifer,unresolved,profile-a0c58b95907685c3,"[-1280.0,-1344.0,1280.0,1216.0]","[-778.9239501953125,-3.0022127628326416,-330.59033203125]",-0.27765560150146484,"Grand company quest ""united we stand"" spawn ",observation-only; home/slot/respawn unresolved
438,b3a2e1fa-4f49-46fc-8f9a-00e5cb63d29c,2026-09-16T00:14:42.2320135Z,190,Mor Dhona,unresolved,unresolved,encounter,explicit quest/Grand Company/GC/boss/content note encounter candidate,monster,Elite Secutor,unresolved,profile-a0c58b95907685c3,"[-1280.0,-1344.0,1280.0,1216.0]","[-792.818359375,-2.3594515323638916,-334.7884521484375]",-1.0740818977355957,"Grand company quest ""united we stand"" spawn",observation-only; home/slot/respawn unresolved
439,52da0eef-f09a-43fc-a943-26f7f0fdf9a1,2026-09-16T00:15:55.2360626Z,190,Mor Dhona,unresolved,unresolved,encounter,explicit quest/Grand Company/GC/boss/content note encounter candidate,monster,elite Secutor,unresolved,profile-a0c58b95907685c3,"[-1280.0,-1344.0,1280.0,1216.0]","[-764.0509643554688,-0.981730580329895,-335.0936584472656]",-1.3640813827514648,"Grand company quest ""united we stand"" spawn ",observation-only; home/slot/respawn unresolved
440,d481310e-1e6b-4967-8616-1c64fcce8206,2026-09-16T00:16:17.2200347Z,190,Mor Dhona,unresolved,unresolved,encounter,explicit quest/Grand Company/GC/boss/content note encounter candidate,monster,Elite Laquearius,unresolved,profile-a0c58b95907685c3,"[-1280.0,-1344.0,1280.0,1216.0]","[-768.8676147460938,-0.6079009175300598,-336.8959655761719]",-1.310469627380371,"Grand company quest ""united we stand"" spawn ",observation-only; home/slot/respawn unresolved
441,62be1953-6233-480d-9582-c8f10567ce02,2026-09-16T00:16:52.3789983Z,190,Mor Dhona,unresolved,unresolved,encounter,explicit quest/Grand Company/GC/boss/content note encounter candidate,monster,elite Hoplomachus,unresolved,profile-a0c58b95907685c3,"[-1280.0,-1344.0,1280.0,1216.0]","[-762.431884765625,-2.6219968795776367,-328.4783935546875]",-0.04725837707519531,"Grand company quest ""united we stand"" spawn ",observation-only; home/slot/respawn unresolved
