profile_id,source_member,source_line,actorId,displayName,speed,floatingHeight,isHostile,isNotorious,detectionType,detectionRange,respawnTime,combatDelay,allegiance,currentJob,min_lvl,max_lvl,hpMax,mpMax,str,vit,dex,int,mnd,pie,att,acc,def,eva,slash,pierce,h2h,blunt,fire,ice,wind,lightning,earth,water,element,skillListId,spellListId,dropListId,elemenRangedAttack,elemenAutoAttackMode,defaulted_fields,verdict
1000,server_battlenpc_mob_types.sql,201,2104009,star_marmot,4,0,0,0,2,15,60,4200,0,2,1,1,0,0,1,1,1,1,1,1,40,1,1,1,1,1,1,1,1,1,1,0.75,0.75,1.25,3,5050,0,1000,0,0,elemenRangedAttack;elemenAutoAttackMode,supplied-values; not retail measurements
1001,server_battlenpc_mob_types.sql,202,2104009,star_marmot,4,0,0,0,2,15,60,4200,0,2,2,3,0,0,1,1,1,1,1,1,40,1,1,1,1,1,1,1,1,1,1,0.75,0.75,1.25,3,5050,0,1001,0,0,elemenRangedAttack;elemenAutoAttackMode,supplied-values; not retail measurements
1002,server_battlenpc_mob_types.sql,203,2105901,forest_funguar,4,0,0,0,4,15,60,4200,0,23,8,9,0,0,1,1,1,1,1,1,40,1,1,1,1,1,1,1,1,0.75,0.75,1,1,1,1,5024,0,1002,0,0,elemenRangedAttack;elemenAutoAttackMode,supplied-values; not retail measurements
1003,server_battlenpc_mob_types.sql,204,2103101,toxic_toad,5.5,0,1,0,1,15,60,4200,0,2,8,12,0,0,1,1,1,1,1,1,40,1,1,1,1,1,1,1,1,1,1,1.25,0.75,0.75,5,5027,0,1003,1,0,elemenRangedAttack;elemenAutoAttackMode,supplied-values; not retail measurements
1004,server_battlenpc_mob_types.sql,205,2106214,sabletooth_spriggan,6,0,1,0,1,15,60,4200,0,23,10,10,0,0,1,1,1,1,1,1,40,1,1,1,1,1,1,1,1,1,1,0.75,1.25,0.75,4,5054,0,1004,1,0,elemenRangedAttack;elemenAutoAttackMode,supplied-values; not retail measurements
1005,server_battlenpc_mob_types.sql,206,2105601,chigoe,4,0,1,0,4,15,60,4200,0,8,4,5,0,0,1,1,1,1,1,1,40,1,1,1,1,1,1,1,0.75,0.75,1.25,1,1,1,0,5013,0,1005,0,0,elemenRangedAttack;elemenAutoAttackMode,supplied-values; not retail measurements
1006,server_battlenpc_mob_types.sql,207,2104302,bogy,5.5,0.9,1,0,4,15,60,4200,0,22,6,7,0,0,1,1,1,1,1,1,40,1,1,1,1,1,1,1,1,0.75,0.75,1,1,1,1,5026,2,1006,1,0,elemenRangedAttack;elemenAutoAttackMode,supplied-values; not retail measurements
1007,server_battlenpc_mob_types.sql,208,2101404,feral_watchdog,6,0,1,0,2,15,60,4200,0,2,34,35,0,0,1,1,1,1,1,1,40,1,1,1,1,1,1,1,1,1,1,0.75,1.25,0.75,4,5062,0,1007,0,0,elemenRangedAttack;elemenAutoAttackMode,supplied-values; not retail measurements
1008,server_battlenpc_mob_types.sql,209,2102721,toadtrap,4.5,0,1,0,4,15,60,4200,0,23,30,31,0,0,1,1,1,1,1,1,40,1,1,1,1,1,1,1,1,1.25,0.75,1,1,1,2,5023,0,1008,1,0,elemenRangedAttack;elemenAutoAttackMode,supplied-values; not retail measurements
1009,server_battlenpc_mob_types.sql,210,2102722,pruned_roselet,4.5,0,1,0,4,15,60,4200,0,23,30,31,0,0,1,1,1,1,1,1,40,1,1,1,1,1,1,1,1,1.25,0.75,1,1,1,2,5023,0,1009,1,0,elemenRangedAttack;elemenAutoAttackMode,supplied-values; not retail measurements
1010,server_battlenpc_mob_types.sql,211,2105801,firefly,5,0.9,0,0,4,15,60,4200,0,23,10,10,0,0,1,1,1,1,1,1,40,1,1,1,1,1,1,1,0.75,0.75,1.25,1,1,1,0,5008,0,1010,0,0,elemenRangedAttack;elemenAutoAttackMode,supplied-values; not retail measurements
1011,server_battlenpc_mob_types.sql,212,2101404,feral_watchdog,6,0,1,0,2,15,60,4200,0,2,37,39,0,0,1,1,1,1,1,1,40,1,1,1,1,1,1,1,1,1,1,0.75,1.25,0.75,4,5062,0,1011,0,0,elemenRangedAttack;elemenAutoAttackMode,supplied-values; not retail measurements
1012,server_battlenpc_mob_types.sql,213,2102722,pruned_roselet,4.5,0,1,0,4,15,60,4200,0,23,32,35,0,0,1,1,1,1,1,1,40,1,1,1,1,1,1,1,1,1.25,0.75,1,1,1,2,5023,0,1012,1,0,elemenRangedAttack;elemenAutoAttackMode,supplied-values; not retail measurements
1013,server_battlenpc_mob_types.sql,214,2102721,toadtrap,4.5,0,1,0,4,15,60,4200,0,23,32,35,0,0,1,1,1,1,1,1,40,1,1,1,1,1,1,1,1,1.25,0.75,1,1,1,2,5023,0,1013,1,0,elemenRangedAttack;elemenAutoAttackMode,supplied-values; not retail measurements
1014,server_battlenpc_mob_types.sql,215,2104508,aurora_angler,4,0,1,0,2,15,60,4200,0,2,30,30,0,0,1,1,1,1,1,1,40,1,1,1,1,1,1,1,1,1,1,1.25,0.75,0.75,5,5044,0,1014,0,0,elemenRangedAttack;elemenAutoAttackMode,supplied-values; not retail measurements
1015,server_battlenpc_mob_types.sql,216,2110311,goblin_headman,6,0,0,0,1,15,60,4200,0,3,90,99,0,0,1,1,1,1,1,1,40,1,1,1,1,1,1,1,0.75,0.75,1.25,1,1,1,0,5029,0,1015,0,0,elemenRangedAttack;elemenAutoAttackMode,supplied-values; not retail measurements
1016,server_battlenpc_mob_types.sql,217,2106201,spriggan_collector,6,0,1,0,1,15,60,4200,0,23,8,9,0,0,1,1,1,1,1,1,40,1,1,1,1,1,1,1,1,1,1,0.75,1.25,0.75,4,5054,0,1016,1,0,elemenRangedAttack;elemenAutoAttackMode,supplied-values; not retail measurements
1017,server_battlenpc_mob_types.sql,218,2101211,nestling_buzzard,5.5,0.9,1,0,1,15,60,4200,0,8,37,39,0,0,1,1,1,1,1,1,40,1,1,1,1,1,1,1,1,1.25,0.75,1,1,1,2,5060,0,1017,1,0,elemenRangedAttack;elemenAutoAttackMode,supplied-values; not retail measurements
1018,server_battlenpc_mob_types.sql,219,2105505,yarzon_scavenger,5,0,1,0,4,15,60,4200,0,8,30,32,0,0,1,1,1,1,1,1,40,1,1,1,1,1,1,1,1,0.75,0.75,1,1,1,1,5063,0,1018,0,0,elemenRangedAttack;elemenAutoAttackMode,supplied-values; not retail measurements
1019,server_battlenpc_mob_types.sql,220,2100104,sea_puk,4,0,0,0,1,15,60,4200,0,8,25,28,0,0,1,1,1,1,1,1,40,1,1,1,1,1,1,1,1,1.25,0.75,1,1,1,2,5047,0,1019,0,0,elemenRangedAttack;elemenAutoAttackMode,supplied-values; not retail measurements
1020,server_battlenpc_mob_types.sql,221,2102003,fat_dodo,4.7,0,0,0,1,15,60,4200,0,2,26,33,0,0,1,1,1,1,1,1,40,1,1,1,1,1,1,1,1,1.25,0.75,1,1,1,2,5019,0,1020,0,0,elemenRangedAttack;elemenAutoAttackMode,supplied-values; not retail measurements
1021,server_battlenpc_mob_types.sql,222,2101211,nestling_buzzard,5.5,0.9,1,0,1,15,60,4200,0,8,30,32,0,0,1,1,1,1,1,1,40,1,1,1,1,1,1,1,1,1.25,0.75,1,1,1,2,5060,0,1021,1,0,elemenRangedAttack;elemenAutoAttackMode,supplied-values; not retail measurements
1022,server_battlenpc_mob_types.sql,223,2105505,yarzon_scavenger,5,0,1,0,4,15,60,4200,0,8,37,39,0,0,1,1,1,1,1,1,40,1,1,1,1,1,1,1,1,0.75,0.75,1,1,1,1,5063,0,1022,0,0,elemenRangedAttack;elemenAutoAttackMode,supplied-values; not retail measurements
1023,server_battlenpc_mob_types.sql,224,2106601,kobold_acolyte,6,0,1,0,1,15,60,4200,0,23,37,39,0,0,1,1,1,1,1,1,40,1,1,1,1,1,1,1,1,1,1,0.75,0.75,1.25,3,5037,3,1023,1,0,elemenRangedAttack;elemenAutoAttackMode,supplied-values; not retail measurements
1024,server_battlenpc_mob_types.sql,225,2106622,kobold_footman,6,0,1,0,1,15,60,4200,0,3,37,39,0,0,1,1,1,1,1,1,40,1,1,1,1,1,1,1,1,1,1,0.75,0.75,1.25,3,5037,3,1024,1,0,elemenRangedAttack;elemenAutoAttackMode,supplied-values; not retail measurements
1025,server_battlenpc_mob_types.sql,226,2106613,kobold_kirkman,6,0,1,0,1,15,60,4200,0,23,37,39,0,0,1,1,1,1,1,1,40,1,1,1,1,1,1,1,1,1,1,0.75,0.75,1.25,3,5037,3,1025,1,0,elemenRangedAttack;elemenAutoAttackMode,supplied-values; not retail measurements
1026,server_battlenpc_mob_types.sql,227,2102127,corroded_coblyn,5,0,0,0,4,15,60,4200,0,4,2,3,0,0,1,1,1,1,1,1,40,1,1,1,1,1,1,1,1,1,1,0.75,0.75,1.25,3,5015,0,1026,0,0,elemenRangedAttack;elemenAutoAttackMode,supplied-values; not retail measurements
1027,server_battlenpc_mob_types.sql,228,2102127,corroded_coblyn,5,0,0,0,4,15,60,4200,0,4,1,1,0,0,1,1,1,1,1,1,40,1,1,1,1,1,1,1,1,1,1,0.75,0.75,1.25,3,5015,0,1027,0,0,elemenRangedAttack;elemenAutoAttackMode,supplied-values; not retail measurements
1028,server_battlenpc_mob_types.sql,229,2106201,spriggan_collector,6,0,1,0,1,15,60,4200,0,23,8,9,0,0,1,1,1,1,1,1,40,1,1,1,1,1,1,1,1,1,1,0.75,1.25,0.75,4,5054,0,1028,1,0,elemenRangedAttack;elemenAutoAttackMode,supplied-values; not retail measurements
1029,server_battlenpc_mob_types.sql,230,2105717,moiling_mole,5,0,0,0,4,15,60,4200,0,2,15,15,0,0,1,1,1,1,1,1,40,1,1,1,1,1,1,1,1,1,1,0.75,0.75,1.25,3,5039,0,1029,0,0,elemenRangedAttack;elemenAutoAttackMode,supplied-values; not retail measurements
1030,server_battlenpc_mob_types.sql,231,2102009,stuffed_dodo,4.7,0,0,0,1,15,60,4200,0,2,15,15,0,0,1,1,1,1,1,1,40,1,1,1,1,1,1,1,1,1.25,0.75,1,1,1,2,5019,0,1030,0,0,elemenRangedAttack;elemenAutoAttackMode,supplied-values; not retail measurements
1031,server_battlenpc_mob_types.sql,232,2104021,nutgrabber_marmot,4,0,0,0,2,15,60,4200,0,2,10,10,0,0,1,1,1,1,1,1,40,1,1,1,1,1,1,1,1,1,1,0.75,0.75,1.25,3,5050,0,1031,0,0,elemenRangedAttack;elemenAutoAttackMode,supplied-values; not retail measurements
1032,server_battlenpc_mob_types.sql,233,2106403,ixali_duelist,6,0,1,0,1,15,60,4200,0,3,90,90,0,0,1,1,1,1,1,1,40,1,1,1,1,1,1,1,1,1.25,0.75,1,1,1,2,5035,0,1032,1,0,elemenRangedAttack;elemenAutoAttackMode,supplied-values; not retail measurements
1034,server_battlenpc_mob_types.sql,235,2100207,velociraptor,8,0,1,0,1,15,60,4200,0,8,90,95,0,0,1,1,1,1,1,1,40,1,1,1,1,1,1,1,0.75,0.75,1.25,1,1,1,0,5049,0,1034,0,0,elemenRangedAttack;elemenAutoAttackMode,supplied-values; not retail measurements
1035,server_battlenpc_mob_types.sql,236,2106403,ixali_duelist,6,0,1,0,1,15,60,4200,0,3,90,99,0,0,1,1,1,1,1,1,40,1,1,1,1,1,1,1,1,1.25,0.75,1,1,1,2,5035,0,1035,1,0,elemenRangedAttack;elemenAutoAttackMode,supplied-values; not retail measurements
1036,server_battlenpc_mob_types.sql,237,2100714,rainbow_basilisk,5.5,0,1,0,1,15,60,4200,0,4,87,90,0,0,1,1,1,1,1,1,40,1,1,1,1,1,1,1,0.75,0.75,1.25,1,1,1,0,5006,0,1036,0,0,elemenRangedAttack;elemenAutoAttackMode,supplied-values; not retail measurements
1037,server_battlenpc_mob_types.sql,238,2100407,hippogryph,5,0,1,0,2,15,60,4200,0,4,70,75,0,0,1,1,1,1,1,1,40,1,1,1,1,1,1,1,1,1,1,0.75,1.25,0.75,4,5032,0,1037,1,0,elemenRangedAttack;elemenAutoAttackMode,supplied-values; not retail measurements
1042,server_battlenpc_mob_types.sql,243,2162028,amalj'aa_seer,6,0,1,0,0,15,60,4200,0,22,27,29,0,0,1,1,1,1,1,1,40,1,1,1,1,1,1,1,1,1,1,1,1,1,0,89,0,1042,1,0,elemenRangedAttack;elemenAutoAttackMode,supplied-values; not retail measurements
1043,server_battlenpc_mob_types.sql,244,2162022,amalj'aa_scout,6,0,1,0,0,15,60,4200,0,2,27,29,0,0,1,1,1,1,1,1,40,1,1,1,1,1,1,1,1,1,1,1,1,1,0,86,0,1043,0,0,elemenRangedAttack;elemenAutoAttackMode,supplied-values; not retail measurements
1044,server_battlenpc_mob_types.sql,245,2162004,amalj'aa_ranger,6,0,1,0,0,15,60,4200,0,7,27,29,0,0,1,1,1,1,1,1,40,1,1,1,1,1,1,1,1,1,1,1,1,1,0,87,0,1044,1,0,elemenRangedAttack;elemenAutoAttackMode,supplied-values; not retail measurements
1045,server_battlenpc_mob_types.sql,246,2162013,amalj'aa_harpooner,6,0,1,0,0,15,60,4200,0,8,27,29,0,0,1,1,1,1,1,1,40,1,1,1,1,1,1,1,1,1,1,1,1,1,0,88,0,1045,0,0,elemenRangedAttack;elemenAutoAttackMode,supplied-values; not retail measurements
1046,server_battlenpc_mob_types.sql,247,2102313,nannygoat,5,0,0,0,1,15,60,4200,0,4,12,15,0,0,1,1,1,1,1,1,40,1,1,1,1,1,1,1,1,1,1,0.75,0.75,1.25,3,5002,0,1046,0,0,elemenRangedAttack;elemenAutoAttackMode,supplied-values; not retail measurements
1047,server_battlenpc_mob_types.sql,248,2102301,aldgoat_billy,5,0,0,0,1,15,60,4200,0,4,12,15,0,0,1,1,1,1,1,1,40,1,1,1,1,1,1,1,1,1,1,0.75,0.75,1.25,3,5002,0,1047,0,0,elemenRangedAttack;elemenAutoAttackMode,supplied-values; not retail measurements
1048,server_battlenpc_mob_types.sql,249,2100901,cactuar,5,0,0,0,4,15,60,4200,0,8,2,22,0,0,1,1,1,1,1,1,40,1,1,1,1,1,1,1,1,1,1,0.75,1.25,0.75,4,5012,0,1048,0,0,elemenRangedAttack;elemenAutoAttackMode,supplied-values; not retail measurements
1049,server_battlenpc_mob_types.sql,250,2101614,drifting_dud,6,0.8,1,0,1,15,60,4200,0,22,12,15,0,0,1,1,1,1,1,1,40,1,1,1,1,1,1,1,0.75,0.75,1.25,1,1,1,0,5010,0,1049,0,0,elemenRangedAttack;elemenAutoAttackMode,supplied-values; not retail measurements
1050,server_battlenpc_mob_types.sql,251,2101111,molting_miteling,5,0,1,0,4,15,60,4200,0,8,30,32,0,0,1,1,1,1,1,1,40,1,1,1,1,1,1,1,1,1,1,0.75,0.75,1.25,3,5018,0,1050,1,0,elemenRangedAttack;elemenAutoAttackMode,supplied-values; not retail measurements
1051,server_battlenpc_mob_types.sql,252,2104504,mad_angler,4,0,1,0,2,15,60,4200,0,2,30,32,0,0,1,1,1,1,1,1,40,1,1,1,1,1,1,1,1,1,1,1.25,0.75,0.75,5,5044,0,1051,0,0,elemenRangedAttack;elemenAutoAttackMode,supplied-values; not retail measurements
1052,server_battlenpc_mob_types.sql,253,2104504,mad_angler,4,0,1,0,2,15,60,4200,0,2,33,36,0,0,1,1,1,1,1,1,40,1,1,1,1,1,1,1,1,1,1,1.25,0.75,0.75,5,5044,0,1052,0,0,elemenRangedAttack;elemenAutoAttackMode,supplied-values; not retail measurements
1053,server_battlenpc_mob_types.sql,254,2162013,amalj'aa_harpooner,6,0,1,0,0,15,60,4200,0,8,33,36,0,0,1,1,1,1,1,1,40,1,1,1,1,1,1,1,1,1,1,1,1,1,0,88,0,1053,0,0,elemenRangedAttack;elemenAutoAttackMode,supplied-values; not retail measurements
1054,server_battlenpc_mob_types.sql,255,2162004,amalj'aa_ranger,6,0,1,0,0,15,60,4200,0,7,33,36,0,0,1,1,1,1,1,1,40,1,1,1,1,1,1,1,1,1,1,1,1,1,0,87,0,1054,1,0,elemenRangedAttack;elemenAutoAttackMode,supplied-values; not retail measurements
1055,server_battlenpc_mob_types.sql,256,2162022,amalj'aa_scout,6,0,1,0,0,15,60,4200,0,2,33,36,0,0,1,1,1,1,1,1,40,1,1,1,1,1,1,1,1,1,1,1,1,1,0,86,0,1055,0,0,elemenRangedAttack;elemenAutoAttackMode,supplied-values; not retail measurements
1056,server_battlenpc_mob_types.sql,257,2162028,amalj'aa_seer,6,0,1,0,0,15,60,4200,0,22,33,36,0,0,1,1,1,1,1,1,40,1,1,1,1,1,1,1,1,1,1,1,1,1,0,89,0,1056,1,0,elemenRangedAttack;elemenAutoAttackMode,supplied-values; not retail measurements
1057,server_battlenpc_mob_types.sql,258,2101111,molting_miteling,5,0,1,0,4,15,60,4200,0,8,37,39,0,0,1,1,1,1,1,1,40,1,1,1,1,1,1,1,1,1,1,0.75,0.75,1.25,3,5018,0,1057,1,0,elemenRangedAttack;elemenAutoAttackMode,supplied-values; not retail measurements
1058,server_battlenpc_mob_types.sql,259,2162013,amalj'aa_harpooner,6,0,1,0,0,15,60,4200,0,8,31,32,0,0,1,1,1,1,1,1,40,1,1,1,1,1,1,1,1,1,1,1,1,1,0,88,0,1058,0,0,elemenRangedAttack;elemenAutoAttackMode,supplied-values; not retail measurements
1059,server_battlenpc_mob_types.sql,260,2162022,amalj'aa_scout,6,0,1,0,0,15,60,4200,0,2,31,32,0,0,1,1,1,1,1,1,40,1,1,1,1,1,1,1,1,1,1,1,1,1,0,86,0,1059,0,0,elemenRangedAttack;elemenAutoAttackMode,supplied-values; not retail measurements
1060,server_battlenpc_mob_types.sql,261,2102313,nannygoat,5,0,0,0,1,15,60,4200,0,4,27,29,0,0,1,1,1,1,1,1,40,1,1,1,1,1,1,1,1,1,1,0.75,0.75,1.25,3,5002,0,1060,0,0,elemenRangedAttack;elemenAutoAttackMode,supplied-values; not retail measurements
1061,server_battlenpc_mob_types.sql,262,2102301,aldgoat_billy,5,0,0,0,1,15,60,4200,0,4,27,29,0,0,1,1,1,1,1,1,40,1,1,1,1,1,1,1,1,1,1,0.75,0.75,1.25,3,5002,0,1061,0,0,elemenRangedAttack;elemenAutoAttackMode,supplied-values; not retail measurements
1062,server_battlenpc_mob_types.sql,263,2104011,thistletail_marmot,4,0,0,0,2,15,60,4200,0,2,13,16,0,0,1,1,1,1,1,1,40,1,1,1,1,1,1,1,1,1,1,0.75,0.75,1.25,3,5050,0,1062,0,0,elemenRangedAttack;elemenAutoAttackMode,supplied-values; not retail measurements
1063,server_battlenpc_mob_types.sql,264,2102001,dodo,4.7,0,0,0,1,15,60,4200,0,2,13,16,0,0,1,1,1,1,1,1,40,1,1,1,1,1,1,1,1,1.25,0.75,1,1,1,2,5019,0,1063,0,0,elemenRangedAttack;elemenAutoAttackMode,supplied-values; not retail measurements
1064,server_battlenpc_mob_types.sql,265,2100101,puk_hatchling,4,0,0,0,1,15,60,4200,0,8,17,19,0,0,1,1,1,1,1,1,40,1,1,1,1,1,1,1,1,1.25,0.75,1,1,1,2,5047,0,1064,0,0,elemenRangedAttack;elemenAutoAttackMode,supplied-values; not retail measurements
1065,server_battlenpc_mob_types.sql,266,2107601,giant_crab,5,0,0,0,4,15,60,4200,0,3,25,28,0,0,1,1,1,1,1,1,40,1,1,1,1,1,1,1,1,1,1,1.25,0.75,0.75,5,5038,0,1065,0,0,elemenRangedAttack;elemenAutoAttackMode,supplied-values; not retail measurements
1066,server_battlenpc_mob_types.sql,267,2180217,black_crow_cleaver,6,0,1,0,1,15,60,4200,0,4,43,46,0,0,1,1,1,1,1,1,40,1,1,1,1,1,1,1,1,1,1,1,1,1,0,90,0,1066,1,0,elemenRangedAttack;elemenAutoAttackMode,supplied-values; not retail measurements
1067,server_battlenpc_mob_types.sql,268,2180214,black_crow_swashbuckler,6,0,1,0,1,15,60,4200,0,3,40,42,0,0,1,1,1,1,1,1,40,1,1,1,1,1,1,1,1,1,1,1,1,1,0,91,0,1067,1,0,elemenRangedAttack;elemenAutoAttackMode,supplied-values; not retail measurements
1068,server_battlenpc_mob_types.sql,269,2106001,lost_lamb,4,0,0,0,1,15,60,4200,0,2,1,1,0,0,1,1,1,1,1,1,40,1,1,1,1,1,1,1,1,1.25,0.75,1,1,1,2,5052,0,1068,0,0,elemenRangedAttack;elemenAutoAttackMode,supplied-values; not retail measurements
1069,server_battlenpc_mob_types.sql,270,2106306,qiqirn_mercenary,6,0,0,0,1,15,60,4200,0,2,90,94,0,0,1,1,1,1,1,1,40,1,1,1,1,1,1,1,1,1,1,0.75,0.75,1.25,3,5048,0,1069,0,0,elemenRangedAttack;elemenAutoAttackMode,supplied-values; not retail measurements
1070,server_battlenpc_mob_types.sql,271,2105503,yarzon_bleeder,5,0,1,0,4,15,60,4200,0,8,25,28,0,0,1,1,1,1,1,1,40,1,1,1,1,1,1,1,1,0.75,0.75,1,1,1,1,5063,0,1070,0,0,elemenRangedAttack;elemenAutoAttackMode,supplied-values; not retail measurements
1072,server_battlenpc_mob_types.sql,273,2104011,thistletail_marmot,4,0,0,0,2,15,60,4200,0,2,14,17,0,0,1,1,1,1,1,1,40,1,1,1,1,1,1,1,1,1,1,0.75,0.75,1.25,3,5050,0,1072,0,0,elemenRangedAttack;elemenAutoAttackMode,supplied-values; not retail measurements
1073,server_battlenpc_mob_types.sql,274,2100516,curious_galago,4.5,0,0,0,1,15,60,4200,0,2,10,12,0,0,1,1,1,1,1,1,40,1,1,1,1,1,1,1,0.75,0.75,1.25,1,1,1,0,5043,0,1073,1,0,elemenRangedAttack;elemenAutoAttackMode,supplied-values; not retail measurements
1074,server_battlenpc_mob_types.sql,275,2105916,mature_funguar,4,0,0,0,4,15,60,4200,0,23,11,13,0,0,1,1,1,1,1,1,40,1,1,1,1,1,1,1,1,0.75,0.75,1,1,1,1,5024,0,1074,0,0,elemenRangedAttack;elemenAutoAttackMode,supplied-values; not retail measurements
1075,server_battlenpc_mob_types.sql,276,2100516,curious_galago,4.5,0,0,0,1,15,60,4200,0,2,13,16,0,0,1,1,1,1,1,1,40,1,1,1,1,1,1,1,0.75,0.75,1.25,1,1,1,0,5043,0,1075,1,0,elemenRangedAttack;elemenAutoAttackMode,supplied-values; not retail measurements
1076,server_battlenpc_mob_types.sql,277,2100516,curious_galago,4.5,0,0,0,1,15,60,4200,0,2,17,19,0,0,1,1,1,1,1,1,40,1,1,1,1,1,1,1,0.75,0.75,1.25,1,1,1,0,5043,0,1076,1,0,elemenRangedAttack;elemenAutoAttackMode,supplied-values; not retail measurements
1077,server_battlenpc_mob_types.sql,278,2104501,angler,4,0,1,0,2,15,60,4200,0,2,23,23,0,0,1,1,1,1,1,1,40,1,1,1,1,1,1,1,1,1,1,1.25,0.75,0.75,5,5044,0,1077,0,0,elemenRangedAttack;elemenAutoAttackMode,supplied-values; not retail measurements
1078,server_battlenpc_mob_types.sql,279,2105721,shroud_shrew,5,0,0,0,4,15,60,4200,0,2,10,12,0,0,1,1,1,1,1,1,40,1,1,1,1,1,1,1,1,1,1,0.75,0.75,1.25,3,5039,0,1078,0,0,elemenRangedAttack;elemenAutoAttackMode,supplied-values; not retail measurements
1079,server_battlenpc_mob_types.sql,280,2105722,shroud_shrew,5,0,0,0,4,15,60,4200,0,2,13,16,0,0,1,1,1,1,1,1,40,1,1,1,1,1,1,1,1,1,1,0.75,0.75,1.25,3,5039,0,1079,0,0,elemenRangedAttack;elemenAutoAttackMode,supplied-values; not retail measurements
1080,server_battlenpc_mob_types.sql,281,2105723,shroud_shrew,5,0,0,0,4,15,60,4200,0,2,17,19,0,0,1,1,1,1,1,1,40,1,1,1,1,1,1,1,1,1,1,0.75,0.75,1.25,3,5039,0,1080,0,0,elemenRangedAttack;elemenAutoAttackMode,supplied-values; not retail measurements
1081,server_battlenpc_mob_types.sql,282,2101501,wild_hog,6,0,1,0,2,15,60,4200,0,4,40,42,0,0,1,1,1,1,1,1,40,1,1,1,1,1,1,1,0.75,0.75,1.25,1,1,1,0,5009,0,1081,1,0,elemenRangedAttack;elemenAutoAttackMode,supplied-values; not retail measurements
1082,server_battlenpc_mob_types.sql,283,2104102,cave_bat,5,1.0,1,0,4,15,60,4200,0,8,20,23,0,0,1,1,1,1,1,1,40,1,1,1,1,1,1,1,1,1.25,0.75,1,1,1,2,5007,0,1082,0,0,elemenRangedAttack;elemenAutoAttackMode,supplied-values; not retail measurements
1083,server_battlenpc_mob_types.sql,284,2205411,drifting_anemone,4.5,0,1,0,4,15,60,4200,0,2,70,73,0,0,1,1,1,1,1,1,40,1,1,1,1,1,1,1,1,1,1,1.25,0.75,0.75,5,5036,0,1083,0,0,elemenRangedAttack;elemenAutoAttackMode,supplied-values; not retail measurements
1084,server_battlenpc_mob_types.sql,285,2106444,ixali_bravewing,6,0,1,0,1,15,60,4200,0,8,40,42,0,0,1,1,1,1,1,1,40,1,1,1,1,1,1,1,1,1.25,0.75,1,1,1,2,5035,0,1084,1,0,elemenRangedAttack;elemenAutoAttackMode,supplied-values; not retail measurements
1085,server_battlenpc_mob_types.sql,286,2106420,ixali_fatecaller,6,0,1,0,1,15,60,4200,0,23,40,42,0,0,1,1,1,1,1,1,40,1,1,1,1,1,1,1,1,1.25,0.75,1,1,1,2,5035,0,1085,1,0,elemenRangedAttack;elemenAutoAttackMode,supplied-values; not retail measurements
1086,server_battlenpc_mob_types.sql,287,2106401,ixali_fencer,6,0,1,0,1,15,60,4200,0,3,40,42,0,0,1,1,1,1,1,1,40,1,1,1,1,1,1,1,1,1.25,0.75,1,1,1,2,5035,0,1086,1,0,elemenRangedAttack;elemenAutoAttackMode,supplied-values; not retail measurements
1087,server_battlenpc_mob_types.sql,288,2106435,ixali_strongbeak,6,0,1,0,1,15,60,4200,0,8,40,42,0,0,1,1,1,1,1,1,40,1,1,1,1,1,1,1,1,1.25,0.75,1,1,1,2,5035,0,1087,1,0,elemenRangedAttack;elemenAutoAttackMode,supplied-values; not retail measurements
1088,server_battlenpc_mob_types.sql,289,2106445,ixali_bravewing,6,0,1,0,1,15,60,4200,0,8,43,46,0,0,1,1,1,1,1,1,40,1,1,1,1,1,1,1,1,1.25,0.75,1,1,1,2,5035,0,1088,1,0,elemenRangedAttack;elemenAutoAttackMode,supplied-values; not retail measurements
1089,server_battlenpc_mob_types.sql,290,2106411,ixali_fencer,6,0,1,0,1,15,60,4200,0,3,43,46,0,0,1,1,1,1,1,1,40,1,1,1,1,1,1,1,1,1.25,0.75,1,1,1,2,5035,0,1089,1,0,elemenRangedAttack;elemenAutoAttackMode,supplied-values; not retail measurements
1090,server_battlenpc_mob_types.sql,291,2106436,ixali_strongbeak,6,0,1,0,1,15,60,4200,0,8,43,46,0,0,1,1,1,1,1,1,40,1,1,1,1,1,1,1,1,1.25,0.75,1,1,1,2,5035,0,1090,1,0,elemenRangedAttack;elemenAutoAttackMode,supplied-values; not retail measurements
1091,server_battlenpc_mob_types.sql,292,2106446,ixali_bravewing,6,0,1,0,1,15,60,4200,0,8,46,49,0,0,1,1,1,1,1,1,40,1,1,1,1,1,1,1,1,1.25,0.75,1,1,1,2,5035,0,1091,1,0,elemenRangedAttack;elemenAutoAttackMode,supplied-values; not retail measurements
1092,server_battlenpc_mob_types.sql,293,2106421,ixali_fatecaller,6,0,1,0,1,15,60,4200,0,23,46,49,0,0,1,1,1,1,1,1,40,1,1,1,1,1,1,1,1,1.25,0.75,1,1,1,2,5035,0,1092,1,0,elemenRangedAttack;elemenAutoAttackMode,supplied-values; not retail measurements
1093,server_battlenpc_mob_types.sql,294,2106412,ixali_fencer,6,0,1,0,1,15,60,4200,0,3,46,49,0,0,1,1,1,1,1,1,40,1,1,1,1,1,1,1,1,1.25,0.75,1,1,1,2,5035,0,1093,1,0,elemenRangedAttack;elemenAutoAttackMode,supplied-values; not retail measurements
1094,server_battlenpc_mob_types.sql,295,2106437,ixali_strongbeak,6,0,1,0,1,15,60,4200,0,8,46,49,0,0,1,1,1,1,1,1,40,1,1,1,1,1,1,1,1,1.25,0.75,1,1,1,2,5035,0,1094,1,0,elemenRangedAttack;elemenAutoAttackMode,supplied-values; not retail measurements
1095,server_battlenpc_mob_types.sql,296,2101502,wild_hog,6,0,1,0,2,15,60,4200,0,4,47,49,0,0,1,1,1,1,1,1,40,1,1,1,1,1,1,1,0.75,0.75,1.25,1,1,1,0,5009,0,1095,1,0,elemenRangedAttack;elemenAutoAttackMode,supplied-values; not retail measurements
1096,server_battlenpc_mob_types.sql,297,2106446,ixali_bravewing,6,0,1,0,1,15,60,4200,0,8,47,50,0,0,1,1,1,1,1,1,40,1,1,1,1,1,1,1,1,1.25,0.75,1,1,1,2,5035,0,1096,1,0,elemenRangedAttack;elemenAutoAttackMode,supplied-values; not retail measurements
1097,server_battlenpc_mob_types.sql,298,2106413,ixali_fencer,6,0,1,0,1,15,60,4200,0,3,47,50,0,0,1,1,1,1,1,1,40,1,1,1,1,1,1,1,1,1.25,0.75,1,1,1,2,5035,0,1097,1,0,elemenRangedAttack;elemenAutoAttackMode,supplied-values; not retail measurements
1098,server_battlenpc_mob_types.sql,299,2106437,ixali_strongbeak,6,0,1,0,1,15,60,4200,0,8,47,50,0,0,1,1,1,1,1,1,40,1,1,1,1,1,1,1,1,1.25,0.75,1,1,1,2,5035,0,1098,1,0,elemenRangedAttack;elemenAutoAttackMode,supplied-values; not retail measurements
1111,server_battlenpc_mob_types.sql,312,2110302,goblin_braggadocio,6,0,0,0,1,15,60,4200,0,3,53,55,0,0,1,1,1,1,1,1,40,1,1,1,1,1,1,1,0.75,0.75,1.25,1,1,1,0,5029,0,1111,1,0,elemenRangedAttack;elemenAutoAttackMode,supplied-values; not retail measurements
1112,server_battlenpc_mob_types.sql,313,2110301,goblin_freesword,6,0,0,0,1,15,60,4200,0,3,53,55,0,0,1,1,1,1,1,1,40,1,1,1,1,1,1,1,0.75,0.75,1.25,1,1,1,0,5029,0,1112,0,0,elemenRangedAttack;elemenAutoAttackMode,supplied-values; not retail measurements
1113,server_battlenpc_mob_types.sql,314,2204202,giant_slug,4,0,0,0,4,15,60,4200,0,2,50,53,0,0,1,1,1,1,1,1,40,1,1,1,1,1,1,1,1,1,1,1.25,0.75,0.75,5,5053,0,1113,0,0,elemenRangedAttack;elemenAutoAttackMode,supplied-values; not retail measurements
1114,server_battlenpc_mob_types.sql,315,2207604,delta_crab,5,0,1,0,4,15,60,4200,0,3,55,58,0,0,1,1,1,1,1,1,40,1,1,1,1,1,1,1,1,1,1,1.25,0.75,0.75,5,5038,0,1114,0,0,elemenRangedAttack;elemenAutoAttackMode,supplied-values; not retail measurements
1115,server_battlenpc_mob_types.sql,316,2206430,ixali_scout,6,0,1,0,1,15,60,4200,0,8,52,54,0,0,1,1,1,1,1,1,40,1,1,1,1,1,1,1,1,1.25,0.75,1,1,1,2,5035,0,1115,1,0,elemenRangedAttack;elemenAutoAttackMode,supplied-values; not retail measurements
1116,server_battlenpc_mob_types.sql,317,2206423,ixali_fencer,6,0,1,0,1,15,60,4200,0,3,52,54,0,0,1,1,1,1,1,1,40,1,1,1,1,1,1,1,1,1.25,0.75,1,1,1,2,5035,0,1116,1,0,elemenRangedAttack;elemenAutoAttackMode,supplied-values; not retail measurements
1117,server_battlenpc_mob_types.sql,318,2201405,lone_wolf,6,0,1,0,2,15,60,4200,0,2,52,53,0,0,1,1,1,1,1,1,40,1,1,1,1,1,1,1,1,1,1,0.75,1.25,0.75,4,5062,0,1117,0,0,elemenRangedAttack;elemenAutoAttackMode,supplied-values; not retail measurements
1118,server_battlenpc_mob_types.sql,319,2102128,lightning_beetle,5,0,0,0,4,15,60,4200,0,4,47,49,0,0,1,1,1,1,1,1,40,1,1,1,1,1,1,1,0.75,0.75,1.25,1,1,1,0,5008,0,1118,0,0,elemenRangedAttack;elemenAutoAttackMode,supplied-values; not retail measurements
1119,server_battlenpc_mob_types.sql,320,2105313,emerald_bee_swarm,4.5,0.9,1,0,1,15,60,4200,0,2,47,49,0,0,1,1,1,1,1,1,40,1,1,1,1,1,1,1,1,1.25,0.75,1,1,1,2,93,0,1119,0,2,elemenRangedAttack;elemenAutoAttackMode,supplied-values; not retail measurements
1120,server_battlenpc_mob_types.sql,321,2110303,goblin_bouncer,6,0,0,0,1,15,60,4200,0,3,55,58,0,0,1,1,1,1,1,1,40,1,1,1,1,1,1,1,0.75,0.75,1.25,1,1,1,0,5029,0,1120,0,0,elemenRangedAttack;elemenAutoAttackMode,supplied-values; not retail measurements
1121,server_battlenpc_mob_types.sql,322,2201101,dwarf_diremite,5,0,1,0,4,15,60,4200,0,8,50,53,0,0,1,1,1,1,1,1,40,1,1,1,1,1,1,1,1,1,1,0.75,0.75,1.25,3,5018,0,1121,1,0,elemenRangedAttack;elemenAutoAttackMode,supplied-values; not retail measurements
1122,server_battlenpc_mob_types.sql,323,2201103,molting_miteling,5,0,1,0,4,15,60,4200,0,8,50,53,0,0,1,1,1,1,1,1,40,1,1,1,1,1,1,1,1,1,1,0.75,0.75,1.25,3,5018,0,1122,1,0,elemenRangedAttack;elemenAutoAttackMode,supplied-values; not retail measurements
1123,server_battlenpc_mob_types.sql,324,2207601,molting_megalocrab,5,0,0,0,4,15,60,4200,0,3,55,59,0,0,1,1,1,1,1,1,40,1,1,1,1,1,1,1,1,1,1,1.25,0.75,0.75,5,5038,0,1123,0,0,elemenRangedAttack;elemenAutoAttackMode,supplied-values; not retail measurements
1124,server_battlenpc_mob_types.sql,325,2105301,honeybee_swarm,4.5,0.9,1,0,1,15,60,4200,0,2,42,45,0,0,1,1,1,1,1,1,40,1,1,1,1,1,1,1,1,1.25,0.75,1,1,1,2,93,0,1124,0,2,elemenRangedAttack;elemenAutoAttackMode,supplied-values; not retail measurements
1125,server_battlenpc_mob_types.sql,326,2100505,lemur,4.5,0,0,0,1,15,60,4200,0,2,40,44,0,0,1,1,1,1,1,1,40,1,1,1,1,1,1,1,0.75,0.75,1.25,1,1,1,0,5043,0,1125,1,0,elemenRangedAttack;elemenAutoAttackMode,supplied-values; not retail measurements
1126,server_battlenpc_mob_types.sql,329,2204501,inland_angler,4,0,1,0,2,15,60,4200,0,2,20,23,0,0,1,1,1,1,1,1,40,1,1,1,1,1,1,1,1,1,1,1.25,0.75,0.75,5,5044,0,1126,0,0,elemenRangedAttack;elemenAutoAttackMode,supplied-values; not retail measurements
1127,server_battlenpc_mob_types.sql,330,2101203,scout_vulture,5.5,0.9,1,0,1,15,60,4200,0,8,50,54,0,0,1,1,1,1,1,1,40,1,1,1,1,1,1,1,1,1.25,0.75,1,1,1,2,5060,0,1127,1,0,elemenRangedAttack;elemenAutoAttackMode,supplied-values; not retail measurements
1128,server_battlenpc_mob_types.sql,331,2101503,truffle_hog,6,0,1,0,2,15,60,4200,0,4,50,54,0,0,1,1,1,1,1,1,40,1,1,1,1,1,1,1,0.75,0.75,1.25,1,1,1,0,5009,0,1128,1,0,elemenRangedAttack;elemenAutoAttackMode,supplied-values; not retail measurements
1129,server_battlenpc_mob_types.sql,332,2100105,saltspray_pteroc,4,0,0,0,1,15,60,4200,0,8,30,33,0,0,1,1,1,1,1,1,40,1,1,1,1,1,1,1,1,1.25,0.75,1,1,1,2,5047,0,1129,0,0,elemenRangedAttack;elemenAutoAttackMode,supplied-values; not retail measurements
1130,server_battlenpc_mob_types.sql,333,2101905,wight_warrior,6,0,1,0,4,15,60,4200,0,3,30,33,0,0,1,1,1,1,1,1,40,1,1,1,1,1,1,1,1,0.75,0.75,1,1,1,1,5061,0,1130,0,0,elemenRangedAttack;elemenAutoAttackMode,supplied-values; not retail measurements
1131,server_battlenpc_mob_types.sql,334,2104019,spiny_dormouse,4,0,0,0,2,15,60,4200,0,2,34,36,0,0,1,1,1,1,1,1,40,1,1,1,1,1,1,1,1,1,1,0.75,0.75,1.25,3,5050,0,1131,0,0,elemenRangedAttack;elemenAutoAttackMode,supplied-values; not retail measurements
1132,server_battlenpc_mob_types.sql,335,2100301,antelope_doe,5,0,0,0,1,15,60,4200,0,2,40,43,0,0,1,1,1,1,1,1,40,1,1,1,1,1,1,1,1,1,1,0.75,0.75,1.25,3,5003,0,1132,0,0,elemenRangedAttack;elemenAutoAttackMode,supplied-values; not retail measurements
1133,server_battlenpc_mob_types.sql,336,2101307,bark_eft,4.5,0,1,0,4,15,60,4200,0,8,43,45,0,0,1,1,1,1,1,1,40,1,1,1,1,1,1,1,1,1,1,1.25,0.75,0.75,5,5051,0,1133,0,0,elemenRangedAttack;elemenAutoAttackMode,supplied-values; not retail measurements
1134,server_battlenpc_mob_types.sql,337,2104210,dew_hare,4,0,0,0,4,15,60,4200,0,2,41,42,0,0,1,1,1,1,1,1,40,1,1,1,1,1,1,1,1,1,1,1.25,0.75,0.75,5,5053,0,1134,0,0,elemenRangedAttack;elemenAutoAttackMode,supplied-values; not retail measurements
1135,server_battlenpc_mob_types.sql,338,2104210,dew_hare,4,0,0,0,4,15,60,4200,0,2,41,43,0,0,1,1,1,1,1,1,40,1,1,1,1,1,1,1,1,1,1,1.25,0.75,0.75,5,5053,0,1135,0,0,elemenRangedAttack;elemenAutoAttackMode,supplied-values; not retail measurements
1136,server_battlenpc_mob_types.sql,339,2101807,fallen_captain,6,0,1,0,4,15,60,4200,0,22,45,48,0,0,1,1,1,1,1,1,40,1,1,1,1,1,1,1,1,0.75,0.75,1,1,1,1,5061,0,1136,0,0,elemenRangedAttack;elemenAutoAttackMode,supplied-values; not retail measurements
1137,server_battlenpc_mob_types.sql,340,2100203,lindwurm,8,0,1,0,1,15,60,4200,0,8,45,48,0,0,1,1,1,1,1,1,40,1,1,1,1,1,1,1,0.75,0.75,1.25,1,1,1,0,5049,0,1137,0,0,elemenRangedAttack;elemenAutoAttackMode,supplied-values; not retail measurements
1138,server_battlenpc_mob_types.sql,341,2101318,hellbender,4.5,0,1,0,4,15,60,4200,0,8,60,63,0,0,1,1,1,1,1,1,40,1,1,1,1,1,1,1,1,1,1,1.25,0.75,0.75,5,5051,0,1138,0,0,elemenRangedAttack;elemenAutoAttackMode,supplied-values; not retail measurements
1139,server_battlenpc_mob_types.sql,342,2102714,pteroctrap,4.5,0,1,0,4,15,60,4200,0,23,40,43,0,0,1,1,1,1,1,1,40,1,1,1,1,1,1,1,1,1.25,0.75,1,1,1,2,5023,0,1139,1,0,elemenRangedAttack;elemenAutoAttackMode,supplied-values; not retail measurements
1140,server_battlenpc_mob_types.sql,343,2105909,shrieker,4,0,0,0,4,15,60,4200,0,23,42,44,0,0,1,1,1,1,1,1,40,1,1,1,1,1,1,1,1,0.75,0.75,1,1,1,1,5024,0,1140,0,0,elemenRangedAttack;elemenAutoAttackMode,supplied-values; not retail measurements
1141,server_battlenpc_mob_types.sql,344,2110305,goblin_bouncer,6,0,0,0,1,15,60,4200,0,3,90,95,0,0,1,1,1,1,1,1,40,1,1,1,1,1,1,1,0.75,0.75,1.25,1,1,1,0,5029,0,1141,0,0,elemenRangedAttack;elemenAutoAttackMode,supplied-values; not retail measurements
1142,server_battlenpc_mob_types.sql,345,2180116,toad_poacher,6,0,1,0,1,15,60,4200,0,2,53,57,0,0,1,1,1,1,1,1,40,1,1,1,1,1,1,1,1,1,1,1,1,1,0,86,0,1142,1,0,elemenRangedAttack;elemenAutoAttackMode,supplied-values; not retail measurements
1143,server_battlenpc_mob_types.sql,346,2103103,gigantoad,5.5,0,1,0,1,15,60,4200,0,2,55,58,0,0,1,1,1,1,1,1,40,1,1,1,1,1,1,1,1,1,1,1.25,0.75,0.75,5,5027,0,1143,1,0,elemenRangedAttack;elemenAutoAttackMode,supplied-values; not retail measurements
1144,server_battlenpc_mob_types.sql,347,2104401,phurble,4,0,0,0,1,15,60,4200,0,2,50,54,0,0,1,1,1,1,1,1,40,1,1,1,1,1,1,1,1,1,1,0.75,1.25,0.75,4,5045,0,1144,1,0,elemenRangedAttack;elemenAutoAttackMode,supplied-values; not retail measurements
1145,server_battlenpc_mob_types.sql,348,2101707,smolenkos,6,1.2,1,0,1,15,60,4200,0,22,40,45,0,0,1,1,1,1,1,1,40,1,1,1,1,1,1,1,1,1,1,0.75,0.75,1.25,3,5001,2,1145,1,0,elemenRangedAttack;elemenAutoAttackMode,supplied-values; not retail measurements
1146,server_battlenpc_mob_types.sql,349,2101317,waterdog,4.5,0,1,0,4,15,60,4200,0,8,75,79,0,0,1,1,1,1,1,1,40,1,1,1,1,1,1,1,1,1,1,1.25,0.75,0.75,5,5051,0,1146,0,0,elemenRangedAttack;elemenAutoAttackMode,supplied-values; not retail measurements
1147,server_battlenpc_mob_types.sql,350,2110306,goblin_bouncer,6,0,0,0,1,15,60,4200,0,3,85,90,0,0,1,1,1,1,1,1,40,1,1,1,1,1,1,1,0.75,0.75,1.25,1,1,1,0,5029,0,1147,0,0,elemenRangedAttack;elemenAutoAttackMode,supplied-values; not retail measurements
1148,server_battlenpc_mob_types.sql,355,2202205,guivre,6,0,1,0,4,15,60,4200,0,8,60,63,0,0,1,1,1,1,1,1,40,1,1,1,1,1,1,1,0.75,0.75,1.25,1,1,1,0,5020,0,1148,1,0,elemenRangedAttack;elemenAutoAttackMode,supplied-values; not retail measurements
1149,server_battlenpc_mob_types.sql,356,2110304,goblin_butcher,6,0,0,0,1,15,60,4200,0,3,60,63,0,0,1,1,1,1,1,1,40,1,1,1,1,1,1,1,0.75,0.75,1.25,1,1,1,0,5029,0,1149,0,0,elemenRangedAttack;elemenAutoAttackMode,supplied-values; not retail measurements
1150,server_battlenpc_mob_types.sql,357,2102715,vulturetrap,4.5,0,1,0,4,15,60,4200,0,23,40,44,0,0,1,1,1,1,1,1,40,1,1,1,1,1,1,1,1,1.25,0.75,1,1,1,2,5023,0,1150,1,0,elemenRangedAttack;elemenAutoAttackMode,supplied-values; not retail measurements
1151,server_battlenpc_mob_types.sql,358,2102715,vulturetrap,4.5,0,1,0,4,15,60,4200,0,23,40,44,0,0,1,1,1,1,1,1,40,1,1,1,1,1,1,1,1,1.25,0.75,1,1,1,2,5023,0,1151,1,0,elemenRangedAttack;elemenAutoAttackMode,supplied-values; not retail measurements
1152,server_battlenpc_mob_types.sql,359,2101501,wild_hog,6,0,1,0,2,15,60,4200,0,4,43,44,0,0,1,1,1,1,1,1,40,1,1,1,1,1,1,1,0.75,0.75,1.25,1,1,1,0,5009,0,1152,1,0,elemenRangedAttack;elemenAutoAttackMode,supplied-values; not retail measurements
1153,server_battlenpc_mob_types.sql,360,2104019,spiny_dormouse,4,0,0,0,2,15,60,4200,0,2,35,39,0,0,1,1,1,1,1,1,40,1,1,1,1,1,1,1,1,1,1,0.75,0.75,1.25,3,5050,0,1153,0,0,elemenRangedAttack;elemenAutoAttackMode,supplied-values; not retail measurements
1154,server_battlenpc_mob_types.sql,361,2107602,stoneshell,5,0,0,0,4,15,60,4200,0,3,35,39,0,0,1,1,1,1,1,1,40,1,1,1,1,1,1,1,1,1,1,1.25,0.75,0.75,5,5038,0,1154,0,0,elemenRangedAttack;elemenAutoAttackMode,supplied-values; not retail measurements
1155,server_battlenpc_mob_types.sql,362,2104402,snurble,4,0,0,0,1,15,60,4200,0,2,37,40,0,0,1,1,1,1,1,1,40,1,1,1,1,1,1,1,1,1,1,0.75,1.25,0.75,4,5045,0,1155,1,0,elemenRangedAttack;elemenAutoAttackMode,supplied-values; not retail measurements
1156,server_battlenpc_mob_types.sql,363,2100506,ringtail,4.5,0,0,0,1,15,60,4200,0,2,40,44,0,0,1,1,1,1,1,1,40,1,1,1,1,1,1,1,0.75,0.75,1.25,1,1,1,0,5043,0,1156,1,0,elemenRangedAttack;elemenAutoAttackMode,supplied-values; not retail measurements
1157,server_battlenpc_mob_types.sql,366,2101319,anole,4.5,0,1,0,4,15,60,4200,0,8,60,64,0,0,1,1,1,1,1,1,40,1,1,1,1,1,1,1,1,1,1,1.25,0.75,0.75,5,5051,0,1157,0,0,elemenRangedAttack;elemenAutoAttackMode,supplied-values; not retail measurements
1158,server_battlenpc_mob_types.sql,367,2102205,banescale_guivre,6,0,1,0,4,15,60,4200,0,8,43,47,0,0,1,1,1,1,1,1,40,1,1,1,1,1,1,1,0.75,0.75,1.25,1,1,1,0,5020,0,1158,1,0,elemenRangedAttack;elemenAutoAttackMode,supplied-values; not retail measurements
1159,server_battlenpc_mob_types.sql,368,2200602,bile_gnat,5,0.9,1,0,2,15,60,4200,0,2,47,52,0,0,1,1,1,1,1,1,40,1,1,1,1,1,1,1,1,1,1,0.75,1.25,0.75,4,5028,0,1159,1,0,elemenRangedAttack;elemenAutoAttackMode,supplied-values; not retail measurements
1160,server_battlenpc_mob_types.sql,369,2204021,dormouse,4,0,0,0,2,15,60,4200,0,2,38,42,0,0,1,1,1,1,1,1,40,1,1,1,1,1,1,1,1,1,1,0.75,0.75,1.25,3,5050,0,1160,0,0,elemenRangedAttack;elemenAutoAttackMode,supplied-values; not retail measurements
1161,server_battlenpc_mob_types.sql,373,2101211,buzzard,5.5,0.9,1,0,1,15,60,4200,0,8,24,29,0,0,1,1,1,1,1,1,40,1,1,1,1,1,1,1,1,1.25,0.75,1,1,1,2,5060,0,1161,1,0,elemenRangedAttack;elemenAutoAttackMode,supplied-values; not retail measurements
1162,server_battlenpc_mob_types.sql,374,2201101,dwarf_banemite,5,0,1,0,4,15,60,4200,0,8,27,31,0,0,1,1,1,1,1,1,40,1,1,1,1,1,1,1,1,1,1,0.75,0.75,1.25,3,5018,0,1162,1,0,elemenRangedAttack;elemenAutoAttackMode,supplied-values; not retail measurements
1163,server_battlenpc_mob_types.sql,375,2104210,hairless_hare,4,0,0,0,4,15,60,4200,0,2,30,33,0,0,1,1,1,1,1,1,40,1,1,1,1,1,1,1,1,1,1,1.25,0.75,0.75,5,5053,0,1163,0,0,elemenRangedAttack;elemenAutoAttackMode,supplied-values; not retail measurements
1164,server_battlenpc_mob_types.sql,376,2100203,lindwurm,8,0,1,0,1,15,60,4200,0,8,31,33,0,0,1,1,1,1,1,1,40,1,1,1,1,1,1,1,0.75,0.75,1.25,1,1,1,0,5049,0,1164,0,0,elemenRangedAttack;elemenAutoAttackMode,supplied-values; not retail measurements
1165,server_battlenpc_mob_types.sql,377,2100203,lindwurm,8,0,1,0,1,15,60,4200,0,8,33,35,0,0,1,1,1,1,1,1,40,1,1,1,1,1,1,1,0.75,0.75,1.25,1,1,1,0,5049,0,1165,0,0,elemenRangedAttack;elemenAutoAttackMode,supplied-values; not retail measurements
1168,server_battlenpc_mob_types.sql,380,2180116,toad_poacher,6,0,1,0,1,15,60,4200,0,2,45,50,0,0,1,1,1,1,1,1,40,1,1,1,1,1,1,1,1,1,1,1,1,1,0,86,0,1168,1,0,elemenRangedAttack;elemenAutoAttackMode,supplied-values; not retail measurements
1169,server_battlenpc_mob_types.sql,384,2106701,sylph_whisper,6,0.9,0,0,1,15,60,4200,0,23,50,56,0,0,1,1,1,1,1,1,40,1,1,1,1,1,1,1,1,1,1,0.75,1.25,0.75,4,5056,0,1169,1,0,elemenRangedAttack;elemenAutoAttackMode,supplied-values; not retail measurements
1170,server_battlenpc_mob_types.sql,385,2106707,sylph_echo,6,0.9,0,0,1,15,60,4200,0,23,50,56,0,0,1,1,1,1,1,1,40,1,1,1,1,1,1,1,1,1,1,0.75,1.25,0.75,4,5056,0,1170,1,0,elemenRangedAttack;elemenAutoAttackMode,supplied-values; not retail measurements
1171,server_battlenpc_mob_types.sql,386,2106713,sylph_susurrus,6,0.9,0,0,1,15,60,4200,0,23,50,56,0,0,1,1,1,1,1,1,40,1,1,1,1,1,1,1,1,1,1,0.75,1.25,0.75,4,5056,0,1171,1,0,elemenRangedAttack;elemenAutoAttackMode,supplied-values; not retail measurements
1172,server_battlenpc_mob_types.sql,387,2101508,pugot,6,0,1,0,2,15,60,4200,0,4,52,56,0,0,1,1,1,1,1,1,40,1,1,1,1,1,1,1,0.75,0.75,1.25,1,1,1,0,5009,0,1172,1,0,elemenRangedAttack;elemenAutoAttackMode,supplied-values; not retail measurements
1173,server_battlenpc_mob_types.sql,391,2100303,migrating_doe,5,0,0,0,1,15,60,4200,0,2,38,39,0,0,1,1,1,1,1,1,40,1,1,1,1,1,1,1,1,1,1,0.75,0.75,1.25,3,5003,0,1173,0,0,elemenRangedAttack;elemenAutoAttackMode,supplied-values; not retail measurements
1174,server_battlenpc_mob_types.sql,392,2101318,hellbender,4.5,0,1,0,4,15,60,4200,0,8,40,43,0,0,1,1,1,1,1,1,40,1,1,1,1,1,1,1,1,1,1,1.25,0.75,0.75,5,5051,0,1174,0,0,elemenRangedAttack;elemenAutoAttackMode,supplied-values; not retail measurements
1175,server_battlenpc_mob_types.sql,393,2100107,pteroc_matron,4,0,0,0,1,15,60,4200,0,8,33,34,0,0,1,1,1,1,1,1,40,1,1,1,1,1,1,1,1,1.25,0.75,1,1,1,2,5047,0,1175,0,0,elemenRangedAttack;elemenAutoAttackMode,supplied-values; not retail measurements
1176,server_battlenpc_mob_types.sql,394,2100607,redwing_ked,5,0.9,1,0,2,15,60,4200,0,2,35,38,0,0,1,1,1,1,1,1,40,1,1,1,1,1,1,1,1,1,1,0.75,1.25,0.75,4,5028,0,1176,1,0,elemenRangedAttack;elemenAutoAttackMode,supplied-values; not retail measurements
1177,server_battlenpc_mob_types.sql,395,2106306,qiqirn_mercenary,6,0,0,0,1,15,60,4200,0,2,79,80,0,0,1,1,1,1,1,1,40,1,1,1,1,1,1,1,1,1,1,0.75,0.75,1.25,3,5048,0,1177,0,0,elemenRangedAttack;elemenAutoAttackMode,supplied-values; not retail measurements
1178,server_battlenpc_mob_types.sql,396,2107607,stoneshell,5,0,0,0,4,15,60,4200,0,3,60,65,0,0,1,1,1,1,1,1,40,1,1,1,1,1,1,1,1,1,1,1.25,0.75,0.75,5,5038,0,1178,0,0,elemenRangedAttack;elemenAutoAttackMode,supplied-values; not retail measurements
1179,server_battlenpc_mob_types.sql,400,2101803,fallen_soldier,6,0,1,0,4,15,60,4200,0,22,38,40,0,0,1,1,1,1,1,1,40,1,1,1,1,1,1,1,1,0.75,0.75,1,1,1,1,5061,0,1179,0,0,elemenRangedAttack;elemenAutoAttackMode,supplied-values; not retail measurements
1180,server_battlenpc_mob_types.sql,401,2101104,needletail,5,0,1,0,4,15,60,4200,0,8,38,40,0,0,1,1,1,1,1,1,40,1,1,1,1,1,1,1,1,1,1,0.75,0.75,1.25,3,5018,0,1180,1,0,elemenRangedAttack;elemenAutoAttackMode,supplied-values; not retail measurements
1181,server_battlenpc_mob_types.sql,405,2104019,spiny_dormouse,4,0,0,0,2,15,60,4200,0,2,45,49,0,0,1,1,1,1,1,1,40,1,1,1,1,1,1,1,1,1,1,0.75,0.75,1.25,3,5050,0,1181,0,0,elemenRangedAttack;elemenAutoAttackMode,supplied-values; not retail measurements
1182,server_battlenpc_mob_types.sql,406,2100111,sordes,4,0,0,0,1,15,60,4200,0,8,40,44,0,0,1,1,1,1,1,1,40,1,1,1,1,1,1,1,1,1.25,0.75,1,1,1,2,5047,0,1182,0,0,elemenRangedAttack;elemenAutoAttackMode,supplied-values; not retail measurements
1183,server_battlenpc_mob_types.sql,407,2180116,toad_poacher,6,0,1,0,1,15,60,4200,0,2,45,49,0,0,1,1,1,1,1,1,40,1,1,1,1,1,1,1,1,1,1,1,1,1,0,86,0,1183,1,0,elemenRangedAttack;elemenAutoAttackMode,supplied-values; not retail measurements
1184,server_battlenpc_mob_types.sql,408,2200604,pug_gnat,5,0.9,1,0,2,15,60,4200,0,2,40,43,0,0,1,1,1,1,1,1,40,1,1,1,1,1,1,1,1,1,1,0.75,1.25,0.75,4,5028,0,1184,1,0,elemenRangedAttack;elemenAutoAttackMode,supplied-values; not retail measurements
1185,server_battlenpc_mob_types.sql,409,2101501,wild_hog,6,0,1,0,2,15,60,4200,0,4,45,49,0,0,1,1,1,1,1,1,40,1,1,1,1,1,1,1,0.75,0.75,1.25,1,1,1,0,5009,0,1185,1,0,elemenRangedAttack;elemenAutoAttackMode,supplied-values; not retail measurements
1186,server_battlenpc_mob_types.sql,410,2101701,floating_eye,6,0.9,1,0,1,15,60,4200,0,22,46,49,0,0,1,1,1,1,1,1,40,1,1,1,1,1,1,1,1,1,1,0.75,0.75,1.25,3,5001,0,1186,1,0,elemenRangedAttack;elemenAutoAttackMode,supplied-values; not retail measurements
1187,server_battlenpc_mob_types.sql,411,2102605,devilet,5.5,0.8,1,0,1,15,60,4200,0,22,45,49,0,0,1,1,1,1,1,1,40,1,1,1,1,1,1,1,1,0.75,0.75,1,1,1,1,5034,2,1187,1,0,elemenRangedAttack;elemenAutoAttackMode,supplied-values; not retail measurements
1188,server_battlenpc_mob_types.sql,412,2103401,plain_pudding,5,0,1,0,4,15,60,4200,0,22,46,49,0,0,1,1,1,1,1,1,40,1,1,1,1,1,1,1,1,1,1,1,1,1,5,5022,0,1188,1,0,elemenRangedAttack;elemenAutoAttackMode,supplied-values; not retail measurements
1189,server_battlenpc_mob_types.sql,413,2103102,toxic_toad,5.5,0,1,0,1,15,60,4200,0,2,46,47,0,0,1,1,1,1,1,1,40,1,1,1,1,1,1,1,1,1,1,1.25,0.75,0.75,5,5027,0,1189,1,0,elemenRangedAttack;elemenAutoAttackMode,supplied-values; not retail measurements
1190,server_battlenpc_mob_types.sql,414,2101502,wild_hog,6,0,1,0,2,15,60,4200,0,4,46,47,0,0,1,1,1,1,1,1,40,1,1,1,1,1,1,1,0.75,0.75,1.25,1,1,1,0,5009,0,1190,1,0,elemenRangedAttack;elemenAutoAttackMode,supplied-values; not retail measurements
1191,server_battlenpc_mob_types.sql,415,2109901,friars_lantern,5.5,1.2,1,0,1,15,60,4200,0,23,36,38,0,0,1,1,1,1,1,1,40,1,1,1,1,1,1,1,0.75,0.75,1.25,1,1,1,0,5010,1,1191,1,0,elemenRangedAttack;elemenAutoAttackMode,supplied-values; not retail measurements
1192,server_battlenpc_mob_types.sql,416,2109901,friars_lantern,5.5,1.2,1,0,1,15,60,4200,0,23,40,41,0,0,1,1,1,1,1,1,40,1,1,1,1,1,1,1,0.75,0.75,1.25,1,1,1,0,5010,1,1192,1,0,elemenRangedAttack;elemenAutoAttackMode,supplied-values; not retail measurements
1193,server_battlenpc_mob_types.sql,417,2102605,devilet,5.5,0.8,1,0,1,15,60,4200,0,22,48,50,0,0,1,1,1,1,1,1,40,1,1,1,1,1,1,1,1,0.75,0.75,1,1,1,1,5034,2,1193,1,0,elemenRangedAttack;elemenAutoAttackMode,supplied-values; not retail measurements
1194,server_battlenpc_mob_types.sql,418,2200604,pug_gnat,5,0.9,1,0,2,15,60,4200,0,2,47,48,0,0,1,1,1,1,1,1,40,1,1,1,1,1,1,1,1,1,1,0.75,1.25,0.75,4,5028,0,1194,1,0,elemenRangedAttack;elemenAutoAttackMode,supplied-values; not retail measurements
1195,server_battlenpc_mob_types.sql,419,2104108,scarred_kalong,5,1.0,1,0,4,15,60,4200,0,8,45,49,0,0,1,1,1,1,1,1,40,1,1,1,1,1,1,1,1,1.25,0.75,1,1,1,2,5007,0,1195,0,0,elemenRangedAttack;elemenAutoAttackMode,supplied-values; not retail measurements
1196,server_battlenpc_mob_types.sql,420,2101904,skeleton_soldier,6,0,1,0,4,15,60,4200,0,3,40,44,0,0,1,1,1,1,1,1,40,1,1,1,1,1,1,1,1,0.75,0.75,1,1,1,1,5061,0,1196,0,0,elemenRangedAttack;elemenAutoAttackMode,supplied-values; not retail measurements
1197,server_battlenpc_mob_types.sql,421,2106213,sprinting_spriggan,6,0,1,0,1,15,60,4200,0,23,40,44,0,0,1,1,1,1,1,1,40,1,1,1,1,1,1,1,1,1,1,0.75,1.25,0.75,4,5054,0,1197,1,0,elemenRangedAttack;elemenAutoAttackMode,supplied-values; not retail measurements
1198,server_battlenpc_mob_types.sql,425,2107606,thickshell,5,0,0,0,4,15,60,4200,0,3,21,25,0,0,1,1,1,1,1,1,40,1,1,1,1,1,1,1,1,1,1,1.25,0.75,0.75,5,5038,0,1198,0,0,elemenRangedAttack;elemenAutoAttackMode,supplied-values; not retail measurements
1199,server_battlenpc_mob_types.sql,426,2103904,ladybug,4,0,0,0,4,15,60,4200,0,2,12,14,0,0,1,1,1,1,1,1,40,1,1,1,1,1,1,1,0.75,0.75,1.25,1,1,1,0,5008,0,1199,0,0,elemenRangedAttack;elemenAutoAttackMode,supplied-values; not retail measurements
1200,server_battlenpc_mob_types.sql,427,2102715,imptrap,4.5,0,1,0,4,15,60,4200,0,23,14,18,0,0,1,1,1,1,1,1,40,1,1,1,1,1,1,1,1,1.25,0.75,1,1,1,2,5023,0,1200,1,0,elemenRangedAttack;elemenAutoAttackMode,supplied-values; not retail measurements
1201,server_battlenpc_mob_types.sql,428,2105301,honeybee_swarm,4.5,0.9,1,0,1,15,60,4200,0,2,14,18,0,0,1,1,1,1,1,1,40,1,1,1,1,1,1,1,1,1.25,0.75,1,1,1,2,93,0,1201,0,2,elemenRangedAttack;elemenAutoAttackMode,supplied-values; not retail measurements
1202,server_battlenpc_mob_types.sql,429,2110301,goblin_thug,6,0,0,0,1,15,60,4200,0,3,18,21,0,0,1,1,1,1,1,1,40,1,1,1,1,1,1,1,0.75,0.75,1.25,1,1,1,0,5029,0,1202,0,0,elemenRangedAttack;elemenAutoAttackMode,supplied-values; not retail measurements
1203,server_battlenpc_mob_types.sql,430,2110303,goblin_fencer,6,0,0,0,1,15,60,4200,0,3,18,21,0,0,1,1,1,1,1,1,40,1,1,1,1,1,1,1,0.75,0.75,1.25,1,1,1,0,5029,0,1203,0,0,elemenRangedAttack;elemenAutoAttackMode,supplied-values; not retail measurements
1204,server_battlenpc_mob_types.sql,434,2103910,oilbug,4,0,0,0,4,15,60,4200,0,2,17,19,0,0,1,1,1,1,1,1,40,1,1,1,1,1,1,1,0.75,0.75,1.25,1,1,1,0,5008,0,1204,0,0,elemenRangedAttack;elemenAutoAttackMode,supplied-values; not retail measurements
1205,server_battlenpc_mob_types.sql,435,2100314,antelope_doe,5,0,0,0,1,15,60,4200,0,2,20,22,0,0,1,1,1,1,1,1,40,1,1,1,1,1,1,1,1,1,1,0.75,0.75,1.25,3,5003,0,1205,0,0,elemenRangedAttack;elemenAutoAttackMode,supplied-values; not retail measurements
1206,server_battlenpc_mob_types.sql,436,2100503,opo-opo,4.5,0,0,0,1,15,60,4200,0,2,21,24,0,0,1,1,1,1,1,1,40,1,1,1,1,1,1,1,0.75,0.75,1.25,1,1,1,0,5043,0,1206,1,0,elemenRangedAttack;elemenAutoAttackMode,supplied-values; not retail measurements
1207,server_battlenpc_mob_types.sql,440,2105916,fallgourd_funguar,4,0,0,0,4,15,60,4200,0,23,24,26,0,0,1,1,1,1,1,1,40,1,1,1,1,1,1,1,1,0.75,0.75,1,1,1,1,5024,0,1207,0,0,elemenRangedAttack;elemenAutoAttackMode,supplied-values; not retail measurements
1208,server_battlenpc_mob_types.sql,441,2104102,black_bat,5,1.0,1,0,4,15,60,4200,0,8,15,19,0,0,1,1,1,1,1,1,40,1,1,1,1,1,1,1,1,1.25,0.75,1,1,1,2,5007,0,1208,0,0,elemenRangedAttack;elemenAutoAttackMode,supplied-values; not retail measurements
1209,server_battlenpc_mob_types.sql,442,2104508,land_angler,4,0,1,0,2,15,60,4200,0,2,26,29,0,0,1,1,1,1,1,1,40,1,1,1,1,1,1,1,1,1,1,1.25,0.75,0.75,5,5044,0,1209,0,0,elemenRangedAttack;elemenAutoAttackMode,supplied-values; not retail measurements
1210,server_battlenpc_mob_types.sql,443,2105301,shroud_bee_swarm,4.5,0.9,1,0,1,15,60,4200,0,2,19,22,0,0,1,1,1,1,1,1,40,1,1,1,1,1,1,1,1,1.25,0.75,1,1,1,2,93,0,1210,0,2,elemenRangedAttack;elemenAutoAttackMode,supplied-values; not retail measurements
1211,server_battlenpc_mob_types.sql,444,2104019,arbor_squirrel,4,0,0,0,2,15,60,4200,0,2,25,27,0,0,1,1,1,1,1,1,40,1,1,1,1,1,1,1,1,1,1,0.75,0.75,1.25,3,5050,0,1211,0,0,elemenRangedAttack;elemenAutoAttackMode,supplied-values; not retail measurements
1212,server_battlenpc_mob_types.sql,448,2105916,faerie_funguar,4,0,0,0,4,15,60,4200,0,23,29,32,0,0,1,1,1,1,1,1,40,1,1,1,1,1,1,1,1,0.75,0.75,1,1,1,1,5024,0,1212,0,0,elemenRangedAttack;elemenAutoAttackMode,supplied-values; not retail measurements
1213,server_battlenpc_mob_types.sql,449,2100406,downcast_hippocerf,5,0,1,0,2,15,60,4200,0,4,29,32,0,0,1,1,1,1,1,1,40,1,1,1,1,1,1,1,1,1,1,0.75,1.25,0.75,4,5032,0,1213,1,0,elemenRangedAttack;elemenAutoAttackMode,supplied-values; not retail measurements
1214,server_battlenpc_mob_types.sql,450,2101319,anole,4.5,0,1,0,4,15,60,4200,0,8,29,32,0,0,1,1,1,1,1,1,40,1,1,1,1,1,1,1,1,1,1,1.25,0.75,0.75,5,5051,0,1214,0,0,elemenRangedAttack;elemenAutoAttackMode,supplied-values; not retail measurements
1215,server_battlenpc_mob_types.sql,451,2207604,delta_crab,5,0,0,0,4,15,60,4200,0,3,29,32,0,0,1,1,1,1,1,1,40,1,1,1,1,1,1,1,1,1,1,1.25,0.75,0.75,5,5038,0,1215,0,0,elemenRangedAttack;elemenAutoAttackMode,supplied-values; not retail measurements
1216,server_battlenpc_mob_types.sql,452,2101317,waterdog,4.5,0,1,0,4,15,60,4200,0,8,77,79,0,0,1,1,1,1,1,1,40,1,1,1,1,1,1,1,1,1,1,1.25,0.75,0.75,5,5051,0,1216,0,0,elemenRangedAttack;elemenAutoAttackMode,supplied-values; not retail measurements
1217,server_battlenpc_mob_types.sql,453,2206430,ixali_stillbeak,6,0,1,0,1,15,60,4200,0,8,27,30,0,0,1,1,1,1,1,1,40,1,1,1,1,1,1,1,1,1.25,0.75,1,1,1,2,5035,0,1217,1,0,elemenRangedAttack;elemenAutoAttackMode,supplied-values; not retail measurements
1218,server_battlenpc_mob_types.sql,454,2206429,ixali_squire,6,0,1,0,1,15,60,4200,0,3,27,30,0,0,1,1,1,1,1,1,40,1,1,1,1,1,1,1,1,1.25,0.75,1,1,1,2,5035,0,1218,1,0,elemenRangedAttack;elemenAutoAttackMode,supplied-values; not retail measurements
1219,server_battlenpc_mob_types.sql,455,2206432,ixali_boundwing,6,0,1,0,1,15,60,4200,0,8,27,30,0,0,1,1,1,1,1,1,40,1,1,1,1,1,1,1,1,1.25,0.75,1,1,1,2,5035,0,1219,1,0,elemenRangedAttack;elemenAutoAttackMode,supplied-values; not retail measurements
1220,server_battlenpc_mob_types.sql,456,2206431,ixali_fearcaller,6,0,1,0,1,15,60,4200,0,23,27,30,0,0,1,1,1,1,1,1,40,1,1,1,1,1,1,1,1,1.25,0.75,1,1,1,2,5035,0,1220,1,0,elemenRangedAttack;elemenAutoAttackMode,supplied-values; not retail measurements
1221,server_battlenpc_mob_types.sql,457,2104201,tree_slug,4,0,0,0,4,15,60,4200,0,2,27,30,0,0,1,1,1,1,1,1,40,1,1,1,1,1,1,1,1,1,1,1.25,0.75,0.75,5,5053,0,1221,0,0,elemenRangedAttack;elemenAutoAttackMode,supplied-values; not retail measurements
1222,server_battlenpc_mob_types.sql,461,2206430,ixali_stillbeak,6,0,1,0,1,15,60,4200,0,8,22,25,0,0,1,1,1,1,1,1,40,1,1,1,1,1,1,1,1,1.25,0.75,1,1,1,2,5035,0,1222,1,0,elemenRangedAttack;elemenAutoAttackMode,supplied-values; not retail measurements
1223,server_battlenpc_mob_types.sql,462,2100315,young_antelope_stag,5,0,1,0,1,15,60,4200,0,2,23,26,0,0,1,1,1,1,1,1,40,1,1,1,1,1,1,1,1,1,1,0.75,0.75,1.25,3,5003,0,1223,0,0,elemenRangedAttack;elemenAutoAttackMode,supplied-values; not retail measurements
1224,server_battlenpc_mob_types.sql,463,2201101,banemite,5,0,1,0,4,15,60,4200,0,8,70,72,0,0,1,1,1,1,1,1,40,1,1,1,1,1,1,1,1,1,1,0.75,0.75,1.25,3,5018,0,1224,1,0,elemenRangedAttack;elemenAutoAttackMode,supplied-values; not retail measurements
1225,server_battlenpc_mob_types.sql,464,2106306,qiqirn_mercenary,6,0,0,0,1,15,60,4200,0,2,67,69,0,0,1,1,1,1,1,1,40,1,1,1,1,1,1,1,1,1,1,0.75,0.75,1.25,3,5048,0,1225,0,0,elemenRangedAttack;elemenAutoAttackMode,supplied-values; not retail measurements
1226,server_battlenpc_mob_types.sql,465,2101001,morbol,5,0,1,0,2,15,60,4200,0,23,67,69,0,0,1,1,1,1,1,1,40,1,1,1,1,1,1,1,1,1,1,1,1,1,0,5041,0,1226,1,0,elemenRangedAttack;elemenAutoAttackMode,supplied-values; not retail measurements
1227,server_battlenpc_mob_types.sql,466,2106306,qiqirn_shirrer,6,0,0,0,1,15,60,4200,0,2,46,48,0,0,1,1,1,1,1,1,40,1,1,1,1,1,1,1,1,1,1,0.75,0.75,1.25,3,5048,0,1227,0,0,elemenRangedAttack;elemenAutoAttackMode,supplied-values; not retail measurements
1228,server_battlenpc_mob_types.sql,467,2100505,lemur,4.5,0,0,0,1,15,60,4200,0,2,46,48,0,0,1,1,1,1,1,1,40,1,1,1,1,1,1,1,0.75,0.75,1.25,1,1,1,0,5043,0,1228,1,0,elemenRangedAttack;elemenAutoAttackMode,supplied-values; not retail measurements
1229,server_battlenpc_mob_types.sql,468,2102714,pteroctrap,4.5,0,1,0,4,15,60,4200,0,23,46,48,0,0,1,1,1,1,1,1,40,1,1,1,1,1,1,1,1,1.25,0.75,1,1,1,2,5023,0,1229,1,0,elemenRangedAttack;elemenAutoAttackMode,supplied-values; not retail measurements
1230,server_battlenpc_mob_types.sql,472,2106001,lost_wether,4,0,0,0,1,15,60,4200,0,2,10,13,0,0,1,1,1,1,1,1,40,1,1,1,1,1,1,1,1,1.25,0.75,1,1,1,2,5052,0,1230,0,0,elemenRangedAttack;elemenAutoAttackMode,supplied-values; not retail measurements
1231,server_battlenpc_mob_types.sql,473,2102601,firestarter_imp,5.5,0.8,1,0,1,15,60,4200,0,22,13,17,0,0,1,1,1,1,1,1,40,1,1,1,1,1,1,1,1,0.75,0.75,1,1,1,1,5034,2,1231,1,0,elemenRangedAttack;elemenAutoAttackMode,supplied-values; not retail measurements
1232,server_battlenpc_mob_types.sql,474,2105401,aurelia,4.5,0.9,0,0,4,15,60,4200,0,23,13,17,0,0,1,1,1,1,1,1,40,1,1,1,1,1,1,1,1,1,1,1.25,0.75,0.75,5,5036,0,1232,0,0,elemenRangedAttack;elemenAutoAttackMode,supplied-values; not retail measurements
1233,server_battlenpc_mob_types.sql,475,2101901,magicked_bones,6,0,1,0,4,15,60,4200,0,3,25,30,0,0,1,1,1,1,1,1,40,1,1,1,1,1,1,1,1,0.75,0.75,1,1,1,1,5061,0,1233,0,0,elemenRangedAttack;elemenAutoAttackMode,supplied-values; not retail measurements
1234,server_battlenpc_mob_types.sql,476,2102312,ravenous_billygoat,5,0,0,0,1,15,60,4200,0,4,19,20,0,0,1,1,1,1,1,1,40,1,1,1,1,1,1,1,1,1,1,0.75,0.75,1.25,3,5002,0,1234,0,0,elemenRangedAttack;elemenAutoAttackMode,supplied-values; not retail measurements
1235,server_battlenpc_mob_types.sql,477,2102313,ravenous_nannygoat,5,0,0,0,1,15,60,4200,0,4,19,20,0,0,1,1,1,1,1,1,40,1,1,1,1,1,1,1,1,1,1,0.75,0.75,1.25,3,5002,0,1235,0,0,elemenRangedAttack;elemenAutoAttackMode,supplied-values; not retail measurements
1236,server_battlenpc_mob_types.sql,478,2105301,sea_wasp,4.5,0.9,1,0,1,15,60,4200,0,2,25,31,0,0,1,1,1,1,1,1,40,1,1,1,1,1,1,1,1,1.25,0.75,1,1,1,2,93,0,1236,0,2,elemenRangedAttack;elemenAutoAttackMode,supplied-values; not retail measurements
1237,server_battlenpc_mob_types.sql,479,2100104,sea_puk,4,0,0,0,1,15,60,4200,0,8,29,34,0,0,1,1,1,1,1,1,40,1,1,1,1,1,1,1,1,1.25,0.75,1,1,1,2,5047,0,1237,0,0,elemenRangedAttack;elemenAutoAttackMode,supplied-values; not retail measurements
1238,server_battlenpc_mob_types.sql,480,2102701,roseling,4.5,0,1,0,4,15,60,4200,0,23,32,36,0,0,1,1,1,1,1,1,40,1,1,1,1,1,1,1,1,1.25,0.75,1,1,1,2,5023,0,1238,1,0,elemenRangedAttack;elemenAutoAttackMode,supplied-values; not retail measurements
1239,server_battlenpc_mob_types.sql,481,2104508,reef_angler,4,0,1,0,2,15,60,4200,0,2,32,36,0,0,1,1,1,1,1,1,40,1,1,1,1,1,1,1,1,1,1,1.25,0.75,0.75,5,5044,0,1239,0,0,elemenRangedAttack;elemenAutoAttackMode,supplied-values; not retail measurements
1240,server_battlenpc_mob_types.sql,482,2105717,sewer_mole,5,0,0,0,4,15,60,4200,0,2,5,8,0,0,1,1,1,1,1,1,40,1,1,1,1,1,1,1,1,1,1,0.75,0.75,1.25,3,5039,0,1240,0,0,elemenRangedAttack;elemenAutoAttackMode,supplied-values; not retail measurements
1241,server_battlenpc_mob_types.sql,483,2100104,puk,4,0,0,0,1,15,60,4200,0,8,8,10,0,0,1,1,1,1,1,1,40,1,1,1,1,1,1,1,1,1.25,0.75,1,1,1,2,5047,0,1241,0,0,elemenRangedAttack;elemenAutoAttackMode,supplied-values; not retail measurements
1242,server_battlenpc_mob_types.sql,487,2104402,snurble,4,0,0,0,1,15,60,4200,0,2,60,64,0,0,1,1,1,1,1,1,40,1,1,1,1,1,1,1,1,1,1,0.75,1.25,0.75,4,5045,0,1242,1,0,elemenRangedAttack;elemenAutoAttackMode,supplied-values; not retail measurements
1243,server_battlenpc_mob_types.sql,488,2107607,snipper,5,0,1,0,4,15,60,4200,0,3,60,64,0,0,1,1,1,1,1,1,40,1,1,1,1,1,1,1,1,1,1,1.25,0.75,0.75,5,5038,0,1243,0,0,elemenRangedAttack;elemenAutoAttackMode,supplied-values; not retail measurements
1244,server_battlenpc_mob_types.sql,489,2104401,phurble,4,0,0,0,1,15,60,4200,0,2,54,56,0,0,1,1,1,1,1,1,40,1,1,1,1,1,1,1,1,1,1,0.75,1.25,0.75,4,5045,0,1244,1,0,elemenRangedAttack;elemenAutoAttackMode,supplied-values; not retail measurements
1245,server_battlenpc_mob_types.sql,490,2207601,megalocrab,5,0,0,0,4,15,60,4200,0,3,54,56,0,0,1,1,1,1,1,1,40,1,1,1,1,1,1,1,1,1,1,1.25,0.75,0.75,5,5038,0,1245,0,0,elemenRangedAttack;elemenAutoAttackMode,supplied-values; not retail measurements
1246,server_battlenpc_mob_types.sql,491,2201405,rabid_jackal,6,0,1,0,2,15,60,4200,0,2,54,56,0,0,1,1,1,1,1,1,40,1,1,1,1,1,1,1,1,1,1,0.75,1.25,0.75,4,5062,0,1246,0,0,elemenRangedAttack;elemenAutoAttackMode,supplied-values; not retail measurements
1247,server_battlenpc_mob_types.sql,492,2103301,goobbue,5.5,0,1,0,4,15,60,4200,0,4,40,43,0,0,1,1,1,1,1,1,40,1,1,1,1,1,1,1,1,1,1,1,1,1,0,5031,0,1247,0,0,elemenRangedAttack;elemenAutoAttackMode,supplied-values; not retail measurements
1248,server_battlenpc_mob_types.sql,496,2105401,aurelia,4.5,0.9,0,0,4,15,60,4200,0,23,11,14,0,0,1,1,1,1,1,1,40,1,1,1,1,1,1,1,1,1,1,1.25,0.75,0.75,5,5036,0,1248,0,0,elemenRangedAttack;elemenAutoAttackMode,supplied-values; not retail measurements
1249,server_battlenpc_mob_types.sql,497,2102101,beady_beetle,5,0,0,0,4,15,60,4200,0,4,11,14,0,0,1,1,1,1,1,1,40,1,1,1,1,1,1,1,0.75,0.75,1.25,1,1,1,0,5008,0,1249,0,0,elemenRangedAttack;elemenAutoAttackMode,supplied-values; not retail measurements
1250,server_battlenpc_mob_types.sql,498,2102902,apkallu,4,0,1,0,1,15,60,4200,0,2,15,18,0,0,1,1,1,1,1,1,40,1,1,1,1,1,1,1,1,1,1,1.25,0.75,0.75,5,5005,0,1250,0,0,elemenRangedAttack;elemenAutoAttackMode,supplied-values; not retail measurements
1251,server_battlenpc_mob_types.sql,502,2180102,westroad_footpad,6,0,1,0,1,15,60,4200,0,2,14,16,0,0,1,1,1,1,1,1,40,1,1,1,1,1,1,1,1,1,1,1,1,1,0,86,0,1251,1,0,elemenRangedAttack;elemenAutoAttackMode,supplied-values; not retail measurements
1252,server_battlenpc_mob_types.sql,503,2102313,aldgoat_nanny,5,0,0,0,1,15,60,4200,0,4,17,19,0,0,1,1,1,1,1,1,40,1,1,1,1,1,1,1,1,1,1,0.75,0.75,1.25,3,5002,0,1252,0,0,elemenRangedAttack;elemenAutoAttackMode,supplied-values; not retail measurements
1253,server_battlenpc_mob_types.sql,504,2205401,jellyfish,4.5,0.8,0,0,4,15,60,4200,0,2,20,23,0,0,1,1,1,1,1,1,40,1,1,1,1,1,1,1,1,1,1,1.25,0.75,0.75,5,5036,0,1253,0,0,elemenRangedAttack;elemenAutoAttackMode,supplied-values; not retail measurements
1254,server_battlenpc_mob_types.sql,505,2106002,lost_ewe,4,0,0,0,1,15,60,4200,0,2,23,26,0,0,1,1,1,1,1,1,40,1,1,1,1,1,1,1,1,1.25,0.75,1,1,1,2,5052,0,1254,0,0,elemenRangedAttack;elemenAutoAttackMode,supplied-values; not retail measurements
1255,server_battlenpc_mob_types.sql,506,2107601,giant_crab,5,0,0,0,4,15,60,4200,0,3,26,30,0,0,1,1,1,1,1,1,40,1,1,1,1,1,1,1,1,1,1,1.25,0.75,0.75,5,5038,0,1255,0,0,elemenRangedAttack;elemenAutoAttackMode,supplied-values; not retail measurements
1256,server_battlenpc_mob_types.sql,507,2180215,black_crow_archer,6,0,1,0,1,15,60,4200,0,7,40,42,0,0,1,1,1,1,1,1,40,1,1,1,1,1,1,1,1,1,1,1,1,1,0,87,0,1256,1,0,elemenRangedAttack;elemenAutoAttackMode,supplied-values; not retail measurements
1257,server_battlenpc_mob_types.sql,508,2203101,dreamtoad,5.5,0,1,0,1,15,60,4200,0,2,40,42,0,0,1,1,1,1,1,1,40,1,1,1,1,1,1,1,1,1,1,1.25,0.75,0.75,5,5027,0,1257,0,0,elemenRangedAttack;elemenAutoAttackMode,supplied-values; not retail measurements
1258,server_battlenpc_mob_types.sql,509,2180217,black_crow_cleaver,6,0,1,0,1,15,60,4200,0,4,40,42,0,0,1,1,1,1,1,1,40,1,1,1,1,1,1,1,1,1,1,1,1,1,0,90,0,1258,1,0,elemenRangedAttack;elemenAutoAttackMode,supplied-values; not retail measurements
1259,server_battlenpc_mob_types.sql,510,2205404,drifting_anemone,4.5,0.8,1,0,4,15,60,4200,0,2,42,45,0,0,1,1,1,1,1,1,40,1,1,1,1,1,1,1,1,1,1,1.25,0.75,0.75,5,5036,0,1259,0,0,elemenRangedAttack;elemenAutoAttackMode,supplied-values; not retail measurements
1260,server_battlenpc_mob_types.sql,511,2205402,drifting_aurelia,4.5,0.8,0,0,4,15,60,4200,0,2,42,45,0,0,1,1,1,1,1,1,40,1,1,1,1,1,1,1,1,1,1,1.25,0.75,0.75,5,5036,0,1260,0,0,elemenRangedAttack;elemenAutoAttackMode,supplied-values; not retail measurements
1261,server_battlenpc_mob_types.sql,515,2102701,roseling,4.5,0,1,0,4,15,60,4200,0,23,30,35,0,0,1,1,1,1,1,1,40,1,1,1,1,1,1,1,1,1.25,0.75,1,1,1,2,5023,0,1261,1,0,elemenRangedAttack;elemenAutoAttackMode,supplied-values; not retail measurements
1262,server_battlenpc_mob_types.sql,516,2110301,goblin_freesword,6,0,0,0,1,15,60,4200,0,3,45,47,0,0,1,1,1,1,1,1,40,1,1,1,1,1,1,1,0.75,0.75,1.25,1,1,1,0,5029,0,1262,0,0,elemenRangedAttack;elemenAutoAttackMode,supplied-values; not retail measurements
1263,server_battlenpc_mob_types.sql,517,2103102,toxic_toad,5.5,0,1,0,1,15,60,4200,0,2,49,53,0,0,1,1,1,1,1,1,40,1,1,1,1,1,1,1,1,1,1,1.25,0.75,0.75,5,5027,0,1263,1,0,elemenRangedAttack;elemenAutoAttackMode,supplied-values; not retail measurements
1264,server_battlenpc_mob_types.sql,518,2107602,island_crab,5,0,0,0,4,15,60,4200,0,3,37,40,0,0,1,1,1,1,1,1,40,1,1,1,1,1,1,1,1,1,1,1.25,0.75,0.75,5,5038,0,1264,0,0,elemenRangedAttack;elemenAutoAttackMode,supplied-values; not retail measurements
1265,server_battlenpc_mob_types.sql,522,2105507,yarzon_burrower,5,0,1,0,4,15,60,4200,0,2,45,50,0,0,1,1,1,1,1,1,40,1,1,1,1,1,1,1,1,0.75,0.75,1,1,1,1,5063,0,1265,0,0,elemenRangedAttack;elemenAutoAttackMode,supplied-values; not retail measurements
1266,server_battlenpc_mob_types.sql,523,2101202,vulture,5.5,0.9,1,0,1,15,60,4200,0,8,46,50,0,0,1,1,1,1,1,1,40,1,1,1,1,1,1,1,1,1.25,0.75,1,1,1,2,5060,0,1266,1,0,elemenRangedAttack;elemenAutoAttackMode,supplied-values; not retail measurements
1267,server_battlenpc_mob_types.sql,524,2101406,wild_jackal,6,0,1,0,2,15,60,4200,0,2,47,50,0,0,1,1,1,1,1,1,40,1,1,1,1,1,1,1,1,1,1,0.75,1.25,0.75,4,5062,0,1267,0,0,elemenRangedAttack;elemenAutoAttackMode,supplied-values; not retail measurements
1268,server_battlenpc_mob_types.sql,525,2104401,phurble,4,0,0,0,1,15,60,4200,0,2,46,50,0,0,1,1,1,1,1,1,40,1,1,1,1,1,1,1,1,1,1,0.75,1.25,0.75,4,5045,0,1268,1,0,elemenRangedAttack;elemenAutoAttackMode,supplied-values; not retail measurements
1269,server_battlenpc_mob_types.sql,526,2103102,toxic_toad,5.5,0,1,0,1,15,60,4200,0,2,52,53,0,0,1,1,1,1,1,1,40,1,1,1,1,1,1,1,1,1,1,1.25,0.75,0.75,5,5027,0,1269,1,0,elemenRangedAttack;elemenAutoAttackMode,supplied-values; not retail measurements
1270,server_battlenpc_mob_types.sql,527,2105804,pharosfly,5,0.9,0,0,4,15,60,4200,0,23,35,37,0,0,1,1,1,1,1,1,40,1,1,1,1,1,1,1,0.75,0.75,1.25,1,1,1,0,5008,0,1270,0,0,elemenRangedAttack;elemenAutoAttackMode,supplied-values; not retail measurements
1271,server_battlenpc_mob_types.sql,528,2102901,little_apkallu,4,0,1,0,1,15,60,4200,0,2,36,38,0,0,1,1,1,1,1,1,40,1,1,1,1,1,1,1,1,1,1,1.25,0.75,0.75,5,5005,0,1271,0,0,elemenRangedAttack;elemenAutoAttackMode,supplied-values; not retail measurements
1272,server_battlenpc_mob_types.sql,529,2105405,anemone,4.5,0.8,1,0,4,15,60,4200,0,2,38,40,0,0,1,1,1,1,1,1,40,1,1,1,1,1,1,1,1,1,1,1.25,0.75,0.75,5,5036,0,1272,0,0,elemenRangedAttack;elemenAutoAttackMode,supplied-values; not retail measurements
1273,server_battlenpc_mob_types.sql,533,2107601,giant_crab,5,0,0,0,4,15,60,4200,0,3,20,25,0,0,1,1,1,1,1,1,40,1,1,1,1,1,1,1,1,1,1,1.25,0.75,0.75,5,5038,0,1273,0,0,elemenRangedAttack;elemenAutoAttackMode,supplied-values; not retail measurements
1274,server_battlenpc_mob_types.sql,534,2100104,puk,4,0,0,0,1,15,60,4200,0,8,20,25,0,0,1,1,1,1,1,1,40,1,1,1,1,1,1,1,1,1.25,0.75,1,1,1,2,5047,0,1274,0,0,elemenRangedAttack;elemenAutoAttackMode,supplied-values; not retail measurements
1275,server_battlenpc_mob_types.sql,535,2105403,bloodshore_bell,4.5,0.9,0,0,4,15,60,4200,0,23,20,25,0,0,1,1,1,1,1,1,40,1,1,1,1,1,1,1,1,1,1,1.25,0.75,0.75,5,5036,0,1275,0,0,elemenRangedAttack;elemenAutoAttackMode,supplied-values; not retail measurements
1276,server_battlenpc_mob_types.sql,536,2107601,giant_crab,5,0,0,0,4,15,60,4200,0,3,25,29,0,0,1,1,1,1,1,1,40,1,1,1,1,1,1,1,1,1,1,1.25,0.75,0.75,5,5038,0,1276,0,0,elemenRangedAttack;elemenAutoAttackMode,supplied-values; not retail measurements
1277,server_battlenpc_mob_types.sql,537,2105403,bloodshore_bell,4.5,0.9,0,0,4,15,60,4200,0,23,24,26,0,0,1,1,1,1,1,1,40,1,1,1,1,1,1,1,1,1,1,1.25,0.75,0.75,5,5036,0,1277,0,0,elemenRangedAttack;elemenAutoAttackMode,supplied-values; not retail measurements
1278,server_battlenpc_mob_types.sql,538,2105404,cassiopeia,4.5,0.9,0,0,4,15,60,4200,0,23,24,26,0,0,1,1,1,1,1,1,40,1,1,1,1,1,1,1,1,1,1,1.25,0.75,0.75,5,5036,0,1278,0,0,elemenRangedAttack;elemenAutoAttackMode,supplied-values; not retail measurements
1279,server_battlenpc_mob_types.sql,539,2202304,lowland_nannygoat,5,0,0,0,1,15,60,4200,0,4,24,26,0,0,1,1,1,1,1,1,40,1,1,1,1,1,1,1,1,1,1,0.75,0.75,1.25,3,5002,0,1279,0,0,elemenRangedAttack;elemenAutoAttackMode,supplied-values; not retail measurements
1280,server_battlenpc_mob_types.sql,540,2202304,lowland_nannygoat,5,0,0,0,1,15,60,4200,0,4,25,29,0,0,1,1,1,1,1,1,40,1,1,1,1,1,1,1,1,1,1,0.75,0.75,1.25,3,5002,0,1280,0,0,elemenRangedAttack;elemenAutoAttackMode,supplied-values; not retail measurements
1281,server_battlenpc_mob_types.sql,541,2202304,lowland_nannygoat,5,0,0,0,1,15,60,4200,0,4,30,34,0,0,1,1,1,1,1,1,40,1,1,1,1,1,1,1,1,1,1,0.75,0.75,1.25,3,5002,0,1281,0,0,elemenRangedAttack;elemenAutoAttackMode,supplied-values; not retail measurements
1282,server_battlenpc_mob_types.sql,542,2200401,downcast_hippocerf,5,0,1,0,2,15,60,4200,0,4,30,34,0,0,1,1,1,1,1,1,40,1,1,1,1,1,1,1,1,1,1,0.75,1.25,0.75,4,5032,0,1282,1,0,elemenRangedAttack;elemenAutoAttackMode,supplied-values; not retail measurements
1283,server_battlenpc_mob_types.sql,543,2103904,ladybug,4,0,0,0,4,15,60,4200,0,2,30,34,0,0,1,1,1,1,1,1,40,1,1,1,1,1,1,1,0.75,0.75,1.25,1,1,1,0,5008,0,1283,0,0,elemenRangedAttack;elemenAutoAttackMode,supplied-values; not retail measurements
1284,server_battlenpc_mob_types.sql,544,2107601,giant_crab,5,0,0,0,4,15,60,4200,0,3,30,34,0,0,1,1,1,1,1,1,40,1,1,1,1,1,1,1,1,1,1,1.25,0.75,0.75,5,5038,0,1284,0,0,elemenRangedAttack;elemenAutoAttackMode,supplied-values; not retail measurements
1285,server_battlenpc_mob_types.sql,545,2202301,lowland_billygoat,5,0,0,0,1,15,60,4200,0,4,30,34,0,0,1,1,1,1,1,1,40,1,1,1,1,1,1,1,1,1,1,0.75,0.75,1.25,3,5002,0,1285,0,0,elemenRangedAttack;elemenAutoAttackMode,supplied-values; not retail measurements
1286,server_battlenpc_mob_types.sql,549,2209903,will-o-wisp,5.5,1.2,1,0,1,15,60,4200,0,23,17,20,0,0,1,1,1,1,1,1,40,1,1,1,1,1,1,1,0.75,0.75,1.25,1,1,1,0,5010,1,1286,1,0,elemenRangedAttack;elemenAutoAttackMode,supplied-values; not retail measurements
1287,server_battlenpc_mob_types.sql,550,2105902,sultans_trumpet,4,0,0,0,4,15,60,4200,0,23,17,20,0,0,1,1,1,1,1,1,40,1,1,1,1,1,1,1,1,0.75,0.75,1,1,1,1,5024,0,1287,0,0,elemenRangedAttack;elemenAutoAttackMode,supplied-values; not retail measurements
1288,server_battlenpc_mob_types.sql,551,2162013,amalj'aa_harpooner,6,0,1,0,4,15,60,4200,0,8,23,26,0,0,1,1,1,1,1,1,40,1,1,1,1,1,1,1,1,1,1,1,1,1,0,88,0,1288,0,0,elemenRangedAttack;elemenAutoAttackMode,supplied-values; not retail measurements
1289,server_battlenpc_mob_types.sql,552,2203001,antling_digger,5.5,0,1,0,4,15,60,4200,0,8,40,46,0,0,1,1,1,1,1,1,40,1,1,1,1,1,1,1,1,1,1,0.75,0.75,1.25,3,5004,0,1289,0,0,elemenRangedAttack;elemenAutoAttackMode,supplied-values; not retail measurements
1290,server_battlenpc_mob_types.sql,553,2280114,nightblade,6,0,1,0,1,15,60,4200,0,2,43,45,0,0,1,1,1,1,1,1,40,1,1,1,1,1,1,1,1,1,1,1,1,1,0,86,0,1290,1,0,elemenRangedAttack;elemenAutoAttackMode,supplied-values; not retail measurements
1291,server_battlenpc_mob_types.sql,554,2280120,venomtongue_assassin,6,0,1,0,1,15,60,4200,0,2,43,45,0,0,1,1,1,1,1,1,40,1,1,1,1,1,1,1,1,1,1,1,1,1,0,86,0,1291,1,0,elemenRangedAttack;elemenAutoAttackMode,supplied-values; not retail measurements
1292,server_battlenpc_mob_types.sql,558,2102001,dodo,4.7,0,0,0,1,15,60,4200,0,2,15,19,0,0,1,1,1,1,1,1,40,1,1,1,1,1,1,1,1,1.25,0.75,1,1,1,2,5019,0,1292,0,0,elemenRangedAttack;elemenAutoAttackMode,supplied-values; not retail measurements
1293,server_battlenpc_mob_types.sql,559,2105722,drybone_shrew,5,0,0,0,4,15,60,4200,0,2,13,16,0,0,1,1,1,1,1,1,40,1,1,1,1,1,1,1,1,1,1,0.75,0.75,1.25,3,5039,0,1293,0,0,elemenRangedAttack;elemenAutoAttackMode,supplied-values; not retail measurements
1294,server_battlenpc_mob_types.sql,560,2104011,thistletail_marmot,4,0,0,0,2,15,60,4200,0,2,14,16,0,0,1,1,1,1,1,1,40,1,1,1,1,1,1,1,1,1,1,0.75,0.75,1.25,3,5050,0,1294,0,0,elemenRangedAttack;elemenAutoAttackMode,supplied-values; not retail measurements
1295,server_battlenpc_mob_types.sql,561,2102312,ravenous_billygoat,5,0,0,0,1,15,60,4200,0,4,20,23,0,0,1,1,1,1,1,1,40,1,1,1,1,1,1,1,1,1,1,0.75,0.75,1.25,3,5002,0,1295,0,0,elemenRangedAttack;elemenAutoAttackMode,supplied-values; not retail measurements
1296,server_battlenpc_mob_types.sql,562,2104504,mad_angler,4,0,1,0,2,15,60,4200,0,2,28,31,0,0,1,1,1,1,1,1,40,1,1,1,1,1,1,1,1,1,1,1.25,0.75,0.75,5,5044,0,1296,0,0,elemenRangedAttack;elemenAutoAttackMode,supplied-values; not retail measurements
1297,server_battlenpc_mob_types.sql,563,2101202,lammergeyer,5.5,0.9,1,0,1,15,60,4200,0,8,31,34,0,0,1,1,1,1,1,1,40,1,1,1,1,1,1,1,1,1.25,0.75,1,1,1,2,5060,0,1297,1,0,elemenRangedAttack;elemenAutoAttackMode,supplied-values; not retail measurements
1298,server_battlenpc_mob_types.sql,564,2102601,firestarter_imp,5.5,0.8,1,0,1,15,60,4200,0,22,34,37,0,0,1,1,1,1,1,1,40,1,1,1,1,1,1,1,1,0.75,0.75,1,1,1,1,5034,2,1298,1,0,elemenRangedAttack;elemenAutoAttackMode,supplied-values; not retail measurements
1299,server_battlenpc_mob_types.sql,565,2100701,desert_peiste,5.5,0,1,0,1,15,60,4200,0,4,36,39,0,0,1,1,1,1,1,1,40,1,1,1,1,1,1,1,0.75,0.75,1.25,1,1,1,0,5006,0,1299,0,0,elemenRangedAttack;elemenAutoAttackMode,supplied-values; not retail measurements
1300,server_battlenpc_mob_types.sql,566,2100702,desert_peiste,5.5,0,1,0,1,15,60,4200,0,4,39,41,0,0,1,1,1,1,1,1,40,1,1,1,1,1,1,1,0.75,0.75,1.25,1,1,1,0,5006,0,1300,0,0,elemenRangedAttack;elemenAutoAttackMode,supplied-values; not retail measurements
1301,server_battlenpc_mob_types.sql,567,2100905,cochineal_cactuar,5,0,0,0,4,15,60,4200,0,8,39,41,0,0,1,1,1,1,1,1,40,1,1,1,1,1,1,1,1,1,1,0.75,1.25,0.75,4,5012,0,1301,0,0,elemenRangedAttack;elemenAutoAttackMode,supplied-values; not retail measurements
1302,server_battlenpc_mob_types.sql,568,2102201,sundrake,6,0,1,0,4,15,60,4200,0,8,41,44,0,0,1,1,1,1,1,1,40,1,1,1,1,1,1,1,0.75,0.75,1.25,1,1,1,0,5020,0,1302,1,0,elemenRangedAttack;elemenAutoAttackMode,supplied-values; not retail measurements
1303,server_battlenpc_mob_types.sql,569,2102102,copper_coblyn,5,0,0,0,4,15,60,4200,0,4,41,44,0,0,1,1,1,1,1,1,40,1,1,1,1,1,1,1,1,1,1,0.75,0.75,1.25,3,5015,0,1303,0,0,elemenRangedAttack;elemenAutoAttackMode,supplied-values; not retail measurements
1304,server_battlenpc_mob_types.sql,570,2102502,redhorn_ogre,5.5,0,1,0,1,15,60,4200,0,4,44,46,0,0,1,1,1,1,1,1,40,1,1,1,1,1,1,1,1,1,1,1,1,1,0,5042,0,1304,0,0,elemenRangedAttack;elemenAutoAttackMode,supplied-values; not retail measurements
1306,server_battlenpc_mob_types.sql,574,2101409,dusty_mongrel,6,0,1,0,2,15,60,4200,0,2,45,49,0,0,1,1,1,1,1,1,40,1,1,1,1,1,1,1,1,1,1,0.75,1.25,0.75,4,5062,0,1306,0,0,elemenRangedAttack;elemenAutoAttackMode,supplied-values; not retail measurements
1307,server_battlenpc_mob_types.sql,575,2101102,diremite,5,0,1,0,4,15,60,4200,0,8,43,45,0,0,1,1,1,1,1,1,40,1,1,1,1,1,1,1,1,1,1,0.75,0.75,1.25,3,5018,0,1307,1,0,elemenRangedAttack;elemenAutoAttackMode,supplied-values; not retail measurements
1308,server_battlenpc_mob_types.sql,576,2101807,fallen_captain,6,0,1,0,4,15,60,4200,0,22,39,41,0,0,1,1,1,1,1,1,40,1,1,1,1,1,1,1,1,0.75,0.75,1,1,1,1,5061,0,1308,0,0,elemenRangedAttack;elemenAutoAttackMode,supplied-values; not retail measurements
1309,server_battlenpc_mob_types.sql,577,2101807,fallen_captain,6,0,1,0,4,15,60,4200,0,22,39,41,0,0,1,1,1,1,1,1,40,1,1,1,1,1,1,1,1,0.75,0.75,1,1,1,1,5061,0,1309,0,0,elemenRangedAttack;elemenAutoAttackMode,supplied-values; not retail measurements
1310,server_battlenpc_mob_types.sql,578,2101805,fallen_pikeman,6,0,1,0,1,15,60,4200,0,8,39,41,0,0,1,1,1,1,1,1,40,1,1,1,1,1,1,1,1,1,1,1,1,1,0,88,0,1310,0,0,elemenRangedAttack;elemenAutoAttackMode,supplied-values; not retail measurements
1311,server_battlenpc_mob_types.sql,579,2110305,goblin_bouncer,6,0,0,0,1,15,60,4200,0,3,55,55,0,0,1,1,1,1,1,1,40,1,1,1,1,1,1,1,0.75,0.75,1.25,1,1,1,0,5029,0,1311,0,0,elemenRangedAttack;elemenAutoAttackMode,supplied-values; not retail measurements
1312,server_battlenpc_mob_types.sql,580,2102203,flamedrake,6,0,1,0,4,15,60,4200,0,8,37,39,0,0,1,1,1,1,1,1,40,1,1,1,1,1,1,1,0.75,0.75,1.25,1,1,1,0,5020,0,1312,1,0,elemenRangedAttack;elemenAutoAttackMode,supplied-values; not retail measurements
1313,server_battlenpc_mob_types.sql,581,2110305,goblin_bouncer,6,0,0,0,1,15,60,4200,0,3,37,39,0,0,1,1,1,1,1,1,40,1,1,1,1,1,1,1,0.75,0.75,1.25,1,1,1,0,5029,0,1313,0,0,elemenRangedAttack;elemenAutoAttackMode,supplied-values; not retail measurements
1314,server_battlenpc_mob_types.sql,582,2102504,headrip_ogre,5.5,0,1,0,1,15,60,4200,0,4,55,57,0,0,1,1,1,1,1,1,40,1,1,1,1,1,1,1,1,1,1,1,1,1,0,5042,0,1314,0,0,elemenRangedAttack;elemenAutoAttackMode,supplied-values; not retail measurements
1315,server_battlenpc_mob_types.sql,583,2102303,ravenous_billygoat,5,0,0,0,1,15,60,4200,0,4,32,35,0,0,1,1,1,1,1,1,40,1,1,1,1,1,1,1,1,1,1,0.75,0.75,1.25,3,5002,0,1315,0,0,elemenRangedAttack;elemenAutoAttackMode,supplied-values; not retail measurements
1316,server_battlenpc_mob_types.sql,584,2180122,scout_vulture,6,0,1,0,1,15,60,4200,0,2,33,37,0,0,1,1,1,1,1,1,40,1,1,1,1,1,1,1,1,1,1,1,1,1,0,86,0,1316,1,0,elemenRangedAttack;elemenAutoAttackMode,supplied-values; not retail measurements
1317,server_battlenpc_mob_types.sql,585,2100709,basilisk,5.5,0,1,0,1,15,60,4200,0,4,34,35,0,0,1,1,1,1,1,1,40,1,1,1,1,1,1,1,0.75,0.75,1.25,1,1,1,0,5006,0,1317,0,0,elemenRangedAttack;elemenAutoAttackMode,supplied-values; not retail measurements
1318,server_battlenpc_mob_types.sql,586,2102005,cockatrice,4.7,0,0,0,1,15,60,4200,0,2,35,38,0,0,1,1,1,1,1,1,40,1,1,1,1,1,1,1,1,1.25,0.75,1,1,1,2,5019,0,1318,0,0,elemenRangedAttack;elemenAutoAttackMode,supplied-values; not retail measurements
1319,server_battlenpc_mob_types.sql,587,2106304,qiqirn_scrambler,6,0,0,0,1,15,60,4200,0,2,38,40,0,0,1,1,1,1,1,1,40,1,1,1,1,1,1,1,1,1,1,0.75,0.75,1.25,3,5048,0,1319,0,0,elemenRangedAttack;elemenAutoAttackMode,supplied-values; not retail measurements
1320,server_battlenpc_mob_types.sql,588,2101707,smolenkos,6,1.2,1,0,1,15,60,4200,0,22,45,48,0,0,1,1,1,1,1,1,40,1,1,1,1,1,1,1,1,1,1,0.75,0.75,1.25,3,5001,2,1320,1,0,elemenRangedAttack;elemenAutoAttackMode,supplied-values; not retail measurements
1321,server_battlenpc_mob_types.sql,589,2102503,spinesnap_ogre,5.5,0,1,0,1,15,60,4200,0,4,48,53,0,0,1,1,1,1,1,1,40,1,1,1,1,1,1,1,1,1,1,1,1,1,0,5042,0,1321,0,0,elemenRangedAttack;elemenAutoAttackMode,supplied-values; not retail measurements
1322,server_battlenpc_mob_types.sql,590,2203001,antling_digger,5.5,0,1,0,4,15,60,4200,0,8,47,49,0,0,1,1,1,1,1,1,40,1,1,1,1,1,1,1,1,1,1,0.75,0.75,1.25,3,5004,0,1322,0,0,elemenRangedAttack;elemenAutoAttackMode,supplied-values; not retail measurements
1323,server_battlenpc_mob_types.sql,591,2100905,sabotender,5,0,0,0,4,15,60,4200,0,8,65,70,0,0,1,1,1,1,1,1,40,1,1,1,1,1,1,1,1,1,1,0.75,1.25,0.75,4,5012,0,1323,0,0,elemenRangedAttack;elemenAutoAttackMode,supplied-values; not retail measurements
1324,server_battlenpc_mob_types.sql,592,2104403,snurble,4,0,0,0,1,15,60,4200,0,2,65,70,0,0,1,1,1,1,1,1,40,1,1,1,1,1,1,1,1,1,1,0.75,1.25,0.75,4,5045,0,1324,1,0,elemenRangedAttack;elemenAutoAttackMode,supplied-values; not retail measurements
1325,server_battlenpc_mob_types.sql,593,2102109,sphene_doblyn,5,0,0,0,4,15,60,4200,0,4,50,54,0,0,1,1,1,1,1,1,40,1,1,1,1,1,1,1,1,1,1,0.75,0.75,1.25,3,5015,0,1325,0,0,elemenRangedAttack;elemenAutoAttackMode,supplied-values; not retail measurements
1326,server_battlenpc_mob_types.sql,597,2100907,sabotender_del_sol,5,0,0,0,4,15,60,4200,0,8,60,65,0,0,1,1,1,1,1,1,40,1,1,1,1,1,1,1,1,1,1,0.75,1.25,0.75,4,5012,0,1326,0,0,elemenRangedAttack;elemenAutoAttackMode,supplied-values; not retail measurements
1327,server_battlenpc_mob_types.sql,598,2101707,smolenkos,6,1.2,1,0,1,15,60,4200,0,22,55,60,0,0,1,1,1,1,1,1,40,1,1,1,1,1,1,1,1,1,1,0.75,0.75,1.25,3,5001,2,1327,1,0,elemenRangedAttack;elemenAutoAttackMode,supplied-values; not retail measurements
1328,server_battlenpc_mob_types.sql,599,2100905,sabotender,5,0,0,0,4,15,60,4200,0,8,50,53,0,0,1,1,1,1,1,1,40,1,1,1,1,1,1,1,1,1,1,0.75,1.25,0.75,4,5012,0,1328,0,0,elemenRangedAttack;elemenAutoAttackMode,supplied-values; not retail measurements
1329,server_battlenpc_mob_types.sql,600,2100602,pus_gnat,5,0.9,1,0,2,15,60,4200,0,2,40,43,0,0,1,1,1,1,1,1,40,1,1,1,1,1,1,1,1,1,1,0.75,1.25,0.75,4,5028,0,1329,1,0,elemenRangedAttack;elemenAutoAttackMode,supplied-values; not retail measurements
1330,server_battlenpc_mob_types.sql,601,2100602,pus_gnat,5,0.9,1,0,2,15,60,4200,0,2,40,43,0,0,1,1,1,1,1,1,40,1,1,1,1,1,1,1,1,1,1,0.75,1.25,0.75,4,5028,0,1330,1,0,elemenRangedAttack;elemenAutoAttackMode,supplied-values; not retail measurements
1331,server_battlenpc_mob_types.sql,602,2102108,quartz_doblyn,5,0,0,0,4,15,60,4200,0,4,44,48,0,0,1,1,1,1,1,1,40,1,1,1,1,1,1,1,1,1,1,0.75,0.75,1.25,3,5015,0,1331,0,0,elemenRangedAttack;elemenAutoAttackMode,supplied-values; not retail measurements
1332,server_battlenpc_mob_types.sql,603,2102201,sundrake,6,0,1,0,4,15,60,4200,0,8,47,49,0,0,1,1,1,1,1,1,40,1,1,1,1,1,1,1,0.75,0.75,1.25,1,1,1,0,5020,0,1332,1,0,elemenRangedAttack;elemenAutoAttackMode,supplied-values; not retail measurements
1333,server_battlenpc_mob_types.sql,604,2100607,redwing_ked,5,0.9,1,0,2,15,60,4200,0,2,47,49,0,0,1,1,1,1,1,1,40,1,1,1,1,1,1,1,1,1,1,0.75,1.25,0.75,4,5028,0,1333,1,0,elemenRangedAttack;elemenAutoAttackMode,supplied-values; not retail measurements
1334,server_battlenpc_mob_types.sql,605,2102007,roadrunner,4.7,0,0,0,1,15,60,4200,0,2,53,56,0,0,1,1,1,1,1,1,40,1,1,1,1,1,1,1,1,1.25,0.75,1,1,1,2,5019,0,1334,0,0,elemenRangedAttack;elemenAutoAttackMode,supplied-values; not retail measurements
1335,server_battlenpc_mob_types.sql,606,2101117,molting_miteling,5,0,1,0,4,15,60,4200,0,8,56,60,0,0,1,1,1,1,1,1,40,1,1,1,1,1,1,1,1,1,1,0.75,0.75,1.25,3,5018,0,1335,1,0,elemenRangedAttack;elemenAutoAttackMode,supplied-values; not retail measurements
1336,server_battlenpc_mob_types.sql,610,2104504,mad_angler,4,0,1,0,2,15,60,4200,0,2,41,43,0,0,1,1,1,1,1,1,40,1,1,1,1,1,1,1,1,1,1,1.25,0.75,0.75,5,5044,0,1336,0,0,elemenRangedAttack;elemenAutoAttackMode,supplied-values; not retail measurements
1337,server_battlenpc_mob_types.sql,611,2101202,lammergeyer,5.5,0.9,1,0,1,15,60,4200,0,8,40,43,0,0,1,1,1,1,1,1,40,1,1,1,1,1,1,1,1,1.25,0.75,1,1,1,2,5060,0,1337,1,0,elemenRangedAttack;elemenAutoAttackMode,supplied-values; not retail measurements
1338,server_battlenpc_mob_types.sql,612,2102204,inferno_drake,6,0,1,0,4,15,60,4200,0,8,56,60,0,0,1,1,1,1,1,1,40,1,1,1,1,1,1,1,0.75,0.75,1.25,1,1,1,0,5020,0,1338,1,0,elemenRangedAttack;elemenAutoAttackMode,supplied-values; not retail measurements
1339,server_battlenpc_mob_types.sql,613,2162013,amaljaa_lancer,6,0,1,0,1,15,60,4200,0,8,43,46,0,0,1,1,1,1,1,1,40,1,1,1,1,1,1,1,1,1,1,1,1,1,0,88,0,1339,0,0,elemenRangedAttack;elemenAutoAttackMode,supplied-values; not retail measurements
1340,server_battlenpc_mob_types.sql,614,2203001,antling_forager,5.5,0,1,0,4,15,60,4200,0,8,43,46,0,0,1,1,1,1,1,1,40,1,1,1,1,1,1,1,1,1,1,0.75,0.75,1.25,3,5004,0,1340,0,0,elemenRangedAttack;elemenAutoAttackMode,supplied-values; not retail measurements
1341,server_battlenpc_mob_types.sql,615,2162022,amaljaa_drubber,6,0,1,0,1,15,60,4200,0,2,43,46,0,0,1,1,1,1,1,1,40,1,1,1,1,1,1,1,1,1,1,1,1,1,0,86,0,1341,0,0,elemenRangedAttack;elemenAutoAttackMode,supplied-values; not retail measurements
1342,server_battlenpc_mob_types.sql,616,2162022,amaljaa_grappler,6,0,1,0,1,15,60,4200,0,2,43,46,0,0,1,1,1,1,1,1,40,1,1,1,1,1,1,1,1,1,1,1,1,1,0,86,0,1342,0,0,elemenRangedAttack;elemenAutoAttackMode,supplied-values; not retail measurements
1343,server_battlenpc_mob_types.sql,620,2103102,toxic_toad,5.5,0,1,0,1,15,60,4200,0,23,49,51,0,0,1,1,1,1,1,1,40,1,1,1,1,1,1,1,1,1,1,1.25,0.75,0.75,5,5027,0,1343,1,0,elemenRangedAttack;elemenAutoAttackMode,supplied-values; not retail measurements
1344,server_battlenpc_mob_types.sql,621,2105902,toadstool,4,0,0,0,4,15,60,4200,0,23,53,56,0,0,1,1,1,1,1,1,40,1,1,1,1,1,1,1,1,0.75,0.75,1,1,1,1,5024,0,1344,0,0,elemenRangedAttack;elemenAutoAttackMode,supplied-values; not retail measurements
1345,server_battlenpc_mob_types.sql,622,2102504,headrip_ogre,5.5,0,1,0,1,15,60,4200,0,4,60,64,0,0,1,1,1,1,1,1,40,1,1,1,1,1,1,1,1,1,1,1,1,1,0,5042,0,1345,0,0,elemenRangedAttack;elemenAutoAttackMode,supplied-values; not retail measurements
1346,server_battlenpc_mob_types.sql,623,2102504,headrip_ogre,5.5,0,1,0,1,15,60,4200,0,4,70,80,0,0,1,1,1,1,1,1,40,1,1,1,1,1,1,1,1,1,1,1,1,1,0,5042,0,1346,0,0,elemenRangedAttack;elemenAutoAttackMode,supplied-values; not retail measurements
1347,server_battlenpc_mob_types.sql,624,2101503,truffle_hog,6,0,1,0,2,15,60,4200,0,4,50,54,0,0,1,1,1,1,1,1,40,1,1,1,1,1,1,1,0.75,0.75,1.25,1,1,1,0,5009,0,1347,1,0,elemenRangedAttack;elemenAutoAttackMode,supplied-values; not retail measurements
1348,server_battlenpc_mob_types.sql,625,2100702,mountain_peiste,5.5,0,1,0,1,15,60,4200,0,4,60,65,0,0,1,1,1,1,1,1,40,1,1,1,1,1,1,1,0.75,0.75,1.25,1,1,1,0,5006,0,1348,0,0,elemenRangedAttack;elemenAutoAttackMode,supplied-values; not retail measurements
1349,server_battlenpc_mob_types.sql,626,2101001,morbol,5,0,1,0,2,15,60,4200,0,23,63,65,0,0,1,1,1,1,1,1,40,1,1,1,1,1,1,1,1,1,1,1,1,1,0,5041,0,1349,1,0,elemenRangedAttack;elemenAutoAttackMode,supplied-values; not retail measurements
1350,server_battlenpc_mob_types.sql,627,2101102,diremite,5,0,1,0,4,15,60,4200,0,8,40,45,0,0,1,1,1,1,1,1,40,1,1,1,1,1,1,1,1,1,1,0.75,0.75,1.25,3,5018,0,1350,1,0,elemenRangedAttack;elemenAutoAttackMode,supplied-values; not retail measurements
1351,server_battlenpc_mob_types.sql,628,2101508,pugot,6,0,1,0,2,15,60,4200,0,4,43,47,0,0,1,1,1,1,1,1,40,1,1,1,1,1,1,1,0.75,0.75,1.25,1,1,1,0,5009,0,1351,1,0,elemenRangedAttack;elemenAutoAttackMode,supplied-values; not retail measurements
1352,server_battlenpc_mob_types.sql,629,2100714,rainbow_basilisk,5.5,0,1,0,1,15,60,4200,0,4,60,65,0,0,1,1,1,1,1,1,40,1,1,1,1,1,1,1,0.75,0.75,1.25,1,1,1,0,5006,0,1352,0,0,elemenRangedAttack;elemenAutoAttackMode,supplied-values; not retail measurements
1353,server_battlenpc_mob_types.sql,630,2101707,smolenkos,6,1.2,1,0,1,15,60,4200,0,22,80,85,0,0,1,1,1,1,1,1,40,1,1,1,1,1,1,1,1,1,1,0.75,0.75,1.25,3,5001,2,1353,1,0,elemenRangedAttack;elemenAutoAttackMode,supplied-values; not retail measurements
1354,server_battlenpc_mob_types.sql,631,2180017,viith_legion_sagittarius,6,0,1,0,1,15,60,4200,0,7,52,55,0,0,1,1,1,1,1,1,40,1,1,1,1,1,1,1,1,1,1,1,1,1,0,87,0,1354,1,0,elemenRangedAttack;elemenAutoAttackMode,supplied-values; not retail measurements
1355,server_battlenpc_mob_types.sql,632,2107004,viith_legion_eques,6,0,1,0,1,15,60,4200,0,8,52,55,0,0,1,1,1,1,1,1,40,1,1,1,1,1,1,1,1,1,1,1,1,1,0,88,0,1355,0,0,elemenRangedAttack;elemenAutoAttackMode,supplied-values; not retail measurements
1356,server_battlenpc_mob_types.sql,633,2180011,viith_legion_hoplomachus,6,0,1,0,1,15,60,4200,0,3,52,55,0,0,1,1,1,1,1,1,40,1,1,1,1,1,1,1,1,1,1,1,1,1,0,91,0,1356,0,0,elemenRangedAttack;elemenAutoAttackMode,supplied-values; not retail measurements
1357,server_battlenpc_mob_types.sql,634,2110303,goblin_bouncer,6,0,0,0,1,15,60,4200,0,3,49,53,0,0,1,1,1,1,1,1,40,1,1,1,1,1,1,1,0.75,0.75,1.25,1,1,1,0,5029,0,1357,0,0,elemenRangedAttack;elemenAutoAttackMode,supplied-values; not retail measurements
1363,server_battlenpc_mob_types.sql,643,2202008,rabid_dodo,4.7,0,0,0,0,0,60,4200,0,2,10,10,0,0,1,1,1,1,1,1,40,1,1,1,1,1,1,1,1,1.25,0.75,1,1,1,2,5019,0,0,0,0,elemenRangedAttack;elemenAutoAttackMode,supplied-values; not retail measurements
1370,server_battlenpc_mob_types.sql,657,2100305,antelope_stag,5,0,1,0,1,15,60,4200,0,2,50,54,0,0,1,1,1,1,1,1,40,1,1,1,1,1,1,1,1,1,1,0.75,0.75,1.25,3,5003,0,1370,0,0,elemenRangedAttack;elemenAutoAttackMode,supplied-values; not retail measurements
1371,server_battlenpc_mob_types.sql,658,2102226,ashdrake,6,0,1,0,4,15,60,4200,0,8,43,49,0,0,1,1,1,1,1,1,40,1,1,1,1,1,1,1,0.75,0.75,1.25,1,1,1,0,5020,0,1371,1,0,elemenRangedAttack;elemenAutoAttackMode,supplied-values; not retail measurements
1372,server_battlenpc_mob_types.sql,659,2100403,cloud_hippocerf,5,0,1,0,2,15,60,4200,0,4,40,44,0,0,1,1,1,1,1,1,40,1,1,1,1,1,1,1,1,1,1,0.75,1.25,0.75,4,5032,0,1372,1,0,elemenRangedAttack;elemenAutoAttackMode,supplied-values; not retail measurements
1373,server_battlenpc_mob_types.sql,660,2102207,flamedrake,6,0,1,0,4,15,60,4200,0,8,54,58,0,0,1,1,1,1,1,1,40,1,1,1,1,1,1,1,0.75,0.75,1.25,1,1,1,0,5020,0,1373,1,0,elemenRangedAttack;elemenAutoAttackMode,supplied-values; not retail measurements
1374,server_battlenpc_mob_types.sql,661,2180015,imperial_eques,6,0,1,0,1,15,60,4200,0,8,50,50,0,0,1,1,1,1,1,1,40,1,1,1,1,1,1,1,1,1,1,1,1,1,0,88,0,1374,0,0,elemenRangedAttack;elemenAutoAttackMode,supplied-values; not retail measurements
1375,server_battlenpc_mob_types.sql,662,2106445,ixali_bravewing,6,0,1,0,1,15,60,4200,0,4,45,48,0,0,1,1,1,1,1,1,40,1,1,1,1,1,1,1,1,1.25,0.75,1,1,1,2,5035,0,1375,1,0,elemenRangedAttack;elemenAutoAttackMode,supplied-values; not retail measurements
1376,server_battlenpc_mob_types.sql,663,2106411,ixali_fencer,6,0,1,0,1,15,60,4200,0,3,45,48,0,0,1,1,1,1,1,1,40,1,1,1,1,1,1,1,1,1.25,0.75,1,1,1,2,5035,0,1376,1,0,elemenRangedAttack;elemenAutoAttackMode,supplied-values; not retail measurements
1377,server_battlenpc_mob_types.sql,664,2106436,ixali_strongbeak,6,0,1,0,1,15,60,4200,0,8,45,48,0,0,1,1,1,1,1,1,40,1,1,1,1,1,1,1,1,1.25,0.75,1,1,1,2,5035,0,1377,1,0,elemenRangedAttack;elemenAutoAttackMode,supplied-values; not retail measurements
1378,server_battlenpc_mob_types.sql,665,2106421,ixali_fatecaller,6,0,1,0,1,15,60,4200,0,23,45,48,0,0,1,1,1,1,1,1,40,1,1,1,1,1,1,1,1,1.25,0.75,1,1,1,2,5035,4,1378,1,0,elemenRangedAttack;elemenAutoAttackMode,supplied-values; not retail measurements
1379,server_battlenpc_mob_types.sql,666,2100605,ked,5,0.9,1,0,2,15,60,4200,0,2,55,56,0,0,1,1,1,1,1,1,40,1,1,1,1,1,1,1,1,1,1,0.75,1.25,0.75,4,5028,0,1379,1,0,elemenRangedAttack;elemenAutoAttackMode,supplied-values; not retail measurements
1380,server_battlenpc_mob_types.sql,673,2106011,mad_karakul_ewe,4,0,0,0,1,15,60,4200,0,2,40,41,0,0,1,1,1,1,1,1,40,1,1,1,1,1,1,1,1,1.25,0.75,1,1,1,2,5052,0,1380,0,0,elemenRangedAttack;elemenAutoAttackMode,supplied-values; not retail measurements
1381,server_battlenpc_mob_types.sql,674,2100107,pteroc_matron,4,0,0,0,1,15,60,4200,0,8,37,39,0,0,1,1,1,1,1,1,40,1,1,1,1,1,1,1,1,1.25,0.75,1,1,1,2,5047,0,1381,0,0,elemenRangedAttack;elemenAutoAttackMode,supplied-values; not retail measurements
1382,server_battlenpc_mob_types.sql,675,2100303,migrating_doe,5,0,0,0,1,15,60,4200,0,2,34,38,0,0,1,1,1,1,1,1,40,1,1,1,1,1,1,1,1,1,1,0.75,0.75,1.25,3,5003,0,1382,0,0,elemenRangedAttack;elemenAutoAttackMode,supplied-values; not retail measurements
1383,server_battlenpc_mob_types.sql,676,2100705,mountain_peiste,5.5,0,1,0,1,15,60,4200,0,4,51,53,0,0,1,1,1,1,1,1,40,1,1,1,1,1,1,1,0.75,0.75,1.25,1,1,1,0,5006,0,1383,0,0,elemenRangedAttack;elemenAutoAttackMode,supplied-values; not retail measurements
1384,server_battlenpc_mob_types.sql,677,2110305,goblin_bouncer,6,0,0,0,1,15,60,4200,0,3,43,48,0,0,1,1,1,1,1,1,40,1,1,1,1,1,1,1,0.75,0.75,1.25,1,1,1,0,5029,0,1384,0,0,elemenRangedAttack;elemenAutoAttackMode,supplied-values; not retail measurements
1385,server_battlenpc_mob_types.sql,678,2110303,goblin_freesword,6,0,0,0,1,15,60,4200,0,3,43,48,0,0,1,1,1,1,1,1,40,1,1,1,1,1,1,1,0.75,0.75,1.25,1,1,1,0,5029,0,1385,0,0,elemenRangedAttack;elemenAutoAttackMode,supplied-values; not retail measurements
1386,server_battlenpc_mob_types.sql,679,2106022,brutal_sheep,4,0,0,0,1,15,60,4200,0,2,40,41,0,0,1,1,1,1,1,1,40,1,1,1,1,1,1,1,1,1.25,0.75,1,1,1,2,5052,0,1386,0,0,elemenRangedAttack;elemenAutoAttackMode,supplied-values; not retail measurements
1387,server_battlenpc_mob_types.sql,680,2100401,hippocerf,5,0,1,0,2,15,60,4200,0,4,30,32,0,0,1,1,1,1,1,1,40,1,1,1,1,1,1,1,1,1,1,0.75,1.25,0.75,4,5032,0,1387,1,0,elemenRangedAttack;elemenAutoAttackMode,supplied-values; not retail measurements
1388,server_battlenpc_mob_types.sql,681,2102906,fledgling_apkallu,4,0,1,0,1,15,60,4200,0,2,33,36,0,0,1,1,1,1,1,1,40,1,1,1,1,1,1,1,1,1,1,1.25,0.75,0.75,5,5005,0,1388,0,0,elemenRangedAttack;elemenAutoAttackMode,supplied-values; not retail measurements
1389,server_battlenpc_mob_types.sql,687,2106441,ixali_boldwing,6,0,1,0,1,15,60,4200,0,4,37,39,0,0,1,1,1,1,1,1,40,1,1,1,1,1,1,1,1,1.25,0.75,1,1,1,2,5035,0,1389,1,0,elemenRangedAttack;elemenAutoAttackMode,supplied-values; not retail measurements
1390,server_battlenpc_mob_types.sql,688,2106417,ixali_fogcaller,6,0,1,0,1,15,60,4200,0,23,37,39,0,0,1,1,1,1,1,1,40,1,1,1,1,1,1,1,1,1.25,0.75,1,1,1,2,5035,4,1390,1,0,elemenRangedAttack;elemenAutoAttackMode,supplied-values; not retail measurements
1391,server_battlenpc_mob_types.sql,689,2106432,ixali_swiftbeak,6,0,1,0,1,15,60,4200,0,8,37,39,0,0,1,1,1,1,1,1,40,1,1,1,1,1,1,1,1,1.25,0.75,1,1,1,2,5035,0,1391,1,0,elemenRangedAttack;elemenAutoAttackMode,supplied-values; not retail measurements
1392,server_battlenpc_mob_types.sql,690,2106426,ixali_swordfighter,6,0,1,0,1,15,60,4200,0,3,37,39,0,0,1,1,1,1,1,1,40,1,1,1,1,1,1,1,1,1.25,0.75,1,1,1,2,5035,0,1392,1,0,elemenRangedAttack;elemenAutoAttackMode,supplied-values; not retail measurements
1393,server_battlenpc_mob_types.sql,691,2106022,brutal_sheep,4,0,0,0,1,15,60,4200,0,2,40,42,0,0,1,1,1,1,1,1,40,1,1,1,1,1,1,1,1,1.25,0.75,1,1,1,2,5052,0,1393,0,0,elemenRangedAttack;elemenAutoAttackMode,supplied-values; not retail measurements
1394,server_battlenpc_mob_types.sql,692,2100401,hippocerf,5,0,1,0,2,15,60,4200,0,4,33,36,0,0,1,1,1,1,1,1,40,1,1,1,1,1,1,1,1,1,1,0.75,1.25,0.75,4,5032,0,1394,1,0,elemenRangedAttack;elemenAutoAttackMode,supplied-values; not retail measurements
1395,server_battlenpc_mob_types.sql,693,2100401,hippocerf,5,0,1,0,2,15,60,4200,0,4,37,39,0,0,1,1,1,1,1,1,40,1,1,1,1,1,1,1,1,1,1,0.75,1.25,0.75,4,5032,0,1395,1,0,elemenRangedAttack;elemenAutoAttackMode,supplied-values; not retail measurements
1396,server_battlenpc_mob_types.sql,698,2162004,amalj'aa_ranger,6,0,1,0,4,15,60,4200,0,7,23,26,0,0,1,1,1,1,1,1,40,1,1,1,1,1,1,1,1,1,1,1,1,1,0,87,0,1288,1,0,elemenRangedAttack;elemenAutoAttackMode,supplied-values; not retail measurements
1397,server_battlenpc_mob_types.sql,699,2162028,amalj'aa_seer,6,0,1,0,4,15,60,4200,0,22,23,26,0,0,1,1,1,1,1,1,40,1,1,1,1,1,1,1,1,1,1,1,1,1,0,89,0,1288,1,0,elemenRangedAttack;elemenAutoAttackMode,supplied-values; not retail measurements
3003,server_battlenpc_mob_types.sql,719,2101413,bardi,6,0,1,1,0,15,300,4200,0,2,42,42,19992,773,1,1,1,1,1,1,40,1,1,1,1,1,1,1,1,1,1,0.75,1.25,0.75,4,6002,0,3003,1,0,elemenRangedAttack;elemenAutoAttackMode,supplied-values; not retail measurements
3004,server_battlenpc_mob_types.sql,720,2102718,barometz,4.5,0,1,1,0,15,300,4200,0,23,36,36,17424,676,1,1,1,1,1,1,40,1,1,1,1,1,1,1,1,1.25,0.75,1,1,1,2,6003,0,3004,1,0,elemenRangedAttack;elemenAutoAttackMode,supplied-values; not retail measurements
3009,server_battlenpc_mob_types.sql,721,2100910,cactuar_jack,5,0,1,1,0,15,300,4200,0,8,47,47,26449,851,1,1,1,1,1,1,40,1,1,1,1,1,1,1,1,1,1,0.75,1.25,0.75,4,6006,0,3009,1,0,elemenRangedAttack;elemenAutoAttackMode,supplied-values; not retail measurements
3011,server_battlenpc_mob_types.sql,722,2101011,capricious_cassie,5,0,1,1,0,15,300,4200,0,23,55,55,32767,3180,1,1,1,1,1,1,40,1,1,1,1,1,1,1,1,1,1,1,1,1,3,6007,0,3011,1,0,elemenRangedAttack;elemenAutoAttackMode,supplied-values; not retail measurements
3013,server_battlenpc_mob_types.sql,723,2105513,daddy_longlegs,5,0,1,1,0,15,300,4200,0,8,42,42,27489,773,1,1,1,1,1,1,40,1,1,1,1,1,1,1,1,0.75,0.75,1,1,1,1,6008,0,3013,1,0,elemenRangedAttack;elemenAutoAttackMode,supplied-values; not retail measurements
3017,server_battlenpc_mob_types.sql,724,2101710,dodore,6,0,1,1,0,15,60,4200,0,22,60,60,32022,5475,1,1,1,1,1,1,40,1,1,1,1,1,1,1,1,1,1.00,0.75,0.75,1.25,3,6009,6009,3017,1,0,elemenRangedAttack;elemenAutoAttackMode,supplied-values; not retail measurements
3018,server_battlenpc_mob_types.sql,725,2101709,dodore's_minion,6,0,1,1,0,15,60,4200,0,22,55,55,19350,4970,1,1,1,1,1,1,40,1,1,1,1,1,1,1,1,1,0.75,1,1,1,3,2,0,3018,1,0,elemenRangedAttack;elemenAutoAttackMode,supplied-values; not retail measurements
3021,server_battlenpc_mob_types.sql,726,2102311,elder_mosshorn,5,0,1,1,0,15,60,4200,0,4,60,60,32022,1095,1,1,1,1,1,1,40,1,1,1,1,1,1,1,1,1,1,0.75,0.75,1.25,3,6011,0,3021,1,0,elemenRangedAttack;elemenAutoAttackMode,supplied-values; not retail measurements
3043,server_battlenpc_mob_types.sql,727,2102010,gluttonous_gertrude,4.7,0,1,1,0,15,300,4200,0,2,42,42,32487,773,1,1,1,1,1,1,40,1,1,1,1,1,1,1,1,1.25,0.75,1,1,1,2,6014,0,3043,1,0,elemenRangedAttack;elemenAutoAttackMode,supplied-values; not retail measurements
3045,server_battlenpc_mob_types.sql,728,2100801,great_buffalo,6,0,1,1,0,15,60,4200,0,4,65,65,32767,1206,1,1,1,1,1,1,40,1,1,1,1,1,1,1,1,1,1,0.75,0.75,1.25,3,6015,0,3045,1,1,elemenRangedAttack;elemenAutoAttackMode,supplied-values; not retail measurements
3051,server_battlenpc_mob_types.sql,729,2102805,guardian_of_the_grove,5,0,1,1,0,15,300,4200,0,23,55,55,32767,3858,1,1,1,1,1,1,40,1,1,1,1,1,1,1,1,1,1,1,1,1,0,6017,0,3051,1,0,elemenRangedAttack;elemenAutoAttackMode,supplied-values; not retail measurements
3052,server_battlenpc_mob_types.sql,1379,2162051,flamefist_ahlygg_roh,6,0,1,1,1,10,300,4200,0,2,59,59,25000,0,1,1,1,1,1,1,40,1,1,1,1,1,1,1,1,1,1,1,1,1,1,86,0,3052,0,0,elemenAutoAttackMode,supplied-values; not retail measurements
3054,server_battlenpc_mob_types.sql,730,2110312,haughtpox_bloatbelly,6,0,1,1,0,15,60,4200,0,3,60,60,32022,1095,1,1,1,1,1,1,40,1,1,1,1,1,1,1,0.75,0.75,1.25,1,1,1,0,6018,0,3054,1,0,elemenRangedAttack;elemenAutoAttackMode,supplied-values; not retail measurements
3063,server_battlenpc_mob_types.sql,731,2100510,jackanapes,4.5,0,1,1,0,15,300,4200,0,2,36,36,15246,676,1,1,1,1,1,1,40,1,1,1,1,1,1,1,0.75,0.75,1.25,1,1,1,0,6019,0,3063,1,0,elemenRangedAttack;elemenAutoAttackMode,supplied-values; not retail measurements
3065,server_battlenpc_mob_types.sql,732,2106311,kokoroon_quickfingers,6,0,1,1,0,15,300,4200,0,2,49,50,25794,902,1,1,1,1,1,1,40,1,1,1,1,1,1,1,1,1,1,0.75,0.75,1.25,3,6020,0,3065,1,0,elemenRangedAttack;elemenAutoAttackMode,supplied-values; not retail measurements
3071,server_battlenpc_mob_types.sql,733,2102309,mosshorn_billygoat,5,0,1,1,0,15,60,4200,0,4,55,55,19350,994,1,1,1,1,1,1,40,1,1,1,1,1,1,1,1,1,1,1,1,1,3,57,0,3071,1,0,elemenRangedAttack;elemenAutoAttackMode,supplied-values; not retail measurements
3072,server_battlenpc_mob_types.sql,734,2102310,mosshorn_nannygoat,5,0,1,1,0,15,60,4200,0,4,55,55,19350,994,1,1,1,1,1,1,40,1,1,1,1,1,1,1,1,1,1,1,1,1,3,57,0,3072,1,0,elemenRangedAttack;elemenAutoAttackMode,supplied-values; not retail measurements
3077,server_battlenpc_mob_types.sql,735,2103005,nest_commander,5.5,0,1,1,0,15,300,4200,0,8,36,36,15246,676,1,1,1,1,1,1,40,1,1,1,1,1,1,1,1,1,1,0.75,0.75,1.25,3,6023,0,3077,1,0,elemenRangedAttack;elemenAutoAttackMode,supplied-values; not retail measurements
3078,server_battlenpc_mob_types.sql,736,2107614,old_six_arms,5,0,1,1,0,15,300,4200,0,3,47,47,11020,851,1,1,1,1,1,1,40,1,1,1,1,1,1,1,1,1,1,1.25,0.75,0.75,5,6024,0,3078,1,0,elemenRangedAttack;elemenAutoAttackMode,supplied-values; not retail measurements
3086,server_battlenpc_mob_types.sql,737,2100114,pyrausta,4,0,1,1,0,15,300,4200,0,8,36,36,16335,676,1,1,1,1,1,1,40,1,1,1,1,1,1,1,1,1.25,0.75,1,1,1,2,6027,0,3086,1,0,elemenRangedAttack;elemenAutoAttackMode,supplied-values; not retail measurements
3087,server_battlenpc_mob_types.sql,738,2105915,queen_bolete,4,0,1,1,0,15,300,4200,0,23,36,36,15246,676,1,1,1,1,1,1,40,1,1,1,1,1,1,1,1,0.75,0.75,1,1,1,1,6028,0,3087,1,0,elemenRangedAttack;elemenAutoAttackMode,supplied-values; not retail measurements
3097,server_battlenpc_mob_types.sql,739,2100309,sirocco,5,0,0,1,1,15,300,4200,0,2,42,42,28739,773,1,1,1,1,1,1,40,1,1,1,1,1,1,1,1,1,1,0.75,0.75,1.25,3,6031,0,3097,1,0,elemenRangedAttack;elemenAutoAttackMode,supplied-values; not retail measurements
3098,server_battlenpc_mob_types.sql,740,2104212,slippery_sykes,4,0,1,1,0,15,300,4200,0,2,36,36,15246,676,1,1,1,1,1,1,40,1,1,1,1,1,1,1,1,1,1,1.25,0.75,0.75,5,6032,0,3098,1,0,elemenRangedAttack;elemenAutoAttackMode,supplied-values; not retail measurements
3100,server_battlenpc_mob_types.sql,741,2106221,spiteful,6,0,1,1,0,15,300,4200,0,23,55,55,30600,29274,1,1,1,1,1,1,40,1,1,1,1,1,1,1,1,1,1,0.75,1.25,0.75,4,6034,0,3100,1,0,elemenRangedAttack;elemenAutoAttackMode,supplied-values; not retail measurements
3110,server_battlenpc_mob_types.sql,742,2100717,uraeus,5.5,0,1,1,0,15,60,4200,0,4,62,65,32767,1206,1,1,1,1,1,1,40,1,1,1,1,1,1,1,0.75,0.75,1.25,1,1,1,0,6038,0,3110,1,0,elemenRangedAttack;elemenAutoAttackMode,supplied-values; not retail measurements
3111,server_battlenpc_mob_types.sql,743,2162061,voidtongue_ahzabb_chah,6,0,1,1,0,15,300,4200,0,22,30,30,0,0,1,1,1,1,1,1,40,1,1,1,1,1,1,1,1,1,1,1,1,1,0,14,0,3111,1,0,elemenRangedAttack;elemenAutoAttackMode,supplied-values; not retail measurements
3118,server_battlenpc_spawn_locations.sql,4121,2106222,spindiggle,6,0,1,1,0,10,60,4200,0,23,55,55,30600,29274,1,1,1,1,1,1,40,1,1,1,1,1,1,1,1,1,1,1,1,1,0,1,0,3118,0,0,floatingHeight;str;vit;dex;int;mnd;pie;att;acc;def;eva;slash;pierce;h2h;blunt;fire;ice;wind;lightning;earth;water;elemenRangedAttack;elemenAutoAttackMode,supplied-values; not retail measurements
3119,server_battlenpc_mob_types.sql,836,2106466,lozol_totoloq_the_decapitator,6,0,1,1,1,15,300,4200,0,3,59,59,18540,928,1,1,1,1,1,1,40,1,1,1,1,1,1,1,1,1.25,0.75,1,1,1,2,6022,0,3119,1,0,elemenRangedAttack;elemenAutoAttackMode,supplied-values; not retail measurements
32708,server_battlenpc_mob_types.sql,746,2106537,amalj'aa_grunt,6,0,1,0,0,15,60,4200,0,8,30,30,0,0,1,1,1,1,1,1,40,1,1,1,1,1,1,1,1,1,1,1,1,1,0,88,0,32708,0,0,elemenRangedAttack;elemenAutoAttackMode,supplied-values; not retail measurements
32709,server_battlenpc_mob_types.sql,747,2106542,amalj'aa_drudge,6,0,1,0,0,15,60,4200,0,2,47,49,0,0,1,1,1,1,1,1,40,1,1,1,1,1,1,1,1,1,1,1,1,1,0,86,0,32709,0,0,elemenRangedAttack;elemenAutoAttackMode,supplied-values; not retail measurements
32720,server_battlenpc_mob_types.sql,762,2206606,kobold_cragsman,6,0,1,0,1,12,30,4200,0,3,45,45,0,0,1,1,1,1,1,1,40,1,1,1,1,1,1,1,1,1,1,0.75,0.75,1.25,3,5037,0,32720,0,0,elemenRangedAttack;elemenAutoAttackMode,supplied-values; not retail measurements
32721,server_battlenpc_mob_types.sql,763,2206607,kobold_roundsman,6,0,1,0,1,12,30,4200,0,7,47,47,0,0,1,1,1,1,1,1,40,1,1,1,1,1,1,1,1,1,1,0.75,0.75,1.25,3,5037,0,32721,0,0,elemenRangedAttack;elemenAutoAttackMode,supplied-values; not retail measurements
32722,server_battlenpc_mob_types.sql,764,2206608,kobold_bedesman,6,0,1,0,1,12,30,4200,0,23,49,49,0,0,1,1,1,1,1,1,40,1,1,1,1,1,1,1,1,1,1,0.75,0.75,1.25,3,5037,0,32722,0,0,elemenRangedAttack;elemenAutoAttackMode,supplied-values; not retail measurements
32723,server_battlenpc_mob_types.sql,765,2206409,ixali_limbcutter,6,0,1,0,1,12,30,4200,0,3,45,45,0,0,1,1,1,1,1,1,40,1,1,1,1,1,1,1,1,1.25,0.75,1,1,1,2,5035,0,32723,0,0,elemenRangedAttack;elemenAutoAttackMode,supplied-values; not retail measurements
32724,server_battlenpc_mob_types.sql,766,2206410,ixali_soilseer,6,0,1,0,1,12,30,4200,0,23,47,47,0,0,1,1,1,1,1,1,40,1,1,1,1,1,1,1,1,1.25,0.75,1,1,1,2,5035,0,32724,0,0,elemenRangedAttack;elemenAutoAttackMode,supplied-values; not retail measurements
32725,server_battlenpc_mob_types.sql,767,2206411,ixali_cloudwalker,6,0,1,0,1,12,30,4200,0,7,49,49,0,0,1,1,1,1,1,1,40,1,1,1,1,1,1,1,1,1.25,0.75,1,1,1,2,5035,0,32725,0,0,elemenRangedAttack;elemenAutoAttackMode,supplied-values; not retail measurements
32726,server_battlenpc_mob_types.sql,768,2206525,amalj'aa_pennoncier,6,0,1,0,0,12,30,4200,0,8,45,45,0,0,1,1,1,1,1,1,40,1,1,1,1,1,1,1,1,1,1,1,1,1,0,88,0,32726,0,0,elemenRangedAttack;elemenAutoAttackMode,supplied-values; not retail measurements
32727,server_battlenpc_mob_types.sql,769,2206526,amalj'aa_captain,6,0,1,0,0,12,30,4200,0,3,47,47,0,0,1,1,1,1,1,1,40,1,1,1,1,1,1,1,1,1,1,1,1,1,0,88,0,32727,0,0,elemenRangedAttack;elemenAutoAttackMode,supplied-values; not retail measurements
32728,server_battlenpc_mob_types.sql,770,2206527,amalj'aa_high_divinator,6,0,1,0,0,12,30,4200,0,22,49,49,0,0,1,1,1,1,1,1,40,1,1,1,1,1,1,1,1,1,1,1,1,1,0,89,0,32728,0,0,elemenRangedAttack;elemenAutoAttackMode,supplied-values; not retail measurements
39003,server_battlenpc_mob_types.sql,900,2102209,biast,6,0,1,0,4,15,60,4200,0,8,60,69,0,0,1,1,1,1,1,1,40,1,1,1,1,1,1,1,0.75,0.75,1.25,1,1,1,0,5020,0,0,1,0,,supplied-values; not retail measurements
39004,server_battlenpc_mob_types.sql,903,2107611,clipper,5,0,0,0,4,15,60,4200,0,3,60,65,0,0,1,1,1,1,1,1,40,1,1,1,1,1,1,1,1,1,1,1.25,0.75,0.75,5,5038,0,0,0,0,,supplied-values; not retail measurements
39005,server_battlenpc_mob_types.sql,906,2107611,clipper,5,0,0,0,4,15,60,4200,0,3,70,74,0,0,1,1,1,1,1,1,40,1,1,1,1,1,1,1,1,1,1,1.25,0.75,0.75,5,5038,0,0,0,0,,supplied-values; not retail measurements
39006,server_battlenpc_mob_types.sql,909,2204021,dormouse,4,0,0,0,2,15,60,4200,0,2,40,44,0,0,1,1,1,1,1,1,40,1,1,1,1,1,1,1,1,1,1,0.75,0.75,1.25,3,5050,0,1160,0,0,,supplied-values; not retail measurements
39007,server_battlenpc_mob_types.sql,912,2102904,emperor_apkallu,4,0,1,0,1,15,60,4200,0,2,60,69,0,0,1,1,1,1,1,1,40,1,1,1,1,1,1,1,1,1,1,1.25,0.75,0.75,5,5005,0,1103,0,0,,supplied-values; not retail measurements
39008,server_battlenpc_mob_types.sql,915,2103103,gigantoad,5.5,0,1,0,1,15,60,4200,0,2,41,44,0,0,1,1,1,1,1,1,40,1,1,1,1,1,1,1,1,1,1,1.25,0.75,0.75,5,5027,0,1143,0,0,,supplied-values; not retail measurements
39009,server_battlenpc_mob_types.sql,918,2105408,goddess_girdle,4.5,0.8,1,0,4,15,60,4200,0,2,42,45,0,0,1,1,1,1,1,1,40,1,1,1,1,1,1,1,1,1,1,1.25,0.75,0.75,5,5036,0,0,0,0,,supplied-values; not retail measurements
39010,server_battlenpc_mob_types.sql,921,2102903,king_apkallu,4,0,1,0,1,15,60,4200,0,2,54,55,0,0,1,1,1,1,1,1,40,1,1,1,1,1,1,1,1,1,1,1.25,0.75,0.75,5,5005,0,1102,0,0,,supplied-values; not retail measurements
39011,server_battlenpc_mob_types.sql,924,2106602,kobold_mendicant,6,0,1,0,1,15,60,4200,0,23,47,49,0,0,1,1,1,1,1,1,40,1,1,1,1,1,1,1,1,1,1,0.75,0.75,1.25,3,5037,3,0,1,0,,supplied-values; not retail measurements
39012,server_battlenpc_mob_types.sql,927,2106602,kobold_mendicant,6,0,1,0,1,15,60,4200,0,23,50,54,0,0,1,1,1,1,1,1,40,1,1,1,1,1,1,1,1,1,1,0.75,0.75,1.25,3,5037,3,0,1,0,,supplied-values; not retail measurements
39013,server_battlenpc_mob_types.sql,930,2106625,kobold_patrolman,6,0,1,0,1,15,60,4200,0,3,47,49,0,0,1,1,1,1,1,1,40,1,1,1,1,1,1,1,1,1,1,0.75,0.75,1.25,3,5037,0,0,1,0,,supplied-values; not retail measurements
39014,server_battlenpc_mob_types.sql,933,2106604,kobold_prelate,6,0,1,0,1,15,60,4200,0,23,47,49,0,0,1,1,1,1,1,1,40,1,1,1,1,1,1,1,1,1,1,0.75,0.75,1.25,3,5037,3,0,1,0,,supplied-values; not retail measurements
39015,server_battlenpc_mob_types.sql,936,2106604,kobold_prelate,6,0,1,0,1,15,60,4200,0,23,50,54,0,0,1,1,1,1,1,1,40,1,1,1,1,1,1,1,1,1,1,0.75,0.75,1.25,3,5037,3,0,1,0,,supplied-values; not retail measurements
39016,server_battlenpc_mob_types.sql,939,2106634,kobold_quarryman,6,0,1,0,1,15,60,4200,0,4,50,54,0,0,1,1,1,1,1,1,40,1,1,1,1,1,1,1,1,1,1,0.75,0.75,1.25,3,5037,0,0,1,0,,supplied-values; not retail measurements
39017,server_battlenpc_mob_types.sql,942,2103907,maidenbug,4,0,0,0,4,15,60,4200,0,2,38,41,0,0,1,1,1,1,1,1,40,1,1,1,1,1,1,1,0.75,0.75,1.25,1,1,1,0,5008,0,0,0,0,,supplied-values; not retail measurements
39018,server_battlenpc_mob_types.sql,945,2103302,mildewed_goobbue,5.5,0,1,0,4,15,60,4200,0,4,60,65,0,0,1,1,1,1,1,1,40,1,1,1,1,1,1,1,1,1,1,1,1,1,0,5031,0,0,0,0,,supplied-values; not retail measurements
39019,server_battlenpc_mob_types.sql,948,2100607,redwing_ked,5,0.9,1,0,2,15,60,4200,0,2,38,41,0,0,1,1,1,1,1,1,40,1,1,1,1,1,1,1,1,1,1,0.75,1.25,0.75,4,5028,0,1176,1,0,,supplied-values; not retail measurements
39020,server_battlenpc_mob_types.sql,951,2101311,salamander,4.5,0,1,0,4,15,60,4200,0,8,40,49,0,0,1,1,1,1,1,1,40,1,1,1,1,1,1,1,1,1,1,1.25,0.75,0.75,5,5051,0,0,0,0,,supplied-values; not retail measurements
39021,server_battlenpc_mob_types.sql,954,2100211,young_raptor,8,0,1,0,1,15,60,4200,0,8,40,49,0,0,1,1,1,1,1,1,40,1,1,1,1,1,1,1,0.75,0.75,1.25,1,1,1,0,5049,0,0,0,0,,supplied-values; not retail measurements
39100,server_battlenpc_mob_types.sql,961,2100604,gall_gnat,5,0.9,1,0,2,10,60,4200,0,2,45,49,0,0,1,1,1,1,1,1,40,1,1,1,1,1,1,1,1,1,1,0.75,1.25,0.75,4,5028,0,0,0,0,elemenRangedAttack;elemenAutoAttackMode,supplied-values; not retail measurements
39101,server_battlenpc_mob_types.sql,963,2100407,hippogryph,5,0,1,0,2,10,60,4200,0,4,70,74,0,0,1,1,1,1,1,1,40,1,1,1,1,1,1,1,1,1,1,0.75,1.25,0.75,4,5032,0,1037,0,0,elemenRangedAttack;elemenAutoAttackMode,supplied-values; not retail measurements
39102,server_battlenpc_mob_types.sql,965,2102204,inferno_drake,6,0,1,0,4,10,60,4200,0,8,75,79,0,0,1,1,1,1,1,1,40,1,1,1,1,1,1,1,0.75,0.75,1.25,1,1,1,0,5020,0,1338,0,0,elemenRangedAttack;elemenAutoAttackMode,supplied-values; not retail measurements
39103,server_battlenpc_mob_types.sql,967,2101607,napalm,6,0.8,1,0,1,10,60,4200,0,22,70,74,0,0,1,1,1,1,1,1,40,1,1,1,1,1,1,1,0.75,0.75,1.25,1,1,1,0,5010,0,0,0,0,elemenRangedAttack;elemenAutoAttackMode,supplied-values; not retail measurements
39104,server_battlenpc_mob_types.sql,969,2101608,puroboros,6,0.8,1,0,1,10,60,4200,0,22,75,79,0,0,1,1,1,1,1,1,40,1,1,1,1,1,1,1,0.75,0.75,1.25,1,1,1,0,5010,0,0,0,0,elemenRangedAttack;elemenAutoAttackMode,supplied-values; not retail measurements
39105,server_battlenpc_mob_types.sql,971,2101507,razorback,6,0,1,0,2,10,60,4200,0,4,70,74,0,0,1,1,1,1,1,1,40,1,1,1,1,1,1,1,0.75,0.75,1.25,1,1,1,0,5009,0,0,0,0,elemenRangedAttack;elemenAutoAttackMode,supplied-values; not retail measurements
39106,server_battlenpc_mob_types.sql,973,2104108,scarred_kalong,5,1.0,1,0,4,10,60,4200,0,8,46,50,0,0,1,1,1,1,1,1,40,1,1,1,1,1,1,1,1,1.25,0.75,1,1,1,2,5007,0,1195,0,0,elemenRangedAttack;elemenAutoAttackMode,supplied-values; not retail measurements
39107,server_battlenpc_mob_types.sql,975,2103102,toxic_toad,5.5,0,1,0,1,10,60,4200,0,2,45,54,0,0,1,1,1,1,1,1,40,1,1,1,1,1,1,1,1,1,1,1.25,0.75,0.75,5,5027,0,1263,0,0,elemenRangedAttack;elemenAutoAttackMode,supplied-values; not retail measurements
39108,server_battlenpc_mob_types.sql,977,2101707,smolenkos,6,1.2,1,0,1,10,60,4200,0,22,75,84,0,0,1,1,1,1,1,1,40,1,1,1,1,1,1,1,1,1,1,0.75,0.75,1.25,3,5001,2,1353,0,0,elemenRangedAttack;elemenAutoAttackMode,supplied-values; not retail measurements
39109,server_battlenpc_mob_types.sql,979,2102503,spinesnap_ogre,5.5,0,1,0,1,10,60,4200,0,4,80,84,0,0,1,1,1,1,1,1,40,1,1,1,1,1,1,1,1,1,1,1,1,1,0,5042,0,1321,0,0,elemenRangedAttack;elemenAutoAttackMode,supplied-values; not retail measurements
39110,server_battlenpc_mob_types.sql,981,2100207,velociraptor,8,0,1,0,1,10,60,4200,0,8,47,49,0,0,1,1,1,1,1,1,40,1,1,1,1,1,1,1,0.75,0.75,1.25,1,1,1,0,5049,0,1034,0,0,elemenRangedAttack;elemenAutoAttackMode,supplied-values; not retail measurements
39111,server_battlenpc_mob_types.sql,983,2101502,wild_hog,6,0,1,0,2,10,60,4200,0,4,40,49,0,0,1,1,1,1,1,1,40,1,1,1,1,1,1,1,0.75,0.75,1.25,1,1,1,0,5009,0,1095,0,0,elemenRangedAttack;elemenAutoAttackMode,supplied-values; not retail measurements
39112,server_battlenpc_mob_types.sql,985,2110301,goblin_freesword,6,0,0,0,1,10,60,4200,0,3,40,49,0,0,1,1,1,1,1,1,40,1,1,1,1,1,1,1,0.75,0.75,1.25,1,1,1,0,5029,0,1262,0,0,elemenRangedAttack;elemenAutoAttackMode,supplied-values; not retail measurements
39113,server_battlenpc_mob_types.sql,987,2102502,redhorn_ogre,5.5,0,1,0,1,10,60,4200,0,4,70,74,0,0,1,1,1,1,1,1,40,1,1,1,1,1,1,1,1,1,1,1,1,1,0,5042,0,1304,0,0,elemenRangedAttack;elemenAutoAttackMode,supplied-values; not retail measurements
39114,server_battlenpc_mob_types.sql,989,2180125,bandit_spearman,6,0,1,0,1,10,60,4200,0,8,45,49,0,0,1,1,1,1,1,1,40,1,1,1,1,1,1,1,1,1,1,1,1,1,0,88,0,0,0,0,elemenRangedAttack;elemenAutoAttackMode,supplied-values; not retail measurements
39200,server_battlenpc_mob_types.sql,996,2100113,toll_puk,4,0,0,0,1,15,60,4200,0,8,10,10,0,0,1,1,1,1,1,1,40,1,1,1,1,1,1,1,1,1.25,0.75,1,1,1,2,5047,0,0,0,0,elemenRangedAttack;elemenAutoAttackMode,supplied-values; not retail measurements
39201,server_battlenpc_mob_types.sql,998,2102717,musk_roseling,4.5,0,1,0,4,15,60,4200,0,23,20,20,0,0,1,1,1,1,1,1,40,1,1,1,1,1,1,1,1,1.25,0.75,1,1,1,2,5023,0,0,0,0,elemenRangedAttack;elemenAutoAttackMode,supplied-values; not retail measurements
39202,server_battlenpc_mob_types.sql,1000,2107613,beryl_crab,5,0,0,0,4,15,60,4200,0,3,20,20,0,0,1,1,1,1,1,1,40,1,1,1,1,1,1,1,1,1,1,1.25,0.75,0.75,5,5038,0,0,0,0,elemenRangedAttack;elemenAutoAttackMode,supplied-values; not retail measurements
39203,server_battlenpc_mob_types.sql,1002,2101609,bomb_ember,6,0.8,1,0,1,15,60,4200,0,22,30,30,0,0,1,1,1,1,1,1,40,1,1,1,1,1,1,1,0.75,0.75,1.25,1,1,1,0,5010,0,0,0,0,elemenRangedAttack;elemenAutoAttackMode,supplied-values; not retail measurements
39204,server_battlenpc_mob_types.sql,1004,2100509,popoto_opo_opo,4.5,0,0,0,1,15,60,4200,0,2,25,25,0,0,1,1,1,1,1,1,40,1,1,1,1,1,1,1,0.75,0.75,1.25,1,1,1,0,5043,0,0,0,0,elemenRangedAttack;elemenAutoAttackMode,supplied-values; not retail measurements
39205,server_battlenpc_mob_types.sql,1006,2104022,bristletail_marmot,4,0,0,0,2,15,60,4200,0,2,10,10,0,0,1,1,1,1,1,1,40,1,1,1,1,1,1,1,1,1,1,0.75,0.75,1.25,3,5050,0,0,0,0,elemenRangedAttack;elemenAutoAttackMode,supplied-values; not retail measurements
39206,server_battlenpc_mob_types.sql,1008,2101908,wandering_wight,6,0,1,0,4,15,60,4200,0,3,35,35,0,0,1,1,1,1,1,1,40,1,1,1,1,1,1,1,1,0.75,0.75,1,1,1,1,5061,0,0,0,0,elemenRangedAttack;elemenAutoAttackMode,supplied-values; not retail measurements
39207,server_battlenpc_mob_types.sql,1010,2100609,gnawing_gnat,5,0.9,1,0,2,15,60,4200,0,2,30,30,0,0,1,1,1,1,1,1,40,1,1,1,1,1,1,1,1,1,1,0.75,1.25,0.75,4,5028,0,0,0,0,elemenRangedAttack;elemenAutoAttackMode,supplied-values; not retail measurements
39208,server_battlenpc_mob_types.sql,1012,2101711,cursed_eye,6,1.2,1,0,1,15,60,4200,0,22,35,35,0,0,1,1,1,1,1,1,40,1,1,1,1,1,1,1,1,1,1,0.75,0.75,1.25,3,5001,2,0,0,0,elemenRangedAttack;elemenAutoAttackMode,supplied-values; not retail measurements
39300,server_battlenpc_mob_types.sql,1035,2203001,antling_digger,5.5,0,1,0,4,10,60,4200,0,8,35,39,0,0,1,1,1,1,1,1,40,1,1,1,1,1,1,1,1,1,1,0.75,0.75,1.25,3,5004,0,1289,0,0,elemenRangedAttack;elemenAutoAttackMode,supplied-values; not retail measurements
39301,server_battlenpc_mob_types.sql,1037,2109901,friars_lantern,5.5,1.2,1,0,1,10,60,4200,0,23,37,39,0,0,1,1,1,1,1,1,40,1,1,1,1,1,1,1,0.75,0.75,1.25,1,1,1,0,5010,1,1191,0,0,elemenRangedAttack;elemenAutoAttackMode,supplied-values; not retail measurements
39302,server_battlenpc_mob_types.sql,1039,2101604,gas_bomb,6,0.8,1,0,1,10,60,4200,0,22,45,49,0,0,1,1,1,1,1,1,40,1,1,1,1,1,1,1,0.75,0.75,1.25,1,1,1,0,5010,0,0,0,0,elemenRangedAttack;elemenAutoAttackMode,supplied-values; not retail measurements
39303,server_battlenpc_mob_types.sql,1041,2102111,heliodor_doblyn,5,0,0,0,4,10,60,4200,0,4,40,44,0,0,1,1,1,1,1,1,40,1,1,1,1,1,1,1,1,1,1,0.75,0.75,1.25,3,5015,0,0,0,0,elemenRangedAttack;elemenAutoAttackMode,supplied-values; not retail measurements
39304,server_battlenpc_mob_types.sql,1043,2103401,plain_pudding,5,0,1,0,4,10,60,4200,0,22,40,44,0,0,1,1,1,1,1,1,40,1,1,1,1,1,1,1,1,1,1,1,1,1,5,5022,0,1188,0,0,elemenRangedAttack;elemenAutoAttackMode,supplied-values; not retail measurements
39305,server_battlenpc_mob_types.sql,1045,2106304,qiqirn_scrambler,6,0,0,0,1,10,60,4200,0,2,50,52,0,0,1,1,1,1,1,1,40,1,1,1,1,1,1,1,1,1,1,0.75,0.75,1.25,3,5048,0,1319,0,0,elemenRangedAttack;elemenAutoAttackMode,supplied-values; not retail measurements
39306,server_battlenpc_mob_types.sql,1047,2101801,rotting_corpse,6,0,1,0,1,10,60,4200,0,8,45,49,0,0,1,1,1,1,1,1,40,1,1,1,1,1,1,1,1,1,1,1,1,1,0,88,0,0,0,0,elemenRangedAttack;elemenAutoAttackMode,supplied-values; not retail measurements
39307,server_battlenpc_mob_types.sql,1049,2100111,sordes,4,0,0,0,1,10,60,4200,0,8,41,44,0,0,1,1,1,1,1,1,40,1,1,1,1,1,1,1,1,1.25,0.75,1,1,1,2,5047,0,1182,0,0,elemenRangedAttack;elemenAutoAttackMode,supplied-values; not retail measurements
39320,server_battlenpc_mob_types.sql,1055,2101602,balloon,6,0.8,1,0,1,10,60,4200,0,22,28,30,0,0,1,1,1,1,1,1,40,1,1,1,1,1,1,1,0.75,0.75,1.25,1,1,1,0,5010,0,0,0,0,elemenRangedAttack;elemenAutoAttackMode,supplied-values; not retail measurements
39321,server_battlenpc_mob_types.sql,1057,2100109,cellar_puk,4,0,0,0,1,10,60,4200,0,8,28,30,0,0,1,1,1,1,1,1,40,1,1,1,1,1,1,1,1,1.25,0.75,1,1,1,2,5047,0,0,0,0,elemenRangedAttack;elemenAutoAttackMode,supplied-values; not retail measurements
39322,server_battlenpc_mob_types.sql,1059,2110301,goblin_thug,6,0,0,0,1,10,60,4200,0,3,35,39,0,0,1,1,1,1,1,1,40,1,1,1,1,1,1,1,0.75,0.75,1.25,1,1,1,0,5029,0,1202,0,0,elemenRangedAttack;elemenAutoAttackMode,supplied-values; not retail measurements
39323,server_battlenpc_mob_types.sql,1061,2102105,iron_coblyn,5,0,0,0,4,10,60,4200,0,4,28,30,0,0,1,1,1,1,1,1,40,1,1,1,1,1,1,1,1,1,1,0.75,0.75,1.25,3,5015,0,1071,0,0,elemenRangedAttack;elemenAutoAttackMode,supplied-values; not retail measurements
39324,server_battlenpc_mob_types.sql,1063,2105605,jumping_djigga,4,0,1,0,4,10,60,4200,0,8,28,30,0,0,1,1,1,1,1,1,40,1,1,1,1,1,1,1,0.75,0.75,1.25,1,1,1,0,5013,0,0,0,0,elemenRangedAttack;elemenAutoAttackMode,supplied-values; not retail measurements
39325,server_battlenpc_mob_types.sql,1065,2101901,magicked_bones,6,0,1,0,4,10,60,4200,0,3,31,34,0,0,1,1,1,1,1,1,40,1,1,1,1,1,1,1,1,0.75,0.75,1,1,1,1,5061,0,1233,0,0,elemenRangedAttack;elemenAutoAttackMode,supplied-values; not retail measurements
39326,server_battlenpc_mob_types.sql,1067,2103907,maidenbug,4,0,0,0,4,15,60,4200,0,2,28,30,0,0,1,1,1,1,1,1,40,1,1,1,1,1,1,1,0.75,0.75,1.25,1,1,1,0,5008,0,0,0,0,,supplied-values; not retail measurements
39327,server_battlenpc_mob_types.sql,1069,2101111,molting_miteling,5,0,1,0,4,10,60,4200,0,8,28,29,0,0,1,1,1,1,1,1,40,1,1,1,1,1,1,1,1,1,1,0.75,0.75,1.25,3,5018,0,1050,0,0,elemenRangedAttack;elemenAutoAttackMode,supplied-values; not retail measurements
39328,server_battlenpc_mob_types.sql,1071,2101903,skeleton_swordbearer,6,0,1,0,4,10,60,4200,0,3,28,30,0,0,1,1,1,1,1,1,40,1,1,1,1,1,1,1,1,0.75,0.75,1,1,1,1,5061,0,0,0,0,elemenRangedAttack;elemenAutoAttackMode,supplied-values; not retail measurements
39329,server_battlenpc_mob_types.sql,1073,2109903,will_o_the_wykes,5.5,1.2,1,0,1,10,60,4200,0,23,29,30,0,0,1,1,1,1,1,1,40,1,1,1,1,1,1,1,0.75,0.75,1.25,1,1,1,0,5010,1,0,0,0,elemenRangedAttack;elemenAutoAttackMode,supplied-values; not retail measurements
39340,server_battlenpc_mob_types.sql,1079,2109908,alchemists_tinder,5.5,1.2,1,0,1,10,60,4200,0,23,50,50,0,0,1,1,1,1,1,1,40,1,1,1,1,1,1,1,0.75,0.75,1.25,1,1,1,0,5010,1,0,0,0,elemenRangedAttack;elemenAutoAttackMode,supplied-values; not retail measurements
39341,server_battlenpc_mob_types.sql,1081,2106604,kobold_prelate,6,0,1,0,1,15,60,4200,0,23,50,53,0,0,1,1,1,1,1,1,40,1,1,1,1,1,1,1,1,1,1,0.75,0.75,1.25,3,5037,3,0,1,0,,supplied-values; not retail measurements
39342,server_battlenpc_mob_types.sql,1083,2106650,ughamaro_ashman,6,0,1,0,1,15,60,4200,0,3,55,55,0,0,1,1,1,1,1,1,40,1,1,1,1,1,1,1,1,1,1,0.75,0.75,1.25,3,5037,0,0,1,0,,supplied-values; not retail measurements
39343,server_battlenpc_mob_types.sql,1085,2106655,ughamaro_gateman,6,0,1,0,1,15,60,4200,0,3,56,57,0,0,1,1,1,1,1,1,40,1,1,1,1,1,1,1,1,1,1,0.75,0.75,1.25,3,5037,0,0,1,0,,supplied-values; not retail measurements
39344,server_battlenpc_mob_types.sql,1087,2106643,ughamaro_gurneyman,6,0,1,0,1,15,60,4200,0,3,52,57,0,0,1,1,1,1,1,1,40,1,1,1,1,1,1,1,1,1,1,0.75,0.75,1.25,3,5037,0,0,1,0,,supplied-values; not retail measurements
39345,server_battlenpc_mob_types.sql,1089,2106656,ughamaro_junkman,6,0,1,0,1,15,60,4200,0,4,53,56,0,0,1,1,1,1,1,1,40,1,1,1,1,1,1,1,1,1,1,0.75,0.75,1.25,3,5037,0,0,1,0,,supplied-values; not retail measurements
39346,server_battlenpc_mob_types.sql,1091,2106651,ughamaro_overman,6,0,1,0,1,15,60,4200,0,3,55,55,0,0,1,1,1,1,1,1,40,1,1,1,1,1,1,1,1,1,1,0.75,0.75,1.25,3,5037,0,0,1,0,,supplied-values; not retail measurements
39347,server_battlenpc_mob_types.sql,1093,2106645,ughamaro_underman,6,0,1,0,1,15,60,4200,0,3,50,50,0,0,1,1,1,1,1,1,40,1,1,1,1,1,1,1,1,1,1,0.75,0.75,1.25,3,5037,0,0,1,0,,supplied-values; not retail measurements
39360,server_battlenpc_mob_types.sql,1099,2100109,cellar_puk,4,0,0,0,1,10,60,4200,0,8,28,34,0,0,1,1,1,1,1,1,40,1,1,1,1,1,1,1,1,1.25,0.75,1,1,1,2,5047,0,0,0,0,elemenRangedAttack;elemenAutoAttackMode,supplied-values; not retail measurements
39361,server_battlenpc_mob_types.sql,1101,2101403,dreadwolf,6,0,1,0,2,10,60,4200,0,2,25,29,0,0,1,1,1,1,1,1,40,1,1,1,1,1,1,1,1,1,1,0.75,1.25,0.75,4,5062,0,0,0,0,elemenRangedAttack;elemenAutoAttackMode,supplied-values; not retail measurements
39362,server_battlenpc_mob_types.sql,1103,2110301,goblin_thug,6,0,0,0,1,10,60,4200,0,3,29,30,0,0,1,1,1,1,1,1,40,1,1,1,1,1,1,1,0.75,0.75,1.25,1,1,1,0,5029,0,1202,0,0,elemenRangedAttack;elemenAutoAttackMode,supplied-values; not retail measurements
39363,server_battlenpc_mob_types.sql,1105,2104106,kalong,5,1.0,1,0,4,10,60,4200,0,8,35,39,0,0,1,1,1,1,1,1,40,1,1,1,1,1,1,1,1,1.25,0.75,1,1,1,2,5007,0,0,0,0,elemenRangedAttack;elemenAutoAttackMode,supplied-values; not retail measurements
39364,server_battlenpc_mob_types.sql,1107,2101901,magicked_bones,6,0,1,0,4,10,60,4200,0,3,30,34,0,0,1,1,1,1,1,1,40,1,1,1,1,1,1,1,1,0.75,0.75,1,1,1,1,5061,0,1233,0,0,elemenRangedAttack;elemenAutoAttackMode,supplied-values; not retail measurements
39365,server_battlenpc_mob_types.sql,1109,2109902,marshlight,5.5,1.2,1,0,1,10,60,4200,0,23,25,29,0,0,1,1,1,1,1,1,40,1,1,1,1,1,1,1,0.75,0.75,1.25,1,1,1,0,5010,1,0,0,0,elemenRangedAttack;elemenAutoAttackMode,supplied-values; not retail measurements
39366,server_battlenpc_mob_types.sql,1111,2101111,molting_miteling,5,0,1,0,4,10,60,4200,0,8,30,30,0,0,1,1,1,1,1,1,40,1,1,1,1,1,1,1,1,1,1,0.75,0.75,1.25,3,5018,0,1050,0,0,elemenRangedAttack;elemenAutoAttackMode,supplied-values; not retail measurements
39367,server_battlenpc_mob_types.sql,1113,2104007,mun_tuy_squirrel,4,0,0,0,2,10,60,4200,0,2,30,34,0,0,1,1,1,1,1,1,40,1,1,1,1,1,1,1,1,1,1,0.75,0.75,1.25,3,5050,0,0,0,0,elemenRangedAttack;elemenAutoAttackMode,supplied-values; not retail measurements
39368,server_battlenpc_mob_types.sql,1115,2180116,toad_poacher,6,0,1,0,1,10,60,4200,0,2,34,39,0,0,1,1,1,1,1,1,40,1,1,1,1,1,1,1,1,1,1,1,1,1,0,86,0,1183,0,0,elemenRangedAttack;elemenAutoAttackMode,supplied-values; not retail measurements
39369,server_battlenpc_mob_types.sql,1117,2109903,will_o_the_wykes,5.5,1.2,1,0,1,10,60,4200,0,23,29,34,0,0,1,1,1,1,1,1,40,1,1,1,1,1,1,1,0.75,0.75,1.25,1,1,1,0,5010,1,0,0,0,elemenRangedAttack;elemenAutoAttackMode,supplied-values; not retail measurements
39380,server_battlenpc_mob_types.sql,1123,2105401,aurelia,4.5,0.9,1,0,4,10,60,4200,0,23,17,19,0,0,1,1,1,1,1,1,40,1,1,1,1,1,1,1,1,1,1,1.25,0.75,0.75,5,5036,0,1232,0,0,elemenRangedAttack;elemenAutoAttackMode,supplied-values; not retail measurements
39381,server_battlenpc_mob_types.sql,1125,2104103,black_bat,5,1.0,0,0,4,10,60,4200,0,8,15,16,0,0,1,1,1,1,1,1,40,1,1,1,1,1,1,1,1,1.25,0.75,1,1,1,2,5007,0,1208,0,0,elemenRangedAttack;elemenAutoAttackMode,supplied-values; not retail measurements
39382,server_battlenpc_mob_types.sql,1127,2109915,gloom_lurker,5.5,1.2,1,0,1,10,60,4200,0,23,17,18,0,0,1,1,1,1,1,1,40,1,1,1,1,1,1,1,0.75,0.75,1.25,1,1,1,0,5010,1,0,0,0,elemenRangedAttack;elemenAutoAttackMode,supplied-values; not retail measurements
39383,server_battlenpc_mob_types.sql,1129,2109914,gloom_seeker,5.5,1.2,0,0,1,10,60,4200,0,23,15,15,0,0,1,1,1,1,1,1,40,1,1,1,1,1,1,1,0.75,0.75,1.25,1,1,1,0,5010,1,0,0,0,elemenRangedAttack;elemenAutoAttackMode,supplied-values; not retail measurements
39384,server_battlenpc_mob_types.sql,1131,2107617,gripper,5,0,1,0,4,10,60,4200,0,3,15,17,0,0,1,1,1,1,1,1,40,1,1,1,1,1,1,1,1,1,1,1.25,0.75,0.75,5,5038,0,0,0,0,elemenRangedAttack;elemenAutoAttackMode,supplied-values; not retail measurements
39385,server_battlenpc_mob_types.sql,1133,2101416,jackal_pup,6,0,1,0,2,10,60,4200,0,2,18,21,0,0,1,1,1,1,1,1,40,1,1,1,1,1,1,1,1,1,1,0.75,1.25,0.75,4,5062,0,0,0,0,elemenRangedAttack;elemenAutoAttackMode,supplied-values; not retail measurements
39386,server_battlenpc_mob_types.sql,1135,2109907,shade_lurker,5.5,1.2,1,0,1,10,60,4200,0,23,15,16,0,0,1,1,1,1,1,1,40,1,1,1,1,1,1,1,0.75,0.75,1.25,1,1,1,0,5010,1,0,0,0,elemenRangedAttack;elemenAutoAttackMode,supplied-values; not retail measurements
39387,server_battlenpc_mob_types.sql,1137,2109906,shade_seeker,5.5,1.2,0,0,1,10,60,4200,0,23,15,15,0,0,1,1,1,1,1,1,40,1,1,1,1,1,1,1,0.75,0.75,1.25,1,1,1,0,5010,1,0,0,0,elemenRangedAttack;elemenAutoAttackMode,supplied-values; not retail measurements
39388,server_battlenpc_mob_types.sql,1139,2109913,shadow_lurker,5.5,1.2,1,0,1,10,60,4200,0,23,16,17,0,0,1,1,1,1,1,1,40,1,1,1,1,1,1,1,0.75,0.75,1.25,1,1,1,0,5010,1,0,0,0,elemenRangedAttack;elemenAutoAttackMode,supplied-values; not retail measurements
39389,server_battlenpc_mob_types.sql,1141,2109912,shadow_seeker,5.5,1.2,0,0,1,10,60,4200,0,23,15,15,0,0,1,1,1,1,1,1,40,1,1,1,1,1,1,1,0.75,0.75,1.25,1,1,1,0,5010,1,0,0,0,elemenRangedAttack;elemenAutoAttackMode,supplied-values; not retail measurements
39390,server_battlenpc_mob_types.sql,1143,2104511,spawning_orobon,4,0,1,0,2,10,60,4200,0,2,16,19,0,0,1,1,1,1,1,1,40,1,1,1,1,1,1,1,1,1,1,1.25,0.75,0.75,5,5044,0,0,0,0,elemenRangedAttack;elemenAutoAttackMode,supplied-values; not retail measurements
39391,server_battlenpc_mob_types.sql,1145,2104215,spelaean_slug,4,0,1,0,4,10,60,4200,0,2,16,19,0,0,1,1,1,1,1,1,40,1,1,1,1,1,1,1,1,1,1,1.25,0.75,0.75,5,5053,0,0,0,0,elemenRangedAttack;elemenAutoAttackMode,supplied-values; not retail measurements
39400,server_battlenpc_mob_types.sql,1150,2101601,bomb,6,0.8,1,0,1,10,60,4200,0,22,30,34,0,0,1,1,1,1,1,1,40,1,1,1,1,1,1,1,0.75,0.75,1.25,1,1,1,0,5010,0,0,0,0,elemenRangedAttack;elemenAutoAttackMode,supplied-values; not retail measurements
39401,server_battlenpc_mob_types.sql,1152,2105404,cassiopeia,4.5,0.9,0,0,1,10,60,4200,0,23,25,29,0,0,1,1,1,1,1,1,40,1,1,1,1,1,1,1,1,1,1,1.25,0.75,0.75,5,5036,0,1278,0,0,elemenRangedAttack;elemenAutoAttackMode,supplied-values; not retail measurements
39402,server_battlenpc_mob_types.sql,1154,2104901,earth_elemental,6,0,1,0,1,10,60,4200,0,23,30,54,0,0,1,1,1,1,1,1,40,1,1,1,1,1,1,1,1,1,1,1,1,1,0,5021,0,0,0,0,elemenRangedAttack;elemenAutoAttackMode,supplied-values; not retail measurements
39403,server_battlenpc_mob_types.sql,1156,2104105,giant_bat,5,1.0,1,0,1,10,60,4200,0,8,25,29,0,0,1,1,1,1,1,1,40,1,1,1,1,1,1,1,1,1.25,0.75,1,1,1,2,5007,0,0,0,0,elemenRangedAttack;elemenAutoAttackMode,supplied-values; not retail measurements
39404,server_battlenpc_mob_types.sql,1158,2110301,goblin_thug,6,0,0,0,1,10,60,4200,0,3,29,30,0,0,1,1,1,1,1,1,40,1,1,1,1,1,1,1,0.75,0.75,1.25,1,1,1,0,5029,0,1202,0,0,elemenRangedAttack;elemenAutoAttackMode,supplied-values; not retail measurements
39405,server_battlenpc_mob_types.sql,1160,2105307,hoverfly_swarm,4.5,0.9,0,0,1,10,60,4200,0,2,25,28,0,0,1,1,1,1,1,1,40,1,1,1,1,1,1,1,1,1.25,0.75,1,1,1,2,93,0,0,0,0,elemenRangedAttack;elemenAutoAttackMode,supplied-values; not retail measurements
39406,server_battlenpc_mob_types.sql,1162,2107602,island_crab,5,0,0,0,1,10,60,4200,0,3,35,39,0,0,1,1,1,1,1,1,40,1,1,1,1,1,1,1,1,1,1,1.25,0.75,0.75,5,5038,0,1264,0,0,elemenRangedAttack;elemenAutoAttackMode,supplied-values; not retail measurements
39407,server_battlenpc_mob_types.sql,1164,2105001,lightning_elemental,6,0,1,0,1,10,60,4200,0,23,30,39,0,0,1,1,1,1,1,1,40,1,1,1,1,1,1,1,1,1,1,1,1,1,0,5021,0,0,0,0,elemenRangedAttack;elemenAutoAttackMode,supplied-values; not retail measurements
39408,server_battlenpc_mob_types.sql,1166,2104505,orobon,4,0,1,0,1,10,60,4200,0,2,39,39,0,0,1,1,1,1,1,1,40,1,1,1,1,1,1,1,1,1,1,1.25,0.75,0.75,5,5044,0,0,0,0,elemenRangedAttack;elemenAutoAttackMode,supplied-values; not retail measurements
39409,server_battlenpc_mob_types.sql,1168,2103906,painted_ladybug,4,0,0,0,1,10,60,4200,0,2,30,34,0,0,1,1,1,1,1,1,40,1,1,1,1,1,1,1,0.75,0.75,1.25,1,1,1,0,5008,0,0,0,0,elemenRangedAttack;elemenAutoAttackMode,supplied-values; not retail measurements
39410,server_battlenpc_mob_types.sql,1170,2100602,pus_gnat,5,0.9,1,0,1,10,60,4200,0,2,28,30,0,0,1,1,1,1,1,1,40,1,1,1,1,1,1,1,1,1,1,0.75,1.25,0.75,4,5028,0,1329,0,0,elemenRangedAttack;elemenAutoAttackMode,supplied-values; not retail measurements
39411,server_battlenpc_mob_types.sql,1172,2104312,revenant,5.5,0.9,1,0,1,10,60,4200,0,22,30,34,0,0,1,1,1,1,1,1,40,1,1,1,1,1,1,1,1,0.75,0.75,1,1,1,1,5026,2,0,0,0,elemenRangedAttack;elemenAutoAttackMode,supplied-values; not retail measurements
39412,server_battlenpc_mob_types.sql,1174,2104205,sea_hare,4,0,0,0,1,10,60,4200,0,2,35,39,0,0,1,1,1,1,1,1,40,1,1,1,1,1,1,1,1,1,1,1.25,0.75,0.75,5,5053,0,0,0,0,elemenRangedAttack;elemenAutoAttackMode,supplied-values; not retail measurements
39413,server_battlenpc_mob_types.sql,1176,2100104,sea_puk,4,0,0,0,1,10,60,4200,0,8,25,29,0,0,1,1,1,1,1,1,40,1,1,1,1,1,1,1,1,1.25,0.75,1,1,1,2,5047,0,1019,0,0,elemenRangedAttack;elemenAutoAttackMode,supplied-values; not retail measurements
39414,server_battlenpc_mob_types.sql,1178,2101903,skeleton_swordbearer,6,0,1,0,1,10,60,4200,0,3,29,30,0,0,1,1,1,1,1,1,40,1,1,1,1,1,1,1,1,0.75,0.75,1,1,1,1,5061,0,0,0,0,elemenRangedAttack;elemenAutoAttackMode,supplied-values; not retail measurements
39415,server_battlenpc_mob_types.sql,1180,2105101,water_elemental,6,0,1,0,1,10,60,4200,0,23,30,30,0,0,1,1,1,1,1,1,40,1,1,1,1,1,1,1,1,1,1,1,1,1,0,5021,0,0,0,0,elemenRangedAttack;elemenAutoAttackMode,supplied-values; not retail measurements
39416,server_battlenpc_mob_types.sql,1182,2105405,anemone,4.5,0.8,1,0,4,10,60,4200,0,2,45,49,0,0,1,1,1,1,1,1,40,1,1,1,1,1,1,1,1,1,1,1.25,0.75,0.75,5,5036,0,1272,0,0,elemenRangedAttack;elemenAutoAttackMode,supplied-values; not retail measurements
39417,server_battlenpc_mob_types.sql,1184,2104506,bigmouth_orobon,4,0,1,0,1,10,60,4200,0,2,40,44,0,0,1,1,1,1,1,1,40,1,1,1,1,1,1,1,1,1,1,1.25,0.75,0.75,5,5044,0,0,0,0,elemenRangedAttack;elemenAutoAttackMode,supplied-values; not retail measurements
39418,server_battlenpc_mob_types.sql,1186,2101309,blind_eft,4.5,0,1,0,4,10,60,4200,0,8,40,44,0,0,1,1,1,1,1,1,40,1,1,1,1,1,1,1,1,1,1,1.25,0.75,0.75,5,5051,0,0,0,0,elemenRangedAttack;elemenAutoAttackMode,supplied-values; not retail measurements
39419,server_battlenpc_mob_types.sql,1188,2101701,floating_eye,6,0.9,1,0,1,10,60,4200,0,22,40,44,0,0,1,1,1,1,1,1,40,1,1,1,1,1,1,1,1,1,1,0.75,0.75,1.25,3,5001,0,1186,0,0,elemenRangedAttack;elemenAutoAttackMode,supplied-values; not retail measurements
39420,server_battlenpc_mob_types.sql,1190,2100604,gall_gnat,5,0.9,1,0,2,10,60,4200,0,2,48,49,0,0,1,1,1,1,1,1,40,1,1,1,1,1,1,1,1,1,1,0.75,1.25,0.75,4,5028,0,0,0,0,elemenRangedAttack;elemenAutoAttackMode,supplied-values; not retail measurements
39421,server_battlenpc_mob_types.sql,1192,2105709,hedgemole,5,0,0,0,4,10,60,4200,0,2,46,49,0,0,1,1,1,1,1,1,40,1,1,1,1,1,1,1,1,1,1,0.75,0.75,1.25,3,5039,0,0,0,0,elemenRangedAttack;elemenAutoAttackMode,supplied-values; not retail measurements
39422,server_battlenpc_mob_types.sql,1194,2103907,maidenbug,4,0,0,0,4,15,60,4200,0,2,28,30,0,0,1,1,1,1,1,1,40,1,1,1,1,1,1,1,0.75,0.75,1.25,1,1,1,0,5008,0,0,0,0,,supplied-values; not retail measurements
39423,server_battlenpc_mob_types.sql,1196,2180202,mistbeard_buccaneer,6,0,1,0,1,10,60,4200,0,3,45,49,0,0,1,1,1,1,1,1,40,1,1,1,1,1,1,1,1,1,1,1,1,1,0,91,0,0,0,0,elemenRangedAttack;elemenAutoAttackMode,supplied-values; not retail measurements
39424,server_battlenpc_mob_types.sql,1198,2103401,plain_pudding,5,0,1,0,4,10,60,4200,0,22,40,44,0,0,1,1,1,1,1,1,40,1,1,1,1,1,1,1,1,1,1,1,1,1,5,5022,0,1188,0,0,elemenRangedAttack;elemenAutoAttackMode,supplied-values; not retail measurements
39425,server_battlenpc_mob_types.sql,1200,2106303,qiqirn_poacher,6,0,0,0,1,10,60,4200,0,2,45,49,0,0,1,1,1,1,1,1,40,1,1,1,1,1,1,1,1,1,1,0.75,0.75,1.25,3,5048,0,0,0,0,elemenRangedAttack;elemenAutoAttackMode,supplied-values; not retail measurements
39426,server_battlenpc_mob_types.sql,1202,2104312,revenant,5.5,0.9,1,0,1,10,60,4200,0,22,35,39,0,0,1,1,1,1,1,1,40,1,1,1,1,1,1,1,1,0.75,0.75,1,1,1,1,5026,2,0,0,0,elemenRangedAttack;elemenAutoAttackMode,supplied-values; not retail measurements
39427,server_battlenpc_mob_types.sql,1204,2107604,rock_crab,5,0,0,0,4,10,60,4200,0,3,40,44,0,0,1,1,1,1,1,1,40,1,1,1,1,1,1,1,1,1,1,1.25,0.75,0.75,5,5038,0,0,0,0,elemenRangedAttack;elemenAutoAttackMode,supplied-values; not retail measurements
39428,server_battlenpc_mob_types.sql,1206,2101801,rotting_corpse,6,0,1,0,1,10,60,4200,0,8,45,48,0,0,1,1,1,1,1,1,40,1,1,1,1,1,1,1,1,1,1,1,1,1,0,88,0,0,0,0,elemenRangedAttack;elemenAutoAttackMode,supplied-values; not retail measurements
39429,server_battlenpc_mob_types.sql,1208,2104107,screaming_kalong,5,1.0,1,0,4,10,60,4200,0,8,40,44,0,0,1,1,1,1,1,1,40,1,1,1,1,1,1,1,1,1.25,0.75,1,1,1,2,5007,0,0,0,0,elemenRangedAttack;elemenAutoAttackMode,supplied-values; not retail measurements
39430,server_battlenpc_mob_types.sql,1210,2104205,sea_hare,4,0,0,0,1,10,60,4200,0,2,40,44,0,0,1,1,1,1,1,1,40,1,1,1,1,1,1,1,1,1,1,1.25,0.75,0.75,5,5053,0,0,0,0,elemenRangedAttack;elemenAutoAttackMode,supplied-values; not retail measurements
39431,server_battlenpc_mob_types.sql,1212,2101603,smoke_bomb,6,0.8,1,0,1,10,60,4200,0,22,40,44,0,0,1,1,1,1,1,1,40,1,1,1,1,1,1,1,0.75,0.75,1.25,1,1,1,0,5010,0,0,0,0,elemenRangedAttack;elemenAutoAttackMode,supplied-values; not retail measurements
39433,server_battlenpc_mob_types.sql,1216,2101905,wight_warrior,6,0,1,0,4,10,60,4200,0,3,45,49,0,0,1,1,1,1,1,1,40,1,1,1,1,1,1,1,1,0.75,0.75,1,1,1,1,5061,0,1130,0,0,elemenRangedAttack;elemenAutoAttackMode,supplied-values; not retail measurements
39434,server_battlenpc_mob_types.sql,1218,2101406,wild_jackal,6,0,1,0,2,10,60,4200,0,2,45,48,0,0,1,1,1,1,1,1,40,1,1,1,1,1,1,1,1,1,1,0.75,1.25,0.75,4,5062,0,1267,0,0,elemenRangedAttack;elemenAutoAttackMode,supplied-values; not retail measurements
39435,server_battlenpc_mob_types.sql,1220,2105505,yarzon_scavenger,5,0,1,0,4,10,60,4200,0,8,40,44,0,0,1,1,1,1,1,1,40,1,1,1,1,1,1,1,1,0.75,0.75,1,1,1,1,5063,0,1018,0,0,elemenRangedAttack;elemenAutoAttackMode,supplied-values; not retail measurements
39500,server_battlenpc_mob_types.sql,1227,2100305,antelope_stag,5,0,1,0,1,10,60,4200,0,2,45,54,0,0,1,1,1,1,1,1,40,1,1,1,1,1,1,1,1,1,1,0.75,0.75,1.25,3,5003,0,1370,0,0,,supplied-values; not retail measurements
39501,server_battlenpc_mob_types.sql,1229,2100405,hippogryph_pup,5,0,1,0,2,10,60,4200,0,4,60,64,0,0,1,1,1,1,1,1,40,1,1,1,1,1,1,1,1,1,1,0.75,1.25,0.75,4,5032,0,0,1,0,,supplied-values; not retail measurements
39502,server_battlenpc_mob_types.sql,1231,2100407,hippogryph,5,0,1,0,2,10,60,4200,0,4,70,74,0,0,1,1,1,1,1,1,40,1,1,1,1,1,1,1,1,1,1,0.75,1.25,0.75,4,5032,0,1037,1,0,,supplied-values; not retail measurements
39503,server_battlenpc_mob_types.sql,1233,2102204,inferno_drake,6,0,1,0,4,10,60,4200,0,8,75,79,0,0,1,1,1,1,1,1,40,1,1,1,1,1,1,1,0.75,0.75,1.25,1,1,1,0,5020,0,1338,1,0,,supplied-values; not retail measurements
39504,server_battlenpc_mob_types.sql,1235,2100713,maned_wyrmhound,5.5,0,1,0,1,10,60,4200,0,4,75,79,0,0,1,1,1,1,1,1,40,1,1,1,1,1,1,1,0.75,0.75,1.25,1,1,1,0,5006,0,0,0,0,,supplied-values; not retail measurements
39505,server_battlenpc_mob_types.sql,1237,2101608,puroboros,6,0.8,1,0,1,10,60,4200,0,22,75,79,0,0,1,1,1,1,1,1,40,1,1,1,1,1,1,1,0.75,0.75,1.25,1,1,1,0,5010,0,0,0,0,,supplied-values; not retail measurements
39506,server_battlenpc_mob_types.sql,1239,2100607,redwing_ked,5,0.9,1,0,2,15,60,4200,0,2,65,74,0,0,1,1,1,1,1,1,40,1,1,1,1,1,1,1,1,1,1,0.75,1.25,0.75,4,5028,0,1176,1,0,,supplied-values; not retail measurements
39507,server_battlenpc_mob_types.sql,1241,2104108,scarred_kalong,5,1.0,1,0,4,10,60,4200,0,8,45,49,0,0,1,1,1,1,1,1,40,1,1,1,1,1,1,1,1,1.25,0.75,1,1,1,2,5007,0,1195,0,0,,supplied-values; not retail measurements
39508,server_battlenpc_mob_types.sql,1243,2104402,snurble,4,0,0,0,1,10,60,4200,0,2,60,64,0,0,1,1,1,1,1,1,40,1,1,1,1,1,1,1,1,1,1,0.75,1.25,0.75,4,5045,0,1242,1,0,,supplied-values; not retail measurements
39509,server_battlenpc_mob_types.sql,1245,2103102,toxic_toad,5.5,0,1,0,1,10,60,4200,0,2,45,54,0,0,1,1,1,1,1,1,40,1,1,1,1,1,1,1,1,1,1,1.25,0.75,0.75,5,5027,0,1263,1,0,,supplied-values; not retail measurements
39600,server_battlenpc_mob_types.sql,1251,2106459,headsmans_axe,6,0,1,0,1,10,300,4200,0,4,56,56,0,0,1,1,1,1,1,1,40,1,1,1,1,1,1,1,1,1.25,0.75,1,1,1,2,5035,0,39600,1,0,elemenAutoAttackMode,supplied-values; not retail measurements
39601,server_battlenpc_mob_types.sql,1253,2106465,natalan_sentry_gladiator,6,0,1,0,1,10,60,4200,0,3,52,52,0,0,1,1,1,1,1,1,40,1,1,1,1,1,1,1,1,1.25,0.75,1,1,1,2,5035,0,39601,1,0,elemenAutoAttackMode,supplied-values; not retail measurements
39602,server_battlenpc_mob_types.sql,1255,2106458,natalan_sentry_marauder,6,0,1,0,1,10,60,4200,0,4,53,53,0,0,1,1,1,1,1,1,40,1,1,1,1,1,1,1,1,1.25,0.75,1,1,1,2,5035,0,39602,1,0,elemenAutoAttackMode,supplied-values; not retail measurements
39603,server_battlenpc_mob_types.sql,1257,2106451,natalan_sentry_lancer,6,0,1,0,1,10,60,4200,0,8,59,59,0,0,1,1,1,1,1,1,40,1,1,1,1,1,1,1,1,1.25,0.75,1,1,1,2,5035,0,39603,1,0,elemenAutoAttackMode,supplied-values; not retail measurements
39604,server_battlenpc_mob_types.sql,1259,2106472,natalan_sentry_conjurer,6,0,1,0,1,10,60,4200,0,23,59,59,0,0,1,1,1,1,1,1,40,1,1,1,1,1,1,1,1,1.25,0.75,1,1,1,2,5035,4,39604,1,0,elemenAutoAttackMode,supplied-values; not retail measurements
39605,server_battlenpc_mob_types.sql,1261,2101422,scarred_watchwolf,6,0,1,0,2,10,60,4200,0,2,59,59,0,0,1,1,1,1,1,1,40,1,1,1,1,1,1,1,1,1,1,0.75,1.25,0.75,4,5062,0,39605,0,0,elemenAutoAttackMode,supplied-values; not retail measurements
39606,server_battlenpc_mob_types.sql,1263,2106447,natalan_pikecarver,6,0,1,0,1,10,60,4200,0,8,50,56,0,0,1,1,1,1,1,1,40,1,1,1,1,1,1,1,1,1.25,0.75,1,1,1,2,5035,0,39606,1,0,elemenAutoAttackMode,supplied-values; not retail measurements
39607,server_battlenpc_mob_types.sql,1265,2106453,natalan_logsplitter,6,0,1,0,1,10,60,4200,0,4,50,56,0,0,1,1,1,1,1,1,40,1,1,1,1,1,1,1,1,1.25,0.75,1,1,1,2,5035,0,39607,1,0,elemenAutoAttackMode,supplied-values; not retail measurements
39608,server_battlenpc_mob_types.sql,1267,2106460,natalan_wolftamer,6,0,1,0,1,10,60,4200,0,3,50,56,0,0,1,1,1,1,1,1,40,1,1,1,1,1,1,1,1,1.25,0.75,1,1,1,2,5035,0,39608,1,0,elemenAutoAttackMode,supplied-values; not retail measurements
39609,server_battlenpc_mob_types.sql,1269,2106467,natalan_boneknitter,6,0,1,0,1,10,60,4200,0,23,50,56,0,0,1,1,1,1,1,1,40,1,1,1,1,1,1,1,1,1.25,0.75,1,1,1,2,5035,4,39609,1,0,elemenAutoAttackMode,supplied-values; not retail measurements
39610,server_battlenpc_mob_types.sql,1271,2101418,watchwolf,6,0,1,0,2,10,60,4200,0,2,50,55,0,0,1,1,1,1,1,1,40,1,1,1,1,1,1,1,1,1,1,0.75,1.25,0.75,4,5062,0,39610,0,0,elemenAutoAttackMode,supplied-values; not retail measurements
39611,server_battlenpc_mob_types.sql,1273,2106463,natalan_gatekeeper_gladiator,6,0,1,0,1,10,60,4200,0,3,52,56,0,0,1,1,1,1,1,1,40,1,1,1,1,1,1,1,1,1.25,0.75,1,1,1,2,5035,0,39611,1,0,elemenAutoAttackMode,supplied-values; not retail measurements
39612,server_battlenpc_mob_types.sql,1275,2106455,natalan_gatekeeper_marauder,6,0,1,0,1,10,60,4200,0,4,52,56,0,0,1,1,1,1,1,1,40,1,1,1,1,1,1,1,1,1.25,0.75,1,1,1,2,5035,0,39612,1,0,elemenAutoAttackMode,supplied-values; not retail measurements
39613,server_battlenpc_mob_types.sql,1277,2106449,natalan_gatekeeper_lancer,6,0,1,0,1,10,60,4200,0,8,52,56,0,0,1,1,1,1,1,1,40,1,1,1,1,1,1,1,1,1.25,0.75,1,1,1,2,5035,0,39613,1,0,elemenAutoAttackMode,supplied-values; not retail measurements
39614,server_battlenpc_mob_types.sql,1279,2106470,natalan_gatekeeper_conjurer,6,0,1,0,1,10,60,4200,0,23,52,56,0,0,1,1,1,1,1,1,40,1,1,1,1,1,1,1,1,1.25,0.75,1,1,1,2,5035,4,39614,1,0,elemenAutoAttackMode,supplied-values; not retail measurements
39700,server_battlenpc_mob_types.sql,1286,2180009,imperial_secutor,6,0,1,0,1,10,60,4200,0,2,55,55,0,0,1,1,1,1,1,1,40,1,1,1,1,1,1,1,1,1,1,1,1,1,0,86,0,39700,0,0,elemenAutoAttackMode,supplied-values; not retail measurements
39701,server_battlenpc_mob_types.sql,1288,2180011,imperial_hoplomachus,6,0,1,0,1,10,60,4200,0,3,55,55,0,0,1,1,1,1,1,1,40,1,1,1,1,1,1,1,1,1,1,1,1,1,0,91,0,39701,0,0,elemenAutoAttackMode,supplied-values; not retail measurements
39702,server_battlenpc_mob_types.sql,1290,2180013,imperial_laquearius,6,0,1,0,1,10,60,4200,0,4,55,55,0,0,1,1,1,1,1,1,40,1,1,1,1,1,1,1,1,1,1,1,1,1,0,90,0,39702,0,0,elemenAutoAttackMode,supplied-values; not retail measurements
39703,server_battlenpc_mob_types.sql,1292,2180015,imperial_eques,6,0,1,0,1,10,60,4200,0,8,55,55,0,0,1,1,1,1,1,1,40,1,1,1,1,1,1,1,1,1,1,1,1,1,0,88,0,39703,0,0,elemenAutoAttackMode,supplied-values; not retail measurements
39704,server_battlenpc_mob_types.sql,1294,2180017,imperial_sagittarius,6,0,1,0,1,10,60,4200,0,7,55,55,0,0,1,1,1,1,1,1,40,1,1,1,1,1,1,1,1,1,1,1,1,1,0,87,0,39704,1,0,elemenAutoAttackMode,supplied-values; not retail measurements
39705,server_battlenpc_mob_types.sql,1296,2180019,imperial_medicus,6,0,1,0,1,10,60,4200,0,23,55,55,0,0,1,1,1,1,1,1,40,1,1,1,1,1,1,1,1,1,1,1,1,1,0,85,4,39705,0,0,elemenAutoAttackMode,supplied-values; not retail measurements
39706,server_battlenpc_mob_types.sql,1298,2180021,imperial_signifer,6,0,1,0,1,10,60,4200,0,22,55,55,0,0,1,1,1,1,1,1,40,1,1,1,1,1,1,1,1,1,1,1,1,1,0,89,2,39706,0,0,elemenAutoAttackMode,supplied-values; not retail measurements
39707,server_battlenpc_mob_types.sql,1300,2180010,elite_secutor,6,0,1,0,1,10,60,4200,0,2,56,56,0,0,1,1,1,1,1,1,40,1,1,1,1,1,1,1,1,1,1,1,1,1,0,86,0,39707,0,0,elemenAutoAttackMode,supplied-values; not retail measurements
39708,server_battlenpc_mob_types.sql,1302,2180012,elite_hoplomachus,6,0,1,0,1,10,60,4200,0,3,56,56,0,0,1,1,1,1,1,1,40,1,1,1,1,1,1,1,1,1,1,1,1,1,0,91,0,39708,0,0,elemenAutoAttackMode,supplied-values; not retail measurements
39709,server_battlenpc_mob_types.sql,1304,2180014,elite_laquearius,6,0,1,0,1,10,60,4200,0,4,56,56,0,0,1,1,1,1,1,1,40,1,1,1,1,1,1,1,1,1,1,1,1,1,0,90,0,39709,0,0,elemenAutoAttackMode,supplied-values; not retail measurements
39710,server_battlenpc_mob_types.sql,1306,2180016,elite_eques,6,0,1,0,1,10,60,4200,0,8,56,56,0,0,1,1,1,1,1,1,40,1,1,1,1,1,1,1,1,1,1,1,1,1,0,88,0,39710,0,0,elemenAutoAttackMode,supplied-values; not retail measurements
39711,server_battlenpc_mob_types.sql,1308,2180018,elite_sagittarius,6,0,1,0,1,10,60,4200,0,7,56,56,0,0,1,1,1,1,1,1,40,1,1,1,1,1,1,1,1,1,1,1,1,1,0,87,0,39711,1,0,elemenAutoAttackMode,supplied-values; not retail measurements
39712,server_battlenpc_mob_types.sql,1310,2180020,elite_medicus,6,0,1,0,1,10,60,4200,0,23,56,56,0,0,1,1,1,1,1,1,40,1,1,1,1,1,1,1,1,1,1,1,1,1,0,85,4,39712,0,0,elemenAutoAttackMode,supplied-values; not retail measurements
39713,server_battlenpc_mob_types.sql,1312,2180022,elite_signifer,6,0,1,0,1,10,60,4200,0,22,56,56,0,0,1,1,1,1,1,1,40,1,1,1,1,1,1,1,1,1,1,1,1,1,0,89,2,39713,0,0,elemenAutoAttackMode,supplied-values; not retail measurements
39714,server_battlenpc_mob_types.sql,1314,2101429,imperial_war_hound,6,0,1,0,2,10,60,4200,0,2,54,55,0,0,1,1,1,1,1,1,40,1,1,1,1,1,1,1,1,1,1,0.75,1.25,0.75,4,5062,0,39714,0,0,elemenAutoAttackMode,supplied-values; not retail measurements
39715,server_battlenpc_mob_types.sql,1316,2107003,viith_legion_centurion,6,0,1,0,1,10,60,4200,0,3,57,57,0,0,1,1,1,1,1,1,40,1,1,1,1,1,1,1,1,1,1,1,1,1,0,91,0,39715,0,0,elemenAutoAttackMode,supplied-values; not retail measurements
39716,server_battlenpc_mob_types.sql,1318,2109001,magitek_vanguard,5,0,1,0,1,10,60,4200,0,3,58,58,0,0,1,1,1,1,1,1,40,1,1,1,1,1,1,1,1,1,1,1,1,1,0,5059,0,39716,0,0,elemenAutoAttackMode,supplied-values; not retail measurements
39717,server_battlenpc_mob_types.sql,1320,2109002,magitek_vanguard_h_i,5,0,1,1,1,10,300,4200,0,3,61,61,20000,0,1,1,1,1,1,1,40,1,1,1,1,1,1,1,1,1,1,1,1,1,0,5059,0,39717,0,0,elemenAutoAttackMode,supplied-values; not retail measurements
39718,server_battlenpc_mob_types.sql,1322,2109004,magitek_vanguard_h_i,5,0,1,1,1,10,300,4200,0,3,62,62,24000,0,1,1,1,1,1,1,40,1,1,1,1,1,1,1,1,1,1,1,1,1,0,5059,0,39718,0,0,elemenAutoAttackMode,supplied-values; not retail measurements
39719,server_battlenpc_mob_types.sql,1324,2109005,magitek_vanguard_h_i,5,0,1,1,1,10,300,4200,0,3,63,63,30000,0,1,1,1,1,1,1,40,1,1,1,1,1,1,1,1,1,1,1,1,1,0,5059,0,39719,0,0,elemenAutoAttackMode,supplied-values; not retail measurements
39800,server_battlenpc_mob_types.sql,1358,2102220,battle_drake,6,0,1,0,1,10,60,4200,0,8,52,57,0,0,1,1,1,1,1,1,40,1,1,1,1,1,1,1,0.75,0.75,1.25,1,1,1,0,5020,0,39800,1,0,elemenAutoAttackMode,supplied-values; not retail measurements
39801,server_battlenpc_mob_types.sql,1360,2162053,zaharak_chandler,6,0,1,0,1,10,60,4200,0,22,50,54,0,0,1,1,1,1,1,1,40,1,1,1,1,1,1,1,1,1,1,1,1,1,0,89,2,39801,0,0,elemenAutoAttackMode,supplied-values; not retail measurements
39802,server_battlenpc_mob_types.sql,1362,2162046,zaharak_drubber,6,0,1,0,1,10,60,4200,0,2,50,53,0,0,1,1,1,1,1,1,40,1,1,1,1,1,1,1,1,1,1,1,1,1,0,86,0,39802,0,0,elemenAutoAttackMode,supplied-values; not retail measurements
39803,server_battlenpc_mob_types.sql,1364,2162039,zaharak_halberdier,6,0,1,0,1,10,60,4200,0,8,54,57,0,0,1,1,1,1,1,1,40,1,1,1,1,1,1,1,1,1,1,1,1,1,0,88,0,39803,0,0,elemenAutoAttackMode,supplied-values; not retail measurements
39804,server_battlenpc_mob_types.sql,1366,2162056,zaharak_illuminator,6,0,1,0,1,10,60,4200,0,22,55,55,0,0,1,1,1,1,1,1,40,1,1,1,1,1,1,1,1,1,1,1,1,1,0,89,2,39804,0,0,elemenAutoAttackMode,supplied-values; not retail measurements
39805,server_battlenpc_mob_types.sql,1368,2162058,zaharak_ostiary,6,0,1,0,1,10,60,4200,0,22,55,57,0,0,1,1,1,1,1,1,40,1,1,1,1,1,1,1,1,1,1,1,1,1,0,89,2,39805,0,0,elemenAutoAttackMode,supplied-values; not retail measurements
39806,server_battlenpc_mob_types.sql,1370,2162034,zaharak_sniper,6,0,1,0,1,10,60,4200,0,7,52,55,0,0,1,1,1,1,1,1,40,1,1,1,1,1,1,1,1,1,1,1,1,1,0,87,0,39806,1,0,elemenAutoAttackMode,supplied-values; not retail measurements
39807,server_battlenpc_mob_types.sql,1372,2162052,zaharak_feretrar,6,0,1,0,1,10,60,4200,0,22,55,55,0,0,1,1,1,1,1,1,40,1,1,1,1,1,1,1,1,1,1,1,1,1,0,89,2,39807,0,0,elemenAutoAttackMode,supplied-values; not retail measurements
39808,server_battlenpc_mob_types.sql,1374,2162054,zaharak_scriniary,6,0,1,0,1,10,60,4200,0,22,55,55,0,0,1,1,1,1,1,1,40,1,1,1,1,1,1,1,1,1,1,1,1,1,0,89,2,39808,0,0,elemenAutoAttackMode,supplied-values; not retail measurements
39809,server_battlenpc_mob_types.sql,1376,2102221,ranigoh,6,0,1,1,1,10,300,4200,0,8,56,56,14000,0,1,1,1,1,1,1,40,1,1,1,1,1,1,1,0.75,0.75,1.25,1,1,1,0,5020,0,39809,1,0,elemenAutoAttackMode,supplied-values; not retail measurements
39810,server_battlenpc_mob_types.sql,1378,2162045,burned_brother,6,0,1,0,1,10,60,4200,0,8,55,55,0,0,1,1,1,1,1,1,40,1,1,1,1,1,1,1,1,1,1,1,1,1,1,88,0,39810,0,0,elemenAutoAttackMode,supplied-values; not retail measurements
39900,server_battlenpc_mob_types.sql,1330,2101703,evil_eye,6,1.2,1,0,1,10,60,4200,0,22,50,59,0,0,1,1,1,1,1,1,40,1,1,1,1,1,1,1,1,1,1,0.75,0.75,1.25,3,5001,2,0,1,0,,supplied-values; not retail measurements
39901,server_battlenpc_mob_types.sql,1332,2104109,hunter_kalong,5,1.0,1,0,4,10,60,4200,0,8,50,54,0,0,1,1,1,1,1,1,40,1,1,1,1,1,1,1,1,1.25,0.75,1,1,1,2,5007,0,39901,0,0,,supplied-values; not retail measurements
39902,server_battlenpc_mob_types.sql,1334,2101108,widowmaker,5,0,1,0,4,10,60,4200,0,8,75,79,0,0,1,1,1,1,1,1,40,1,1,1,1,1,1,1,1,1,1,0.75,0.75,1.25,3,5018,0,0,1,0,,supplied-values; not retail measurements
39903,server_battlenpc_mob_types.sql,1336,2100105,saltspray_pteroc,4,0,0,0,1,10,60,4200,0,8,25,34,0,0,1,1,1,1,1,1,40,1,1,1,1,1,1,1,1,1.25,0.75,1,1,1,2,5047,0,0,0,0,,supplied-values; not retail measurements
39904,server_battlenpc_mob_types.sql,1338,2101807,fallen_captain,6,0,1,0,4,10,60,4200,0,8,75,79,0,0,1,1,1,1,1,1,40,1,1,1,1,1,1,1,1,0.75,0.75,1,1,1,1,5061,0,39904,0,0,,supplied-values; not retail measurements
39905,server_battlenpc_mob_types.sql,1340,2101608,puroboros,6,0.8,1,0,1,10,60,4200,0,22,75,79,0,0,1,1,1,1,1,1,40,1,1,1,1,1,1,1,0.75,0.75,1.25,1,1,1,0,5010,0,0,0,0,,supplied-values; not retail measurements
39906,server_battlenpc_mob_types.sql,1342,2106304,qiqirn_scrambler,6,0,0,0,1,10,60,4200,0,2,50,54,0,0,1,1,1,1,1,1,40,1,1,1,1,1,1,1,1,1,1,0.75,0.75,1.25,3,5048,0,0,0,0,,supplied-values; not retail measurements
39907,server_battlenpc_mob_types.sql,1344,2101429,imperial_war_hound,6,0,1,0,2,10,60,4200,0,2,54,54,0,0,1,1,1,1,1,1,40,1,1,1,1,1,1,1,1,1,1,0.75,1.25,0.75,4,5062,0,39907,0,0,,supplied-values; not retail measurements
39908,server_battlenpc_mob_types.sql,1346,2180037,viith_legion_secutor,6,0,1,0,1,10,60,4200,0,2,54,54,0,0,1,1,1,1,1,1,40,1,1,1,1,1,1,1,1,1,1,1,1,1,0,86,0,0,0,0,,supplied-values; not retail measurements
39909,server_battlenpc_mob_types.sql,1348,2280053,viith_legion_laquearius,6,0,1,0,1,10,60,4200,0,4,54,54,0,0,1,1,1,1,1,1,40,1,1,1,1,1,1,1,1,1,1,1,1,1,0,90,0,0,0,0,,supplied-values; not retail measurements
39910,server_battlenpc_mob_types.sql,1350,2280056,viith_legion_medicus,6,0,1,0,1,10,60,4200,0,23,54,54,0,0,1,1,1,1,1,1,40,1,1,1,1,1,1,1,1,1,1,1,1,1,0,85,4,0,0,0,,supplied-values; not retail measurements
39911,server_battlenpc_mob_types.sql,1352,2280057,viith_legion_signifer,6,0,1,0,1,10,60,4200,0,22,54,54,0,0,1,1,1,1,1,1,40,1,1,1,1,1,1,1,1,1,1,1,1,1,0,89,2,0,0,0,,supplied-values; not retail measurements
