mob_name,zone,map_coords,event_or_quest,level_range,drops,behavior_flags,source
Aetherbound Slave,Locke's Lie,,Skirmish,55,,A,ge-mob-pages
Ahriman,Upper La Noscea,,,,,A,ge-mob-pages
Ahriman,Southern Thanalan,,,,,A,ge-mob-pages
Akoman,Locke's Lie,,Skirmish,55,,A,ge-mob-pages
Akoman's Daewa,Locke's Lie,,Skirmish,55,,A,ge-mob-pages
Ala Mhigan Axeman,Mor Dhona,11-16,Return of the King...of Ruin,53,,A,ge-mob-pages
Ala Mhigan Bladedancer,Ul'dah,5-5,Thrill of the Fight,36,,A,ge-mob-pages
Ala Mhigan Bowman,Mor Dhona,11-16,Return of the King...of Ruin,53,,A,ge-mob-pages
Ala Mhigan Challenger,Ul'dah,5-5,All Bark and No Bite,20,,A,ge-mob-pages
Ala Mhigan Challenger,Ul'dah,5-5,Thrill of the Fight,36,,A,ge-mob-pages
Ala Mhigan Pikeman,Mor Dhona,11-16,Return of the King...of Ruin,53,,A,ge-mob-pages
Ala Mhigan Shaman,Mor Dhona,11-16,Return of the King...of Ruin,53,,A,ge-mob-pages
Alchemist's Tinder,U'Ghamaro Mines,6-5,,50,,A,ge-mob-pages
Aldgoat Billy,Lower La Noscea,,,21-24,"{{Drops|Name=Aldgoat Skin||}}, {{Drops|Name=Aldgoat Chuck||}}, {{Drops|Name=Straw||}}, {{Drops|Name=Salt Leek||}}",P,ge-mob-pages
Aldgoat Billy,Eastern La Noscea,"38-20, 37-17",,30 - 34,"{{Drops|Name=Aldgoat Skin||}}, {{Drops|Name=Aldgoat Chuck||}}, {{Drops|Name=Straw||}}, {{Drops|Name=Salt Leek||}}",P,ge-mob-pages
Aldgoat Billy,Western Thanalan,,,20-33,"{{Drops|Name=Aldgoat Skin||}}, {{Drops|Name=Aldgoat Chuck||}}, {{Drops|Name=Straw||}}, {{Drops|Name=Thanalan Tea Leaves||}}, {{Drops|Name=Sagolii Sage||}}",P,ge-mob-pages
Aldgoat Nanny,Lower La Noscea,,,,"{{Drops|Name=Aldgoat Chuck||}}, {{Drops|Name=Aldgoat Skin||}}, {{Drops|Name=Aldgoat Milk||}}, {{Drops|Name=Cieldalaes Spinach||}}, {{Drops|Name=Sagolii Sage||}}",P,ge-mob-pages
Aldgoat Nanny,Western Thanalan,,,20-29,"{{Drops|Name=Aldgoat Chuck||}}, {{Drops|Name=Aldgoat Skin||}}, {{Drops|Name=Aldgoat Milk||}}, {{Drops|Name=Cieldalaes Spinach||}}, {{Drops|Name=Sagolii Sage||}}",P,ge-mob-pages
Aldgoat Nanny,Western La Noscea,12-21,,17 - 19,"{{Drops|Name=Aldgoat Chuck||}}, {{Drops|Name=Aldgoat Skin||}}, {{Drops|Name=Aldgoat Milk||}}, {{Drops|Name=Cieldalaes Spinach||}}, {{Drops|Name=Sagolii Sage||}}",P,ge-mob-pages
Aldgoat Nanny,Eastern La Noscea,"35-14, 35-21, 34-26, 35-25, 37-25, 36-22, 36-21, 35-18, 34-18, 33-18, 38-17",,17 - 24,"{{Drops|Name=Aldgoat Chuck||}}, {{Drops|Name=Aldgoat Skin||}}, {{Drops|Name=Aldgoat Milk||}}, {{Drops|Name=Cieldalaes Spinach||}}, {{Drops|Name=Sagolii Sage||}}",P,ge-mob-pages
All-seeing Eye,The Dzemael Darkhold,,,N/A,,P,ge-mob-pages
Alpgrot Orobon,The Dzemael Darkhold,,,52,{{Drops|Name=Orobon Liver|Link=|0|0}},A,ge-mob-pages
Alpha Coywolf,Central Shroud,,Dendrological Duties,,,A,ge-mob-pages
Alpha Eft,North Shroud,,Caravan Security (Treespeak),50,{{Drops|Name=Eft Tail|Link=|0|0}},A,ge-mob-pages
Alpha Gnat,Western Thanalan,Horizon's Edge,Caravan Security (Horizon's Edge),30,"{{Drops|Name=Bone Chip|Link=|0|0}}, {{Drops|Name=Rat Tail |Link=|0|0}}",A,ge-mob-pages
Alpha Miteling,Eastern Thanalan,,Caravan Security (Drybone),50,{{Drops|Name=Diremite Web|Link=|0|0}},A,ge-mob-pages
Alpha Roseling,South Shroud,Tranquil Paths,Caravan Security (Tranquil Paths),30,{{Drops|Name=Cotton Boll|Link=|1|3}},A,ge-mob-pages
Alpha Toad,Western La Noscea,Skull Valley,Caravan Security (Skull Valley),50,{{Drops|Name=Gigantoad Skin|Link=|0|0}},A,ge-mob-pages
Alux,The Mun-Tuy Cellars,5-5,,42,"{{Drops|Name=Black Pepper |3|16}}, {{Drops|Name=Chocobo Feather |2|16}}, {{Drops|Name=Imp Wing |6|16}}, {{Drops|Name=Kple Kple |7|24}}, {{Drops|Name=Leather Crakows |4|24}}, {{Drops|Name=Boarskin Crakows |1|9}}, {{Drops|Name=Salt Leek |1|16}}, {{Drops|Name=Steel-plated Jackboots|2|16}}, {{Drops|Name=Wild Onion |2|16}}, {{Drops|Name=Wildfowl Feather |5|24}}, {{Drops|Name=Padded Sheepskin Duckbills |1|8|}}",A,ge-mob-pages
Alvara Sourkiss,East Shroud,,Wanted: Alvara Sourkiss,,,,ge-mob-pages
Amalj'aa Bowyer,Eastern Thanalan,Drybone,Caravan Security (Drybone),42,,A,ge-mob-pages
Amalj'aa Bruiser,Western Thanalan,18-29,,27-29,{{Drops|Name= Bronze Amalj'ok| | }},A,ge-mob-pages
Amalj'aa Chief,The Battle for the Golden Bazaar,38-19,The Battle for the Golden Bazaar,59,,A,ge-mob-pages
Amalj'aa Divinator,Eastern Thanalan,47-27,,47-49,"{{Drops|Name=Buffalo Sirloin|1|1}},{{Drops|Name=Thanalan Tea Leaves|1|1}}",A,ge-mob-pages
Amalj'aa Drubber,Southern Thanalan,"(45,51)",,41+,Bronze Amalj'ok,,ge-mob-pages
Amalj'aa Grappler,Eastern Thanalan,,,,,A,ge-mob-pages
Amalj'aa Grappler,Southern Thanalan,,,,,A,ge-mob-pages
Amalj'aa Grunt,Eastern Thanalan,,,30,,A,ge-mob-pages
Amalj'aa Hunter,Western Thanalan,18-29,,27-29,{{Drops|Name= Bronze Amalj'ok| | }},A,ge-mob-pages
Amalj'aa Inculcator,Southern Thanalan,,Operation: Under Siege,,,,ge-mob-pages
Amalj'aa Javelineer,Western Thanalan,18-29,,27-29,{{Drops|Name= Bronze Amalj'ok| | }},A,ge-mob-pages
Amalj'aa Lancer,The Battle for the Golden Bazaar,38-19,The Battle for the Golden Bazaar,55,,A,ge-mob-pages
Amalj'aa Pugilist,Southern Thanalan,,,36-59,,A,ge-mob-pages
Amalj'aa Pugilist,The Battle for the Golden Bazaar,38-19,The Battle for the Golden Bazaar,55,,A,ge-mob-pages
Amalj'aa Shaman,The Battle for the Golden Bazaar,38-19,The Battle for the Golden Bazaar,55,,A,ge-mob-pages
Amalj'aa Stargazer,Western Thanalan,18-29,,27-29,{{Drops|Name= Bronze Amalj'ok||}},A,ge-mob-pages
Amalj'aa Striker,Eastern Thanalan,47-27,,32-34,"{{Drops|Name= Bronze Amalj'ok |9|19}}, {{Drops|Name= Buffalo Sirloin |4|19}}, {{Drops|Name= Thanalan Tea Leaves |3|19}}, {{Drops|Name= Buffalo Milk |7|19}}, {{Drops|Name= Sagolii Sage |6|19}}",A,ge-mob-pages
Amalj'aa Transfigurator,Southern Thanalan,,Operation: Warm Welcome,,,,ge-mob-pages
Amalj'aa Transfigurator,Southern Thanalan,,Operation: Broken Thunder,,,,ge-mob-pages
Amalj'aa Transfisticator,Southern Thanalan,,Operation: Warm Welcome,,,,ge-mob-pages
Amalj'aa Transfisticator,Southern Thanalan,,Operation: Broken Thunder,,,,ge-mob-pages
Amalj'aa Transfixer,Southern Thanalan,,Operation: Warm Welcome,,,,ge-mob-pages
Amalj'aa Transfixer,Southern Thanalan,,Operation: Broken Thunder,,,,ge-mob-pages
Amalj'aa Trooper,Southern Thanalan,,Operation: Warm Welcome,,,,ge-mob-pages
Amateur Footpad,Western Thanalan,,Securing Horizon's Edge,25,"{{Drops|Name=Buffalo Leather|0|5}}, {{Drops|Name=Tallow Candle|2|5}}",,ge-mob-pages
Amateur Footpad,Eastern La Noscea,,To Catch a Thief,20-32,"{{Drops|Name=Bent Silver Ingot}}, {{Drops|Name=Buffalo Leather}}",,ge-mob-pages
Amateur Highwayman,Eastern La Noscea,,To Catch a Thief,20-32,{{Drops|Name=Bent Silver Ingot}},,ge-mob-pages
Amateur Raider,Western Thanalan,,Securing Horizon's Edge,20-32,"{{Drops|Name=Buffalo Leather|0|5}}, {{Drops|Name=Crow Feather|3|5}}, {{Drops|Name=Tallow Candle|2|5}}",,ge-mob-pages
Amateur Raider,Eastern La Noscea,,To Catch a Thief,20-32,{{Drops|Name=Bent Silver Ingot}},,ge-mob-pages
Anemone,Eastern La Noscea,,,45 - 49,"{{Drops|Name=Jellyfish Umbrella||}},{{Drops|Name=Jellyfish Cnida||}},{{Drops|Name=Sunrise Tellin||}},{{Drops|Name=Blacklip Oyster||}},{{Drops|Name=Uncultured Pearl||}}",A,ge-mob-pages
Anemone,Lower La Noscea,,,50 - 54,"{{Drops|Name=Sunrise Tellin||}},{{Drops|Name=Jellyfish Cnida||}},{{Drops|Name=Jellyfish Umbrella||}},{{Drops|Name=Blacklip Oyster||}},{{Drops|Name=Uncultured Pearl||}}",A,ge-mob-pages
Anemone,Mistbeard Cove,5-5,,45 - 49,"{{Drops|Name=Jellyfish Umbrella|1|6}},{{Drops|Name=Jellyfish Cnida|0|6}},{{Drops|Name=Sunrise Tellin|0|6}},{{Drops|Name=Blacklip Oyster|1|6}},{{Drops|Name=Uncultured Pearl|0|6}}",A,ge-mob-pages
Angler,North Shroud,16-18,,,"{{Drops|Name=Orobon Liver||}},{{Drops|Name=Scallop Shell||}},{{Drops|Name=Miter Shell||}},{{Drops|Name=Hawksbill Shell||}}",A,ge-mob-pages
Angler,Western Thanalan,7-30,,,"{{Drops|Name=Orobon Liver||}},{{Drops|Name=Scallop Shell||}},{{Drops|Name=Miter Shell||}},{{Drops|Name=Hawksbill Shell||}}",A,ge-mob-pages
Ankle Biter,Lower La Noscea,,Treasures of the Main,,,,ge-mob-pages
Anole,South Shroud,,,,,A,ge-mob-pages
Anole,West Shroud,Turning Leaf,,,"{{Drops|Name=Unmarked Keystone|Link=|2|1}}, {{Drops|Name=Raptor Shank|Link=|1|1}}, {{Drops|Name=Raptor Sinew|Link=|1|1}}",A,ge-mob-pages
Anole,East Shroud,,,64,,A,ge-mob-pages
Anole Familiar,Western Thanalan,9-31,Career Opportunities,19,,A,ge-mob-pages
Anole Stalker,North Shroud,,Alone in the Dark,40-52,{{Drops|Name=Raptor Sinew|Link=|2|2}},A,ge-mob-pages
Antares,The Thousand Maws of Toto-Rak,Confession Chamber,,38,,,ge-mob-pages
Antelope Doe,South Shroud,"53-38, 39,49",,20-22,"{{Drops|Name=Antelope Shank||}}, {{Drops|Name=Antelope Sinew||}}, {{Drops|Name=Flax||}}, {{Drops|Name=Midland Basil||}}, {{Drops|Name=Coerthas Carrot||}}, {{Drops|Name=Popoto||}}",P,ge-mob-pages
Antelope Doe,West Shroud,30-24,,,,P,ge-mob-pages
Antelope Doe,Coerthas Eastern Lowlands,51-30,,19,,P,ge-mob-pages
Antelope Stag,Coerthas Central Lowlands,37-47,,,,A,ge-mob-pages
Antelope Stag,Coerthas Central Highlands,32-23,,50-54,"{{Drops|Name=Cotton Boll|Link=|2|2}}, {{Drops|Name=Antelope Sinew|Link=|2|2}}, {{Drops|Name=Antelope Shank|Link=|2|2}}, {{Drops|Name=Coerthas Carrot|Link=|2|2}}",A,ge-mob-pages
Antling Digger,Eastern Thanalan,42-30,,40-46,"{{Drops|Name=Formic Acid|22|54}}, {{Drops|Name=Ogre Pumpkin|11|54}}",A,ge-mob-pages
Antling Digger,Central Thanalan,33-24,,,,A,ge-mob-pages
Antling Digger,Copperbell Mines,3-4,,,"{{Drops|Name=Formic Acid||}}, {{Drops|Name=Drake Scales||}}, {{Drops|Name=Ogre Pumpkin||}}, {{Drops|Name=Biast Scales||}}",A,ge-mob-pages
Antling Digger,Western Thanalan,,,,,A,ge-mob-pages
Antling Forager,Southern Thanalan,,,,,A,ge-mob-pages
Antling Worker,Southern Thanalan,,Netting the Gnats,40-52,,A,ge-mob-pages
Antling Worker,Nanawa Mines,,Antling Invasion,30-42,,A,ge-mob-pages
Antling Worker,Western Thanalan,Horizon's Edge,Pride and Duty (Will Take You from the Mountain),33,,A,ge-mob-pages
Apep,Western Thanalan,10-18,,53,"{{Drops|Name=Basilisk Egg|Link=|2|2}}, {{Drops|Name=Jade|Link=|1|2}}",A,ge-mob-pages
Apkallu,Lower La Noscea,,,,"{{Drops|Name=Apkallu Egg||}},{{Drops|Name=Apkallu Down||}},{{Drops|Name=Saber Sardine||}},{{Drops|Name=Wahoo||}},{{Drops|Name=Jellyfish Umbrella||}}",A,ge-mob-pages
Arbor Squirrel,South Shroud,,,16,,,ge-mob-pages
Arbor Squirrel,Coerthas Eastern Lowlands,45-28,,19,,,ge-mob-pages
Arbor Squirrel,Coerthas Central Highlands,19-36,,19,,,ge-mob-pages
Ascian,Eastern Thanalan,,Toll of the Warden,,,,ge-mob-pages
Ashdrake,Coerthas Central Highlands,"32-20, 31-18",,43-49,"{{Drops|Name=Drake Scales|Link=|2|3}}, {{Drops|Name=Fire Rock|Link=|1|3}}",A,ge-mob-pages
Atomos,Mor Dhona,Camp Brittlebark,,60,Voidstone,A,ge-mob-pages
Atomos,Mor Dhona,Camp Revenant's Toll,,60,Voidstone,A,ge-mob-pages
Atomos,Coerthas Central Lowlands,Camp Ever Lakes,,60,Voidstone,A,ge-mob-pages
Atomos,Coerthas Eastern Lowlands,Camp Glory,,60,Voidstone,A,ge-mob-pages
Atomos,Northern Thanalan,Camp Bluefog,,60,Voidstone,A,ge-mob-pages
Atomos,Coerthas Central Highlands,Camp Dragonhead,,N/A,,A,ge-mob-pages
Atomos,North Shroud,Camp Emerald Moss,,N/A,,A,ge-mob-pages
Atomos,West Shroud,Camp Crimson Bark,,N/A,,A,ge-mob-pages
Atomos,Central Thanalan,Camp Black Brush,,N/A,,A,ge-mob-pages
Atomos,Western Thanalan,Camp Horizon,,N/A,,A,ge-mob-pages
Aurelia,Lower La Noscea,,,10-14,"{{Drops|Name=Jellyfish Umbrella||}}, {{Drops|Name=Jellyfish Cnida||}}, {{Drops|Name=Finger Shrimp||}}, {{Drops|Name=Miter Shell||}}, {{Drops|Name=Scallop Shell||}}",,ge-mob-pages
Aurelia,Western La Noscea,,,10-14,"{{Drops|Name=Jellyfish Umbrella||}}, {{Drops|Name=Jellyfish Cnida||}}, {{Drops|Name=Finger Shrimp||}}, {{Drops|Name=Miter Shell||}}, {{Drops|Name=Scallop Shell||}}",,ge-mob-pages
Aurelia,Shposhae,,,17-19,"{{Drops|Name=Jellyfish Umbrella|16|43}}, {{Drops|Name=Finger Shrimp|10|43}}, {{Drops|Name=Scallop Shell|3|43}}",A,ge-mob-pages
Aurora Angler,Central Shroud,26-34,,,"{{Drops|Name=Orobon Liver||}},{{Drops|Name=Scallop Shell||}},{{Drops|Name=Hawksbill Shell||}},{{Drops|Name=Blinking Eye||}}",A,ge-mob-pages
Aurora Angler,,,,,{{Drops|Name=|Link=||}},,ge-mob-pages
B'Khenna Phoenixfire,Southern Thanalan,,Still Wanted: B'Khenna Phoenixfire,,,,ge-mob-pages
B'khenna the Phoenixfire,Western Thanalan,,Wanted: B'khenna the Phoenixfire,,,,ge-mob-pages
Balloon,Nanawa Mines,6-6,,,{{Drops|Name=Bomb Ash||}},A,ge-mob-pages
Bandicoot,Southern Thanalan,27-34,,,,P,ge-mob-pages
Bandit Spearman,Coerthas Western Highlands,16-24,,45-49,"Oak Chips,Sour Red,Ala Mhigan Mustard,Wild Onion,Buffalo Hide",,ge-mob-pages
Banemite,Eastern Thanalan,,,,,A,ge-mob-pages
Banescale Guivre,East Shroud,41-23,,,,A,ge-mob-pages
Barbatos,Southern Thanalan,37-36,Always Bet on Black,,,A,ge-mob-pages
Bardi,Nanawa Mines,3-5,,42,"{{Drops|Name=Divining Hat| 4|21}}, {{Drops|Name=Toadskin Armguards| 3|11}}, {{Drops|Name=Iron Mitt Gauntlets| 0|21}}, {{Drops|Name=Leather Vambraces| 0|21}}, {{Drops|Name=Leather Subligar (Black)|0|21}}, {{Drops|Name=Velveteen Chausses| 0|21}}, {{Drops|Name=Velveteen Sarouel| 5|21}}, {{Drops|Name=Velveteen Tights| 2|21}}, {{Drops|Name=Hyena Fang| 9|21}}, {{Drops|Name=Wolf Fang| 0|21}}, {{Drops|Name=Wolf Hide| 0|21}}, {{Drops|Name=Antelope Sinew| 0|21}}, {{Drops|Name=Buffalo Hide| 0|21}}, {{Drops|Name=Hippogryph Sinew| 0|21}}, {{Drops|Name=Steel Vambraces| 3|21}}, {{Drops|Name=Prickly Pineapple| 7|21}}",A,ge-mob-pages
Bark Eft,West Shroud,31-8,,,,A,ge-mob-pages
Bark Weevil,Lower La Noscea,,Evil Weevils,,"{{Drops|Name=Weevil Elytron||1|5}}, {{Drops|Name=Cotton Boll|1|5}}, {{Drops|Name=Moko Grass|1|5}}",,ge-mob-pages
Bark Weevil,Central Thanalan,,Weevil Panic,,,,ge-mob-pages
Bark Weevil,Central Thanalan,24-26,Black Brush Behest,13,,A,ge-mob-pages
Barometz,Eastern La Noscea,35-17,,36,"{{Drops|Name=Crimson Tide |3|20}}, {{Drops|Name=Assault Sallet |0|20}}, {{Drops|Name=Canvas Hat |0|20}}, {{Drops|Name=Brass Preserves (Red)|0|20}}, {{Drops|Name=Brass Elmo |0|20}}, {{Drops|Name=Red Landtrap Leaf |9|20}}, {{Drops|Name=Dodo Skin |0|20}}, {{Drops|Name=Cotton Boll |9|20}}, {{Drops|Name=Growth Formula Alpha |1|20}}, {{Drops|Name=Cloves |7|20}}, {{Drops|Name=Flax |8|20}}, {{Drops|Name=Steel Goggles |3|20}}, {{Drops|Name=Steel Sallet |4|20}}, {{Drops|Name=Velveteen Bandana |3|20}}, {{Drops|Name=Velveteen Wedge Cap |3|20}}",A,ge-mob-pages
Basilisk,Southern Thanalan,,,,,A,ge-mob-pages
Basilisk,Northern Thanalan,9-18,,,,A,ge-mob-pages
Bastard Mite,The Thousand Maws of Toto-Rak,Interrogation Chamber,,39,,A,ge-mob-pages
Batraal,The Dzemael Darkhold,,,,,A,ge-mob-pages
Battle Drake,Zahar'ak,,,52-57,{{Drops|Name=Drake Scales|Link=|0|0}},A,ge-mob-pages
Battle Drake,The Battle for the Golden Bazaar,38-19,The Battle for the Golden Bazaar,55,,P,ge-mob-pages
Battrap,Upper La Noscea,28-11,,45 - 49,"{{Drops|Name=Gnat Wing||}}, {{Drops|Name=Flax||}}, {{Drops|Name=Dodo Skin||}}, {{Drops|Name=Cotton Boll||}}, {{Drops|Name=Blue Landtrap Leaf||}}",A,ge-mob-pages
Beady Beetle,Lower La Noscea,,,,{{Drops|Name=Weevil Elytron||}},,ge-mob-pages
Beady Beetle,Western La Noscea,20-9,,,,,ge-mob-pages
Beady Beetle,Eastern Thanalan,,,,"{{Drops|Name=Weevil Elytron||}}, {{Drops|Name=Blood Currants||}}",,ge-mob-pages
Bee Cloud,Central Shroud,,"Bees vs the Pilgrims, Help the Children",,,,ge-mob-pages
Beryl Crab,Eastern La Noscea,36-19,,20,"{{Drops|Name=Beryl Crab Shell (Quest Item)|Link=Quest Item|1000|1000}}, {{Drops|Name=Megalocrab Leg|Link=|3|8}}, {{Drops|Name=Megalocrab Leg|Link=|2|8}}",P,ge-mob-pages
Biast,Upper La Noscea,22-15,,,,A,ge-mob-pages
Bigmouth Orobon,Mistbeard Cove,5-5,,40-44,"{{Drops|Name=Orobon Liver|8|10}},{{Drops|Name=Black Sole|5|10}},{{Drops|Name=Blue Coral|0|10}},{{Drops|Name=Red Coral|1|10}}",A,ge-mob-pages
Bile Gnat,Upper La Noscea,,Annexing the Lake,,,A,ge-mob-pages
Bile Gnat,Southern Thanalan,,Netting the Gnats,40-52,,A,ge-mob-pages
Bile Gnat,East Shroud,,All Nine Ivies is a Stage,40-52,{{Drops|Name=Bone Chip|2|6}},A,ge-mob-pages
Bilge-soaked Buccaneer,Western La Noscea,,Operation: Reave-quest,,"Faerie Apple, Ala Mhigan Mustard, Coal Tar",,ge-mob-pages
Bixie,Turtleback Island,1-1,Skirmish,55,,A,ge-mob-pages
Black Bat,Eastern La Noscea,"35-24, 36-25, 40-18, 36-20, 34-18, 31-23, 33-22",,15-19,"{{Drops|Name=Bat Fang||}}, {{Drops|Name=Bat Wing||}}, {{Drops|Name=Cotton Boll||}}, {{Drops|Name=Chocobo Fly||}}, {{Drops|Name=Bronze Arrowheads||}}, {{Drops|Name=Firefly Elytron||}}",A,ge-mob-pages
Black Bat,South Shroud,,,15-19,"{{Drops|Name=Bat Fang||}}, {{Drops|Name=Bat Wing||}}, {{Drops|Name=Cotton Boll||}}, {{Drops|Name=Chocobo Fly||}}, {{Drops|Name=Bronze Arrowheads||}}, {{Drops|Name=Firefly Elytron||}}",A,ge-mob-pages
Black Bat,Shposhae,"6-7, 6-8, 5-7 5-8,",,15-16,"{{Drops|Name=Bat Fang|28|64}}, {{Drops|Name=Bat Wing|17|64}}, {{Drops|Name=Cotton Boll|11|64}}, {{Drops|Name=Chocobo Fly|27|64}}",P,ge-mob-pages
Black Crow Cleaver,Western La Noscea,5-12,,47-49,"{{Drops|Name=Faerie Apple|2|8}},{{Drops|Name=Black Pepper|2|8}},{{Drops|Name=Hawksbill Shell|1|8}}",A,ge-mob-pages
Black Crow Swashbuckler,Western La Noscea,5-12,,47-49,"{{Drops|Name=Ala Mhigan Mustard|3|5}},{{Drops|Name=Black Pepper|1|5}},{{Drops|Name=Hawksbill Shell|1|5}}",A,ge-mob-pages
Black Eft,The Tam-Tara Deepcroft,,,,{{Drops|Name=Eft Tail||}},A,ge-mob-pages
Black Eft,East Shroud,,,,"{{Drops|Name=Eft Tail||}}, {{Drops|Name=Yew Branch||}}",A,ge-mob-pages
Black Eft,North Shroud,,,,,A,ge-mob-pages
Black Wolf (1.x),West Shroud,Turning Leaf,,53-56,"{{Drops|Name=Unmarked Keystone|Link=|0|0}}, {{Drops|Name=Wolf Fang|Link=|0|0}}, {{Drops|Name=Wolf Hide|Link=|0|0}}",A,ge-mob-pages
Blind Eft,Mistbeard Cove,"8-5, 10-4",,40-44,{{Drops|Name=Eft Tail|25|103}},A,ge-mob-pages
Bloated Bogy,Western Thanalan,"9-20, 16-33",,21-23,"{{Drops|Name=Hempen Yarn|2|2}},{{Drops|Name=Undyed Cotton Cloth|1|2}},{{Drops|Name=Undyed Hempen Cloth|1|2}},{{Drops|Name=Cotton Fent||}},{{Drops|Name=Hempen Fent||}}",A,ge-mob-pages
Bloated Burble,North Shroud,,A Fine Host,40-52,"{{Drops|Name=Chanterelle|Link= |1|4}}, {{Drops|Name=Garlean Garlic|Link=|3|4}}, {{Drops|Name=Straw|Link= |1|4}}",P,ge-mob-pages
Bloodied Buccaneer,Western La Noscea,,Operation: Reave-quest,,"Faerie Apple, Ala Mhigan Mustard, Coal Tar, Black Pepper",,ge-mob-pages
Bloodshore Bell,Eastern La Noscea,"35-14, 37-16, 41-17, 43-18",,20-22,"{{Drops|Name=Jellyfish Cnida||}},{{Drops|Name=Jellyfish Umbrella||}},{{Drops|Name=Finger Shrimp||}},{{Drops|Name=Miter Shell||}},{{Drops|Name=Scallop Shell||}}",P,ge-mob-pages
Bloodshot Eye,North Shroud,,Eyeopener,40-52,"{{Drops|Name=Ahriman Wing|Link= |3|8}}, {{Drops|Name=Chocobo Feather|Link=|2|8}}",A,ge-mob-pages
Bloodthirsty Wolf,Central Shroud,,Sundered Skies,1,,P,ge-mob-pages
Bloody Revenant,Western La Noscea,"7-11, 7-14",,41,{{Drops|Name=Cotton Yarn|Link=|1|2}},A,ge-mob-pages
Blotched Mongrel,Southern Thanalan,,Thwack Ye Mole,40-52,,A,ge-mob-pages
Blotched Mongrel,Southern Thanalan,,Whipping the Curs,40-52,"{{Drops|Name=Hyena Fang|Link=|4|6}}, {{Drops|Name=Prickly Pineapple|Link=|5|6}}",A,ge-mob-pages
Blotched Mongrel,Eastern Thanalan,,Cat Eat Dog,40-52,{{Drops|Name=Prickly Pineapple|Link=|1|6}},A,ge-mob-pages
Bog Yarzon,Eastern La Noscea,,"Yarz on Me, Awful Offal",,{{Drops|Name=Blue Yarzon Leg||}},,ge-mob-pages
Bog Yarzon,The Mun-Tuy Cellars,,Necrologos: The Ever-reaching Claw,,,,ge-mob-pages
Bog Yarzon,Nanawa Mines,,Necrologos: Torn Asunder,,,,ge-mob-pages
Bogy,Eastern Thanalan,43-18,,,"{{Drops|Name=Cotton Fent|4|5}},{{Drops|Name=Hempen Fent||}},{{Drops|Name=Hempen Yarn|1|5}},{{Drops|Name=Undyed Hempen Cloth|1|3}},{{Drops|Name=Undyed Cotton Cloth||}},{{Drops|Name=Formic Acid||}},{{Drops|Name=Mole Meat||}}",,ge-mob-pages
Bomb Baron,Cassiopeia Hollow,Western Section,,42,"{{Drops|Name=Brimstone |1|24}}, {{Drops|Name=Bomb Ash |4|24}}, {{Drops|Name=Bomb Arm |2|24}}, {{Drops|Name=Flametongue |3|24}}, {{Drops|Name=Latex |2|24}}, {{Drops|Name=Linen Hat |2|24}}, {{Drops|Name=Steel Celata|2|24}}, {{Drops|Name=Woolen Coif |3|24}}",A,ge-mob-pages
Bomb Ember,Nanawa Mines,5-4,,30,"{{Drops|Name=Bomb Arm||}}, {{Drops|Name=Bomb Ash||}}, {{Drops|Name=Brimstone||}}, {{Drops|Name=Latex||}}",A,ge-mob-pages
Bomb (Enemy),Cassiopeia Hollow,,,,{{Drops|Name=Bomb Ash||}},,ge-mob-pages
Bone Nix,The Dzemael Darkhold,,,52,,A,ge-mob-pages
Branded Drake,Southern Thanalan,,Operation: Bloody Scales,,{{Drops|Name=Magicked Drake Scale||}},A,ge-mob-pages
Branded Drake,Southern Thanalan,,Operation: Under Siege,,,A,ge-mob-pages
Brimstone Bomb,Eastern Thanalan,,Preventing the Plague,40-52,,A,ge-mob-pages
Brine Bogy,Western La Noscea,,Annexing the Valley,,,A,ge-mob-pages
Bristletail Marmot,North Shroud,,The Search for Sicksa,,,,ge-mob-pages
Brutal Sheep,Coerthas Eastern Lowlands,"55-31,32",,40 - 43,"{{Drops|Name=Flax||}}, {{Drops|Name=Gysahl Greens||}}, {{Drops|Name=Karakul Fleece||}}, {{Drops|Name=Mutton Loin||}}",P,ge-mob-pages
Buata,West Shroud,15-40,,55,"{{Drops|Name=Boar Hide||}}, {{Drops|Name=Unmarked Keystone|Link=|10|1}}",A,ge-mob-pages
Bumble Beetle,Lower La Noscea,26-28,,7,"{{Drops|Name=Blood Currants|Link=|1|4}}, {{Drops|Name=Cotton Boll|Link=|1|4}}, {{Drops|Name=Weevil Elytron|Link=|1|4}}, {{Drops|Name=Moko Grass|Link=|1|4}}",P,ge-mob-pages
Bumble Beetle,Central Thanalan,"26-28, 26-29, 28-33, 28-34",,1-2,"{{Drops|Name=Blood Currants|Link=|1|4}}, {{Drops|Name=Cotton Boll|Link=|1|4}}, {{Drops|Name=Weevil Elytron|Link=|1|4}}, {{Drops|Name=Moko Grass|Link=|1|4|}}",P,ge-mob-pages
Burble,Eastern La Noscea,"32-24, 32-23",,20-22,"{{Drops|Name=Garlean Garlic|Link=|5|10}}, {{Drops|Name=Straw|Link=|3|10}}, {{Drops|Name=Chanterelle|Link=|1|10}}, {{Drops|Name=Snurble Tufts|Link=|2|10}},",P,ge-mob-pages
Burned Brother,Zahar'ak,,,55,{{Drops|Name=Inferno Taper|Link=|0|0}},A,ge-mob-pages
Buzzard,Eastern La Noscea,,,,,A,ge-mob-pages
Buzzard,Western La Noscea,19-7,,,"{{Drops|Name=Vulture Feather||}}, {{Drops|Name=Yew Branch||}}",A,ge-mob-pages
Buzzard,East Shroud,"47-32, 46-30",,,"{{Drops|Name=Vulture Feather||}}, {{Drops|Name=Yew Branch||}}",A,ge-mob-pages
Buzzard,Southern Thanalan,41-36,,,"{{Drops|Name=Vulture Feather||}}, {{Drops|Name=Yew Branch||}}",A,ge-mob-pages
Buzzing Djigga,Western Thanalan,22-8,,,,A,ge-mob-pages
Cactuar,Eastern Thanalan,,,20 - 24,"{{Drops|Name=Cactuar Needle||}}, {{Drops|Name=Copper Ore||}}",P,ge-mob-pages
Cactuar,Western Thanalan,,,20 - 26,"{{Drops|Name=Jade Peas||}}, {{Drops|Name=Alligator Pear||}}, {{Drops|Name=Cactuar Needle||}}, {{Drops|Name=Wild Onion||}}",P,ge-mob-pages
Cactuar Jack,Western Thanalan,18-30,,47,"{{Drops|Name=Conquistador Elmo| 2|23}}, {{Drops|Name=Fists of the Sixth Sun|6|21}}, {{Drops|Name=Cactuar Needle| 6|20}}, {{Drops|Name=Alligator Pear| 8|20}}, {{Drops|Name=Jade Peas| 9|20}}, {{Drops|Name=Wild Onion| 1|7}}, {{Drops|Name=Aquamarine Bracelets| 1|20}}, {{Drops|Name=Heliodor Bracelets| 2|20}}, {{Drops|Name=Goshenite Bracelets| 1|20}}, {{Drops|Name=Garnet Bracelets| 1|20}}",P,ge-mob-pages
Cactuar Jaques,Locke's Lie,,Skirmish,55,,A,ge-mob-pages
Cadaverous Cockatrice,Southern Thanalan,,A Terrible Thirst,40-52,"{{Drops|Name=Dodo Tenderloin|0|0}}, {{Drops|Name=Dodo Skin|0|0}}, {{Drops|Name=Dodo Egg|0|0}}",P,ge-mob-pages
Cadaverous Cockatrice,Southern Thanalan,,All Cracked Up,40-52,"{{Drops|Name=Dodo Tenderloin|0|10}}, {{Drops|Name=Dodo Skin|1|10}}, {{Drops|Name=Dodo Egg|1|10}}",P,ge-mob-pages
Canopy Galago,South Shroud,35-42,,20 - 24,"{{Drops|Name=Alligator Pear|3|4}}, {{Drops|Name=Galago Mint|1|4}}, {{Drops|Name=Ramhorn Zucchini|2|4}}",P,ge-mob-pages
Canyon Condor,Western Thanalan,,Proof is in the Pudding.,43,"{{Drops|Name=Mahogany Branch|Link=|0|0}}, {{Drops|Name=Oak Branch |Link=|0|0}}",A,ge-mob-pages
Capricious Cassie,West Shroud,41-15,,55,{{Drops|Name=Unmarked Keystone|Link=|10|1}},A,ge-mob-pages
Carrier Ladybug,Eastern La Noscea,,A Roseling by Any Other Name,20-32,{{Drops|Name=Red Landtrap Vine}},,ge-mob-pages
Carrier Ladybug,Western Thanalan,,The Lady's Bite,20-32,{{Drops|Name=Flax|1|4}},P,ge-mob-pages
Carrion Chiglet,Western La Noscea,,Annexing the Valley,,{{Drops|Name= Beastkin Blood|1|3}},A,ge-mob-pages
Carrion Chiglet,Eastern La Noscea,,Annexing the Shore,,,,ge-mob-pages
Carrion Chiglet,North Shroud,,"Foresting Emerald Moss, Lack of Humours",,,,ge-mob-pages
Carrion Chigoe,Eastern La Noscea,32-22,,15,"{{Drops|Name=Moko Grass|1|1}}, {{Drops|Name=Silex|0|1}}, {{Drops|Name=Beastkin Blood|0|1}}",A,ge-mob-pages
Carrion Chigoe,North Shroud,16-20,,10 - 14,,A,ge-mob-pages
Carrion Chigoe,Eastern Thanalan,,,,{{Drops|Name=Moko Grass||}},A,ge-mob-pages
Cassiopeia,Lower La Noscea,,,,"{{Drops|Name=Jellyfish Umbrella|0|0}}, {{Drops|Name=Finger Shrimp| 0|0}}, {{Drops|Name=Miter Shell| 0|0}}, {{Drops|Name=Scallop Shell| 0|0}}",P,ge-mob-pages
Cassiopeia,Eastern La Noscea,"37-25, 37-26, 38-20 42-17, 39-17",,20-29,"{{Drops|Name=Jellyfish Umbrella|0|0}}, {{Drops|Name=Finger Shrimp| 0|0}}, {{Drops|Name=Miter Shell| 0|0}}, {{Drops|Name=Scallop Shell| 0|0}}",P,ge-mob-pages
Cassiopeia,Cassiopeia Hollow,,,25-29,"{{Drops|Name=Jellyfish Umbrella|37|82}}, {{Drops|Name=Finger Shrimp| 19|82}}, {{Drops|Name=Miter Shell| 0|82}}, {{Drops|Name=Scallop Shell| 6|82}}",P,ge-mob-pages
Cave Bat,Lower La Noscea,,,5 - 9,"{{Drops|Name=Bat Wing||}},{{Drops|Name=Cotton Boll||}},{{Drops|Name=Bat Fang||}},{{Drops|Name=Chocobo Fly||}},{{Drops|Name=Bronze Arrowheads||}}",A,ge-mob-pages
Cave Bat,Western La Noscea,,,10 - 14,"{{Drops|Name=Bat Wing||}},{{Drops|Name=Bat Fang||}},{{Drops|Name=Cotton Boll||}},{{Drops|Name=Chocobo Fly||}},{{Drops|Name=Bronze Arrowheads||}},{{Drops|Name=Mole Sinew||}}",A,ge-mob-pages
Cave Bat,Central Shroud,,,5 - 9,"{{Drops|Name=Bat Wing||}},{{Drops|Name=Cotton Boll||}},{{Drops|Name=Bat Fang||}},{{Drops|Name=Chocobo Fly||}},{{Drops|Name=Bronze Arrowheads||}}",A,ge-mob-pages
Cave Bat,North Shroud,,,10 - 14,"{{Drops|Name=Bat Wing|0|1}},{{Drops|Name=Bat Fang||}},{{Drops|Name=Cotton Boll|0|1}},{{Drops|Name=Chocobo Fly|1|1}},{{Drops|Name=Bronze Arrowheads|0|1}},{{Drops|Name=Mole Sinew||}}",A,ge-mob-pages
Cavern Eft,North Shroud,8-5,Sweet Revenge,,,,ge-mob-pages
Cavernulous Coblyn,Eastern Thanalan,,Culling All Coblyns,26,,P,ge-mob-pages
Cavernulous Coblyn,Central Thanalan,,,10,,P,ge-mob-pages
Cell Mite,The Thousand Maws of Toto-Rak,,,39,,A,ge-mob-pages
Cellar Puk,The Mun-Tuy Cellars,5-7,,,,P,ge-mob-pages
Cellar Puk,Nanawa Mines,"6-4, 7-6",,30 - 34,"{{Drops|Name=Puk Wing||}}, {{Drops|Name=Cock Feather||}}, {{Drops|Name=Midge Basket||}}, {{Drops|Name=Cotton Boll||}}",P,ge-mob-pages
Ceruleum Generator,Castrum Novum,,United We Stand,,,P,ge-mob-pages
Chain Bearer,The Dzemael Darkhold,,,55,,A,ge-mob-pages
Chiglet,Lower La Noscea,,Annexing the Rock,,,,ge-mob-pages
Chiglet,Central Thanalan,,Weevil Panic,,{{Drops|Name=Beastkin Blood||}},,ge-mob-pages
Chiglet,Central Shroud,,Crushing Chiglets,,,,ge-mob-pages
Chigoe,Central Thanalan,"27-27, 29-24, 32-21",,4-10,"{{Drops|Name=Moko Grass|0|2}}, {{Drops|Name=Beastkin Blood|0|2}}, {{Drops|Name=Fine Sand|0|2}}, {{Drops|Name=Silex|1|2}}",,ge-mob-pages
Chigoe,Central Shroud,27-29,,4-5,"{{Drops|Name=Moko Grass|14|50}}, {{Drops|Name=Beastkin Blood|17|50}}, {{Drops|Name=Spoken Blood|11|50}}",A,ge-mob-pages
Chigoe,Lower La Noscea,"26-31, 24-28",,4-5,"{{Drops|Name=Moko Grass|0|2}}, {{Drops|Name=Beastkin Blood|0|2}}, {{Drops|Name=Fine Sand|0|2}}, {{Drops|Name=Silex|1|2}}, {{Drops|Name=Spoken Blood|0|2}}",,ge-mob-pages
Chinchilla,Central Thanalan,,Court in the Sands,,,,ge-mob-pages
Cinderbelly Eft,Central Shroud,,,,,A,ge-mob-pages
Cliffdiver,Western Thanalan,The Silver Bazaar,How to Quit You,53,,A,ge-mob-pages
Clipper,Eastern La Noscea,,,75 - 79,{{Drops|Name=Rothlyt Oyster||}},P,ge-mob-pages
Clipper,Lower La Noscea,,,75 - 79,{{Drops|Name=Rothlyt Oyster||}},P,ge-mob-pages
Clipper,Upper La Noscea,23-11,,70 - 74,,P,ge-mob-pages
Clipper,Western La Noscea,5-20 in cave accessible at 5-18,,75 - 79,{{Drops|Name=Rothlyt Oyster||}},P,ge-mob-pages
Cloud Hippocerf,Coerthas Central Highlands,29-17,,46-49,"{{Drops|Name=Hippogryph Sinew|Link=|3|5}}, {{Drops|Name=Hippogryph Skin|Link=|2|5}}, {{Drops|Name=Sunrise Tellin|Link=|1|5}}",A,ge-mob-pages
Cochineal Cactuar,Eastern Thanalan,,,,,,ge-mob-pages
Cochineal Cactuar,Western Thanalan,,,,,,ge-mob-pages
Cockatrice (1.x),Eastern Thanalan,Southern Dry Bone to Halatali area,,45 - 49,"{{Drops|Name=Cockatrice Feather||}},{{Drops|Name=Dodo Tenderloin||}},{{Drops|Name=Dodo Skin||}},{{Drops|Name=Dodo Egg||}},{{Drops|Name=Earth Rock||}}",P,ge-mob-pages
Cockatrice (1.x),Northern Thanalan,"16-21, 13-25",,50 - 54,"{{Drops|Name=Dodo Skin||}},{{Drops|Name=Dodo Tenderloin||}},{{Drops|Name=Cockatrice Feather||}},{{Drops|Name=Dodo Egg||}},{{Drops|Name=Earth Rock||}}",P,ge-mob-pages
Cockatrice (1.x),Western Thanalan,,,50 - 54,"{{Drops|Name=Dodo Skin||}},{{Drops|Name=Dodo Tenderloin||}},{{Drops|Name=Cockatrice Feather||}},{{Drops|Name=Dodo Egg||}},{{Drops|Name=Earth Rock||}}",P,ge-mob-pages
Coiled Adder,East Shroud,,Wanted: Coiled Adder,,,,ge-mob-pages
Common Cactuar,Western Thanalan,,Threading the Needles,20-32,"{{Drops|Name=Cactuar Needle|1|10}}, {{Drops|Name=Wild Onion|1|10}}",P,ge-mob-pages
Condor,Coerthas Central Highlands,19-35,,40-44,"{{Drops|Name=Condor Feather| 0|0}}, {{Drops|Name=Buffalo Sirloin| 0|0}}, {{Drops|Name=Chestnut Branch| 0|0}}, {{Drops|Name=Oak Branch| 0|0}}, {{Drops|Name=Mahogany Branch| 0|0}}, {{Drops|Name=Gridanian Chestnut|0|0}}, {{Drops|Name=Moko Grass| 0|0}}, {{Drops|Name=Squirrel Pelt| 0|0}}",A,ge-mob-pages
Copper Coblyn,Central Thanalan,"28-33, 28-34, 28-35",,5-9,"{{Drops|Name=Copper Ore|Link=|0|0}}, {{Drops|Name=Tin Ore|Link=|0|0}}",P,ge-mob-pages
Copper Coblyn,Eastern Thanalan,,,10-14,"{{Drops|Name=Iron Ore|Link=|0|0}}, {{Drops|Name=Tin Ore|Link=|0|0}}",P,ge-mob-pages
Corroded Coblyn,Central Thanalan,"26-29, 25-29, 25-28, 26-28",,1,"{{Drops|Name=Copper Ore|Link=|3|15}}, {{Drops|Name=Tin Ore|Link=|3|15}}",P,ge-mob-pages
Corroded Coblyn,Central Thanalan,,Cogwheel Scramble,1-13,{{Drops|Name=Cogwheel Ore|Link=|0|0}},P,ge-mob-pages
Corroded Coblyn,Central Thanalan,,Clearing Black Brush,1-13,,P,ge-mob-pages
Corrosive Coblyn,Western Thanalan,,The Unheard Horizon,20,,P,ge-mob-pages
Crabfisher,East Shroud,45-29,Eye of the Dragon,33,,A,ge-mob-pages
Crapulous Canine,The Mun-Tuy Cellars,,Sly Spirits,30-42,,P,ge-mob-pages
Creeping Ivy,East Shroud,,,,,A,ge-mob-pages
Croft Kalong,The Mun-Tuy Cellars,,Necrologos: The Ever-reaching Claw,,"{{Drops|Name=Bat Wing||}},{{Drops|Name=Bat Fang||}},{{Drops|Name=Cotton Boll||}},{{Drops|Name=Crow Fly||}},{{Drops|Name=Bronze Arrowheads||}},{{Drops|Name=Galago Mint||}},{{Drops|Name=Ramhorn Zucchini||}},{{Drops|Name=Faerie Apple||}},{{Drops|Name=Wolf Fang||}},{{Drops|Name=Blue Yarzon Leg||}},{{Drops|Name=Jade Peas||}},{{Drops|Name=Buffalo Hide||}},{{Drops|Name=Alligator Pear||}},{{Drops|Name=Black Truffle||}}",,ge-mob-pages
Curious Galago,North Shroud,,Foresting Emerald Moss,,,P,ge-mob-pages
Curious Galago,Central Shroud,,Necrologos: Thousandfold Agony,,,P,ge-mob-pages
Curious Galago,South Shroud,,"Wanted: Rorogun the Tailtamer, Impish Intentions",,,P,ge-mob-pages
Curious Galago,Eastern La Noscea,"35,18",Sating the Simians,20-32,"{{Drops|Name=Gridanian Chestnut}}, {{Drops|Name=Galago Mint}}",P,ge-mob-pages
Curious Gorge (Mob),Western Thanalan,The Silver Bazaar,How to Quit You,55,,A,ge-mob-pages
Cursed Eye,Nanawa Mines,4-4,,35,"{{Drops|Name=Chocobo Feather|13|50}}, {{Drops|Name=Ahriman Wing|18|50}}",A,ge-mob-pages
Daddy Longlegs,Western Thanalan,"16-34, 18-30",,42,"{{Drops|Name=Toadskin Armguards |1|4}}, {{Drops|Name=Elmlord's Tusk |2|4}}, {{Drops|Name=Blue Yarzon Leg |1|4}}, {{Drops|Name=Velveteen Sarouel |2|4}}, {{Drops|Name=Steel Vambraces |1|4}}, {{Drops|Name=Rothlyt Oyster |2|4}}",A,ge-mob-pages
Dapper Cadaver,Copperbell Mines,6-3,,45,"{{Drops|Name=Iron Plate|Link=|3|8}}, {{Drops|Name=Bronze Arrow|Link=|1|8}}",A,ge-mob-pages
Darkeye Devilet,Upper La Noscea,,Unholy Moley,,"{{Drops|Name=Imp Wing||}},{{Drops|Name=Wildfowl Feather||}},{{Drops|Name=Black Pepper||}},{{Drops|Name=Chocobo Feather||}},{{Drops|Name=Disabling Powder||}},{{Drops|Name=Ahriman Wing||}}",A,ge-mob-pages
Darkeye Devilet,Western La Noscea,,Escape from Cell E05,,"{{Drops|Name=Imp Wing||}},{{Drops|Name=Wildfowl Feather||}},{{Drops|Name=Black Pepper||}},{{Drops|Name=Chocobo Feather||}},{{Drops|Name=Disabling Powder||}},{{Drops|Name=Ahriman Wing||}}",A,ge-mob-pages
Darkeye Devilet,Central Shroud,,Behest: Humblehearth,,"{{Drops|Name=Imp Wing||}},{{Drops|Name=Wildfowl Feather||}},{{Drops|Name=Black Pepper||}},{{Drops|Name=Chocobo Feather||}},{{Drops|Name=Disabling Powder||}},{{Drops|Name=Ahriman Wing||}}",A,ge-mob-pages
Darkeye Devilet,East Shroud,,What the Devilet Dons,40-52,"{{Drops|Name=Imp Wing|0|4}},{{Drops|Name=Wildfowl Feather|0|4}},{{Drops|Name=Black Pepper|1|4}},{{Drops|Name=Chocobo Feather|0|4}},{{Drops|Name=Disabling Powder|0|4}},{{Drops|Name=Ahriman Wing|0|4}}",A,ge-mob-pages
Darkeye Devilet,North Shroud,,Out of its Shell,,"{{Drops|Name=Imp Wing||}},{{Drops|Name=Wildfowl Feather||}},{{Drops|Name=Black Pepper||}},{{Drops|Name=Chocobo Feather||}},{{Drops|Name=Disabling Powder||}},{{Drops|Name=Ahriman Wing||}}",A,ge-mob-pages
Darkeye Devilet,The Mun-Tuy Cellars,,,,"{{Drops|Name=Imp Wing||}},{{Drops|Name=Wildfowl Feather||}},{{Drops|Name=Black Pepper||}},{{Drops|Name=Chocobo Feather||}},{{Drops|Name=Disabling Powder||}},{{Drops|Name=Ahriman Wing||}}",A,ge-mob-pages
Darkeye Devilet,Eastern Thanalan,,Secrets of the Sultanate,40-53,"{{Drops|Name=Imp Wing||}},{{Drops|Name=Wildfowl Feather||}},{{Drops|Name=Black Pepper||}},{{Drops|Name=Chocobo Feather||}},{{Drops|Name=Disabling Powder||}},{{Drops|Name=Ahriman Wing||}}",A,ge-mob-pages
Darkeye Devilet,Southern Thanalan,,A Devilet's Best Friend,,"{{Drops|Name=Imp Wing||}},{{Drops|Name=Wildfowl Feather||}},{{Drops|Name=Black Pepper||}},{{Drops|Name=Chocobo Feather||}},{{Drops|Name=Disabling Powder||}},{{Drops|Name=Ahriman Wing||}}",A,ge-mob-pages
Darkeye Devilet,Nanawa Mines,,,,"{{Drops|Name=Imp Wing||}},{{Drops|Name=Wildfowl Feather||}},{{Drops|Name=Black Pepper||}},{{Drops|Name=Chocobo Feather||}},{{Drops|Name=Disabling Powder||}},{{Drops|Name=Ahriman Wing||}}",A,ge-mob-pages
Darkwing Devilet,Lower La Noscea,,Escape Artist,,"{{Drops|Name=Imp Wing||}},{{Drops|Name=Black Pepper||}},{{Drops|Name=Wildfowl Feather||}},{{Drops|Name=Chocobo Feather||}},{{Drops|Name=Salt Leek||}}",A,ge-mob-pages
Darkwing Devilet,Cassiopeia Hollow,,Escape from Cell D72,,"{{Drops|Name=Imp Wing||}},{{Drops|Name=Black Pepper||}},{{Drops|Name=Wildfowl Feather||}},{{Drops|Name=Chocobo Feather||}},{{Drops|Name=Salt Leek||}}",A,ge-mob-pages
Darkwing Devilet,Central Shroud,,"Underneath the Shell, Behest: Humblehearth",30-42,"{{Drops|Name=Imp Wing|0|1}},{{Drops|Name=Black Pepper|0|1}},{{Drops|Name=Wildfowl Feather|0|1}},{{Drops|Name=Chocobo Feather|0|1}},{{Drops|Name=Salt Leek|0|1}}",A,ge-mob-pages
Darkwing Devilet,The Mun-Tuy Cellars,,My Fey Lady,,"{{Drops|Name=Imp Wing||}},{{Drops|Name=Black Pepper||}},{{Drops|Name=Wildfowl Feather||}},{{Drops|Name=Chocobo Feather||}},{{Drops|Name=Salt Leek||}}",A,ge-mob-pages
Darkwing Devilet,Western Thanalan,Nophica's Wells,Secret of the Sewers,30-42,"{{Drops|Name=Imp Wing|0|2}},{{Drops|Name=Black Pepper|0|2}},{{Drops|Name=Wildfowl Feather|0|2}},{{Drops|Name=Chocobo Feather|0|2}},{{Drops|Name=Salt Leek|0|2}}",A,ge-mob-pages
Darkwing Devilet,Nanawa Mines,,Corpus Adamance,,"{{Drops|Name=Imp Wing||}},{{Drops|Name=Black Pepper||}},{{Drops|Name=Wildfowl Feather||}},{{Drops|Name=Chocobo Feather||}},{{Drops|Name=Salt Leek||}}",A,ge-mob-pages
Deadeyes,North Shroud,,Operation: Shuteye,,,A,ge-mob-pages
Deathstroke Assassin,Western Thanalan,,Sweet Vengeance,20-32,,A,ge-mob-pages
Deathstroke Assassin,Eastern Thanalan,,Juggling Knives,40-52,,A,ge-mob-pages
Deepground Puk,Nanawa Mines,,Overtime in the Mines,,,P,ge-mob-pages
Deepground Puk,The Mun-Tuy Cellars,,Wizening Up,,,P,ge-mob-pages
Deepvoid Pikeman,Coerthas Central Lowlands,Camp Ever Lakes,,60,{{Drops|Name=Over-aspected Crystal|0|0}},A,ge-mob-pages
Deepvoid Pikeman,Coerthas Eastern Lowlands,Camp Glory,,60,{{Drops|Name=Over-aspected Crystal|0|0}},A,ge-mob-pages
Deepvoid Pikeman,Northern Thanalan,Camp Bluefog,,60,{{Drops|Name=Over-aspected Crystal|0|0}},A,ge-mob-pages
Deepvoid Scamp,Mor Dhona,Camp Brittlebark,,60,{{Drops|Name=Over-aspected Crystal|0|0}},A,ge-mob-pages
Deepvoid Scamp,Mor Dhona,Camp Revenant's Toll,,60,{{Drops|Name=Over-aspected Crystal|0|0}},A,ge-mob-pages
Deepvoid Scamp,Coerthas Central Lowlands,Camp Ever Lakes,,60,{{Drops|Name=Over-aspected Crystal|0|0}},A,ge-mob-pages
Deepvoid Scamp,Coerthas Eastern Lowlands,Camp Glory,,60,{{Drops|Name=Over-aspected Crystal|0|0}},A,ge-mob-pages
Deepvoid Scamp,Northern Thanalan,Camp Bluefog,,60,{{Drops|Name=Over-aspected Crystal|0|0}},A,ge-mob-pages
Deepvoid Scamp,Coerthas Central Highlands,Camp Dragonhead,,60,{{Drops|Name=Over-aspected Crystal|0|0}},A,ge-mob-pages
Deepvoid Scamp,North Shroud,Camp Emerald Moss,,60,{{Drops|Name=Over-aspected Crystal|0|0}},A,ge-mob-pages
Deepvoid Scamp,West Shroud,Camp Crimson Bark,,60,{{Drops|Name=Over-aspected Crystal|0|0}},A,ge-mob-pages
Deepvoid Scamp,Central Thanalan,Camp Black Brush,,60,{{Drops|Name=Over-aspected Crystal|0|0}},A,ge-mob-pages
Deepvoid Scamp,Western Thanalan,Camp Horizon,,60,{{Drops|Name=Over-aspected Crystal|0|0}},A,ge-mob-pages
Deepvoid Sludge,Mor Dhona,Camp Brittlebark,,60,{{Drops|Name=Over-aspected Crystal|0|0}},A,ge-mob-pages
Deepvoid Sludge,Mor Dhona,Camp Revenant's Toll,,60,{{Drops|Name=Over-aspected Crystal|0|0}},A,ge-mob-pages
Deepvoid Sludge,Coerthas Central Lowlands,Camp Ever Lakes,,60,{{Drops|Name=Over-aspected Crystal|0|0}},A,ge-mob-pages
Deepvoid Sludge,Coerthas Eastern Lowlands,Camp Glory,,60,{{Drops|Name=Over-aspected Crystal|0|0}},A,ge-mob-pages
Deepvoid Sludge,Northern Thanalan,Camp Bluefog,,60,{{Drops|Name=Over-aspected Crystal|0|0}},A,ge-mob-pages
Deepvoid Soul,Mor Dhona,Camp Brittlebark,,60,{{Drops|Name=Over-aspected Crystal|0|0}},A,ge-mob-pages
Deepvoid Soul,Mor Dhona,Camp Revenant's Toll,,60,{{Drops|Name=Over-aspected Crystal|0|0}},A,ge-mob-pages
Deepvoid Soul,Coerthas Central Lowlands,Camp Ever Lakes,,60,{{Drops|Name=Over-aspected Crystal|0|0}},A,ge-mob-pages
Deepvoid Soul,Coerthas Eastern Lowlands,Camp Glory,,60,{{Drops|Name=Over-aspected Crystal|0|0}},A,ge-mob-pages
Deepvoid Soul,Northern Thanalan,Camp Bluefog,,60,{{Drops|Name=Over-aspected Crystal|0|0}},A,ge-mob-pages
Deepvoid Soul,Coerthas Central Highlands,Camp Dragonhead,,60,{{Drops|Name=Over-aspected Crystal|0|0}},A,ge-mob-pages
Deepvoid Soul,North Shroud,Camp Emerald Moss,,60,{{Drops|Name=Over-aspected Crystal|0|0}},A,ge-mob-pages
Deepvoid Soul,West Shroud,Camp Crimson Bark,,60,{{Drops|Name=Over-aspected Crystal|0|0}},A,ge-mob-pages
Deepvoid Soul,Central Thanalan,Camp Black Brush,,60,{{Drops|Name=Over-aspected Crystal|0|0}},A,ge-mob-pages
Deepvoid Soul,Western Thanalan,Camp Horizon,,60,{{Drops|Name=Over-aspected Crystal|0|0}},A,ge-mob-pages
Deepvoid Warrior,Mor Dhona,Camp Brittlebark,,60,{{Drops|Name=Over-aspected Crystal|0|0}},A,ge-mob-pages
Deepvoid Warrior,Mor Dhona,Camp Revenant's Toll,,60,{{Drops|Name=Over-aspected Crystal|0|0}},A,ge-mob-pages
Deepvoid Warrior,Coerthas Central Lowlands,Camp Ever Lakes,,60,{{Drops|Name=Over-aspected Crystal|0|0}},A,ge-mob-pages
Deepvoid Warrior,Coerthas Eastern Lowlands,Camp Glory,,60,{{Drops|Name=Over-aspected Crystal|0|0}},A,ge-mob-pages
Deepvoid Warrior,Northern Thanalan,Camp Bluefog,,60,{{Drops|Name=Over-aspected Crystal|0|0}},A,ge-mob-pages
Deepvoid Warrior,Coerthas Central Highlands,Camp Dragonhead,,60,{{Drops|Name=Over-aspected Crystal|0|0}},A,ge-mob-pages
Deepvoid Warrior,North Shroud,Camp Emerald Moss,,60,{{Drops|Name=Over-aspected Crystal|0|0}},A,ge-mob-pages
Deepvoid Warrior,West Shroud,Camp Crimson Bark,,60,{{Drops|Name=Over-aspected Crystal|0|0}},A,ge-mob-pages
Deepvoid Warrior,Central Thanalan,Camp Black Brush,,60,{{Drops|Name=Over-aspected Crystal|0|0}},A,ge-mob-pages
Deepvoid Warrior,Western Thanalan,Camp Horizon,,60,{{Drops|Name=Over-aspected Crystal|0|0}},A,ge-mob-pages
Deepvoid Watcher,Mor Dhona,Camp Brittlebark,,60,{{Drops|Name=Over-aspected Crystal|0|0}},A,ge-mob-pages
Deepvoid Watcher,Mor Dhona,Camp Revenant's Toll,,60,{{Drops|Name=Over-aspected Crystal|0|0}},A,ge-mob-pages
Deepvoid Watcher,Coerthas Central Lowlands,Camp Ever Lakes,,60,{{Drops|Name=Over-aspected Crystal|0|0}},A,ge-mob-pages
Deepvoid Watcher,Coerthas Eastern Lowlands,Camp Glory,,60,{{Drops|Name=Over-aspected Crystal|0|0}},A,ge-mob-pages
Deepvoid Watcher,Northern Thanalan,Camp Bluefog,,60,{{Drops|Name=Over-aspected Crystal|0|0}},A,ge-mob-pages
Deepvoid Wizard,Coerthas Central Lowlands,Camp Ever Lakes,,60,{{Drops|Name=Over-aspected Crystal|0|0}},A,ge-mob-pages
Deepvoid Wizard,Coerthas Eastern Lowlands,Camp Glory,,60,{{Drops|Name=Over-aspected Crystal|0|0}},A,ge-mob-pages
Deepvoid Wizard,Northern Thanalan,Camp Bluefog,,60,{{Drops|Name=Over-aspected Crystal|0|0}},A,ge-mob-pages
Delta Crab,Central Shroud,,Underneath the Shell,30-42,"{{Drops|Name=Megalocrab Leg|0|3}},{{Drops|Name=Malm Kelp|0|3}},{{Drops|Name=Green Megalocrab Shell|0|3}}",P,ge-mob-pages
Delta Crab,North Shroud,,,,"{{Drops|Name=Megalocrab Leg||}},{{Drops|Name=Silver Fish Hook||}},{{Drops|Name=Malm Kelp||}},{{Drops|Name=Green Stainsand||}},{{Drops|Name=Blue Stainsand||}},{{Drops|Name=Green Megalocrab Shell||}}",P,ge-mob-pages
Delta Crab,South Shroud,,,,"{{Drops|Name=Megalocrab Leg||}},{{Drops|Name=Silver Fish Hook||}},{{Drops|Name=Malm Kelp||}},{{Drops|Name=Green Stainsand||}},{{Drops|Name=Blue Stainsand||}},{{Drops|Name=Green Megalocrab Shell||}}",P,ge-mob-pages
Delta Crab,The Mun-Tuy Cellars,,Crabs in the Cellar,,"{{Drops|Name=Megalocrab Leg||}},{{Drops|Name=Silver Fish Hook||}},{{Drops|Name=Malm Kelp||}},{{Drops|Name=Green Stainsand||}},{{Drops|Name=Blue Stainsand||}},{{Drops|Name=Green Megalocrab Shell||}}",P,ge-mob-pages
Desert Peiste,Eastern Thanalan,,,,,A,ge-mob-pages
Devilet,Western La Noscea,,,,"{{Drops|Name=Imp Wing||}},{{Drops|Name=Black Pepper||}},{{Drops|Name=Wildfowl Feather||}},{{Drops|Name=Chocobo Feather||}},{{Drops|Name=Disabling Powder||}}",A,ge-mob-pages
Devilet,The Tam-Tara Deepcroft,,,41-44,"{{Drops|Name=Imp Wing|2|5}},{{Drops|Name=Black Pepper|1|5}},{{Drops|Name=Wildfowl Feather|1|5}},{{Drops|Name=Chocobo Feather|1|5}}",A,ge-mob-pages
Dew Hare,South Shroud,,,,"{{Drops|Name=Muddy Water||}},{{Drops|Name=Acidic Secretions||}},{{Drops|Name=Thyme||}},{{Drops|Name=Red Coral||}},{{Drops|Name=Blue Coral||}}",P,ge-mob-pages
Dew Hare,West Shroud,31-15,,,"{{Drops|Name=Muddy Water||}},{{Drops|Name=Acidic Secretions||}},{{Drops|Name=Thyme||}},{{Drops|Name=Red Coral||}},{{Drops|Name=Blue Coral||}}",P,ge-mob-pages
Diamond-tooth Hedgemole,The Dzemael Darkhold,,,52,,A,ge-mob-pages
Dire Dormouse,East Shroud,,What the Devilet Dons,40-52,"{{Drops|Name=Iron Acorn|2|4}},{{Drops|Name=Dormouse Pelt|1|4}}",P,ge-mob-pages
Dire Dormouse,Central Shroud,,Reforesting Humblehearth,,,P,ge-mob-pages
Dire Rat,Eastern La Noscea,"34-17, 37-25, 38-25, 35-21, 35-17",,12 - 19,"{{Drops|Name=Bronze Arrowheads||}}, {{Drops|Name=Rat Pelt||}}, {{Drops|Name=Bone Chip||}}, {{Drops|Name=Cloves||}}, {{Drops|Name=Rat Tail||}}, {{Drops|Name=Rock Salt||}}",P,ge-mob-pages
Diremite,Northern Thanalan,,,,,A,ge-mob-pages
Diremite,Mor Dhona,,,,,A,ge-mob-pages
Diremite Straggler,Mun-Tuy Cellars,4-6,Seeds of Initiative,35,"{{Drops|Name=Diremite Sinew|Link=|1|1}}, {{Drops|Name=Diremite Web |Link=|1|1}}",A,ge-mob-pages
Dirty Mongrel,Upper La Noscea,,Mutton over Mongrels,,,A,ge-mob-pages
Dodo (1.x),Eastern La Noscea,"37-23, 38-23, 37-20, 38-17",,20 - 24,"{{Drops|Name=Dodo Feather||}},{{Drops|Name=Dodo Tenderloin||}},{{Drops|Name=Dodo Skin||}},{{Drops|Name=Dodo Egg||}}",P,ge-mob-pages
Dodo (1.x),Lower La Noscea,,,15 - 19,"{{Drops|Name=Dodo Feather||}},{{Drops|Name=Dodo Tenderloin||}},{{Drops|Name=Dodo Skin||}},{{Drops|Name=Dodo Egg||}},{{Drops|Name=Salt Leek||}}",P,ge-mob-pages
Dodo (1.x),Western La Noscea,,,15 - 19,"{{Drops|Name=Dodo Feather|7|10}},{{Drops|Name=Dodo Tenderloin|4|10}},{{Drops|Name=Dodo Skin|2|10}},{{Drops|Name=Dodo Skin +1|Link=Dodo Skin|1|10}},{{Drops|Name=Dodo Egg|0|10}},{{Drops|Name=Salt Leek|0|10}}",P,ge-mob-pages
Dodo (1.x),Eastern Thanalan,,,15 - 19,"{{Drops|Name=Dodo Feather||}},{{Drops|Name=Dodo Tenderloin||}},{{Drops|Name=Dodo Skin||}},{{Drops|Name=Dodo Egg||}},{{Drops|Name=Salt Leek||}}",P,ge-mob-pages
Dodo (1.x),Western Thanalan,10-28,,20 - 24,"{{Drops|Name=Dodo Feather||}},{{Drops|Name=Dodo Tenderloin||}},{{Drops|Name=Dodo Skin||}},{{Drops|Name=Dodo Egg||}}",P,ge-mob-pages
Dodore,Mor Dhona,Brittlebark,,60,"{{Drops|Name=Dodore Wing|0|1}}, {{Drops|Name=Chocobo Feather |1|1}}, {{Drops|Name=Wyvern Obsidian|1|1}}, {{Drops|Name=Vampire Plant|1|1}}",A,ge-mob-pages
Dodore's Minion,Mor Dhona,,,55,"{{Drops|Name=Ahriman Wing||}}, {{Drops|Name=Chocobo Feather||}}, {{Drops|Name=Obsidian||}}",A,ge-mob-pages
Doomvoid Guivre,East Shroud,,,,,A,ge-mob-pages
Doomvoid Guivre,West Shroud,36-9,,,,A,ge-mob-pages
Doomvoid Guivre,North Shroud,19-10,,,,A,ge-mob-pages
Dormouse,East Shroud,,,,,P,ge-mob-pages
Dormouse,Upper La Noscea,27-11,,40 - 44,"{{Drops|Name=Buffalo Beans||}}, {{Drops|Name=Bronze Swallowtail Arrowheads||}}, {{Drops|Name=Dormouse Pelt||}}, {{Drops|Name=Iron Acorn||}}, {{Drops|Name=Moko Grass||}}",P,ge-mob-pages
Downcast Hippocerf,Eastern La Noscea,,,,"{{Drops|Name=Hippogryph Talon||}},{{Drops|Name=Hippogryph Sinew||}}",A,ge-mob-pages
Downcast Hippocerf,Lower La Noscea,,Necrologos: Lords of Skyey Realms,,"{{Drops|Name=Hippogryph Talon||}},{{Drops|Name=Hippogryph Sinew||}}",A,ge-mob-pages
Downcast Hippocerf,South Shroud,,,,"{{Drops|Name=Hippogryph Talon||}},{{Drops|Name=Hippogryph Sinew||}}",A,ge-mob-pages
Downcast Hippocerf,The Mun-Tuy Cellars,,Necrologos: The Moons' Mistress,,"{{Drops|Name=Hippogryph Talon||}},{{Drops|Name=Hippogryph Sinew||}}",A,ge-mob-pages
Downcast Hippocerf,Western Thanalan,,,,"{{Drops|Name=Hippogryph Talon||}},{{Drops|Name=Hippogryph Sinew||}}",A,ge-mob-pages
Downy Dunstan,Coerthas,49-32,,,"{{Drops|Name=Leather Harness|0|23}}, {{Drops|Name=Mutton Loin|9|23}}, {{Drops|Name=Flax|1|3}}, {{Drops|Name=Velveteen Gown|0|23}}, {{Drops|Name=Velveteen Shirt|4|23}}, {{Drops|Name=Karakul Skin|0|23}}, {{Drops|Name=Canvas Cowl|0|23}}, {{Drops|Name=Ram Horn|7|23}}, {{Drops|Name=Mercenary's Chainmail|0|23}}, {{Drops|Name=Loyalist's Bliaud|4|23}}, {{Drops|Name=Steel Chainmail|2|23}}, {{Drops|Name=Velveteen Robe|7|23}}, {{Drops|Name=Karakul Fleece|9|23}}, {{Drops|Name=Linen Shirt|2|23}}",P,ge-mob-pages
Drake Familiar,South Shroud,42-48,Breaking the Seals,19,,A,ge-mob-pages
Dreadwolf,The Mun-Tuy Cellars,5-6,,,,A,ge-mob-pages
Dreadwolf,Coerthas Eastern Lowlands,59-61,,,,A,ge-mob-pages
Dreadwolf,Central Shroud,"21-31, 27-35",,25-26,{{Drops|Name=Wolf Hide|1|2}},A,ge-mob-pages
Dreamtoad,Coerthas Central Highlands,,Wanted: Toadsquatter Femomo,,,,ge-mob-pages
Dreamtoad,Upper La Noscea,,Great Hoary Toads,,,,ge-mob-pages
Dreamtoad,Western La Noscea,,Dropping Like Flies,,,,ge-mob-pages
Dreamtoad,North Shroud,,"A Toad's Taste, Do Toads Dream",40-52,{{Drops|Name=Gigantoad Skin|1|5}},A,ge-mob-pages
Drifting Anemone,Upper La Noscea,,"Soft Targets, Sharing the Load",,"{{Drops|Name=Jellyfish Umbrella||}},{{Drops|Name=Jellyfish Cnida||}},{{Drops|Name=Sunrise Tellin||}},{{Drops|Name=Blacklip Oyster||}},{{Drops|Name=Uncultured Pearl||}},{{Drops|Name=Finger Shrimp||}}",,ge-mob-pages
Drifting Anemone,Western La Noscea,,,,"{{Drops|Name=Jellyfish Umbrella||}},{{Drops|Name=Jellyfish Cnida||}},{{Drops|Name=Sunrise Tellin||}},{{Drops|Name=Blacklip Oyster||}},{{Drops|Name=Uncultured Pearl||}},{{Drops|Name=Finger Shrimp||}}",,ge-mob-pages
Drifting Anemone,North Shroud,,,,"{{Drops|Name=Jellyfish Umbrella||}},{{Drops|Name=Jellyfish Cnida||}},{{Drops|Name=Sunrise Tellin||}},{{Drops|Name=Blacklip Oyster||}},{{Drops|Name=Uncultured Pearl||}},{{Drops|Name=Finger Shrimp||}}",,ge-mob-pages
Drifting Aurelia,Upper La Noscea,,Soft Targets,,"{{Drops|Name=Jellyfish Cnida||}},{{Drops|Name=Jellyfish Umbrella||}},{{Drops|Name=Finger Shrimp||}},{{Drops|Name=Miter Shell||}},{{Drops|Name=Scallop Shell||}}",,ge-mob-pages
Drifting Aurelia,Western La Noscea,,,,"{{Drops|Name=Jellyfish Cnida||}},{{Drops|Name=Jellyfish Umbrella||}},{{Drops|Name=Finger Shrimp||}},{{Drops|Name=Miter Shell||}},{{Drops|Name=Scallop Shell||}}",,ge-mob-pages
Drifting Aurelia,North Shroud,,,,"{{Drops|Name=Jellyfish Cnida||}},{{Drops|Name=Jellyfish Umbrella||}},{{Drops|Name=Finger Shrimp||}},{{Drops|Name=Miter Shell||}},{{Drops|Name=Scallop Shell||}}",,ge-mob-pages
Drifting Dud,Western Thanalan,"8,22",,23-26,"{{Drops|Name=Latex|58|160}},{{Drops|Name=Bomb Arm|40|160}},{{Drops|Name=Brimstone|14|160}},{{Drops|Name=Bomb Ash|52|160}}",A,ge-mob-pages
Drifting Mine,Lower La Noscea,,Necrologos: Elemental Thralldom,,,,ge-mob-pages
Drifting Mine,Eastern La Noscea,,Behest,,,,ge-mob-pages
Drunken Dormouse,The Mun-Tuy Cellars,,"Best Cellars, Sly Spirits",30-42,"{{Drops|Name=Iron Acorn|9|17}},{{Drops|Name=Laurel|8|17}},{{Drops|Name=Almonds|3|17}},{{Drops|Name=Dragon Pepper|4|17}},{{Drops|Name=Midland Cabbage|8|17}}",P,ge-mob-pages
Drybone Shrew,Eastern Thanalan,43-18,,,"{{Drops|Name=Bloodworm|5|20}}, {{Drops|Name=Formic Acid|4|20}}, {{Drops|Name=Mole Meat|4|20}}, {{Drops|Name=Mole Sinew|4|20}}",P,ge-mob-pages
Dune Bogy,Central Thanalan,,Flambert's Forgetfulness,,Wraith Cloth,,ge-mob-pages
Dusty Devilet,The Mun-Tuy Cellars,,Swimming in Suds,30-42,"{{Drops|Name=Chocobo Feather|1|6}},{{Drops|Name=Wildfowl Feather|2|6}},{{Drops|Name=Wild Onion|3|6}},{{Drops|Name=Salt Leek|1|6}},{{Drops|Name=Black Pepper|1|6}}",A,ge-mob-pages
Dusty Mongrel,Western Thanalan,7-27,,40 - 41,,A,ge-mob-pages
Dusty Mongrel,Northern Thanalan,9-20,,,,A,ge-mob-pages
Dusty Mongrel,Northern Thanalan,25-8,,45-49,"{{Drops|Name=Prickly Pineapple|7|12}}, {{Drops|Name=Hyena Fang|10|12}}",A,ge-mob-pages
Dwarf Banemite,Central Shroud,,,,,A,ge-mob-pages
Dwarf Banemite,East Shroud,,,,,A,ge-mob-pages
Dwarf Banemite,Central Thanalan,,,,,A,ge-mob-pages
Dwarf Diremite,North Shroud,,,,,A,ge-mob-pages
Dwarf Diremite,Southern Thanalan,"43-39, 44-39",,,,A,ge-mob-pages
Earth Elemental,Lower La Noscea,,,30-39,"{{Drops|Name=Eye of Earth|Link=|0|0}}, {{Drops|Name=Earth Moraine|Link=|0|0}}, {{Drops|Name=Radiant Earth Moraine|Link=|0|0}}",A,ge-mob-pages
Earth Elemental,East Shroud,,The All-seeing Eyes,40-52,"{{Drops|Name=Eye of Earth|Link=|0|2}}, {{Drops|Name=Earth Moraine|Link=|0|2}}, {{Drops|Name=Radiant Earth Moraine|Link=|0|2}}",A,ge-mob-pages
Earth Elemental,North Shroud,,,40-68,"{{Drops|Name=Eye of Earth|Link=|0|0}}, {{Drops|Name=Earth Moraine|Link=|0|0}}, {{Drops|Name=Radiant Earth Moraine|Link=|0|0}}",A,ge-mob-pages
Earth Elemental,The Mun-Tuy Cellars,,Orbs for the Ceremony,30-68,"{{Drops|Name=Eye of Earth|Link=|0|0}}, {{Drops|Name=Earth Moraine|Link=|0|0}}, {{Drops|Name=Radiant Earth Moraine|Link=|0|0}}",A,ge-mob-pages
Earth Elemental,Lower La Noscea,,,30-54,"{{Drops|Name=Eye of Earth|Link=|0|0}}, {{Drops|Name=Earth Moraine|Link=|0|0}}, {{Drops|Name=Radiant Earth Moraine|Link=|0|0}}",A,ge-mob-pages
Earth Elemental,Cassiopeia Hollow,,,30-54,"{{Drops|Name=Eye of Earth|Link=|0|0}}, {{Drops|Name=Earth Moraine|Link=|0|0}}, {{Drops|Name=Radiant Earth Moraine|Link=|0|0}}",A,ge-mob-pages
Earth Elemental,Western La Noscea,,,40-49,"{{Drops|Name=Eye of Earth|Link=|0|0}}, {{Drops|Name=Earth Moraine|Link=|0|0}}, {{Drops|Name=Radiant Earth Moraine|Link=|0|0}}",A,ge-mob-pages
Earth Elemental,Eastern La Noscea,,,70-75,"{{Drops|Name=Eye of Earth|Link=|0|0}}, {{Drops|Name=Earth Moraine|Link=|0|0}}, {{Drops|Name=Radiant Earth Moraine|Link=|0|0}}",A,ge-mob-pages
Earthbound Wrath,Central Shroud,Sorrel Haven,The Chorus of Cataclysm,55,,A,ge-mob-pages
Eftstool,The Aurum Vale,,,55,,A,ge-mob-pages
Elder Longhorn,Locke's Lie,,Skirmish,55,,A,ge-mob-pages
Elder Mosshorn,Western Thanalan,Between 17-33 and 19-36,,60,{{Drops|Name=Mossy Horn||}},A,ge-mob-pages
Elite Bestiarius,Coerthas Eastern Lowlands,,,30,,A,ge-mob-pages
Elite Bestiarius,Lower La Noscea,26-31,Imperial Invasion (Event),50+,"{{Drops|Name=Faded Page|0|0}}, {{Drops|Name=Elixir|0|0}}",A,ge-mob-pages
Elite Bestiarius,Central Shroud,25-28,Imperial Invasion (Event),50+,"{{Drops|Name=Faded Page|0|0}}, {{Drops|Name=Elixir|0|0}}",A,ge-mob-pages
Elite Bestiarius,Central Thanalan,25-26,Imperial Invasion (Event),50+,"{{Drops|Name=Faded Page|0|0}}, {{Drops|Name=Elixir|0|0}}",A,ge-mob-pages
Elite Eques,Castrum Novum,,,56,,A,ge-mob-pages
Elite Funditor,Lower La Noscea,26-31,Imperial Invasion (Event),50+,"{{Drops|Name=Faded Page|0|0}}, {{Drops|Name=Elixir|0|0}}",A,ge-mob-pages
Elite Funditor,Central Shroud,25-28,Imperial Invasion (Event),50+,"{{Drops|Name=Faded Page|0|0}}, {{Drops|Name=Elixir|0|0}}",A,ge-mob-pages
Elite Funditor,Central Thanalan,25-26,Imperial Invasion (Event),50+,"{{Drops|Name=Faded Page|0|0}}, {{Drops|Name=Elixir|0|0}}",A,ge-mob-pages
Elite Hoplomachus,Castrum Novum,,,56,,A,ge-mob-pages
Elite Laquearius,Castrum Novum,,,56,,A,ge-mob-pages
Elite Medicus,Castrum Novum,,,56,,A,ge-mob-pages
Elite Sagitarius,Castrum Novum,,,56,,A,ge-mob-pages
Elite Secutor,Castrum Novum,,,56,,A,ge-mob-pages
Elite Signifer,Castrum Novum,,,56,,A,ge-mob-pages
Elite Speculator,Lower La Noscea,26-31,Imperial Invasion (Event),50+,"{{Drops|Name=Faded Page|0|0}}, {{Drops|Name=Elixir|0|0}}",A,ge-mob-pages
Elite Speculator,Central Shroud,25-28,Imperial Invasion (Event),50+,"{{Drops|Name=Faded Page|0|0}}, {{Drops|Name=Elixir|0|0}}",A,ge-mob-pages
Elite Speculator,Central Thanalan,25-26,Imperial Invasion (Event),50+,"{{Drops|Name=Faded Page|0|0}}, {{Drops|Name=Elixir|0|0}}",A,ge-mob-pages
Elite Triarius,Coerthas Eastern Lowlands,,,30,,A,ge-mob-pages
Elite Triarius,Lower La Noscea,26-31,Imperial Invasion (Event),50+,"{{Drops|Name=Faded Page|0|0}}, {{Drops|Name=Elixir|0|0}}",A,ge-mob-pages
Elite Triarius,Central Shroud,25-28,Imperial Invasion (Event),50+,"{{Drops|Name=Faded Page|0|0}}, {{Drops|Name=Elixir|0|0}}",A,ge-mob-pages
Elite Triarius,Central Thanalan,25-26,Imperial Invasion (Event),50+,"{{Drops|Name=Faded Page|0|0}}, {{Drops|Name=Elixir|0|0}}",A,ge-mob-pages
Emerald Bee Swarm,North Shroud,"19-17, 19-22",,10-14,"{{Drops|Name=Beehive Chip|0|0}}, {{Drops|Name=Honey| 0|0}}, {{Drops|Name=Silex| 0|0}}",A,ge-mob-pages
Emerald Salamander,Eastern La Noscea,37-14,,,,A,ge-mob-pages
Emperor Apkallu,Eastern La Noscea,,,,"{{Drops|Name=Apkallu Egg||}},{{Drops|Name=Apkallu Down||}},{{Drops|Name=Jellyfish Umbrella||}},{{Drops|Name=Saber Sardine||}},{{Drops|Name=Wahoo||}}",A,ge-mob-pages
Emperor Apkallu,Upper La Noscea,23-11,,,"{{Drops|Name=Apkallu Egg||}},{{Drops|Name=Apkallu Down||}},{{Drops|Name=Jellyfish Umbrella||}},{{Drops|Name=Saber Sardine||}},{{Drops|Name=Wahoo||}}",A,ge-mob-pages
Errant Soul,Central Thanalan,"29-24, 30-21, 32-21",,,"{{Drops|Name=Cotton Fent|0|3}},{{Drops|Name=Hempen Fent|3|3}},{{Drops|Name=Hempen Yarn|0|3}},{{Drops|Name=Undyed Hempen Cloth|0|3}},{{Drops|Name=Undyed Cotton Cloth||}}",A,ge-mob-pages
Errant Spirt,Central Shroud,,,,"{{Drops|Name=Undyed Hempen Cloth||}},{{Drops|Name=Cotton Fent||}},{{Drops|Name=Undyed Cotton Cloth||}},{{Drops|Name=Hempen Fent||}},{{Drops|Name=Hempen Yarn||}}",,ge-mob-pages
Escaped Goobbue,Ul'dah,,Flowers for All,1,{{Drops|Name=Velodyna Cosmos||}},,ge-mob-pages
Estinien Wyrmblood,Coerthas,,Into the Dragon's Maw,,,A,ge-mob-pages
Eurylochus,Locke's Lie,,Skirmish,55,,A,ge-mob-pages
Evenfall Firefly,Central Shroud,,"Light for the Rites, An Old Fashioned Exorcism",,,,ge-mob-pages
Evenfall Firefly,South Shroud,,"Leaders of the Pack, Hidden Behind a Hide",,,,ge-mob-pages
Evil Eye,Mor Dhona,,,,,A,ge-mob-pages
Evil Eye,Central Shroud,,,,,A,ge-mob-pages
Evil Eye,Central Thanalan,33-34,,55-58,,A,ge-mob-pages
Eyetrap,Central Shroud,,,55 - 59,,A,ge-mob-pages
Fachan,East Shroud,,The All-seeing Eyes,,{{Drops|Name=Ahriman Wing|2|7}},A,ge-mob-pages
Fachan,North Shroud,,All Treespeak is a Stage,,{{Drops|Name=Ahriman Wing|0|7}},A,ge-mob-pages
Faerie Funguar,South Shroud,,,,"{{Drops|Name=Cotton Boll||}}, {{Drops|Name=Shriekshroom||}}, {{Drops|Name=Willow Log||}}",,ge-mob-pages
Fallen Archmage,Lower La Noscea,,,,,,ge-mob-pages
Fallen Archmage,Eastern La Noscea,,,,,,ge-mob-pages
Fallen Archmage,Central Thanalan,,,,,,ge-mob-pages
Fallen Captain,Mor Dhona,,,,"{{Drops|Name=Bronze Arrow||}},{{Drops|Name=Iron Chain||}},{{Drops|Name=Iron Plate||}}",,ge-mob-pages
Fallen Captain,Lower La Noscea,,,,"{{Drops|Name=Bronze Arrow||}},{{Drops|Name=Iron Chain||}},{{Drops|Name=Iron Plate||}}",,ge-mob-pages
Fallen Captain,Eastern La Noscea,,,,"{{Drops|Name=Bronze Arrow||}},{{Drops|Name=Iron Chain||}},{{Drops|Name=Iron Plate||}}",,ge-mob-pages
Fallen Captain,Upper La Noscea,,,,"{{Drops|Name=Bronze Arrow||}},{{Drops|Name=Iron Chain||}},{{Drops|Name=Iron Plate||}}",,ge-mob-pages
Fallen Captain,North Shroud,,,,"{{Drops|Name=Bronze Arrow||}},{{Drops|Name=Iron Chain||}},{{Drops|Name=Iron Plate||}}",,ge-mob-pages
Fallen Captain,West Shroud,,,,"{{Drops|Name=Bronze Arrow||}},{{Drops|Name=Iron Chain||}},{{Drops|Name=Iron Plate||}}",,ge-mob-pages
Fallen Captain,Central Thanalan,,,,"{{Drops|Name=Bronze Arrow||}},{{Drops|Name=Iron Chain||}},{{Drops|Name=Iron Plate||}}",,ge-mob-pages
Fallen Captain,Eastern Thanalan,,,,"{{Drops|Name=Bronze Arrow||}},{{Drops|Name=Iron Chain||}},{{Drops|Name=Iron Plate||}}",,ge-mob-pages
Fallen Captain,Western Thanalan,,,,"{{Drops|Name=Bronze Arrow||}},{{Drops|Name=Iron Chain||}},{{Drops|Name=Iron Plate||}}",,ge-mob-pages
Fallen Captain,Northern Thanalan,9-17 in cave accesible at 9-18,,,"{{Drops|Name=Bronze Arrow||}},{{Drops|Name=Iron Chain||}},{{Drops|Name=Iron Plate||}}",,ge-mob-pages
Fallen Captain,Southern Thanalan,,,,"{{Drops|Name=Bronze Arrow||}},{{Drops|Name=Iron Chain||}},{{Drops|Name=Iron Plate||}}",,ge-mob-pages
Fallen Mage,Lower La Noscea,,,57 - 64,{{Drops|Name=Flax||}},,ge-mob-pages
Fallen Mage,Upper La Noscea,,,60 - 64,{{Drops|Name=Flax||}},,ge-mob-pages
Fallen Mage,Central Thanalan,,,60 - 64,{{Drops|Name=Flax||}},,ge-mob-pages
Fallen Pikeman,Eastern La Noscea,,,65 - 74,"{{Drops|Name=Iron Chain||}},{{Drops|Name=Iron Plate||}}",A,ge-mob-pages
Fallen Pikeman,Western La Noscea,,,65 - 69,"{{Drops|Name=Iron Chain||}},{{Drops|Name=Iron Plate||}}",A,ge-mob-pages
Fallen Pikeman,Upper La Noscea,20-11 in cave accessible at 21-11,,70 - 74,,A,ge-mob-pages
Fallen Pikeman,East Shroud,,,70 - 74,,A,ge-mob-pages
Fallen Pikeman,Eastern Thanalan,49-25 in a cave,,65 - 69,"{{Drops|Name=Iron Chain||}},{{Drops|Name=Iron Plate||}}",A,ge-mob-pages
Fallen Pikeman,Northern Thanalan,,,65 - 69,"{{Drops|Name=Iron Chain||}},{{Drops|Name=Iron Plate||}}",A,ge-mob-pages
Fallen Pikeman,Southern Thanalan,,,70 - 74,,A,ge-mob-pages
Fallen Soldier,Lower La Noscea,,,55 - 64,"{{Drops|Name=Bronze Arrow||}},{{Drops|Name=Iron Chain||}},{{Drops|Name=Iron Plate||}}",A,ge-mob-pages
Fallen Soldier,Upper La Noscea,,,60 - 64,"{{Drops|Name=Bronze Arrow||}},{{Drops|Name=Iron Plate||}}",A,ge-mob-pages
Fallen Soldier,Central Shroud,27-40 in a cave,,55 - 59,"{{Drops|Name=Bronze Arrow||}},{{Drops|Name=Iron Chain||}},{{Drops|Name=Iron Plate||}}",A,ge-mob-pages
Fallen Soldier,East Shroud,,,60 - 64,"{{Drops|Name=Bronze Arrow||}},{{Drops|Name=Iron Plate||}}",A,ge-mob-pages
Fallen Soldier,Central Thanalan,32-36,,55 - 64,"{{Drops|Name=Bronze Arrow||}},{{Drops|Name=Iron Chain||}},{{Drops|Name=Iron Plate||}}",A,ge-mob-pages
Fallen Soldier,Southern Thanalan,,,60 - 64,"{{Drops|Name=Bronze Arrow||}},{{Drops|Name=Iron Plate||}}",A,ge-mob-pages
Fallen Wizard,Eastern La Noscea,,,65 - 74,"{{Drops|Name=Brass Plate||}},{{Drops|Name=Coal Tar||}},{{Drops|Name=Flax||}},{{Drops|Name=Iron Arrow||}}",,ge-mob-pages
Fallen Wizard,Western La Noscea,,,65 - 69,"{{Drops|Name=Brass Plate||}},{{Drops|Name=Coal Tar||}},{{Drops|Name=Flax||}},{{Drops|Name=Iron Arrow||}}",,ge-mob-pages
Fallgourd Funguar,Central Shroud,35-45,,10 -14,"{{Drops|Name=Cotton Boll||}}, {{Drops|Name=Shriekshroom||}}, {{Drops|Name=Willow Log||}}",,ge-mob-pages
Fallgourd Funguar,South Shroud,44-48,,,,,ge-mob-pages
Fat Dodo,Lower La Noscea,,,25 - 29,"{{Drops|Name=Dodo Feather|0|0}}, {{Drops|Name=Dodo Tenderloin|0|0}}, {{Drops|Name=Dodo Skin|0|0}}, {{Drops|Name=Dodo Egg|0|0}}, {{Drops|Name=Salt Leek|0|0}}, {{Drops|Name=Paprika|0|0}}",P,ge-mob-pages
Fat Dodo,Western Thanalan,34-16,,30 - 34,"{{Drops|Name=Dodo Feather|0|0}}, {{Drops|Name=Dodo Tenderloin|0|0}}, {{Drops|Name=Dodo Skin|0|0}}, {{Drops|Name=Dodo Egg|0|0}}, {{Drops|Name=Salt Leek|0|0}}, {{Drops|Name=Paprika|0|0}}",P,ge-mob-pages
Fellbite Peiste,Southern Thanalan,,"Whipping the Curs, Dunesfolk for Dinner",40-52,{{Drops|Name=Mudstone|Link=|1|1}},A,ge-mob-pages
Fellbite Peiste,Eastern Thanalan,,"Stalking the Stalkers, Bigger Fish to Fry, Desert Defilement",,,A,ge-mob-pages
Feral Dodo,Lower La Noscea,,,,"{{Drops|Name=Dodo Feather||}},{{Drops|Name=Dodo Tenderloin||}},{{Drops|Name=Dodo Skin||}},{{Drops|Name=Dodo Egg||}},{{Drops|Name=Salt Leek||}}",P,ge-mob-pages
Feral Dodo,Western La Noscea,,Wyrston's Herd,,"{{Drops|Name=Dodo Feather||}},{{Drops|Name=Dodo Tenderloin||}},{{Drops|Name=Dodo Skin||}},{{Drops|Name=Dodo Egg||}},{{Drops|Name=Salt Leek||}}",P,ge-mob-pages
Feral Dodo,Cassiopeia Hollow,,,,"{{Drops|Name=Dodo Feather||}},{{Drops|Name=Dodo Tenderloin||}},{{Drops|Name=Dodo Skin||}},{{Drops|Name=Dodo Egg||}},{{Drops|Name=Salt Leek||}}",P,ge-mob-pages
Feral Dodo,Western Thanalan,,"A Drop in the Pond, Dodos and Popotoes",,"{{Drops|Name=Dodo Feather|0|6}},{{Drops|Name=Dodo Tenderloin|0|6}},{{Drops|Name=Dodo Skin|0|6}},{{Drops|Name=Dodo Egg|1|6}},{{Drops|Name=Salt Leek|0|6}},{{Drops|Name=Paprika|1|6}}",P,ge-mob-pages
Feral Watchdog,Central Shroud,Humblehearth,,30-39,"{{Drops|Name=Blood Currants|Link=|17|88}}, {{Drops|Name=Wolf Hide|Link= |22|88}}, {{Drops|Name=Wolf Fang|Link= |40|88}}",A,ge-mob-pages
Fevered Doe,Central Shroud,,The Root of the Problem,30 - 42,{{Drops|Name=Midland Basil| 1|8}},P,ge-mob-pages
Figgy Pudding,The Mun-Tuy Cellars,,Best Cellars,30-42,{{Drops|Name=Pudding Flesh|3|15}},A,ge-mob-pages
Fire Bomb,Lower La Noscea,,Bombs Away,,,,ge-mob-pages
Fire Elemental,Lower La Noscea,,,30-54,"{{Drops|Name=Fire Moraine|Link=|0|0}}, {{Drops|Name=Radiant Fire Moraine|Link=|0|0}}, {{Drops|Name=Eye of Fire|Link=|0|0}}",A,ge-mob-pages
Fire Elemental,Eastern Thanalan,,,40-49,"{{Drops|Name=Fire Moraine|Link=|0|0}}, {{Drops|Name=Radiant Fire Moraine|Link=|0|0}}, {{Drops|Name=Eye of Fire|Link=|0|0}}, {{Drops|Name=Fire Cluster|Link=|0|0}}",A,ge-mob-pages
Fire Elemental,Western Thanalan,Nophica's Wells,Secret of the Sewers,30-42,,A,ge-mob-pages
Fire Elemental,Eastern La Noscea,,,70-79,,A,ge-mob-pages
Firebound Wrath,Central Shroud,Sorrel Haven,The Chorus of Cataclysm,55,,A,ge-mob-pages
Firedrake,Coerthas Eastern Highlands,51-4,,,,A,ge-mob-pages
Firedrake,Coerthas Eastern Lowlands,56-26,,,,A,ge-mob-pages
Firefly,Lower La Noscea,,,,"{{Drops|Name=Formic Acid||}}, {{Drops|Name=Firefly Elytron||}}, {{Drops|Name=Flax||}}, {{Drops|Name=Moko Grass||}}",,ge-mob-pages
Firefly,Central Shroud,32-34,,,"{{Drops|Name=Cotton Boll||}}, {{Drops|Name=Flax||}}, {{Drops|Name=Moko Grass||}}",,ge-mob-pages
Firestarter Imp,Eastern La Noscea,,"An Imp in Sheep's Clothing, Fiend in the Flock, Escape from Cell B17",20 - 32,"{{Drops|Name=Cinderfoot Olive||}},{{Drops|Name=Imp Wing||}},{{Drops|Name=Crow Feather||}},{{Drops|Name=Bone Chip||}},{{Drops|Name=Vitriol||}},{{Drops|Name=Millioncorn}}",A,ge-mob-pages
Firestarter Imp,Lower La Noscea,,,10 - 26,"{{Drops|Name=Cinderfoot Olive||}},{{Drops|Name=Imp Wing||}},{{Drops|Name=Crow Feather||}},{{Drops|Name=Bone Chip||}},{{Drops|Name=Vitriol||}}",A,ge-mob-pages
Firestarter Imp,Western La Noscea,,"Burning Down the Houses, Behest: Camp Skull Valley",10 - 40,"{{Drops|Name=Cinderfoot Olive||}},{{Drops|Name=Imp Wing||}},{{Drops|Name=Crow Feather||}},{{Drops|Name=Bone Chip||}},{{Drops|Name=Vitriol||}}",A,ge-mob-pages
Firestarter Imp,Central Shroud,,,10 - 26,"{{Drops|Name=Cinderfoot Olive||}},{{Drops|Name=Imp Wing||}},{{Drops|Name=Crow Feather||}},{{Drops|Name=Bone Chip||}},{{Drops|Name=Vitriol||}}",A,ge-mob-pages
Firestarter Imp,North Shroud,,Tricks of the Traders,10 - 40,"{{Drops|Name=Cinderfoot Olive||}},{{Drops|Name=Imp Wing||}},{{Drops|Name=Crow Feather||}},{{Drops|Name=Bone Chip||}},{{Drops|Name=Vitriol||}}",A,ge-mob-pages
Firestarter Imp,South Shroud,,"Impish Intentions, Hidden Behind a Hide, Leaders of the Pack",20 - 40,"{{Drops|Name=Cinderfoot Olive||}},{{Drops|Name=Imp Wing||}},{{Drops|Name=Crow Feather||}},{{Drops|Name=Bone Chip||}},{{Drops|Name=Vitriol||}}",A,ge-mob-pages
Firestarter Imp,Eastern Thanalan,,,20 - 40,"{{Drops|Name=Cinderfoot Olive||}},{{Drops|Name=Imp Wing||}},{{Drops|Name=Crow Feather||}},{{Drops|Name=Bone Chip||}},{{Drops|Name=Vitriol||}}",A,ge-mob-pages
Firestarter Imp,Western Thanalan,,"Just One of the Dodos, The Devilet Inside",20 - 40,"{{Drops|Name=Cinderfoot Olive|0|2}},{{Drops|Name=Imp Wing|0|2}},{{Drops|Name=Crow Feather|0|2}},{{Drops|Name=Bone Chip|0|2}},{{Drops|Name=Vitriol|0|2}}",A,ge-mob-pages
Flamedrake,Western La Noscea,,,,,A,ge-mob-pages
Flamedrake,Eastern Thanalan,20-46,,,,A,ge-mob-pages
Flamedrake,Northern Thanalan,12-19,,,,A,ge-mob-pages
Flamedrake,Coerthas Central Highlands,41-15,,,,A,ge-mob-pages
Flamedrake,Coerthas Eastern Highlands,55-7,,,,A,ge-mob-pages
Flamefist Ahlygg Roh,Zahar'ak,,,59,"{{Drops|Name=Inferno Lamp|Link=Ifrit Bleeds We Can Kill It|100%}}, {{Drops|Name=Gold Zahar'ak Coffer Key|0|0}}, {{Drops|Name=Inferno Taper|Link=|0|0}}, {{Drops|Name=Darksteel Amalj'ok|Link=|0|0}}, {{Drops|Name=Thanalan Tea Leaves|Link=|0|0}}, {{Drops|Name=Buffalo Sirloin|Link=|0|0}}, {{Drops|Name=Sagolii Sage|Link=|0|0}}",A,ge-mob-pages
Floating Eye,The Tam-Tara Deepcroft,6-5,,40-42,{{Drops|Name=Ahriman Wing|1|3}},P,ge-mob-pages
Floating Eye,Mistbeard Cove,8-6,,40-44,"{{Drops|Name=Chocobo Feather|2|10}},{{Drops|Name=Ahriman Wing|7|10}}",A,ge-mob-pages
Flytrap,Western La Noscea,19-7,,40 - 45,,A,ge-mob-pages
Foraging Doe (1.x),South Shroud,,An Enemy in the Orchards,,,P,ge-mob-pages
Foraging Doe (1.x),North Shroud,,Necrologos: Rockbound Mists,40-52,"{{Drops|Name=Popoto|1|10}},{{Drops|Name=Midland Basil|2|10}},{{Drops|Name=Antelope Shank|1|10}}",P,ge-mob-pages
Forest Funguar,Central Shroud,28-29,,1-3,"{{Drops|Name=Cotton Boll|6|22}}, {{Drops|Name=Cotton Boll +1|Link=Cotton Boll|1|22}}, {{Drops|Name=Shriekshroom|4|22}}, {{Drops|Name=Shriekshroom +1|Link=Shriekshroom|0|22|}}, {{Drops|Name=Buffalo Beans|4|22}}, {{Drops|Name=Buffalo Beans+1|Link=Buffalo Beans|0|22|}}, {{Drops|Name=Kukuru Bean|1|22}}, {{Drops|Name=Kukuru Bean+1|Link=Kukuru Bean|0|22|}}",P,ge-mob-pages
Forest Roseling,North Shroud,,Help the Children,,,A,ge-mob-pages
Forsaken Soul,The Dzemael Darkhold,,,52,{{Drops|Name=Undyed Velveteen|Link=|0|0}},A,ge-mob-pages
Frenzied Aurelia,Y'shtola's Ship (Instance),,,,,,ge-mob-pages
Friar's Lantern,The Tam-Tara Deepcroft,,,35-39,,A,ge-mob-pages
Friar's Lantern,Copperbell Mines,3-4,,37-39,,A,ge-mob-pages
Frightened Cactuar,The Battle for the Golden Bazaar,38-19,The Battle for the Golden Bazaar,50,,P,ge-mob-pages
Frightened Lemur,The Battle for Hyrstmill,,The Battle for Hyrstmill,50,,P,ge-mob-pages
Fumbling Funguar,East Shroud,,Wanted: Alvara Sourkiss,,,,ge-mob-pages
Fumbling Funguar,North Shroud,,Fungicide,,,,ge-mob-pages
Furline Mosstrooper,North Shroud,,The Call of Nature,32,,A,ge-mob-pages
Furryfoot Kupli Kipp,Thornmarch,,A Feast of Fools,50,,A,ge-mob-pages
Gall Gnat,Mistbeard Cove,9-4,,48-49,,A,ge-mob-pages
Gall Gnat,Coerthas Central Highlands,34-28,,,,A,ge-mob-pages
Gall Gnat,Coerthas Western Highlands,18-24,,,,A,ge-mob-pages
Gall Gnat,Coerthas Eastern Lowlands,49-26,,,,A,ge-mob-pages
Gall Gnat,Western Thanalan,,,40 - 41,,A,ge-mob-pages
Game Dodo,Eastern La Noscea,,"Save the Lettuce Save the World, Escape from Cell B17,Fiend in the Flock",20-32,"{{Drops|Name=Dodo Feather||}},{{Drops|Name=Dodo Tenderloin||}},{{Drops|Name=Dodo Skin||}},{{Drops|Name=Dodo Egg||}},{{Drops|Name=Salt Leek||}}",P,ge-mob-pages
Game Dodo,Western Thanalan,,"The Lady's Bite, Just One of the Dodos",,"{{Drops|Name=Dodo Feather|0|4}},{{Drops|Name=Dodo Tenderloin|0|4}},{{Drops|Name=Dodo Skin|0|4}},{{Drops|Name=Dodo Egg|0|4}},{{Drops|Name=Salt Leek|0|4}}",P,ge-mob-pages
Gaoler's Lantern,The Thousand Maws of Toto-Rak,,,39,,A,ge-mob-pages
Garuda,The Howling Eye,,In for Garuda Wakening,,,A,ge-mob-pages
Garuda,The Howling Eye,,Taming the Tempest,,,A,ge-mob-pages
Gas Bomb,Copperbell Mines,4-5,Bombs Away,45-47,"{{Drops|Name=Latex|6|8}}, {{Drops|Name=Bomb Arm|5|8}}, {{Drops|Name=Brimstone|1|8}}",,ge-mob-pages
Gas Bomb,Copperbell Mines,"5-5, 4-6",,45-49,"{{Drops|Name=Latex|6|8}}, {{Drops|Name=Bomb Arm|5|8}}, {{Drops|Name=Brimstone|1|8}}, {{Drops|Name=Bomb Ash||}}",,ge-mob-pages
Gas Bomb,Western Thanalan,10-23,,,{{Drops|Name=Bomb Ash||}},,ge-mob-pages
Ghost Slug,Upper La Noscea,Caves,,,"{{Drops|Name=Muddy Water||}},{{Drops|Name=Laurel||}},{{Drops|Name=Viscous Secretions||}},{{Drops|Name=White Coral||}},{{Drops|Name=Hawksbill Shell||}}",P,ge-mob-pages
Giant Bat,Lower La Noscea,,,,"{{Drops|Name=Bat Fang||}},{{Drops|Name=Bat Wing||}}",A,ge-mob-pages
Giant Bat,Cassiopeia Hollow,,,,"{{Drops|Name=Bat Fang||}},{{Drops|Name=Bat Wing||}}",A,ge-mob-pages
Giant Bat,Central Shroud,,,,"{{Drops|Name=Bat Fang||}},{{Drops|Name=Bat Wing||}}",A,ge-mob-pages
Giant Bat,The Mun-Tuy Cellars,,,,"{{Drops|Name=Bat Fang||}},{{Drops|Name=Bat Wing||}}",A,ge-mob-pages
Giant Crab,Eastern La Noscea,"36-25, 38-25, 34/35-24/25, 37-25, 38-25 37-23, 37-19, 40-18, 35-15",,20-29,"{{Drops|Name=Megalocrab Leg|54|155}},{{Drops|Name=Megalocrab Leg +3|Link=Megalocrab Leg|7|155}},{{Drops|Name=Malm Kelp|3|155}},{{Drops|Name=Rothlyt Oyster|28|155}},{{Drops|Name=Rothlyt Oyster +3|Link=Rothlyt Oyster|3|155}}",P,ge-mob-pages
Giant Crab,Western La Noscea,8-23,,,"{{Drops|Name=Silver Fish Hook||}},{{Drops|Name=Megalocrab Leg||}},{{Drops|Name=Malm Kelp||}},{{Drops|Name=Green Stainsand||}},{{Drops|Name=Blue Stainsand||}},{{Drops|Name=Green Megalocrab Shell||}}",P,ge-mob-pages
Giant Gnat,Lower La Noscea,30-27,,32,{{Drops|Name=Rat Tail|Link=|1|1}},A,ge-mob-pages
Giant Remora,Shposhae,7-5 also 5-5 map 3,,19,"{{Drops|Name=Pirate's Bandana|3|15}}, {{Drops|Name=Jellyfish Umbrella|2|15}}, {{Drops|Name=Orobon Liver|3|15}}, {{Drops|Name=Marmot Pelt|1|15}}, {{Drops|Name=Black Sole|1|15}}, {{Drops|Name=Blue Coral|1|15}}",A,ge-mob-pages
Giant Slug,Cassiopeia Hollow,,Wanted: Ser Aucheforne of the High Tide,,"{{Drops|Name=Viscous Secretions||}},{{Drops|Name=Muddy Water||}},{{Drops|Name=Laurel||}},{{Drops|Name=White Coral||}},{{Drops|Name=Hawksbill Shell||}}",P,ge-mob-pages
Giant Slug,Central Shroud,,From the Sea to the Trees,,"{{Drops|Name=Viscous Secretions||}},{{Drops|Name=Muddy Water||}},{{Drops|Name=Laurel||}},{{Drops|Name=White Coral||}},{{Drops|Name=Hawksbill Shell||}}",P,ge-mob-pages
Giant Slug,North Shroud,,,,"{{Drops|Name=Viscous Secretions||}},{{Drops|Name=Muddy Water||}},{{Drops|Name=Laurel||}},{{Drops|Name=White Coral||}},{{Drops|Name=Hawksbill Shell||}}",P,ge-mob-pages
Gigantoad,Upper La Noscea,25-14,,,,A,ge-mob-pages
Gigantoad,West Shroud,Turning Leaf,,,{{Drops|Name=Unmarked Keystone|Link=|1|2}},A,ge-mob-pages
Gloom Lurker,Shposhae,7-5,,17-18,"{{Drops|Name=Steel Shposhae Coffer Key|3|28}}, {{Drops|Name=Obsidian|3|28}}, {{Drops|Name=Firepot|38|28}}, {{Drops|Name=Red Coral|5|28}}",A,ge-mob-pages
Gloom Seeker,Shposhae,5-4,,15,,P,ge-mob-pages
Glowfly,Central Shroud,33-37,,8 - 10,"{{Drops|Name=Cotton Boll||}}, {{Drops|Name=Flax||}}, {{Drops|Name=Moko Grass||}}, {{Drops|Name=Bronze Arrowheads||}}, {{Drops|Name=Firefly Elytron||}}",,ge-mob-pages
Glowfly,Lower La Noscea,29-26,,,"{{Drops|Name=Bronze Arrowheads||}}, {{Drops|Name=Cotton Boll||}}, {{Drops|Name=Firefly Elytron||}}, {{Drops|Name=Flax||}}, {{Drops|Name=Moko Grass||}}",,ge-mob-pages
Glowfly,Western La Noscea,,,,"{{Drops|Name=Cotton Boll|2|10}}, {{Drops|Name=Flax|1|10}}, {{Drops|Name=Moko Grass|1|10}}",,ge-mob-pages
Gluttonous Gertrude,Lower La Noscea,"31,32",,,"{{Drops|Name=Dodo Skin|1|2}}, {{Drops|Name=Dodo Feather|1|2}}, {{Drops|Name=Dodo Tenderloin|2|2}}, {{Drops|Name=Dodo Egg|1|2}}, {{Drops|Name=Salt Leek|0|2}}, {{Drops|Name=Velveteen Beret|0|2}}, {{Drops|Name=Velveteen Coif|0|2}}, {{Drops|Name=Velveteen Scarf|0|2}}, {{Drops|Name=Iron Barbut|0|2}}, {{Drops|Name=Shield of the Savage|0|2}}, {{Drops|Name=Steel Celata|0|2}}, {{Drops|Name=Linen Hat|1|2}}",P,ge-mob-pages
Goblin Bouncer,West Shroud,,,,"{{Drops|Name=Brass Gobcog||}}, {{Drops|Name=Ragstone Whetstone||}}",P,ge-mob-pages
Goblin Bouncer,North Shroud,,,,"{{Drops|Name=Brass Gobcog||}}, {{Drops|Name=Ragstone Whetstone||}}",P,ge-mob-pages
Goblin Bouncer,Northern Thanalan,,,,"{{Drops|Name=Brass Gobcog||}}, {{Drops|Name=Ragstone Whetstone||}}",P,ge-mob-pages
Goblin Bouncer,Western Thanalan,,,,"{{Drops|Name=Brass Gobcog||}}, {{Drops|Name=Ragstone Whetstone||}}",P,ge-mob-pages
Goblin Bouncer,South Shroud,,,,"{{Drops|Name=Brass Gobcog||}}, {{Drops|Name=Ragstone Whetstone||}}",P,ge-mob-pages
Goblin Bouncer,Coerthas Central Highlands,,,,"{{Drops|Name=Brass Gobcog||}}, {{Drops|Name=Ragstone Whetstone||}}",P,ge-mob-pages
Goblin Bouncer,Coerthas Eastern Lowlands,,,,"{{Drops|Name=Brass Gobcog||}}, {{Drops|Name=Ragstone Whetstone||}}",P,ge-mob-pages
Goblin Bouncer,Mor Dhona,"Brittlebark (11, 17)",,49-54,"{{Drops|Name=Black Pearl |10|20}}, {{Drops|Name=Blunt Goblin Longsword |1 |20}}, {{Drops|Name=Brass Gobcog |5 |20}}, {{Drops|Name=Marjoram |7 |20}}, {{Drops|Name=Ragstone Whetstone |4 |20}}, {{Drops|Name=White Truffle |6 |20}}",P,ge-mob-pages
Goblin Braggadocio,North Shroud,,,55,"{{Drops|Name=Woolen Sleeves (Red)||}}, {{Drops|Name=Broken Goblin Longsword||}}, {{Drops|Name=Goblin Mask||}}, {{Drops|Name=Basilisk Whetstone||}}, {{Drops|Name=Grenade Arm||}}",,ge-mob-pages
Goblin Freesword,North Shroud,,,,"{{Drops|Name=Broken Goblin Dagger||}}, {{Drops|Name=Brass Gobcog||}}, {{Drops|Name=Goblin Mask||}}, {{Drops|Name=Acorn Cookie||}}, {{Drops|Name=Mudstone ||}}",,ge-mob-pages
Goblin Freesword,East Shroud,,,,"{{Drops|Name=Broken Goblin Gladius||}}, {{Drops|Name=Brass Gobcog||}}, {{Drops|Name=Goblin Mask||}}, {{Drops|Name=Acorn Cookie||}}, {{Drops|Name=Mudstone ||}}",,ge-mob-pages
Goblin Freesword,Western La Noscea,,,,"{{Drops|Name=Broken Goblin Gladius||}}, {{Drops|Name=Brass Gobcog||}}, {{Drops|Name=Goblin Mask||}}, {{Drops|Name=Acorn Cookie||}}, {{Drops|Name=Mudstone ||}}",,ge-mob-pages
Goblin Freesword,Coerthas Central Highlands,,,,"{{Drops|Name=Broken Goblin Gladius||}}, {{Drops|Name=Brass Gobcog||}}, {{Drops|Name=Goblin Mask||}}, {{Drops|Name=Acorn Cookie||}}, {{Drops|Name=Mudstone ||}}",,ge-mob-pages
Goblin Freesword,Southern Thanalan,,,,"{{Drops|Name=Broken Goblin Gladius||}}, {{Drops|Name=Brass Gobcog||}}, {{Drops|Name=Goblin Mask||}}, {{Drops|Name=Acorn Cookie||}}, {{Drops|Name=Mudstone ||}}",,ge-mob-pages
Goblin Freesword,The Tam-Tara Deepcroft,,,,"{{Drops|Name=Broken Goblin Gladius||}}, {{Drops|Name=Brass Gobcog||}}, {{Drops|Name=Goblin Mask||}}, {{Drops|Name=Acorn Cookie||}}, {{Drops|Name=Mudstone ||}}",,ge-mob-pages
Goblin Freesword,Coerthas Western Highlands,,,,"{{Drops|Name=Broken Goblin Gladius||}}, {{Drops|Name=Brass Gobcog||}}, {{Drops|Name=Goblin Mask||}}, {{Drops|Name=Acorn Cookie||}}, {{Drops|Name=Mudstone ||}}",,ge-mob-pages
Goblin Headman,Murmur Rills,,,,,A,ge-mob-pages
Goblin Mugger,South Shroud,41-55,,71-76,,P,ge-mob-pages
Goblin Thug,Nanawa Mines,,,29 - 30,"{{Drops|Name=Broken Goblin Dagger||}}, {{Drops|Name=Brass Gobcog||}}, {{Drops|Name=Quicksilver||}}, {{Drops|Name=Goblin Mask||}}, {{Drops|Name=Mugwort||}}",P,ge-mob-pages
Goblin Thug,Cassiopeia Hollow,,,29 - 30,"{{Drops|Name=Broken Goblin Dagger||}}, {{Drops|Name=Brass Gobcog||}}, {{Drops|Name=Quicksilver||}}, {{Drops|Name=Goblin Mask||}}, {{Drops|Name=Mugwort||}}",P,ge-mob-pages
Goblin Thug,The Mun-Tuy Cellars,,,29 - 30,"{{Drops|Name=Broken Goblin Dagger||}}, {{Drops|Name=Brass Gobcog||}}, {{Drops|Name=Quicksilver||}}, {{Drops|Name=Goblin Mask||}}, {{Drops|Name=Mugwort||}}",P,ge-mob-pages
Goblin Thug,Lower La Noscea,,,,"{{Drops|Name=Broken Goblin Dagger||}}, {{Drops|Name=Brass Gobcog||}}, {{Drops|Name=Quicksilver||}}, {{Drops|Name=Goblin Mask||}}, {{Drops|Name=Mugwort||}}",P,ge-mob-pages
Goblin Thug,Central Shroud,,,,"{{Drops|Name=Broken Goblin Dagger||}}, {{Drops|Name=Brass Gobcog||}}, {{Drops|Name=Quicksilver||}}, {{Drops|Name=Goblin Mask||}}, {{Drops|Name=Mugwort||}}",P,ge-mob-pages
Goblin Thug,Western Thanalan,,,,"{{Drops|Name=Broken Goblin Dagger||}}, {{Drops|Name=Brass Gobcog||}}, {{Drops|Name=Quicksilver||}}, {{Drops|Name=Goblin Mask||}}, {{Drops|Name=Mugwort||}}",P,ge-mob-pages
Goblin Thug,Coerthas Eastern Lowlands,,,,"{{Drops|Name=Broken Goblin Dagger||}}, {{Drops|Name=Brass Gobcog||}}, {{Drops|Name=Quicksilver||}}, {{Drops|Name=Goblin Mask||}}, {{Drops|Name=Mugwort||}}",P,ge-mob-pages
Goddess Girdle,Eastern La Noscea,23-10,,,"{{Drops|Name=Sunrise Tellin||}},{{Drops|Name=Jellyfish Umbrella||}},{{Drops|Name=Jellyfish Cnida||}},{{Drops|Name=Blacklip Oyster||}}",A,ge-mob-pages
Goddess Girdle,Upper La Noscea,23-11,,,"{{Drops|Name=Sunrise Tellin||}},{{Drops|Name=Jellyfish Umbrella||}},{{Drops|Name=Jellyfish Cnida||}},{{Drops|Name=Blacklip Oyster||}}",A,ge-mob-pages
Goddess Girdle,Western La Noscea,"17-18, 18-16",,,"{{Drops|Name=Sunrise Tellin||}},{{Drops|Name=Jellyfish Umbrella||}},{{Drops|Name=Jellyfish Cnida||}},{{Drops|Name=Blacklip Oyster||}}",A,ge-mob-pages
Godwin Goodgoat,Lower La Noscea,,Wanted: Godwin Goodgoat,,,,ge-mob-pages
Goobbue,Lower La Noscea,,,,,A,ge-mob-pages
Gorgebug,Eastern La Noscea,,Annexing the Shore,,,,ge-mob-pages
Gorged Djigga,Western Thanalan,,,,,A,ge-mob-pages
Grass Raptor,Coerthas Eastern Lowlands,51-28,,,"{{Drops|Name=Raptor Skin||}}, {{Drops|Name=Raptor Shank||}}",,ge-mob-pages
Grass Raptor,Coerthas Central Highlands,"26-31, 31-27",,,"{{Drops|Name=Raptor Skin|1|1}}, {{Drops|Name=Raptor Shank|2|1}}, {{Drops|Name=Raptor Sinew|2|1}}",,ge-mob-pages
Grass Raptor,Coerthas Eastern Highlands,44-7,,,"{{Drops|Name=Raptor Skin||}}, {{Drops|Name=Raptor Shank||}}",,ge-mob-pages
Gravid Crab,Western La Noscea,6-21,,72,,A,ge-mob-pages
Great Buffalo,Western La Noscea,"7,14",,,"{{Drops|Name=Bloody Bardiche Head||}}, {{Drops|Name=Bloody Lance Head||}}, {{Drops|Name=Buffalo Horn||}}",A,ge-mob-pages
Great Elm,Locke's Lie,,Skirmish,55,,A,ge-mob-pages
Great Oak,West Shroud,"14, 42",,55,{{Drops|Name=Unmarked Keystone|Link=|20|1}},A,ge-mob-pages
Greater Buffalo,Turtleback Island,1-1,Skirmish,55,,A,ge-mob-pages
Greedy Angler,Central Shroud,,"From the Sea to the Trees, Necrologos: Celeritous Impetus",,"{{Drops|Name=Scallop Shell|0|4}},{{Drops|Name=Orobon Liver|1|4}},{{Drops|Name=Hawksbill Shell|0|4}}",A,ge-mob-pages
Green Dewflower Sylph,South Shroud,,Operation: Sylph Stalkings,,{{Drops|Name=Sylphic Brownleaf||}},,ge-mob-pages
Grenade,Central Thanalan,27-35,,64,,A,ge-mob-pages
Greywine,Coerthas Central Highlands,,Into the Dragon's Maw,,,A,ge-mob-pages
Gripper,Shposhae,"6-7, 3-6",,15-17,"{{Drops|Name=Copper Shposhae Coffer Key|9|100}}, {{Drops|Name=Malm Kelp|20|100}}, {{Drops|Name=Megalocrab Leg|36|100}}, {{Drops|Name=Rothlyt Oyster|4|100}}",A,ge-mob-pages
Guano Gnat,Western Thanalan,29-19,Hearing Voices,34,,A,ge-mob-pages
Guano Gnat,The Mun-Tuy Cellars,29-19,Swimming in Suds,30-42,{{Drops|Name=Rat Tail|11|2}},A,ge-mob-pages
Guardian of the Grove,West Shroud,Turning Leaf,,,,A,ge-mob-pages
Guivre,East Shroud,,,,,A,ge-mob-pages
Guivre,Southern Thanalan,,Operation: Bloody Scales,,{{Drops|Name=Magicked Drake Scale||}},A,ge-mob-pages
Hairless Hare,East Shroud,,,,"{{Drops|Name=Muddy Water||}},{{Drops|Name=Acidic Secretions||}},{{Drops|Name=Blue Coral||}},{{Drops|Name=Red Coral||}},{{Drops|Name=Thyme||}}",P,ge-mob-pages
Haughtpox Bloatbelly,North Shroud,"20-13,27-15",,,"{{Drops|Name=Silver Gobcog|0|0}}, {{Drops|Name=White Scorpion|0|0}}, {{Drops|Name=Broken Aeolian Scimitar|0|0}}, {{Drops|Name=Gold Gobcog|0|0}}, {{Drops|Name=Moko Grass|0|0}}",A,ge-mob-pages
Headrip Ogre,Mor Dhona,,,,"{{Drops|Name=Soiled Femur||}},{{Drops|Name=Silver Arrowheads||}}",A,ge-mob-pages
Headrip Ogre,Northern Thanalan,"19-7, 18-6",,,"{{Drops|Name=Soiled Femur||}},{{Drops|Name=Silver Arrowheads||}}",A,ge-mob-pages
Headrip Ogre,Southern Thanalan,48-47,,,"{{Drops|Name=Soiled Femur||}},{{Drops|Name=Silver Arrowheads||}}",A,ge-mob-pages
Headsman's Axe,Natalan,,,56,"{{Drops|Name=Ixali Willowknot|Link=|0|0}}, {{Drops|Name=Vortex Headdress|Link=|0|0}}",A,ge-mob-pages
Hedgemole,Mistbeard Cove,8-6,,46-49,"{{Drops|Name=Hedgemole Spine|}}, {{Drops|Name=Mole Sinew|}}",P,ge-mob-pages
Heliodor Doblyn,Copperbell Mines,4-4,,40-44,"{{Drops|Name=Copper Ore|Link=|25|100}}, {{Drops|Name=Mythril Ore|Link=|1|100}}, {{Drops|Name=Silver Ore|Link=|21|100}}, {{Drops|Name=Zinc Ore|Link=|29|100}}, {{Drops|Name=Obsidian|Link=|24|100}}",P,ge-mob-pages
Hellbender,East Shroud,,,,,A,ge-mob-pages
Hellbender,West Shroud,33-10,,,,A,ge-mob-pages
Hellsbound Warrior,The Dzemael Darkhold,,,52,,A,ge-mob-pages
Hellsfire Hedgemole,East Shroud,,Nine Ivies Behest,50,{{Drops|Name=Mole Meat|Link=|1|1}},P,ge-mob-pages
Hellsfire Hedgemole,Southern Thanalan,,Hiding Under the Beds,40-52,{{Drops|Name=Mole Meat|Link=|0|0}},P,ge-mob-pages
Hellsfire Hedgemole,Southern Thanalan,,Thwack Ye Mole,40-52,{{Drops|Name=Mole Meat|Link=|3|4}},P,ge-mob-pages
Hill Yarzon,North Shroud,,Eyeopener,40-52,"{{Drops|Name=Blue Yarzon Leg|Link=|1|3}}, {{Drops|Name=Rothlyt Oyster|Link= |1|3}}",P,ge-mob-pages
Hill Yarzon,North Shroud,,Alone in the Dark,40-52,{{Drops|Name=Blue Yarzon Leg|Link=|0|0}},A,ge-mob-pages
Hippocerf,Western Thanalan,,,30 - 34,"{{Drops|Name=Hippogryph Talon||}},{{Drops|Name=Hippogryph Sinew||}}",A,ge-mob-pages
Hippocerf,Coerthas Central Highlands,20-32,,35 - 39,"{{Drops|Name=Hippogryph Talon||}},{{Drops|Name=Hippogryph Sinew||}},{{Drops|Name=Chicken Breast||}},{{Drops|Name=Sunrise Tellin||}},{{Drops|Name=Blacklip Oyster||}}",A,ge-mob-pages
Hippocerf,Coerthas Eastern Lowlands,,,30 - 34,"{{Drops|Name=Hippogryph Talon||}},{{Drops|Name=Hippogryph Sinew||}}",A,ge-mob-pages
Hippogryph,Coerthas Central Highlands,,,70 - 74,"{{Drops|Name=Hippogryph Sinew||}},{{Drops|Name=Hippogryph Talon||}}",A,ge-mob-pages
Hippogryph,Coerthas Central Lowlands,,,70 - 74,"{{Drops|Name=Hippogryph Sinew||}},{{Drops|Name=Hippogryph Talon||}}",A,ge-mob-pages
Hippogryph,Coerthas Eastern Highlands,51-10,,65 - 74,"{{Drops|Name=Hippogryph Sinew||}},{{Drops|Name=Hippogryph Talon||}}",A,ge-mob-pages
Hippogryph,Coerthas Eastern Lowlands,60-28,,65 - 69,{{Drops|Name=Hippogryph Sinew||}},A,ge-mob-pages
Hippogryph,Coerthas Western Highlands,12-17,,70 - 74,"{{Drops|Name=Hippogryph Sinew||}},{{Drops|Name=Hippogryph Talon||}}",A,ge-mob-pages
Hippogryph Pup,Coerthas Central Lowlands,,,,"{{Drops|Name=Hippogryph Talon||}},{{Drops|Name=Hippogryph Sinew||}}",A,ge-mob-pages
Hippogryph Pup,Coerthas Eastern Highlands,47-10,,,"{{Drops|Name=Hippogryph Talon||}},{{Drops|Name=Hippogryph Sinew||}}",A,ge-mob-pages
Hispid Dormouse,Eastern La Noscea,25-41,,,,P,ge-mob-pages
Honeybee Swarm,Central Shroud,,,,"{{Drops|Name=Bee Basket||}}, {{Drops|Name=Beehive Chip||}}, {{Drops|Name=Honey||}}, {{Drops|Name=Silex||}}",A,ge-mob-pages
Honeybee Swarm,North Shroud,,,,"{{Drops|Name=Bee Basket||}}, {{Drops|Name=Beehive Chip||}}, {{Drops|Name=Honey||}}, {{Drops|Name=Silex||}}",A,ge-mob-pages
Honeybee Swarm,North Shroud,,,,"{{Drops|Name=Bee Basket||}}, {{Drops|Name=Beehive Chip||}}, {{Drops|Name=Honey||}}, {{Drops|Name=Silex||}}",A,ge-mob-pages
Horde Mite,The Thousand Maws of Toto-Rak,Execution Chamber,,39,,A,ge-mob-pages
Hoverfly Swarm,Lower La Noscea,,,19 - 24,"{{Drops|Name=Moko Grass||}}, {{Drops|Name=Honey||}}, {{Drops|Name=Syrphid Basket||}}, {{Drops|Name=Cotton Boll||}}",,ge-mob-pages
Hoverfly Swarm,Western Thanalan,15-34,,,"{{Drops|Name=Moko Grass||}}, {{Drops|Name=Honey||}}, {{Drops|Name=Syrphid Basket||}}, {{Drops|Name=Cotton Boll||}}",,ge-mob-pages
Hoverfly Swarm,Cassiopeia Hollow,,,,"{{Drops|Name=Moko Grass||}}, {{Drops|Name=Honey||}}, {{Drops|Name=Syrphid Basket||}}, {{Drops|Name=Cotton Boll||}}",,ge-mob-pages
Hungry Dreadwolf,Central Shroud,25-32,The Call of Nature,,,,ge-mob-pages
Hunter Kalong,Mor Dhona,,,,"{{Drops|Name=Cotton Boll||}},{{Drops|Name=Bat Fang||}},{{Drops|Name=Bat Wing||}},{{Drops|Name=Crow Fly||}},{{Drops|Name=Bronze Arrowheads||}}",A,ge-mob-pages
Ice Elemental,Central Shroud,25-30,,30-39,,A,ge-mob-pages
Ice Elemental,Eastern La Noscea,,,50-59,,A,ge-mob-pages
Icebound Wrath,Central Shroud,Sorrel Haven,The Chorus of Cataclysm,55,,A,ge-mob-pages
Ifrit,The Bowl of Embers,,It Kills with Fire,35,,A,ge-mob-pages
Ifrit,The Bowl of Embers,,Ifrit Bleeds We Can Kill It,55,,A,ge-mob-pages
Ignis Fatuus (1.x),Lower La Noscea,20-26,Revelry in Rivalry,,,,ge-mob-pages
Ill-tempered Pteroc,North Shroud,,Treespeak Behest,45,,P,ge-mob-pages
Imperial Eques,Castrum Novum,,,55,,A,ge-mob-pages
Imperial Eques,Coerthas Central Highlands,,,50,,A,ge-mob-pages
Imperial Hastatus,East Shroud,,Together We Stand,,,,ge-mob-pages
Imperial Hoplomachus,Castrum Novum,,,55,,A,ge-mob-pages
Imperial Hoplomachus,Coerthas Central Highlands,,,50,,A,ge-mob-pages
Imperial Juggernaut,Mor Dhona,,Futures Perfect,50,,A,ge-mob-pages
Imperial Laqueairus,Castrum Novum,,,55,,A,ge-mob-pages
Imperial Laqueairus,Coerthas Central Highlands,,,50,,A,ge-mob-pages
Imperial Medicus,Castrum Novum,,,55,,A,ge-mob-pages
Imperial Medicus,Coerthas Central Highlands,,,50,,A,ge-mob-pages
Imperial Myrmillo,The Dzemael Darkhold,,,52,,A,ge-mob-pages
Imperial Pilus Prior,Lower La Noscea,26-31,Imperial Invasion (Event),50+,"{{Drops|Name=Faded Page|0|1}}, {{Drops|Name=Elixir|0|1}}",A,ge-mob-pages
Imperial Pilus Prior,Central Shroud,25-28,Imperial Invasion (Event),50+,"{{Drops|Name=Faded Page|0|0}}, {{Drops|Name=Elixir|0|0}}",A,ge-mob-pages
Imperial Pilus Prior,Central Thanalan,25-26,Imperial Invasion (Event),50+,"{{Drops|Name=Faded Page|0|0}}, {{Drops|Name=Elixir|0|0}}",A,ge-mob-pages
Imperial Primus Ordinarius,The Dzemael Darkhold,,,52,,A,ge-mob-pages
Imperial Retiarius,East Shroud,,Together We Stand,,,,ge-mob-pages
Imperial Sagitarius,Castrum Novum,,,55,,A,ge-mob-pages
Imperial Sagitarius,Coerthas Central Highlands,,,50,,A,ge-mob-pages
Imperial Secutor,Castrum Novum,,,55,,A,ge-mob-pages
Imperial Secutor,Coerthas Central Highlands,,,50,,A,ge-mob-pages
Imperial Signifer,Castrum Novum,,,55,,A,ge-mob-pages
Imperial Signifer,Coerthas Central Highlands,,,50,,A,ge-mob-pages
Imperial Speculator,East Shroud,,Together We Stand,22,,A,ge-mob-pages
Imperial Speculator,The Dzemael Darkhold,,,52,,A,ge-mob-pages
Imperial Triarius,East Shroud,,Together We Stand,,,,ge-mob-pages
Imperial Veles,The Dzemael Darkhold,,,52,,A,ge-mob-pages
Imperial War Hound,Mor Dhona,,,54,"{{Drops|Name=Hyena Fang |Link=|0|0}}, {{Drops|Name=Prickly Pineapple|Link=|0|0}}",A,ge-mob-pages
Imperial War Hound,Castrum Novum,,,54-55,"{{Drops|Name=Hyena Fang |Link=|0|0}}, {{Drops|Name=Prickly Pineapple|Link=|0|0}}",A,ge-mob-pages
Imptrap,Central Shroud,,,,,A,ge-mob-pages
Infernal Nail,The Bowl of Embers,,It Kills with Fire,35,,P,ge-mob-pages
Infernal Nail,The Bowl of Embers,,Ifrit Bleeds We Can Kill It,55,,P,ge-mob-pages
Inferno Drake,Coerthas Western Highlands,11-16,,,,A,ge-mob-pages
Inferno Drake,Coerthas Central Lowlands,35-40,,,,A,ge-mob-pages
Inferno Drake,Coerthas Eastern Highlands,52-14,,,,A,ge-mob-pages
Inferno Drake,Eastern Thanalan,,,,,A,ge-mob-pages
Inferno Drake,Southern Thanalan,,,,,A,ge-mob-pages
Inferno Drake,Northern Thanalan,11-18,,,,A,ge-mob-pages
Inland Angler,Central Shroud,,From the Sea to the Trees,,"{{Drops|Name=Scallop Shell||}},{{Drops|Name=Orobon Liver||}},{{Drops|Name=Miter Shell||}},{{Drops|Name=Hawksbill Shell||}}",A,ge-mob-pages
Inland Angler,North Shroud,,,,"{{Drops|Name=Scallop Shell||}},{{Drops|Name=Orobon Liver||}},{{Drops|Name=Miter Shell||}},{{Drops|Name=Hawksbill Shell||}}",A,ge-mob-pages
Iron Coblyn,Nanawa Mines,,,28-34,"{{Drops|Name=Tin Ore|Link=| 25|100}}, {{Drops|Name=Copper Ore|Link=|32|100}}",P,ge-mob-pages
Ironshell,East Shroud,45-29,Eye of the Dragon,35,,A,ge-mob-pages
Island Crab,Lower La Noscea,33-28,,30 - 34,"{{Drops|Name=Megalocrab Leg||}},{{Drops|Name=Silver Fish Hook||}},{{Drops|Name=Malm Kelp||}},{{Drops|Name=Green Stainsand||}},{{Drops|Name=Blue Stainsand||}},{{Drops|Name=Green Megalocrab Shell||}}",P,ge-mob-pages
Island Crab,Western La Noscea,"5-18, 10-17",,35 - 39,"{{Drops|Name=Megalocrab Leg||}},{{Drops|Name=Silver Fish Hook||}},{{Drops|Name=Malm Kelp||}},{{Drops|Name=Green Stainsand||}},{{Drops|Name=Blue Stainsand||}},{{Drops|Name=Green Megalocrab Shell||}}",P,ge-mob-pages
Island Crab,Cassiopeia Hollow,,,35 - 39,"{{Drops|Name=Megalocrab Leg||}},{{Drops|Name=Silver Fish Hook||}},{{Drops|Name=Malm Kelp||}},{{Drops|Name=Green Stainsand||}},{{Drops|Name=Blue Stainsand||}},{{Drops|Name=Green Megalocrab Shell||}}",P,ge-mob-pages
Ixali Boundwing,South Shroud,41-47,,20-22,{{Drops|Name=Ixali Willowknot|Link=|0|11}},A,ge-mob-pages
Ixali Bravewing,Coerthas Central Highlands,,Requiem for the Fallen,53,,A,ge-mob-pages
Ixali Bravo,Coerthas Central Highlands,,Operation: Scar and Defeather,,"{{Drops|Name=Ixali Ebonknot||}}, {{Drops|Name=Ixali Mapleknot||}}, {{Drops|Name=Ixali Willowknot||}}",A,ge-mob-pages
Ixali Bravo,East Shroud,,Operation: Frame Work,,"{{Drops|Name=Ixali Ebonknot||}}, {{Drops|Name=Ixali Mapleknot||}}, {{Drops|Name=Ixali Willowknot||}}",A,ge-mob-pages
Ixali Fearcaller,South Shroud,41-47,,20-22,{{Drops|Name=Ixali Willowknot|Link=|4|10}},A,ge-mob-pages
Ixali Fencer,North Shroud,23-16,,40 - 54,"{{Drops|Name=Ixali Ebonknot||}}, {{Drops|Name=Ixali Mapleknot||}}, {{Drops|Name=Ixali Willowknot||}}",A,ge-mob-pages
Ixali Fogcaller,Coerthas Central Highlands,,Requiem for the Fallen,53,,A,ge-mob-pages
Ixali Fogcaller,The Battle for Hyrstmill,,The Battle for Hyrstmill,56,,A,ge-mob-pages
Ixali Sabreur,Coerthas Central Highlands,,Requiem for the Fallen,53,,A,ge-mob-pages
Ixali Sabreur,The Battle for Hyrstmill,,The Battle for Hyrstmill,56,,A,ge-mob-pages
Ixali Scout,North Shroud,26-11,Doing It the Bard Way,52,{{Drops|Name=Ixali Willowknot|1|1}},A,ge-mob-pages
Ixali Squire,South Shroud,41-47,,20-22,{{Drops|Name=Ixali Willowknot|Link=|2|11}},A,ge-mob-pages
Ixali Stillbeak,South Shroud,41-47,,20-22,{{Drops|Name=Ixali Willowknot|Link=|2|6}},A,ge-mob-pages
Ixali Strongbeak,Coerthas Central Highlands,,Requiem for the Fallen,53,,A,ge-mob-pages
Ixali Strongbeak,The Battle for Hyrstmill,,The Battle for Hyrstmill,56,,A,ge-mob-pages
J'moldva (Mob),Gridania,Wailing Barracks,Unalienable Rights,30,,A,ge-mob-pages
Jackal Pup,Shposhae,,,18-21,"{{Drops|Name=Antelope Sinew|7|38}}, {{Drops|Name=Raptor Sinew|9|38}}, {{Drops|Name=Bronze Shposhae Coffer Key|6|38}}, {{Drops|Name=Hippogryph Sinew|5|38}}, {{Drops|Name=Hyena Fang|}}",A,ge-mob-pages
Jackanapes,South Shroud,45-51,,,"{{Drops|Name=Galago Mint|5|15}}, {{Drops|Name=Alligator Pear|3|15}}, {{Drops|Name=Jade Peas|2|15}}, {{Drops|Name=Dated Leather Jacket (Black)|0|15}}, {{Drops|Name=Dated Canvas Tabard|2|15}}, {{Drops|Name=Ramhorn Zucchini|0|15}}, {{Drops|Name=Dated Tracker's Tunic|0|15}}, {{Drops|Name=Dated Canvas Acton (Auburn)|0|15}}, {{Drops|Name=Bow of Owls|4|17}}, {{Drops|Name=Toadskin Jacket|2|15}}, {{Drops|Name=Faerie Apple|1|15}}, {{Drops|Name=Dated Velveteen Shirt|1|15}}, {{Drops|Name=Gridanian Chestnut|3|15}}, {{Drops|Name=Lalafellin Lentil|2|15}}, {{Drops|Name=Dated Cotton Halfrobe|1|15}}, {{Drops|Name=Chicken Breast|2|15}}",P,ge-mob-pages
Jellyfish,Lower La Noscea,,Jellyfish in a Barrel,,"{{Drops|Name=Jellyfish Umbrella||}},{{Drops|Name=Jellyfish Cnida||}},{{Drops|Name=Finger Shrimp||}},{{Drops|Name=Miter Shell||}},{{Drops|Name=Scallop Shell||}}",,ge-mob-pages
Jellyfish,Western La Noscea,,,,"{{Drops|Name=Jellyfish Umbrella||}},{{Drops|Name=Jellyfish Cnida||}},{{Drops|Name=Finger Shrimp||}},{{Drops|Name=Miter Shell||}},{{Drops|Name=Scallop Shell||}}",,ge-mob-pages
Jenlyns Straightblade,Central Thanalan,,Parley on High Ground,52,,A,ge-mob-pages
Jetsam Jelly,Eastern La Noscea,41-19,Assessing the Damage,20,"{{Drops|Name=Jellyfish Cnida|5|20}},{{Drops|Name=Jellyfish Umbrella|3|20}},{{Drops|Name=Finger Shrimp|3|20}},{{Drops|Name=Miter Shell|1|20}},{{Drops|Name=Scallop Shell|2|20}}",P,ge-mob-pages
Jumping Djigga,Nanawa Mines,,,22 - 25,"{{Drops|Name=Cotton Boll||}}, {{Drops|Name=Spoken Blood||}}, {{Drops|Name=Fine Sand||}}, {{Drops|Name=Scalekin Blood||}}",A,ge-mob-pages
Jumping Djigga,Eastern Thanalan,,,,,A,ge-mob-pages
Kalong,Western La Noscea,,,,"{{Drops|Name=Bat Fang||}},{{Drops|Name=Bat Wing||}},{{Drops|Name=Cotton Boll||}},{{Drops|Name=Crow Fly||}},{{Drops|Name=Bronze Arrowheads||}},{{Drops|Name=Megalocrab Leg||}},{{Drops|Name=Firepot||}},{{Drops|Name=Hyena Hide||}},{{Drops|Name=Cock Feather||}},{{Drops|Name=Antelope Sinew||}},{{Drops|Name=Vulture Feather||}},{{Drops|Name=Hyena Fang||}},{{Drops|Name=Eye of Earth||}},{{Drops|Name=Puk Wing||}},{{Drops|Name=Red Coral||}}",A,ge-mob-pages
Kalong,The Mun-Tuy Cellars,6-7,,,"{{Drops|Name=Bat Fang||}},{{Drops|Name=Bat Wing||}},{{Drops|Name=Cotton Boll||}},{{Drops|Name=Crow Fly||}},{{Drops|Name=Bronze Arrowheads||}},{{Drops|Name=Megalocrab Leg||}},{{Drops|Name=Firepot||}},{{Drops|Name=Hyena Hide||}},{{Drops|Name=Cock Feather||}},{{Drops|Name=Antelope Sinew||}},{{Drops|Name=Vulture Feather||}},{{Drops|Name=Hyena Fang||}},{{Drops|Name=Eye of Earth||}},{{Drops|Name=Puk Wing||}},{{Drops|Name=Red Coral||}}",A,ge-mob-pages
Kalong,Coerthas Central Highlands,,,,"{{Drops|Name=Bat Fang||}},{{Drops|Name=Bat Wing||}},{{Drops|Name=Cotton Boll||}},{{Drops|Name=Crow Fly||}},{{Drops|Name=Bronze Arrowheads||}},{{Drops|Name=Megalocrab Leg||}},{{Drops|Name=Firepot||}},{{Drops|Name=Hyena Hide||}},{{Drops|Name=Cock Feather||}},{{Drops|Name=Antelope Sinew||}},{{Drops|Name=Vulture Feather||}},{{Drops|Name=Hyena Fang||}},{{Drops|Name=Eye of Earth||}},{{Drops|Name=Puk Wing||}},{{Drops|Name=Red Coral||}}",A,ge-mob-pages
Kalong,Coerthas Eastern Highlands,,,,"{{Drops|Name=Bat Fang||}},{{Drops|Name=Bat Wing||}},{{Drops|Name=Cotton Boll||}},{{Drops|Name=Crow Fly||}},{{Drops|Name=Bronze Arrowheads||}},{{Drops|Name=Megalocrab Leg||}},{{Drops|Name=Firepot||}},{{Drops|Name=Hyena Hide||}},{{Drops|Name=Cock Feather||}},{{Drops|Name=Antelope Sinew||}},{{Drops|Name=Vulture Feather||}},{{Drops|Name=Hyena Fang||}},{{Drops|Name=Eye of Earth||}},{{Drops|Name=Puk Wing||}},{{Drops|Name=Red Coral||}}",A,ge-mob-pages
Karakul Ewe,Central Shroud,,Necrologos: In Shadow Bemantled,,{{Drops|Name=Karakul Fleece||}},P,ge-mob-pages
Ked,Coerthas Central Highlands,41-17,,55-65,,A,ge-mob-pages
Ked,Central Thanalan,27-35,,56,,A,ge-mob-pages
Kedtrap,Upper La Noscea,14-25,,,,A,ge-mob-pages
Kedtrap,Lower La Noscea,,,,,A,ge-mob-pages
King Apkallu,Upper La Noscea,24-15,,,"{{Drops|Name=Apkallu Down||}},{{Drops|Name=Saber Sardine||}},{{Drops|Name=Apkallu Egg||}},{{Drops|Name=Wahoo||}},{{Drops|Name=Jellyfish Umbrella||}}",A,ge-mob-pages
Kobold Acolyte,Lower La Noscea,33-29,,33-39,"{{Drops|Name=Blue Cheese|Link=|0|0}}, {{Drops|Name=Maiden Artichoke|Link=|0|0}}, {{Drops|Name=Titan Copperpiece|Link=|0|0}}",A,ge-mob-pages
Kobold Almsman,Eastern La Noscea,"36-19, 36-16, 31-22",,20-29,"{{Drops|Name=Titan Copperpiece|Link=|1|6}}, {{Drops|Name=Hi-potion|1|6}}",A,ge-mob-pages
Kobold Ascetic,Eastern La Noscea,"36-19, 36-16, 31-22",,20-29,"{{Drops|Name=Titan Copperpiece|Link=|1|7}}, {{Drops|Name=Hi-potion|0|7}}",A,ge-mob-pages
Kobold Ashman,Western La Noscea,Skull Valley,Caravan Security (Skull Valley),52,,A,ge-mob-pages
Kobold Bedesman,Western La Noscea,Skull Valley,Caravan Security (Skull Valley),52,,A,ge-mob-pages
Kobold Footman,Lower La Noscea,33-29,,33-39,"{{Drops|Name=Blue Cheese|Link=|0|0}}, {{Drops|Name=Maiden Artichoke|Link=|0|0}}, {{Drops|Name=Titan Copperpiece|Link=|0|0}}",A,ge-mob-pages
Kobold Junkman,Western La Noscea,Skull Valley,Caravan Security (Skull Valley),53,,A,ge-mob-pages
Kobold Kirkman,Lower La Noscea,33-29,,33-39,"{{Drops|Name=Blue Cheese|Link=|0|0}}, {{Drops|Name=Maiden Artichoke|Link=|0|0}}, {{Drops|Name=Titan Copperpiece|Link=|0|0}}",A,ge-mob-pages
Kobold Mendicant,Upper La Noscea,,,40 - 49,,,ge-mob-pages
Kobold Packman,Eastern La Noscea,"36-19, 36-16, 31-22",,20-29,"{{Drops|Name=Titan Copperpiece|Link=|3|8}}, {{Drops|Name=Hi-potion|3|8}}",A,ge-mob-pages
Kobold Patrolman,Upper La Noscea,18-13,,47-49,"{{Drops|Name=Maiden Artichoke | 1| 6}}, {{Drops|Name=Blue Cheese | 2| 6}}",A,ge-mob-pages
Kobold Pickman,Eastern La Noscea,"36-19, 36-16, 31-22",,20-29,"{{Drops|Name=Titan Copperpiece|Link=|2|10}}, {{Drops|Name=Hi-potion|1|8}}",A,ge-mob-pages
Kobold Pitman,Lower La Noscea,33-29,,33-39,"{{Drops|Name=Blue Cheese|Link=|0|0}}, {{Drops|Name=Maiden Artichoke|Link=|0|0}}, {{Drops|Name=Titan Copperpiece|Link=|0|0}}",A,ge-mob-pages
Kobold Prelate,Upper La Noscea,25-6,,50 - 54,,A,ge-mob-pages
Kobold Prelate,U'Ghamaro Mines,6-4,,50 - 53,,A,ge-mob-pages
Kobold Quarryman,Upper La Noscea,18-13,,47-49,"{{Drops|Name=Maiden Artichoke | 2|18}}, {{Drops|Name=Titan Copperpiece | 3|18}}, {{Drops|Name=Blue Cheese | 8|18}}",A,ge-mob-pages
Kobold Supplicant,Eastern La Noscea,,Operation: Kobold as Ice,,"{{Drops|Name=Titan Copperpiece||}}, {{Drops|Name=Titan Mythrilpiece||}}, {{Drops|Name=Titan Electrumpiece||}}",,ge-mob-pages
Kobold Vestryman,Upper La Noscea,18-13,,47-49,"{{Drops|Name=Maiden Artichoke | 4|13}}, {{Drops|Name=Titan Copperpiece | 3|13}}, {{Drops|Name=Blue Cheese | 3|13}}",A,ge-mob-pages
Kokoroon Quickfingers,Nanawa Mines,9-5,,49 - 50,"{{Drops|Name=Kokoroon's Darkshell Mail|4|31}}, {{Drops|Name=Kokoroon's Nestpicker|5|31}}, {{Drops|Name=Peperoon Fate-die|3|25}}, {{Drops|Name=Gagaroon Luck-die|5|25}}, {{Drops|Name=Ququroon Doom-die|6|25}}, {{Drops|Name=Amethyst Earrings|1|25}}, {{Drops|Name=Aquamarine Earrings|1|25}}, {{Drops|Name=Goshenite Earrings|2|25}}, {{Drops|Name=Malachite Earring|1|25}}, {{Drops|Name=Heliodor Earrings|2|25}}, {{Drops|Name=Danburite Earring|1|25}}, {{Drops|Name=Peridot Earrings|1|25}}, {{Drops|Name=Cock Feather|3|25}}",P,ge-mob-pages
Kraken Deckhand,Limsa Lominsa,,Here There be Pirates,25,{{Drops|Name=Counterfeit Chip Mold|Link=|1000|5000}},A,ge-mob-pages
Ladybug,Eastern La Noscea,"35-24, 35-20",,15 - 24,"{{Drops|Name=Cotton Boll|0|0}}, {{Drops|Name=Moko Grass |0|0}}, {{Drops|Name=Flax |0|0}}",P,ge-mob-pages
Ladybug,Western Thanalan,"10-29, 32-12",,,{{Drops|Name=Moko Grass|0|0}},P,ge-mob-pages
Ladybug,South Shroud,40-47,,16 - 18,{{Drops|Name=Flax|0|0}},P,ge-mob-pages
Ladybug,Central Shroud,31-33,,32,{{Drops|Name=Cotton Boll|1|1}},P,ge-mob-pages
Lake Crab,East Shroud,,Slugging it Out,40-52,"{{Drops|Name=Megalocrab Leg |0|0}}, {{Drops|Name=Malm Kelp |0|0}}, {{Drops|Name=Green Megalocrab Shell|0|0}}",P,ge-mob-pages
Lake Crab,North Shroud,,Out of its Shell,40-52,"{{Drops|Name=Megalocrab Leg |0|0}}, {{Drops|Name=Malm Kelp |0|0}}, {{Drops|Name=Green Megalocrab Shell|0|0}}",P,ge-mob-pages
Lake Crab,North Shroud,,Treespeak Behest,45,,P,ge-mob-pages
Lammergeyer,Lower La Noscea,,,,"{{Drops|Name=Vulture Feather||}},{{Drops|Name=Walnut Branch||}},{{Drops|Name=Chicken Breast||}},{{Drops|Name=Pine Branch||}},{{Drops|Name=Yew Branch||}},{{Drops|Name=Obsidian||}},{{Drops|Name=Silver Ore||}},{{Drops|Name=Copper Ore||}},{{Drops|Name=Zinc Ore||}},{{Drops|Name=Hippogryph Sinew||}}",A,ge-mob-pages
Lammergeyer,Upper La Noscea,19-14,,,"{{Drops|Name=Vulture Feather||}},{{Drops|Name=Walnut Branch||}},{{Drops|Name=Chicken Breast||}},{{Drops|Name=Pine Branch||}},{{Drops|Name=Yew Branch||}},{{Drops|Name=Obsidian||}},{{Drops|Name=Silver Ore||}},{{Drops|Name=Copper Ore||}},{{Drops|Name=Zinc Ore||}},{{Drops|Name=Hippogryph Sinew||}}",A,ge-mob-pages
Lammergeyer,Central Shroud,,,,"{{Drops|Name=Vulture Feather||}},{{Drops|Name=Walnut Branch||}},{{Drops|Name=Chicken Breast||}},{{Drops|Name=Pine Branch||}},{{Drops|Name=Yew Branch||}},{{Drops|Name=Obsidian||}},{{Drops|Name=Silver Ore||}},{{Drops|Name=Copper Ore||}},{{Drops|Name=Zinc Ore||}},{{Drops|Name=Hippogryph Sinew||}}",A,ge-mob-pages
Lammergeyer,Central Thanalan,,,,"{{Drops|Name=Vulture Feather||}},{{Drops|Name=Walnut Branch||}},{{Drops|Name=Chicken Breast||}},{{Drops|Name=Pine Branch||}},{{Drops|Name=Yew Branch||}},{{Drops|Name=Obsidian||}},{{Drops|Name=Silver Ore||}},{{Drops|Name=Copper Ore||}},{{Drops|Name=Zinc Ore||}},{{Drops|Name=Hippogryph Sinew||}}",A,ge-mob-pages
Lammergeyer,Eastern Thanalan,,,,,A,ge-mob-pages
Lammergeyer,Southern Thanalan,44-44,,,"{{Drops|Name=Vulture Feather||}},{{Drops|Name=Walnut Branch||}},{{Drops|Name=Chicken Breast||}},{{Drops|Name=Pine Branch||}},{{Drops|Name=Yew Branch||}},{{Drops|Name=Obsidian||}},{{Drops|Name=Silver Ore||}},{{Drops|Name=Copper Ore||}},{{Drops|Name=Zinc Ore||}},{{Drops|Name=Hippogryph Sinew||}}",A,ge-mob-pages
Land Angler,South Shroud,,,,"{{Drops|Name=Scallop Shell||}},{{Drops|Name=Orobon Liver||}},{{Drops|Name=Miter Shell||}},{{Drops|Name=Hawksbill Shell||}}",A,ge-mob-pages
Land Angler,Western Thanalan,,,,"{{Drops|Name=Scallop Shell||}},{{Drops|Name=Orobon Liver||}},{{Drops|Name=Miter Shell||}},{{Drops|Name=Hawksbill Shell||}}",A,ge-mob-pages
Laughing Mongrel,Central Thanalan,,,,,A,ge-mob-pages
Lava Drake,The Dzemael Darkhold,,,52,,A,ge-mob-pages
Lead Coblyn,Western Thanalan,"9-21, 14-33",,15-19,"{{Drops|Name=Copper Ore|Link=|0|0}}, {{Drops|Name=Tin Ore|Link=|0|0}}",P,ge-mob-pages
Lemur,The Tam-Tara Deepcroft,"5-5, 7-3",,45-49,,P,ge-mob-pages
Lemur,North Shroud,21-16,,40-44,"{{Drops|Name=Ramhorn Zucchini |22|50}}, {{Drops|Name=Wizard Eggplant | 8|50}}, {{Drops|Name=Ruby Tomato |14|50}}, {{Drops|Name=Lalafellin Lentil |23|50}}, {{Drops|Name=Sun Lemon | 6|50}}, {{Drops|Name=Gridanian Chestnut |11|50}}",P,ge-mob-pages
Lightning Beetle,North Shroud,,,,"{{Drops|Name=Flax||}}, {{Drops|Name=Moko Grass||}}, {{Drops|Name=Firefly Elytron||}}",,ge-mob-pages
Lightning Beetle,Eastern La Noscea,35-24,,,"{{Drops|Name=Cotton Boll||}}, {{Drops|Name=Moko Grass||}}",,ge-mob-pages
Lightning Elemental,Eastern La Noscea,,,70-77,"{{Drops|Name=Eye of Lightning|Link=|0|0}}, {{Drops|Name=Lightning Cluster|Link=|0|0}}",A,ge-mob-pages
Lightning Elemental,Lower La Noscea,,,30-54,"{{Drops|Name=Eye of Lightning|Link=|0|0}}, {{Drops|Name=Lightning Cluster|Link=|0|0}}",A,ge-mob-pages
Lightning Elemental,Cassiopeia Hollow,,,30-39,"{{Drops|Name=Eye of Lightning|Link=|0|0}}, {{Drops|Name=Lightning Cluster|Link=|0|0}}",A,ge-mob-pages
Lightning Elemental,Central Shroud,32-28,,30-39,"{{Drops|Name=Eye of Lightning|Link=|0|0}}, {{Drops|Name=Lightning Cluster|Link=|0|0}}",A,ge-mob-pages
Lightning Elemental,North Shroud,,Sylph-inflicted Wounds,40-52,"{{Drops|Name=Eye of Lightning|Link=|0|0}}, {{Drops|Name=Lightning Cluster|Link=|0|0}}",A,ge-mob-pages
Lightning Elemental,North Shroud,Treespeak,Treespeak Behest,46,,P,ge-mob-pages
Lightning Elemental,Central Shroud,Sorrel Haven,The Chorus of Cataclysm,55,,A,ge-mob-pages
Lily of the Vale,The Aurum Vale,,,53,,A,ge-mob-pages
Lindwurm,East Shroud,,,,,A,ge-mob-pages
Lindwurm,Central Shroud,34-37,,,,A,ge-mob-pages
Lindwurm,West Shroud,33-10,,,,A,ge-mob-pages
Lindwurm,South Shroud,42-52,,,,A,ge-mob-pages
Little Apkallu,Eastern La Noscea,41-25,,,"{{Drops|Name=Apkallu Down||}},{{Drops|Name=Saber Sardine||}},{{Drops|Name=Apkallu Egg||}},{{Drops|Name=Jellyfish Umbrella||}},{{Drops|Name=Wahoo||}}",A,ge-mob-pages
Lone Coeurl,Shposhae,5-4,,22,{{Drops|Name=Coeurl's Eye|100%}},A,ge-mob-pages
Lone Wolf,North Shroud,"19-18, 22-13",,15 - 29,"{{Drops|Name=Wolf Hide||}}, {{Drops|Name=Hippogryph Sinew||}}, {{Drops|Name=Antelope Sinew||}}, {{Drops|Name=Buffalo Hide||}}, {{Drops|Name=Wolf Fang||}}",A,ge-mob-pages
Longclaw Galago,Western Thanalan,Nophica's Wells,Secret of the Sewers,30-42,,P,ge-mob-pages
Longhorn Billygoat,Locke's Lie,,Skirmish,55,,A,ge-mob-pages
Longhorn Nannygoat,Locke's Lie,,Skirmish,55,,A,ge-mob-pages
Lost Ewe,Western La Noscea,12-22,,,"{{Drops|Name=Marjoram||}}, {{Drops|Name=Mutton Loin||}}, {{Drops|Name=Sheepskin||}}, {{Drops|Name=Moko Grass||}}",P,ge-mob-pages
Lost Lamb (Mob),Lower La Noscea,25-40,,1 - 4,"{{Drops|Name=Sheepskin|19|100}}, {{Drops|Name=Sheepskin +3|Link=Sheepskin|3|100}}, {{Drops|Name=Mutton Loin|27|100}}, {{Drops|Name=Mutton Loin +3|Link=Mutton Loin|3|100}}, {{Drops|Name=Marjoram|19|100}}, {{Drops|Name=Marjoram +3|Link=Marjoram|2|100}}, {{Drops|Name=Moko Grass|13|100}}, {{Drops|Name=Moko Grass +3|Link=Moko Grass|3|100}}",P,ge-mob-pages
Lost Wether,Lower La Noscea,,,1 - 9,"{{Drops|Name=Sheepskin||}}, {{Drops|Name=Mutton Loin||}}, {{Drops|Name=Ram Horn||}}",P,ge-mob-pages
Loverly Ladybird,Nanawa Mines,,Corpus Adamance,,,P,ge-mob-pages
Lowland Billygoat,Central Shroud,,Necrologos: Celeritous Impetus,30-42,"{{Drops|Name=Aldgoat Skin|1|2}}, {{Drops|Name=Aldgoat Milk|0|2}}, {{Drops|Name=Aldgoat Chuck|1|2}}",P,ge-mob-pages
Lowland Billygoat,South Shroud,,,,"{{Drops|Name=Aldgoat Skin||}}, {{Drops|Name=Aldgoat Milk||}}, {{Drops|Name=Aldgoat Chuck||}}",P,ge-mob-pages
Lowland Billygoat,Lower La Noscea,,Where the Goat Goes,,"{{Drops|Name=Aldgoat Skin||}}, {{Drops|Name=Aldgoat Milk||}}, {{Drops|Name=Aldgoat Chuck||}}",P,ge-mob-pages
Lowland Billygoat,Eastern La Noscea,,,,"{{Drops|Name=Aldgoat Skin||}}, {{Drops|Name=Aldgoat Milk||}}, {{Drops|Name=Aldgoat Chuck||}}",P,ge-mob-pages
Lowland Billygoat,Cassiopeia Hollow,,,,"{{Drops|Name=Aldgoat Skin||}}, {{Drops|Name=Aldgoat Milk||}}, {{Drops|Name=Aldgoat Chuck||}}",P,ge-mob-pages
Lowland Billygoat,Western Thanalan,,,,"{{Drops|Name=Aldgoat Skin||}}, {{Drops|Name=Aldgoat Milk||}}, {{Drops|Name=Aldgoat Chuck||}}",P,ge-mob-pages
Lowland Nannygoat,Cassiopeia Hollow,6-5,Spooring Spores,,"{{Drops|Name=Aldgoat Skin||}}, {{Drops|Name=Aldgoat Milk||}}, {{Drops|Name=Aldgoat Chuck||}}",P,ge-mob-pages
Lowland Nannygoat,Lower La Noscea,,Where the Goat Goes,,"{{Drops|Name=Aldgoat Skin||}}, {{Drops|Name=Aldgoat Milk||}}, {{Drops|Name=Aldgoat Chuck||}}",P,ge-mob-pages
Lowland Nannygoat,Eastern La Noscea,,,,"{{Drops|Name=Aldgoat Skin||}}, {{Drops|Name=Aldgoat Milk||}}, {{Drops|Name=Aldgoat Chuck||}}",P,ge-mob-pages
Lowland Nannygoat,Central Shroud,,Necrologos: Celeritous Impetus,30-42,"{{Drops|Name=Aldgoat Skin|1|2}}, {{Drops|Name=Aldgoat Milk|0|1}}, {{Drops|Name=Aldgoat Chuck|0|1}}, {{Drops|Name=Sagolii Sage|1|2}}",P,ge-mob-pages
Lowland Nannygoat,South Shroud,,,,"{{Drops|Name=Aldgoat Skin||}}, {{Drops|Name=Aldgoat Milk||}}, {{Drops|Name=Aldgoat Chuck||}}",P,ge-mob-pages
Lowland Nannygoat,Western Thanalan,Nophica's Wells,Dodos and Popotoes,30-42,"{{Drops|Name=Aldgoat Skin|0|2}}, {{Drops|Name=Aldgoat Milk|0|2}}, {{Drops|Name=Aldgoat Chuck|0|2}}",P,ge-mob-pages
Lozol Totoloq the Decapitator,Natalan,,,59,"{{Drops|Name=Gold Natalan Coffer Key|Link=|0|0}}, {{Drops|Name=Ixali Willowknot|Link=|0|0}}, {{Drops|Name=Vortex Headdress|Link=|0|0}}",A,ge-mob-pages
Lunar Fragment,Rivenroad,1-1,To Kill a Raven,45,,P,ge-mob-pages
Lunar Fragment,Rivenroad,1-1,The Raven Nevermore,45,{{Drops|Name=Deaspected Cluster|0|0}},P,ge-mob-pages
Lunar Golem,Rivenroad,1-1,To Kill a Raven,50,,A,ge-mob-pages
Lunar Golem,Rivenroad,1-1,The Raven Nevermore,50,,A,ge-mob-pages
Lunging Lemur,North Shroud,,A Fine Host,40-52,"{{Drops|Name=Lalafellin Lentil|Link=|2|2}}, {{Drops|Name=Wizard Eggplant|Link= |1|2}}",,ge-mob-pages
Mad Angler,Upper La Noscea,,,,"{{Drops|Name=Scallop Shell||}},{{Drops|Name=Orobon Liver||}},{{Drops|Name=Miter Shell||}},{{Drops|Name=Hawksbill Shell||}}",A,ge-mob-pages
Mad Angler,East Shroud,,,,"{{Drops|Name=Scallop Shell||}},{{Drops|Name=Orobon Liver||}},{{Drops|Name=Miter Shell||}},{{Drops|Name=Hawksbill Shell||}}",A,ge-mob-pages
Mad Angler,Eastern Thanalan,,,,"{{Drops|Name=Scallop Shell||}},{{Drops|Name=Orobon Liver||}},{{Drops|Name=Miter Shell||}},{{Drops|Name=Hawksbill Shell||}}",A,ge-mob-pages
Mad Angler,Southern Thanalan,,,,"{{Drops|Name=Scallop Shell||}},{{Drops|Name=Orobon Liver||}},{{Drops|Name=Miter Shell||}},{{Drops|Name=Hawksbill Shell||}}",A,ge-mob-pages
Mad Karakul Ewe,Coerthas Central Highlands,38-18,,,{{Drops|Name=Karakul Loin||}},A,ge-mob-pages
Mad Karakul Ewe,Coerthas Eastern Lowlands,52-24,,,{{Drops|Name=Karakul Loin||}},A,ge-mob-pages
Magicked Bones,Eastern La Noscea,,,25 - 29,"{{Drops|Name=Bone Chip||}},{{Drops|Name=Soiled Femur||}},{{Drops|Name=Bronze Chain||}},{{Drops|Name=Skull Eyepatch (Black)||}},{{Drops|Name=Dodo Feather||}},{{Drops|Name=Bat Fang||}},{{Drops|Name=Crow Feather||}},{{Drops|Name=Gnat Wing||}},{{Drops|Name=Eye of Water||}},{{Drops|Name=Aldgoat Chuck||}},{{Drops|Name=Radiant Water Moraine||}},{{Drops|Name=Chocobo Fly||}}",A,ge-mob-pages
Magicked Bones,Lower La Noscea,32-28,,25 - 34,"{{Drops|Name=Bone Chip||}},{{Drops|Name=Soiled Femur||}},{{Drops|Name=Bronze Chain||}},{{Drops|Name=Skull Eyepatch (Black)||}},{{Drops|Name=Dodo Feather||}},{{Drops|Name=Bat Fang||}},{{Drops|Name=Crow Feather||}},{{Drops|Name=Gnat Wing||}},{{Drops|Name=Eye of Water||}},{{Drops|Name=Aldgoat Chuck||}},{{Drops|Name=Radiant Water Moraine||}},{{Drops|Name=Chocobo Fly||}},{{Drops|Name=Silver Goblet||}},{{Drops|Name=Puk Wing||}},{{Drops|Name=Cotton Boll||}},{{Drops|Name=Cock Feather||}}",A,ge-mob-pages
Magicked Bones,Western La Noscea,,,25 - 29,"{{Drops|Name=Bone Chip||}},{{Drops|Name=Soiled Femur||}},{{Drops|Name=Bronze Chain||}},{{Drops|Name=Skull Eyepatch (Black)||}},{{Drops|Name=Dodo Feather||}},{{Drops|Name=Bat Fang||}},{{Drops|Name=Crow Feather||}},{{Drops|Name=Gnat Wing||}},{{Drops|Name=Eye of Water||}},{{Drops|Name=Aldgoat Chuck||}},{{Drops|Name=Radiant Water Moraine||}},{{Drops|Name=Chocobo Fly||}}",A,ge-mob-pages
Magicked Bones,Western Thanalan,,,25 - 29,"{{Drops|Name=Bone Chip||}},{{Drops|Name=Soiled Femur||}},{{Drops|Name=Bronze Chain||}},{{Drops|Name=Skull Eyepatch (Black)||}},{{Drops|Name=Dodo Feather||}},{{Drops|Name=Bat Fang||}},{{Drops|Name=Crow Feather||}},{{Drops|Name=Gnat Wing||}},{{Drops|Name=Eye of Water||}},{{Drops|Name=Aldgoat Chuck||}},{{Drops|Name=Radiant Water Moraine||}},{{Drops|Name=Chocobo Fly||}}",A,ge-mob-pages
Magicked Bones,Central Shroud,25-30,,30 - 34,"{{Drops|Name=Bone Chip||}},{{Drops|Name=Soiled Femur||}},{{Drops|Name=Bronze Chain||}},{{Drops|Name=Skull Eyepatch (Black)||}},{{Drops|Name=Silver Goblet||}},{{Drops|Name=Puk Wing||}},{{Drops|Name=Cotton Boll||}},{{Drops|Name=Bat Fang||}},{{Drops|Name=Cock Feather||}}",A,ge-mob-pages
Magicked Bones,The Mun-Tuy Cellars,,,30 - 34,"{{Drops|Name=Bone Chip||}},{{Drops|Name=Soiled Femur||}},{{Drops|Name=Bronze Chain||}},{{Drops|Name=Skull Eyepatch (Black)||}},{{Drops|Name=Silver Goblet||}},{{Drops|Name=Puk Wing||}},{{Drops|Name=Cotton Boll||}},{{Drops|Name=Bat Fang||}},{{Drops|Name=Cock Feather||}}",A,ge-mob-pages
Magicked Bones,Nanawa Mines,5-2,,30 - 34,"{{Drops|Name=Bone Chip||}},{{Drops|Name=Soiled Femur||}},{{Drops|Name=Bronze Chain||}},{{Drops|Name=Skull Eyepatch (Black)||}},{{Drops|Name=Silver Goblet||}},{{Drops|Name=Puk Wing||}},{{Drops|Name=Cotton Boll||}},{{Drops|Name=Bat Fang||}},{{Drops|Name=Cock Feather||}}",A,ge-mob-pages
Magicked Bones,Coerthas Central Highlands,,,,"{{Drops|Name=Bone Chip||}},{{Drops|Name=Soiled Femur||}},{{Drops|Name=Bronze Chain||}}",A,ge-mob-pages
Magitek Transmitter,Castrum Novum,,United We Stand,55,,P,ge-mob-pages
Magitek Vanguard,West Shroud,Crimson Bark,Shadow of the Raven,55,,A,ge-mob-pages
Magitek Vanguard,Western Thanalan,Horizon's Edge,Careless Whispers,55,,A,ge-mob-pages
Magitek Vanguard,Western La Noscea,Aleport,Deus ex Machina,55,,A,ge-mob-pages
Magitek Vanguard,Castrum Novum,,,58,,A,ge-mob-pages
Magitek Vanguard F-1,Castrum Novum,,United We Stand,63,,A,ge-mob-pages
Magitek Vanguard H-1,Castrum Novum,,,61,"{{Drops|Name=Garlean Steel Joint |Link=|0|0}}, {{Drops|Name=Garlean Steel Plate |Link=|0|0}}, {{Drops|Name=Garlean Fiber |Link=|0|0}}, {{Drops|Name=Garlean Rubber |Link=|0|0}}, {{Drops|Name=Legionary Visor |Link=|0|0}}, {{Drops|Name=Copper Castrum Coffer Key|Link=|0|0}}",A,ge-mob-pages
Magitek Vanguard H-1,Castrum Novum,,,62,"{{Drops|Name=Garlean Steel Joint |Link=|0|0}}, {{Drops|Name=Garlean Steel Plate |Link=|0|0}}, {{Drops|Name=Garlean Fiber |Link=|0|0}}, {{Drops|Name=Garlean Rubber |Link=|0|0}}, {{Drops|Name=Legionary Visor |Link=|0|0}}, {{Drops|Name=Silver Castrum Coffer Key|Link=|0|0}}",A,ge-mob-pages
Magitek Vanguard H-1,Castrum Novum,,,63,"{{Drops|Name=Garlean Steel Joint |Link=|0|0}}, {{Drops|Name=Garlean Steel Plate |Link=|0|0}}, {{Drops|Name=Garlean Fiber |Link=|0|0}}, {{Drops|Name=Garlean Rubber |Link=|0|0}}, {{Drops|Name=Legionary Visor |Link=|0|0}}, {{Drops|Name=Gold Castrum Coffer Key|Link=|0|0}}",A,ge-mob-pages
Maidenbug,Nanawa Mines,"6-4, 6-5",,35 - 39,"{{Drops|Name=Ladybug Elytron||}}, {{Drops|Name=Cotton Boll||}}, {{Drops|Name=Moko Grass||}}, {{Drops|Name=Flax||}}",P,ge-mob-pages
Maidenbug,Mistbeard Cove,5-5,,28-30,"{{Drops|Name=Flax|9|50}},{{Drops|Name=Moko Grass|15|50}},{{Drops|Name=Cotton Boll|10|50}}",P,ge-mob-pages
Maidenbug,Upper La Noscea,16-14,,,,P,ge-mob-pages
Maned Wyrmhound,Coerthas Central Lowlands,37-41,,,,A,ge-mob-pages
Manipulated Eye,Northern Thanalan,27-14,Keeping the Oath,55,{{Drops|Name=Chocobo Feather|Link=|1|2}},A,ge-mob-pages
Manipulated Ogre,Northern Thanalan,27-14,Keeping the Oath,55,{{Drops|Name=Soiled Femur|Link=|3|2}},A,ge-mob-pages
Marshlight,The Mun-Tuy Cellars,5-4,,,"{{Drops|Name=Red Coral|1|3}},{{Drops|Name=Obsidian|2|3}}",A,ge-mob-pages
Marshlight,Western Thanalan,20-36,,,"{{Drops|Name=Firepot|1|2}},{{Drops|Name=Red Coral|1|2}}",A,ge-mob-pages
Megalocrab,Lower La Noscea,,,,"{{Drops|Name=Megalocrab Leg||}},{{Drops|Name=Silver Fish Hook||}},{{Drops|Name=Malm Kelp||}},{{Drops|Name=Green Stainsand||}},{{Drops|Name=Blue Stainsand||}}",P,ge-mob-pages
Megalocrab,Cassiopeia Hollow,,"Crabs in a Barrel, Escape from Cell D72",,"{{Drops|Name=Megalocrab Leg||}},{{Drops|Name=Silver Fish Hook||}},{{Drops|Name=Malm Kelp||}},{{Drops|Name=Green Stainsand||}},{{Drops|Name=Blue Stainsand||}}",P,ge-mob-pages
Megalocrab,Western Thanalan,,,,"{{Drops|Name=Megalocrab Leg||}},{{Drops|Name=Silver Fish Hook||}},{{Drops|Name=Malm Kelp||}},{{Drops|Name=Green Stainsand||}},{{Drops|Name=Blue Stainsand||}}",P,ge-mob-pages
Megalocrab,Nanawa Mines,,,,"{{Drops|Name=Megalocrab Leg||}},{{Drops|Name=Silver Fish Hook||}},{{Drops|Name=Malm Kelp||}},{{Drops|Name=Green Stainsand||}},{{Drops|Name=Blue Stainsand||}}",P,ge-mob-pages
Mickle Mouse,North Shroud,,Eyeopener,40-52,{{Drops|Name=Dragon Pepper|Link=|1|1}},P,ge-mob-pages
Midge Cloud (1.x),Central Thanalan,,Sucking Blood,,,,ge-mob-pages
Midge Cloud (1.x),Eastern Thanalan,,Sucking Blood Again,,,,ge-mob-pages
Migrating Doe,Coerthas Central Highlands,,,34-38,"{{Drops|Name=Antelope Shank|0|0}}, {{Drops|Name=Antelope Sinew|0|0}}, {{Drops|Name=Midland Basil |0|0}}",P,ge-mob-pages
Migrating Doe,East Shroud,,,,,P,ge-mob-pages
Migrating Doe,Coerthas Central Highlands,Humblehearth,Woes of the Botanist,42,"{{Drops|Name=Antelope Sinew|2|3}}, {{Drops|Name=Midland Basil |1|3}}",P,ge-mob-pages
Mildewed Goobbue,Upper La Noscea,21-12,,,,A,ge-mob-pages
Mirror Roselet,Central Shroud,Humblehearth,,25-29,"{{Drops|Name=Cotton Boll|Link=|3|3}}, {{Drops|Name=Flax|Link=|1|3}}",A,ge-mob-pages
Mistbeard Buccaneer,Mistbeard Cove,"5-6, 9-4, 10-6",,45-49,"{{Drops|Name=Ala Mhigan Mustard|1|7}},{{Drops|Name=Black Pepper|2|7}},{{Drops|Name=Hawksbill Shell|2|7}},{{Drops|Name=Faerie Apple|4|7}}",,ge-mob-pages
Miteling,Western Thanalan,,,,"{{Drops|Name=Taupe Scale Bugs|1|5}}, {{Drops|Name=Diremite Web|1|5}}",A,ge-mob-pages
Miteling Straggler,Mun-Tuy Cellars,4-6,Seeds of Initiative,33,,A,ge-mob-pages
Mitetrap,The Thousand Maws of Toto-Rak,,,39,,A,ge-mob-pages
Moiling Mole,Central Thanalan,25-22,,15,,P,ge-mob-pages
Molting Megalocrab,North Shroud,,,,"{{Drops|Name=Megalocrab Leg||}},{{Drops|Name=Silver Fish Hook||}},{{Drops|Name=Malm Kelp||}},{{Drops|Name=Green Stainsand||}},{{Drops|Name=Blue Stainsand||}}",P,ge-mob-pages
Molting Megalocrab,South Shroud,,Migrating Crustaceans,,"{{Drops|Name=Megalocrab Leg||}},{{Drops|Name=Silver Fish Hook||}},{{Drops|Name=Malm Kelp||}},{{Drops|Name=Green Stainsand||}},{{Drops|Name=Blue Stainsand||}}",P,ge-mob-pages
Molting Miteling,Nanawa Mines,,,,"{{Drops|Name=Desert-yellow Scale Bugs|1|5}}, {{Drops|Name=Russet-brown Scale Bugs|1|5}}, {{Drops|Name=Deepsea-blue Dyer's Moss||}}",A,ge-mob-pages
Molting Miteling,North Shroud,,,,,A,ge-mob-pages
Molting Miteling,The Mun-Tuy Cellars,,,30,"{{Drops|Name=Desert-yellow Scale Bugs||}}, {{Drops|Name=Russet-brown Scale Bugs||}}, {{Drops|Name=Diremite Sinew||}}, {{Drops|Name=Diremite Web||}}, {{Drops|Name=Taupe Scale Bugs||}}",A,ge-mob-pages
Molting Miteling,Southern Thanalan,,,,"{{Drops|Name=Desert-yellow Scale Bugs||}}, {{Drops|Name=Russet-brown Scale Bugs||}}, {{Drops|Name=Diremite Sinew||}}, {{Drops|Name=Diremite Web||}}, {{Drops|Name=Taupe Scale Bugs||}}, {{Drops|Name=Shale-brown Dyer's Moss||}}, {{Drops|Name=Saffron-yellow Dyer's Moss||}}",A,ge-mob-pages
Moon-eared Mouse,Western La Noscea,6-20,Hunter's Moon (2011),25,"{{Drops|Name=Moonlet|0|0}}, {{Drops|Name=Dalamud Nut|0|0}}, {{Drops|Name=Moon Nut|0|0}}",P,ge-mob-pages
Moon-eared Mouse,Eastern La Noscea,36-25,Hunter's Moon (2011),25,"{{Drops|Name=Moonlet|0|0}}, {{Drops|Name=Dalamud Nut|0|0}}, {{Drops|Name=Moon Nut|0|0}}",P,ge-mob-pages
Moon-eared Mouse,East Shroud,49-33,Hunter's Moon (2011),25,"{{Drops|Name=Moonlet|0|0}}, {{Drops|Name=Dalamud Nut|0|0}}, {{Drops|Name=Moon Nut|0|0}}",P,ge-mob-pages
Moon-eared Mouse,South Shroud,35-43,Hunter's Moon (2011),25,"{{Drops|Name=Moonlet|0|0}}, {{Drops|Name=Dalamud Nut|0|0}}, {{Drops|Name=Moon Nut|0|0}}",P,ge-mob-pages
Moon-eared Mouse,Eastern Thanalan,40-28,Hunter's Moon (2011),25,"{{Drops|Name=Moonlet|0|0}}, {{Drops|Name=Dalamud Nut|0|0}}, {{Drops|Name=Moon Nut|0|0}}",P,ge-mob-pages
Moon-eared Mouse,Western Thanalan,9-27,Hunter's Moon (2011),25,"{{Drops|Name=Moonlet|0|0}}, {{Drops|Name=Dalamud Nut|0|0}}, {{Drops|Name=Moon Nut|0|0}}",P,ge-mob-pages
Moon-eyed Mouse,Western La Noscea,6-20,Hunter's Moon (2011),15,"{{Drops|Name=Moonlet|0|0}}, {{Drops|Name=Dalamud Nut|0|0}}, {{Drops|Name=Moon Nut|0|0}}",P,ge-mob-pages
Moon-eyed Mouse,Eastern La Noscea,36-25,Hunter's Moon (2011),15,"{{Drops|Name=Moonlet|0|0}}, {{Drops|Name=Dalamud Nut|0|0}}, {{Drops|Name=Moon Nut|0|0}}",P,ge-mob-pages
Moon-eyed Mouse,East Shroud,49-33,Hunter's Moon (2011),15,"{{Drops|Name=Moonlet|0|0}}, {{Drops|Name=Dalamud Nut|0|0}}, {{Drops|Name=Moon Nut|0|0}}",P,ge-mob-pages
Moon-eyed Mouse,South Shroud,35-43,Hunter's Moon (2011),15,"{{Drops|Name=Moonlet|0|0}}, {{Drops|Name=Dalamud Nut|0|0}}, {{Drops|Name=Moon Nut|0|0}}",P,ge-mob-pages
Moon-eyed Mouse,Eastern Thanalan,40-28,Hunter's Moon (2011),15,"{{Drops|Name=Moonlet|0|0}}, {{Drops|Name=Dalamud Nut|0|0}}, {{Drops|Name=Moon Nut|0|0}}",P,ge-mob-pages
Moon-eyed Mouse,Western Thanalan,9-27,Hunter's Moon (2011),15,"{{Drops|Name=Moonlet|0|0}}, {{Drops|Name=Dalamud Nut|0|0}}, {{Drops|Name=Moon Nut|0|0}}",P,ge-mob-pages
Moon-toothed Mouse,Western La Noscea,6-20,Hunter's Moon (2011),35,"{{Drops|Name=Moonlet|0|0}}, {{Drops|Name=Dalamud Nut|0|0}}, {{Drops|Name=Moon Nut|0|0}}",P,ge-mob-pages
Moon-toothed Mouse,Eastern La Noscea,36-25,Hunter's Moon (2011),35,"{{Drops|Name=Moonlet|0|0}}, {{Drops|Name=Dalamud Nut|0|0}}, {{Drops|Name=Moon Nut|0|0}}",P,ge-mob-pages
Moon-toothed Mouse,East Shroud,49-33,Hunter's Moon (2011),35,"{{Drops|Name=Moonlet|0|0}}, {{Drops|Name=Dalamud Nut|0|0}}, {{Drops|Name=Moon Nut|0|0}}",P,ge-mob-pages
Moon-toothed Mouse,South Shroud,35-43,Hunter's Moon (2011),35,"{{Drops|Name=Moonlet|0|0}}, {{Drops|Name=Dalamud Nut|0|0}}, {{Drops|Name=Moon Nut|0|0}}",P,ge-mob-pages
Moon-toothed Mouse,Eastern Thanalan,40-28,Hunter's Moon (2011),35,"{{Drops|Name=Moonlet|0|0}}, {{Drops|Name=Dalamud Nut|0|0}}, {{Drops|Name=Moon Nut|0|0}}",P,ge-mob-pages
Moon-toothed Mouse,Western Thanalan,9-27,Hunter's Moon (2011),35,"{{Drops|Name=Moonlet|0|0}}, {{Drops|Name=Dalamud Nut|0|0}}, {{Drops|Name=Moon Nut|0|0}}",P,ge-mob-pages
Moonblind Dodo,Western Thanalan,16-29,The Unheard Horizon,,"{{Drops|Name=Dodo Feather||}},{{Drops|Name=Dodo Tenderloin||}},{{Drops|Name=Dodo Skin||}},{{Drops|Name=Dodo Egg||}},{{Drops|Name=Salt Leek||}}",P,ge-mob-pages
Moraby Mole,Eastern La Noscea,"18-34, 32-22, 40-18, 34-18, 32-21, 31-21",,15 - 19,"{{Drops|Name=Mole Meat|4|22}}, {{Drops|Name=Mole Sinew|5|22}}, {{Drops|Name=Bloodworm|14|22}}, {{Drops|Name=Chicken Egg|1|22}}",P,ge-mob-pages
Morbol,Central Shroud,38-26,,,,A,ge-mob-pages
Mosshorn Billygoat,Western Thanalan,,,55,,A,ge-mob-pages
Mosshorn Nannygoat,Western Thanalan,,,55,,A,ge-mob-pages
Mossy Goobbue,Eastern La Noscea,37-14,,,,"A, H",ge-mob-pages
Mottled Eft,Western La Noscea,,Off With Their Heads,,,P,ge-mob-pages
Mottled Eft,Upper La Noscea,,Annexing the Lake,,,P,ge-mob-pages
Mountain Peiste,Mor Dhona,,,,,,ge-mob-pages
Mountain Peiste,Coerthas Central Highlands,32-25,,51-53,"{{Drops|Name=Basilisk Egg|0|3}}, {{Drops|Name=Peiste Skin|0|3}}, {{Drops|Name=Black Scorpion|2|3}}, {{Drops|Name=Mudstone|1|3}}",,ge-mob-pages
Mountain Peiste,Coerthas Western Highlands,23-31,,,,,ge-mob-pages
Mudpuppy,South Shroud,,,,,A,ge-mob-pages
Mummer's Lantern,The Mun-Tuy Cellars,,Sly Spirits,30-42,,P,ge-mob-pages
Mun-Tuy Sapling,The Thousand Maws of Toto-Rak,,,39,,A,ge-mob-pages
Mun-Tuy Squirrel,Central Shroud,,,22-34,{{Drops|Name=Gridanian Chestnut|Link=|1|1}},P,ge-mob-pages
Mun-Tuy Squirrel,North Shroud,,,,,P,ge-mob-pages
Mun-Tuy Squirrel,The Mun-Tuy Cellars,6-8,,,,P,ge-mob-pages
Musk Roseling,Eastern La Noscea,35-24,,20,"{{Drops|Name=Red Landtrap Leaf|Link=|6|10}}, {{Drops|Name=Cloves|Link=|2|10}}, {{Drops|Name=Musk Roseling Pollen|Link=Quest Item|1000|1000}}",A,ge-mob-pages
Musk Stag,North Shroud,,A Fine Host,40-52,,P,ge-mob-pages
Myrmidon Drone,Cutter's Cry,,,50,,A,ge-mob-pages
Myrmidon Guard,Cutter's Cry,,,55,,A,ge-mob-pages
Myrmidon Princess,Cutter's Cry,,,59,,A,ge-mob-pages
Myrmidon Sentry,Cutter's Cry,,,56,,A,ge-mob-pages
Myrmidon Soldier,Cutter's Cry,,,45,,A,ge-mob-pages
Naked Mole,Central Shroud,,Moles vs the Pilgrims,,,P,ge-mob-pages
Naked Mole,North Shroud,,Sapped Saplings,,,P,ge-mob-pages
Naked Mole,Central Thanalan,,Tunneling Trouble,,,P,ge-mob-pages
Naked Mole,Central Thanalan,,Moles for the Mauling,,,P,ge-mob-pages
Napalm,Coerthas Western Highlands,19-17,,70-74,,A,ge-mob-pages
Natalan Boneknitter,Natalan,,,50-56,"{{Drops|Name=Ixali Willowknot|Link=|0|0}}, {{Drops|Name=Vortex Headdress|Link=|0|0}}",A,ge-mob-pages
Natalan Gatekeeper,Natalan,,,52-56,"{{Drops|Name=Ixali Willowknot|Link=|0|0}}, {{Drops|Name=Vortex Headdress|Link=|0|0}}",A,ge-mob-pages
Natalan Logsplitter,Natalan,,,50-56,"{{Drops|Name=Ixali Willowknot|Link=|0|0}}, {{Drops|Name=Vortex Headdress|Link=|0|0}}",A,ge-mob-pages
Natalan Pikecarver,Natalan,,,50-56,"{{Drops|Name=Ixali Willowknot|Link=|0|0}}, {{Drops|Name=Vortex Headdress|Link=|0|0}}",A,ge-mob-pages
Natalan Sentry (Gladiator),Natalan,,,52,"{{Drops|Name=Brass Natalan Coffer Key|Link=|0|0}}, {{Drops|Name=Ixali Willowknot|Link=|0|0}}, {{Drops|Name=Vortex Headdress|Link=|0|0}}",A,ge-mob-pages
Natalan Sentry (Lancer),Natalan,,,59,"{{Drops|Name=Silver Natalan Coffer Key|Link=|0|0}}, {{Drops|Name=Ixali Willowknot|Link=|0|0}}, {{Drops|Name=Vortex Headdress|Link=|0|0}}",A,ge-mob-pages
Natalan Sentry (Marauder),Natalan,,,53,"{{Drops|Name=Copper Natalan Coffer Key|Link=|0|0}}, {{Drops|Name=Ixali Willowknot|Link=|0|0}}, {{Drops|Name=Vortex Headdress|Link=|0|0}}",A,ge-mob-pages
Natalan Sentry (Thaumaturge),Natalan,,,59,"{{Drops|Name=Silver Natalan Coffer Key|Link=|0|0}}, {{Drops|Name=Ixali Willowknot|Link=|0|0}}, {{Drops|Name=Vortex Headdress|Link=|0|0}}",A,ge-mob-pages
Natalan Wolftamer,Natalan,,,50-56,"{{Drops|Name=Ixali Willowknot|Link=|0|0}}, {{Drops|Name=Vortex Headdress|Link=|0|0}}",A,ge-mob-pages
Needletail,East Shroud,Nine Ivies,,62-63,,A,ge-mob-pages
Nest Commander,Western Thanalan,11-25,,36,"{{Drops|Name=Canvas Shepherd's Slops|0|14}}, {{Drops|Name=Canvas Slops|0|14}}, {{Drops|Name=Nighthawk Visor|4|34}}, {{Drops|Name=Cotton Trousers|0|14}}, {{Drops|Name=Ogre Pumpkin|4|14}}, {{Drops|Name=Formic Acid|6|14}}, {{Drops|Name=Cotton Breeches|3|14}}, {{Drops|Name=Velveteen Tights (Black)|2|14}}, {{Drops|Name=Drake Scales|1|14}}, {{Drops|Name=Velveteen Bottom (Red)|1|14}}, {{Drops|Name=Velveteen Sarouel|3|14}}",A,ge-mob-pages
Nestling Buzzard,Lower La Noscea,30-32,,37-39,"{{Drops|Name=Vulture Feather|36|70}}, {{Drops|Name=Yew Branch|6|70}}",A,ge-mob-pages
Nether Nix,The Aurum Vale,,,55,,A,ge-mob-pages
Nibbled Toadstool,North Shroud,,Sylph-inflicted Wounds,40-52,"{{Drops|Name=Shriekshroom|Link=|0|0}}, {{Drops|Name=Straw|Link= |0|0}}, {{Drops|Name=Walnut Log|Link= |0|0}}",P,ge-mob-pages
Nightblade Assassin,Western Thanalan,,,,,A,ge-mob-pages
Nightblade Assassin,Western Thanalan,,Sweet Vengeance,,,A,ge-mob-pages
Nightwolf,Eastern La Noscea,,Wanted: Palemoon Parazuzu,,,,ge-mob-pages
Nix,Eastern La Noscea,,,,,A,ge-mob-pages
Northern Eft,East Shroud,,Efts from Afar,,,P,ge-mob-pages
Nut Nibbler,Central Shroud,Humblehearth,Woes of the Botanist,40,{{Drops|Name=Gridanian Chestnut|Link=|2|4}},P,ge-mob-pages
Nutbiter Marmot,Central Shroud,,Reforesting Bentbranch,,,P,ge-mob-pages
Nutbiter Marmot,Central Thanalan,,Something in the Water,,,P,ge-mob-pages
Nutbiter Marmot,Eastern Thanalan,,Popotoes in Peril,,,P,ge-mob-pages
Nutbiter Marmot,South Shroud,,Reforesting Tranquil,,,P,ge-mob-pages
Nutbreaker Squirrel,South Shroud,,Reforesting Tranquil,,,P,ge-mob-pages
Nutcracker Squirrel,South Shroud,,Reforesting Tranquil,,,P,ge-mob-pages
Nutgrabber Marmot,Central Thanalan,27-23,,10,"{{Drops|Name=Marmot Pelt |10|50}}, {{Drops|Name=Marmot Meat |11|50}}, {{Drops|Name=Moko Grass |13|50}}, {{Drops|Name=Gridanian Walnut |13|50}}, {{Drops|Name=Wild Onion | 5|50}}",P,ge-mob-pages
Ocean Roseling (Roselet),Western La Noscea,,Colonizing the Valley,,{{Drops|Name=Growth Formula Alpha|1|4}},A,ge-mob-pages
Ocean Roseling (Roselet),Western La Noscea,,Camp Skull Valley Behest,,,A,ge-mob-pages
Ocean Roseling (Roselet),Eastern La Noscea,,A Roseling by Any Other Name,20-32,"{{Drops|Name=Cotton Boll||}}, {{Drops|Name=Red Landtrap Vine}}",A,ge-mob-pages
Oilbug,South Shroud,"36,48",,17 - 19,"{{Drops|Name=Cotton Boll||}}, {{Drops|Name=Flax||}}, {{Drops|Name=Moko Grass||}}",P,ge-mob-pages
Old Six-arms,Lower La Noscea,31-33,,,"{{Drops|Name=Malm Kelp| 0|8}}, {{Drops|Name=Megalocrab Leg| 3|8}}, {{Drops|Name=Shellsplitter| 2|8}}, {{Drops|Name=Venerer's Bracers| 1|8}}, {{Drops|Name=Green Megalocrab Shell|0|8}}",P,ge-mob-pages
Opo-opo,Central Shroud,Humblehearth,,34,,P,ge-mob-pages
Opo-opo,Eastern La Noscea,,Sating the Simians,,,P,ge-mob-pages
Opo-opo,The Mun-Tuy Cellars,4-7,,,,P,ge-mob-pages
Opo-opo,South Shroud,,,,,P,ge-mob-pages
Ornery Karakul Ewe,Coerthas Central Highlands,34-19,,34 - 36,"{{Drops|Name=Karakul Fleece||}}, {{Drops|Name=Flax||}}",P,ge-mob-pages
Orobon,Cassiopeia Hollow,,,,"{{Drops|Name=Orobon Liver||}},{{Drops|Name=Black Sole||}},{{Drops|Name=Blue Coral||}},{{Drops|Name=Jellyfish Umbrella||}}",A,ge-mob-pages
Ossuary Almstaker,Western Thanalan,12-33,Two Sides to Every Chip,36,,A,ge-mob-pages
Pack Rat (1.x),Western La Noscea,,Send Them Packing,,,P,ge-mob-pages
Painted Ladybug,Western Thanalan,33-15,,,{{Drops|Name=Moko Grass||}},P,ge-mob-pages
Painted Ladybug,Cassiopeia Hollow,,,31 - 33,"{{Drops|Name=Moko Grass||}}, {{Drops|Name=Flax||}}, {{Drops|Name=Ladybug Elytron||}}",P,ge-mob-pages
Palemoon Parazuzu,Eastern La Noscea,,Wanted: Palemoon Parazuzu,,Coil of Rope,,ge-mob-pages
Peiste Familiar,Eastern La Noscea,40-17,The Price of Integrity,19,,A,ge-mob-pages
Phaia,Central Shroud,29-34,,47,"{{Drops|Name=Penance| 3|28}}, {{Drops|Name=Boar's Bane| 4|28}}, {{Drops|Name=Danburite Ring| 2|28}}, {{Drops|Name=Lapis Lazuli Ring|3|28}}, {{Drops|Name=Sunstone Ring| 1|28}}, {{Drops|Name=Fluorite Ring| 1|28}}, {{Drops|Name=Heliodor Ring| 1|1}}, {{Drops|Name=Malachite Ring| 0|28}}, {{Drops|Name=Sphene Ring| 1|28}}, {{Drops|Name=Crow Feather| 1|28}}, {{Drops|Name=Coerthas Carrot| 5|28}}, {{Drops|Name=Button Mushroom| 6|28}}, {{Drops|Name=Popoto| 7|28}}, {{Drops|Name=Black Truffle| 1|28}}, {{Drops|Name=Boar Hide| 3|28}}, {{Drops|Name=Aquamarine Ring| 2|28}}, {{Drops|Name=Goshenite Ring| 2|28}}",A,ge-mob-pages
Phantasma,North Shroud,,,,"{{Drops|Name=Hempen Fent||}},{{Drops|Name=Hempen Yarn||}},{{Drops|Name=Cotton Fent||}},{{Drops|Name=Undyed Cotton Cloth||}},{{Drops|Name=Undyed Hempen Cloth||}},{{Drops|Name=Bronze Swallowtail Arrowheads||}},{{Drops|Name=Marmot Meat||}},{{Drops|Name=Cotton Boll||}}",A,ge-mob-pages
Pharosfly,Eastern La Noscea,,,,,,ge-mob-pages
Phurble,Eastern La Noscea,40-27,,50 - 54,"{{Drops|Name=Snurble Tufts||}},{{Drops|Name=Straw||}}",P,ge-mob-pages
Phurble,Lower La Noscea,"33-37, 35-41",,55 - 59,"{{Drops|Name=Straw||}},{{Drops|Name=Snurble Tufts||}}",P,ge-mob-pages
Phurble,Central Shroud,27-40,,55 - 59,"{{Drops|Name=Straw||}},{{Drops|Name=Snurble Tufts||}}",P,ge-mob-pages
Phurble,West Shroud,5-36,,50 - 54,"{{Drops|Name=Snurble Tufts||}},{{Drops|Name=Straw||}}",P,ge-mob-pages
Phurble,Central Thanalan,"35-30, 32-36, 27-34",,55 - 59,"{{Drops|Name=Straw||}},{{Drops|Name=Snurble Tufts||}}",P,ge-mob-pages
Phurble,Northern Thanalan,22-18,,50 - 54,"{{Drops|Name=Snurble Tufts||}},{{Drops|Name=Straw||}}",P,ge-mob-pages
Phurble,Western Thanalan,9-23,,50 - 54,"{{Drops|Name=Snurble Tufts||}},{{Drops|Name=Straw||}}",P,ge-mob-pages
Plague Djigga,Eastern Thanalan,,Preventing the Plague,40-42,,A,ge-mob-pages
Plague Rat,Lower La Noscea,,Missing Teeth,,"{{Drops|Name=Rat Pelt|1|5}}, {{Drops|Name=Cloves||}}",P,ge-mob-pages
Plague Rat,Lower La Noscea,,A Beardful of Rats,,,P,ge-mob-pages
Plague Rat,Lower La Noscea,,My Very First Adventure,,,P,ge-mob-pages
Plague Rat,Western La Noscea,,Wanted: Xha Viqqoh the Nibbler,,,P,ge-mob-pages
Plain Pudding,Mistbeard Cove,6-5,,40-44,"{{Drops|Name=Pudding Flesh|4|17}}, {{Drops|Name=Kukuru Bean|4|17}}, {{Drops|Name=Coal Tar|0|17}}, {{Drops|Name=Silver Dust|0|17}}, {{Drops|Name=Gold Stainsand|0|17}}",A,ge-mob-pages
Plain Pudding,The Tam-Tara Deepcroft,5-3,,44,"{{Drops|Name=Pudding Flesh||}}, {{Drops|Name=Kukuru Bean|1|1}}, {{Drops|Name=Coal Tar||}}, {{Drops|Name=Silver Dust||}}, {{Drops|Name=Gold Stainsand||}}",A,ge-mob-pages
Plain Pudding,Copperbell Mines,,,,"{{Drops|Name=Pudding Flesh||}}, {{Drops|Name=Kukuru Bean||}}, {{Drops|Name=Coal Tar||}}, {{Drops|Name=Silver Dust||}}, {{Drops|Name=Gold Stainsand||}}",,ge-mob-pages
Plains Footpad,Eastern La Noscea,"34-18, 37-25, 38-23, 35-17",,28-29,{{Drops|Name=Tallow Candle|Link=|0|1}},A,ge-mob-pages
Plains Footpad,Western Thanalan,34-14,,25-27,{{Drops|Name=Tallow Candle|Link=|0|1}},A,ge-mob-pages
Plains Footpad,Coerthas Eastern Lowlands,59-31,,,{{Drops|Name=Tallow Candle|Link=|0|1}},A,ge-mob-pages
Plains Footpad,South Shroud,43-47,,29,{{Drops|Name=Tallow Candle|Link=|0|1}},A,ge-mob-pages
Plains Rat,Western La Noscea,,,8 - 10,"{{Drops|Name=Bone Chip||}}, {{Drops|Name=Cloves||}}, {{Drops|Name=Rat Pelt||}}, {{Drops|Name=Rat Tail||}}",P,ge-mob-pages
Plasma Spark,East Shroud,,All Nine Ivies is a Stage,,,,ge-mob-pages
Plasmoid,Coerthas Central Highlands,27-16,,,,,ge-mob-pages
Plasmoid,Coerthas Eastern Lowlands,48-25,,,,,ge-mob-pages
Poison Flytrap,Western La Noscea,,Fearsome Foliage,,,,ge-mob-pages
Poisoned Peasant,The Aurum Vale,,,56,,A,ge-mob-pages
Popoto-opoto,South Shroud,38-45,,25,"{{Drops|Name=Faerie Apple|Link=|3|10}}, {{Drops|Name=Gridanian Chestnut|Link=|1|10}}, {{Drops|Name=Lalafellin Lentil|Link=|3|10}}, {{Drops|Name=Galago Mint|Link=|7|10}}",P,ge-mob-pages
Porcupine,Upper La Noscea,24-15,Moles vs the Pilgrims,,,P,ge-mob-pages
Prince of Pestilence,The Mun-Tuy Cellars,6-3,,47,"{{Drops|Name=Frostbite|0|2}}, {{Drops|Name=Seer's Cowl|0|2}}, {{Drops|Name=Peridot Bracelets|1|2}}, {{Drops|Name=Heliodor Bracelets|0|2}}, {{Drops|Name=Rat Tail|0|2}}, {{Drops|Name=Crow Feather|0|2}}, {{Drops|Name=Bone Chip|0|2}},",A,ge-mob-pages
Princess of Pestilence,Locke's Lie,,Skirmish,55,,A,ge-mob-pages
Prison Pteroc,The Thousand Maws of Toto-Rak,,,35,,A,ge-mob-pages
Prison Pudding,The Thousand Maws of Toto-Rak,,,35,,,ge-mob-pages
Pruned Roselet,Central Shroud,30-33,,34-37,"{{Drops|Name=Cotton Boll|Link= |2|6}}, {{Drops|Name=Flax|Link= |1|6}}, {{Drops|Name=Growth Formula Alpha|Link=|1|6}}",A,ge-mob-pages
Pteroc Matron,East Shroud,43-28,,27 - 31,"{{Drops|Name=Puk Wing|3|1}}, {{Drops|Name=Cotton Boll|0|1}}, {{Drops|Name=Bee Basket|0|1}}",P,ge-mob-pages
Pteroc Matron,Eastern Thanalan,,,,,,ge-mob-pages
Pteroc Matron,Coerthas Central Highlands,39-24,,,,,ge-mob-pages
Pteroctrap,West Shroud,33-17,,,,A,ge-mob-pages
Pugot,East Shroud,,,,,A,ge-mob-pages
Pugot,Mor Dhona,,,,,A,ge-mob-pages
Pugot,North Shroud,20-10,,,,A,ge-mob-pages
Puk (1.X),Eastern La Noscea,"37-25, 37-24, 23-36, 37-18",,20 - 24,"{{Drops|Name=Puk Wing||}}, {{Drops|Name=Cotton Boll||}}, {{Drops|Name=Cock Feather||}}",,ge-mob-pages
Puk Hatchling,Western La Noscea,"22-12, 22-14",,10 - 14,"{{Drops|Name=Puk Wing|5|38}}, {{Drops|Name=Puk Wing +1|Link=Puk Wing|1|38}}, {{Drops|Name=Cock Feather|8|38}}, {{Drops|Name=Cock Feather +1|Link=Cock Feather|1|38}}, {{Drops|Name=Swan Feather|0|38}}, {{Drops|Name=Cotton Boll|3|38}}, {{Drops|Name=Midge Basket|17|38}}",P,ge-mob-pages
Pukla Puki the Pomburner,Thornmarch,,A Feast of Fools,50,,A,ge-mob-pages
Pukna Pako the Tailturner,Thornmarch,,A Feast of Fools,50,,A,ge-mob-pages
Puksi Piko the Shaggysong,Thornmarch,,A Feast of Fools,50,,A,ge-mob-pages
Puroboros,Southern Thanalan,14-33,,,,A,ge-mob-pages
Puroboros,Northern Thanalan,10-28,,,,A,ge-mob-pages
Puroboros,Coerthas Central Lowlands,,,,,A,ge-mob-pages
Puroboros,Coerthas Western Highlands,11-14,,,,A,ge-mob-pages
Puroboros,Mor Dhona,,,,,A,ge-mob-pages
Pus Gnat,Nanawa Mines,4-5,,,,A,ge-mob-pages
Pus Gnat,Cassiopeia Hollow,,,28 - 29,"{{Drops|Name=Chicken Breast||}}, {{Drops|Name=Crow Feather||}}, {{Drops|Name=Gnat Wing||}}, {{Drops|Name=Rat Tail||}}",A,ge-mob-pages
Pus Gnat,The Tam-Tara Deepcroft,6-3,,40-43,"{{Drops|Name=Chicken Breast|0|8}}, {{Drops|Name=Crow Feather|1|8}}, {{Drops|Name=Gnat Wing|0|8}}, {{Drops|Name=Rat Tail|5|8}}",A,ge-mob-pages
Pus Gnat,Western Thanalan,20-36,,,{{Drops|Name=Bone Chip|2|2}},A,ge-mob-pages
Pygmy Dormouse,Central Shroud,Humblehearth,,37,"{{Drops|Name=Iron Acorn |0|0}}, {{Drops|Name=Buffalo Beans|0|0}}, {{Drops|Name=Almonds |0|0}}",P,ge-mob-pages
Pyrausta,Western Thanalan,7/8-30/31,,,"{{Drops|Name=Dodoskin Skirt|0|12}}, {{Drops|Name=Puk Wing|10|12}}, {{Drops|Name=Cotton Boll|6|12}}, {{Drops|Name=Canvas Slops|1|12}}, {{Drops|Name=Canvas Shepherd's Slops|1|12}}, {{Drops|Name=Crow Feather|9|12}}, {{Drops|Name=Cotton Trousers|2|12}}, {{Drops|Name=Howling Talons|2|14}}, {{Drops|Name=Velveteen Bottom|1|12}}, {{Drops|Name=Velveteen Tights|5|12}}, {{Drops|Name=Velveteen Sarouel|5|12}},",,ge-mob-pages
Qiqirn Beater,Central Shroud,29-39,,,,P,ge-mob-pages
Qiqirn Egg Hunter,Eastern La Noscea,32-28,,35 - 39,,P,ge-mob-pages
Qiqirn Goon,Western Thanalan,,Operation: Bloody Side Up,,"{{Drops|Name=Peperoon Fate-die||}}, {{Drops|Name=Ququroon Doom-die||}}, {{Drops|Name=Gagaroon Luck-die||}}",P,ge-mob-pages
Qiqirn Mercenary,Western La Noscea,,,,,,ge-mob-pages
Qiqirn Mercenary,East Shroud,,,,,,ge-mob-pages
Qiqirn Mercenary,Western Thanalan,,,,,,ge-mob-pages
Qiqirn Mercenary,Southern Thanalan,,,,,,ge-mob-pages
Qiqirn Mercenary,Northern Thanalan,9-17,,,,,ge-mob-pages
Qiqirn Poacher,Mistbeard Cove,7-5,,45-49,"{{Drops|Name=Gagaroon Luck-die|0|3}},{{Drops|Name=Cock Feather|2|3}}",P,ge-mob-pages
Qiqirn Scrambler,Copperbell Mines,3-5,,50-52,"{{Drops|Name=Rolanberry|link=|3|11}}, {{Drops|Name=Gagaroon Luck-die|link=|4|11}}, {{Drops|Name=Ququroon Doom-die|link=|1|11}}, {{Drops|Name=Peperoon Fate-die|link=|1|11}}, {{Drops|Name=Cock Feather|link=|1|11}}",P,ge-mob-pages
Qiqirn Scrambler,Mor Dhona,,,,,,ge-mob-pages
Qiqirn Scrambler,Northern Thanalan,13-27,,,,,ge-mob-pages
Qiqirn Shirrer,South Shroud,46-48,A Song of Bards and Bowmen,34,"{{Drops|Name=Ququroon Doom-die|2|4}}, {{Drops|Name=Peperoon Fate-die|1|4}}, {{Drops|Name=Cock Feather|1|4}}",,ge-mob-pages
Quartz Doblyn,Southern Thanalan,,,40-49,"{{Drops|Name=Mythril Ore|Link=|1|100}}, {{Drops|Name=Copper Ore|Link=|33|100}}, {{Drops|Name=Obsidian|Link=|42|100}}, {{Drops|Name=Silver Ore|Link=|21|100}}, {{Drops|Name=Zinc Ore|Link=|47|100}}, {{Drops|Name=Wyvern Obsidian|Link=|12|100}}",P,ge-mob-pages
Queen Bolete,South Shroud,36-50,,36,"{{Drops|Name=Canvas Acton (Auburn)|0|18}}, {{Drops|Name=Canvas Tabard|0|18}}, {{Drops|Name=Cotton Boll|5|18}}, {{Drops|Name=Chestnut Log|0|18}}, {{Drops|Name=Leather Jacket (Black)|0|18}}, {{Drops|Name=Eternal Shade|1|18}}, {{Drops|Name=Toadskin Jacket|2|18}}, {{Drops|Name=Velveteen Coatee|5|18}}, {{Drops|Name=Kukuru Bean|2|18}}, {{Drops|Name=Buffalo Beans|5|18}}, {{Drops|Name=Cotton Halfrobe|1|18}}, {{Drops|Name=Velveteen Shirt|1|18}}, {{Drops|Name=Shriekshroom|5|18}}",P,ge-mob-pages
Queen Gougou,West Shroud,39-16,,55,"{{Drops|Name=Ruby Tomato|Link=|1|1}}, {{Drops|Name=Ramhorn Zucchini|Link=|2|1}}, {{Drops|Name=Unmarked Keystone|Link=|0|1}}",P,ge-mob-pages
Quicksand Peiste,Cutter's Cry,,,56,,A,ge-mob-pages
Rabid Coywolf,Central Shroud,,Dendrological Duties,,,A,ge-mob-pages
Rabid Dodo,Eastern Thanalan,Drybone,Best Flower Ever,10,"{{Drops|Name=Dodo Egg |Link=|1|6}}, {{Drops|Name=Dodo Tenderloin|Link=|2|6}}, {{Drops|Name=Paprika |Link=|1|6}}",P,ge-mob-pages
Rabid Jackal,Lower La Noscea,,,,,A,ge-mob-pages
Ragged Hippocerf,Western La Noscea,4-18,International Relations,43-44,,A,ge-mob-pages
Raging Ram,Lower La Noscea,,Unsavory Ramifications,,,P,ge-mob-pages
Rainbow Basilisk,Mor Dhona,,,,,A,ge-mob-pages
Ranig'oh,Zahar'ak,,,56,"{{Drops|Name=Silver Zahar'ak Coffer Key|Link=|0|0}}, {{Drops|Name=Drake Scales|Link=|0|0}}",A,ge-mob-pages
Raptor Poacher,North Shroud,,Open Season,40-52,{{Drops|Name=Chocobo Feather|1|2}},,ge-mob-pages
Raptor Poacher,Central Shroud,,The Goodwill Traders,30-42,"{{Drops|Name=Leather Hunting Vest|2|4}}, {{Drops|Name=Nutmeg|2|4}}",,ge-mob-pages
Rat Mole,Lower La Noscea,,Mole Patrol,,,P,ge-mob-pages
Ravenous Billygoat,Upper La Noscea,15-14,,39 - 42,"{{Drops|Name=Aldgoat Milk||}}, {{Drops|Name=Aldgoat Skin||}}, {{Drops|Name=Aldgoat Horn||}}",P,ge-mob-pages
Ravenous Billygoat,Lower La Noscea,,,,"{{Drops|Name=Aldgoat Milk||}}, {{Drops|Name=Aldgoat Skin||}}, {{Drops|Name=Aldgoat Horn||}}, {{Drops|Name=Sagolii Sage||}}, {{Drops|Name=Cieldalaes Spinach||}}",P,ge-mob-pages
Ravenous Billygoat,Eastern La Noscea,,,,"{{Drops|Name=Aldgoat Milk||}}, {{Drops|Name=Aldgoat Skin||}}, {{Drops|Name=Aldgoat Horn||}}",P,ge-mob-pages
Ravenous Billygoat,Eastern Thanalan,,,,"{{Drops|Name=Aldgoat Milk||}}, {{Drops|Name=Aldgoat Skin||}}, {{Drops|Name=Aldgoat Horn||}}, {{Drops|Name=Thanalan Tea Leaves||}}",P,ge-mob-pages
Ravenous Billygoat,Western Thanalan,,,,"{{Drops|Name=Aldgoat Milk||}}, {{Drops|Name=Aldgoat Skin||}}, {{Drops|Name=Aldgoat Horn||}}, {{Drops|Name=Thanalan Tea Leaves||}}",P,ge-mob-pages
Ravenous Billygoat,Southern Thanalan,41-36,,40-44,"{{Drops|Name=Aldgoat Chuck|5|9}}, {{Drops|Name=Aldgoat Skin|2|9}}, {{Drops|Name=Aldgoat Horn|1|9}}, {{Drops|Name=Mudstone|3|9}}, {{Drops|Name=Rock Salt|2|9}}, {{Drops|Name=Cieldalaes Spinach|1|9}}",P,ge-mob-pages
Ravenous Billygoat,Northern Thanalan,16-21,,,"{{Drops|Name=Aldgoat Milk||}}, {{Drops|Name=Aldgoat Skin||}}, {{Drops|Name=Aldgoat Horn||}}, {{Drops|Name=Thanalan Tea Leaves||}}",P,ge-mob-pages
Ravenous Nannygoat,Upper La Noscea,15-14,,35 - 39,"{{Drops|Name=Aldgoat Milk||}}, {{Drops|Name=Aldgoat Skin||}}, {{Drops|Name=Aldgoat Horn||}}, {{Drops|Name=Sagolii Sage||}}, {{Drops|Name=Cieldalaes Spinach||}}",P,ge-mob-pages
Ravenous Nannygoat,Lower La Noscea,,,,"{{Drops|Name=Aldgoat Milk||}}, {{Drops|Name=Aldgoat Skin||}}, {{Drops|Name=Aldgoat Horn||}}, {{Drops|Name=Sagolii Sage||}}, {{Drops|Name=Cieldalaes Spinach||}}",P,ge-mob-pages
Ravenous Nannygoat,Western Thanalan,,,,"{{Drops|Name=Aldgoat Milk||}}, {{Drops|Name=Aldgoat Skin||}}, {{Drops|Name=Aldgoat Horn||}}, {{Drops|Name=Thanalan Tea Leaves||}}",P,ge-mob-pages
Razor Plume,The Howling Eye,,In for Garuda Wakening,,,A,ge-mob-pages
Razor Plume,The Howling Eye,,Taming the Tempest,,,A,ge-mob-pages
Razorback,Coerthas Western Highlands,16-12,,,,A,ge-mob-pages
Rebel,Eastern La Noscea,,To Catch a Thief,,,,ge-mob-pages
Recluse Hippogryph,The Dzemael Darkhold,,,52,{{Drops|Name=Hippogryph Sinew|Link=|0|0}},A,ge-mob-pages
Red Dewflower Sylph,South Shroud,,Operation: Sylph Stalkings,,{{Drops|Name=Sylphic Redleaf||}},,ge-mob-pages
Redhorn Ogre,Eastern Thanalan,"48-24, 47-22",,,"{{Drops|Name=Soiled Femur||}},{{Drops|Name=Silver Arrowheads||}},{{Drops|Name=Smoothed Stone||}}",A,ge-mob-pages
Redhorn Ogre,Northern Thanalan,18-15,,,"{{Drops|Name=Soiled Femur||}},{{Drops|Name=Silver Arrowheads||}},{{Drops|Name=Smoothed Stone||}}",A,ge-mob-pages
Redhorn Ogre,Western Thanalan,,,,"{{Drops|Name=Soiled Femur||}},{{Drops|Name=Silver Arrowheads||}},{{Drops|Name=Smoothed Stone||}}",A,ge-mob-pages
Redhorn Ogre,Coerthas Western Highlands,,,,"{{Drops|Name=Soiled Femur||}},{{Drops|Name=Silver Arrowheads||}},{{Drops|Name=Smoothed Stone||}}",A,ge-mob-pages
Redwing Ked,Upper La Noscea,21-10,,,,A,ge-mob-pages
Redwing Ked,Eastern Thanalan,46-31,,,,A,ge-mob-pages
Redwing Ked,Southern Thanalan,,,,,A,ge-mob-pages
Redwing Ked,East Shroud,,,,,A,ge-mob-pages
Redwing Ked,Central Shroud,,,,,A,ge-mob-pages
Redwing Ked,Coerthas Central Lowlands,27-44,,,,A,ge-mob-pages
Redwing Ked,Coerthas Eastern Highlands,56-14,,,,A,ge-mob-pages
Reef Angler,Lower La Noscea,,,,"{{Drops|Name=Orobon Liver||}},{{Drops|Name=Scallop Shell||}},{{Drops|Name=Miter Shell||}},{{Drops|Name=Hawksbill Shell||}}",A,ge-mob-pages
Reef Angler,Central Shroud,29-24,,,"{{Drops|Name=Orobon Liver||}},{{Drops|Name=Scallop Shell||}},{{Drops|Name=Miter Shell||}},{{Drops|Name=Hawksbill Shell||}}",A,ge-mob-pages
Reef Angler,Coerthas Eastern Lowlands,50-35,,,"{{Drops|Name=Orobon Liver||}},{{Drops|Name=Scallop Shell||}},{{Drops|Name=Miter Shell||}},{{Drops|Name=Hawksbill Shell||}}",A,ge-mob-pages
Remora (1.x),Shposhae,7-5,,15,"{{Drops|Name=Jellyfish Umbrella|3|56}}, {{Drops|Name=Black Sole|6|56}}, {{Drops|Name=Marmot Pelt|5|56}}, {{Drops|Name=Orobon Liver|15|56}}, {{Drops|Name=White Coral|8|56}}",A,ge-mob-pages
Revenant,Cassiopeia Hollow,,,30 - 34,"{{Drops|Name=Cotton Yarn||}},{{Drops|Name=Undyed Canvas||}},{{Drops|Name=Undyed Velveteen||}},{{Drops|Name=Velveteen Fent||}},{{Drops|Name=Canvas Fent||}}",A,ge-mob-pages
Revenant,Mistbeard Cove,5-6,,35 - 39,"{{Drops|Name=Cotton Yarn||}},{{Drops|Name=Undyed Canvas||}},{{Drops|Name=Undyed Velveteen||}},{{Drops|Name=Velveteen Fent||}},{{Drops|Name=Canvas Fent||}},{{Drops|Name=Black Sole||}}",A,ge-mob-pages
Ringtail,East Shroud,44-28,,,,P,ge-mob-pages
Ringtail Pteroc,South Shroud,,"Leaders of the Pack, Forsaken Sacs",,{{Drops|Name=Striped Tail||}},,ge-mob-pages
Ripe Shrieker,West Shroud,Silent Arbor,A Taste for Death,56,{{Drops|Name=Shriekshroom|Link=|1|1}},P,ge-mob-pages
Roadrunner,Central Thanalan,,,,"{{Drops|Name=Cockatrice Feather||}},{{Drops|Name=Dodo Egg||}},{{Drops|Name=Dodo Skin||}},{{Drops|Name=Dodo Tenderloin||}},{{Drops|Name=Earth Rock||}}",P,ge-mob-pages
Roadrunner,Southern Thanalan,,,,"{{Drops|Name=Cockatrice Feather||}},{{Drops|Name=Dodo Egg||}},{{Drops|Name=Dodo Skin||}},{{Drops|Name=Dodo Tenderloin||}},{{Drops|Name=Earth Rock||}}",P,ge-mob-pages
Roadside Bewitcher,Western Thanalan,Horizon's Edge,Caravan Security (Horizon's Edge),27,"{{Drops|Name=Aloe |0|0}}, {{Drops|Name=Buffalo Leather |0|0}}, {{Drops|Name=Effervescent Water|0|0}}, {{Drops|Name=Mineral Water |0|0}}",A,ge-mob-pages
Roadside Bludgeoner,Western Thanalan,Horizon's Edge,Caravan Security (Horizon's Edge),27,"{{Drops|Name=Aloe |0|0}}, {{Drops|Name=Buffalo Leather |0|0}}, {{Drops|Name=Effervescent Water|0|0}}, {{Drops|Name=Mineral Water |0|0}}",A,ge-mob-pages
Roadside Poacher,South Shroud,Tranquil Paths,Caravan Security (Tranquil Paths),27,"{{Drops|Name=Buffalo Hide |Link=|0|0}}, {{Drops|Name=Chocobo Feather |Link=|0|0}}, {{Drops|Name=Nutmeg |Link=|0|0}}, {{Drops|Name=Salted Butter |Link=|0|0}}, {{Drops|Name=Wildfowl Feather|Link=|0|0}}",A,ge-mob-pages
Roadside Stabber,Western Thanalan,Horizon's Edge,Caravan Security (Horizon's Edge),27,"{{Drops|Name=Aloe |0|0}}, {{Drops|Name=Buffalo Leather |0|0}}, {{Drops|Name=Effervescent Water|0|0}}, {{Drops|Name=Mineral Water |0|0}}",A,ge-mob-pages
Roadside Tracker,South Shroud,Tranquil Paths,Caravan Security (Tranquil Paths),27,"{{Drops|Name=Buffalo Hide |Link=|0|0}}, {{Drops|Name=Chocobo Feather |Link=|0|0}}, {{Drops|Name=Nutmeg |Link=|0|0}}, {{Drops|Name=Salted Butter |Link=|0|0}}, {{Drops|Name=Wildfowl Feather|Link=|0|0}}",A,ge-mob-pages
Roadside Trapper,South Shroud,Tranquil Paths,Caravan Security (Tranquil Paths),27,"{{Drops|Name=Buffalo Hide |Link=|0|0}}, {{Drops|Name=Chocobo Feather |Link=|0|0}}, {{Drops|Name=Nutmeg |Link=|0|0}}, {{Drops|Name=Salted Butter |Link=|0|0}}, {{Drops|Name=Wildfowl Feather|Link=|0|0}}",A,ge-mob-pages
Rock Crab,Mistbeard Cove,5-5,,40-44,"{{Drops|Name=Malm Kelp|0|1}},{{Drops|Name=Megalocrab Leg|1|1}},{{Drops|Name=Silver Fish Hook|0|1}},{{Drops|Name=Green Stainsand|0|1}},{{Drops|Name=Blue Stainsand|0|1}},{{Drops|Name=Green Megalocrab Shell|0|1}}",P,ge-mob-pages
Rorogun the Tailtamer,South Shroud,,Wanted: Rorogun the Tailtamer,,,,ge-mob-pages
Roselet,North Shroud,19-22,,10 - 14,"{{Drops|Name=Red Landtrap Leaf|1|1}}, {{Drops|Name=Cotton Boll||}}, {{Drops|Name=Dodo Skin||}}, {{Drops|Name=Growth Formula Alpha|1|8}},{{Drops|Name=Flax|1|1}}",A,ge-mob-pages
Roselet,South Shroud,45-50,,15 - 19,"{{Drops|Name=Red Landtrap Leaf|11|50}}, {{Drops|Name=Cotton Boll|11|50}}, {{Drops|Name=Dodo Skin|8|50}}, {{Drops|Name=Growth Formula Alpha|7|50}}, {{Drops|Name=Flax|7|50}},",A,ge-mob-pages
Roseling,Lower La Noscea,,,,"{{Drops|Name=Dodo Skin||}}, {{Drops|Name=Growth Formula Alpha||}}, {{Drops|Name=Flax||}}, {{Drops|Name=Cotton Boll||}}, {{Drops|Name=Red Landtrap Leaf||}}",A,ge-mob-pages
Roseling,Western La Noscea,,,15 - 18,"{{Drops|Name=Dodo Skin|6|39}}, {{Drops|Name=Growth Formula Alpha|3|39}}, {{Drops|Name=Flax|9|39}}, {{Drops|Name=Cotton Boll|8|39}}, {{Drops|Name=Red Landtrap Leaf|15|39}}",A,ge-mob-pages
Rotting Corpse,Mistbeard Cove,7-2,,45-48,"{{Drops|Name=Bat Fang|0|4}},{{Drops|Name=Bat Wing|0|4}},{{Drops|Name=Brass Plate|0|4}},{{Drops|Name=Bronze Arrow|12|4}},{{Drops|Name=Cotton Boll|0|4}},{{Drops|Name=Crow Fly|0|4}},{{Drops|Name=Flax|0|4}},{{Drops|Name=Iron Arrow|0|4}},{{Drops|Name=Iron Chain|0|4}},{{Drops|Name=Iron Plate|0|4}},{{Drops|Name=Obsidian|0|4}},{{Drops|Name=Red Coral|0|4}},{{Drops|Name=Silver Ore|0|4}}",A,ge-mob-pages
Rotting Corpse,West Shroud,,,,"{{Drops|Name=Bat Fang||}},{{Drops|Name=Bat Wing||}},{{Drops|Name=Bronze Arrow||}},{{Drops|Name=Cotton Boll||}},{{Drops|Name=Crow Fly||}},{{Drops|Name=Iron Chain||}},{{Drops|Name=Iron Plate||}},{{Drops|Name=Obsidian||}},{{Drops|Name=Red Coral||}},{{Drops|Name=Silver Ore||}}",,ge-mob-pages
Rotting Corpse,Eastern Thanalan,,,,"{{Drops|Name=Bat Fang||}},{{Drops|Name=Bat Wing||}},{{Drops|Name=Bronze Arrow||}},{{Drops|Name=Cotton Boll||}},{{Drops|Name=Crow Fly||}},{{Drops|Name=Iron Chain||}},{{Drops|Name=Iron Plate||}},{{Drops|Name=Obsidian||}},{{Drops|Name=Red Coral||}},{{Drops|Name=Silver Ore||}}",,ge-mob-pages
Rotting Corpse,Northern Thanalan,,,,"{{Drops|Name=Bat Fang||}},{{Drops|Name=Bat Wing||}},{{Drops|Name=Bronze Arrow||}},{{Drops|Name=Cotton Boll||}},{{Drops|Name=Crow Fly||}},{{Drops|Name=Iron Chain||}},{{Drops|Name=Iron Plate||}},{{Drops|Name=Obsidian||}},{{Drops|Name=Red Coral||}},{{Drops|Name=Silver Ore||}}",,ge-mob-pages
Rotting Corpse,Western Thanalan,9-24,,,"{{Drops|Name=Bat Fang||}},{{Drops|Name=Bat Wing||}},{{Drops|Name=Brass Plate||}},{{Drops|Name=Bronze Arrow||}},{{Drops|Name=Cotton Boll||}},{{Drops|Name=Crow Fly||}},{{Drops|Name=Flax||}},{{Drops|Name=Iron Arrow||}},{{Drops|Name=Iron Chain||}},{{Drops|Name=Iron Plate||}},{{Drops|Name=Obsidian||}},{{Drops|Name=Red Coral||}},{{Drops|Name=Silver Ore||}}",,ge-mob-pages
Rotting Corpse,Coerthas Central Highlands,,,,"{{Drops|Name=Bat Fang||}},{{Drops|Name=Bat Wing||}},{{Drops|Name=Bronze Arrow||}},{{Drops|Name=Cotton Boll||}},{{Drops|Name=Crow Fly||}},{{Drops|Name=Iron Chain||}},{{Drops|Name=Iron Plate||}},{{Drops|Name=Obsidian||}},{{Drops|Name=Red Coral||}},{{Drops|Name=Silver Ore||}}",,ge-mob-pages
Rotting Corpse,The Tam-Tara Deepcroft,6-6,,45-49,"{{Drops|Name=Bat Fang|0|2}},{{Drops|Name=Bat Wing|0|2}},{{Drops|Name=Bronze Arrow|0|2}},{{Drops|Name=Cotton Boll|0|2}},{{Drops|Name=Crow Fly|0|2}},{{Drops|Name=Iron Chain|0|2}},{{Drops|Name=Iron Plate|0|2}},{{Drops|Name=Obsidian|0|2}},{{Drops|Name=Red Coral|0|2}},{{Drops|Name=Silver Ore|0|2}}",,ge-mob-pages
Rotting Corpse,Copperbell Mines,3-4,,,"{{Drops|Name=Bat Fang||}},{{Drops|Name=Bat Wing||}},{{Drops|Name=Bronze Arrow||}},{{Drops|Name=Cotton Boll||}},{{Drops|Name=Crow Fly||}},{{Drops|Name=Iron Chain||}},{{Drops|Name=Iron Plate||}},{{Drops|Name=Obsidian||}},{{Drops|Name=Red Coral||}},{{Drops|Name=Silver Ore||}}",,ge-mob-pages
Rubyscale Pteroc,Nanawa Mines,,Necrologos: Torn Asunder,30,,,ge-mob-pages
Ruffletuft Kupta Kapa,Thornmarch,,A Feast of Fools,50,,A,ge-mob-pages
Runagate Imp,Eastern Thanalan,39-29,Brother from Another Mother,35,"{{Drops|Name=Bone Chip|Link=|2|3}}, {{Drops|Name=Cinderfoot Olive|Link=|1|3}}, {{Drops|Name=Crow Feather|Link=|1|3}}",A,ge-mob-pages
Sabletooth Spriggan,Central Shroud,33-37,In the Name of Science,15,,A,ge-mob-pages
Sabotender,Central Shroud,33-32,,68,,P,ge-mob-pages
Sabotender,Lower La Noscea,,Necrologos: Lightsome Verdure,,,,ge-mob-pages
Sabotender,Eastern Thanalan,,,65-74,,P,ge-mob-pages
Sabotender,North Shroud,19-18 20-20,,67-68,,P,ge-mob-pages
Sabotender,Southern Thanalan,,,65-74,,P,ge-mob-pages
Sabotender,Northern Thanalan,13-20,,65-74,,P,ge-mob-pages
Sabotender Del Sol,Central Shroud,43-31 36-30 35-33,,75-78,,P,ge-mob-pages
Sabotender Del Sol,Central Thanalan,31-33,,,,P,ge-mob-pages
Sabotender Del Sol,North Shroud,20-20 20-18,,75-79,,P,ge-mob-pages
Sabotender Del Sol,Southern Thanalan,,,,,P,ge-mob-pages
Sabotender Del Sol,Western Thanalan,Scorpion Keep,,78-79,,P,ge-mob-pages
Salamander,Upper La Noscea,21-11,,,,A,ge-mob-pages
Salt Hare,Cassiopeia Hollow,,Wanted: Ser Aucheforne of the High Tide,,"{{Drops|Name=Muddy Water||}},{{Drops|Name=Thyme||}},{{Drops|Name=Acidic Secretions||}},{{Drops|Name=Blue Coral||}},{{Drops|Name=Red Coral||}}",P,ge-mob-pages
Salt Hare,The Mun-Tuy Cellars,,Best Cellars,30-42,"{{Drops|Name=Thyme|2|15}},{{Drops|Name=Blue Coral|1|15}}",P,ge-mob-pages
Saltspray Pteroc,Coerthas Eastern Lowlands,48-33,,,,,ge-mob-pages
Saltspray Pteroc,Western Thanalan,"05-24, 07-30, 33-17 (via cave at 34-17)",,27-29,,P,ge-mob-pages
Saltspray Pteroc,Mor Dhona,,,,,,ge-mob-pages
Saltspray Pteroc,West Shroud,29-24,,,,,ge-mob-pages
Saltspray Pteroc,South Shroud,44-49,,19 - 21,,,ge-mob-pages
Sand Bat,Cutter's Cry,,,52,,A,ge-mob-pages
Sand Slug,Western La Noscea,,,,"{{Drops|Name=Muddy Water||}},{{Drops|Name=Viscous Secretions||}},{{Drops|Name=Laurel||}},{{Drops|Name=White Coral||}},{{Drops|Name=Hawksbill Shell||}}",P,ge-mob-pages
Sand Yarzon,Eastern Thanalan,,After the Battle,,,,ge-mob-pages
Sand Yarzon,Central Thanalan,24-26,Black Brush Behest,13,,A,ge-mob-pages
Sand Yarzon,Eastern Thanalan,,Sand Yarzon Sweep,,,,ge-mob-pages
Sand Yarzon,North Shroud,,Yarzons vs the Pilgrims,,,,ge-mob-pages
Sandskin Peiste,Central Thanalan,,,,,A,ge-mob-pages
Sandstorm,Cutter's Cry,,,51,,A,ge-mob-pages
Sargas,The Thousand Maws of Toto-Rak,Execution Chamber,,38,,,ge-mob-pages
Sazel Ciloc the Divine,The Battle for Hyrstmill,,The Battle for Hyrstmill,59,,A,ge-mob-pages
Scalepuk,Western La Noscea,,Colonizing the Valley,,{{Drops|Name=Puk Wing||}},,ge-mob-pages
Scarred Kalong,East Shroud,,,,"{{Drops|Name=Bat Fang||}},{{Drops|Name=Bat Wing||}},{{Drops|Name=Cotton Boll||}},{{Drops|Name=Crow Fly||}},{{Drops|Name=Bronze Arrowheads||}},{{Drops|Name=Obsidian||}},",A,ge-mob-pages
Scarred Kalong,West Shroud,,,,"{{Drops|Name=Bat Fang||}},{{Drops|Name=Bat Wing||}},{{Drops|Name=Cotton Boll||}},{{Drops|Name=Crow Fly||}},{{Drops|Name=Bronze Arrowheads||}},{{Drops|Name=Obsidian||}}",A,ge-mob-pages
Scarred Kalong,Coerthas Central Highlands,,,,"{{Drops|Name=Bat Fang||}},{{Drops|Name=Bat Wing||}},{{Drops|Name=Cotton Boll||}},{{Drops|Name=Crow Fly||}},{{Drops|Name=Bronze Arrowheads||}},{{Drops|Name=Obsidian||}},",A,ge-mob-pages
Scarred Kalong,Coerthas Central Lowlands,,,,"{{Drops|Name=Bat Fang||}}, {{Drops|Name=Bat Wing||}}, {{Drops|Name=Cotton Boll||}}, {{Drops|Name=Crow Fly||}}, {{Drops|Name=Bronze Arrowheads||}}, {{Drops|Name=Obsidian||}}",A,ge-mob-pages
Scarred Kalong,Coerthas Eastern Lowlands,48-25 in cave accessible at 48-24,,,"{{Drops|Name=Bat Fang||}},{{Drops|Name=Bat Wing||}},{{Drops|Name=Cotton Boll||}},{{Drops|Name=Crow Fly||}},{{Drops|Name=Bronze Arrowheads||}},{{Drops|Name=Obsidian||}}",A,ge-mob-pages
Scarred Kalong,Coerthas Western Highlands,19-27,,,"{{Drops|Name=Bat Fang||}},{{Drops|Name=Bat Wing||}},{{Drops|Name=Cotton Boll||}},{{Drops|Name=Crow Fly||}},{{Drops|Name=Bronze Arrowheads||}},{{Drops|Name=Obsidian||}}",A,ge-mob-pages
Scarred Kalong,The Tam-Tara Deepcroft,,,45-49,"{{Drops|Name=Bat Fang|1|5}},{{Drops|Name=Bat Wing|2|5}},{{Drops|Name=Cotton Boll|0|5}},{{Drops|Name=Crow Fly|5|5}},{{Drops|Name=Bronze Arrowheads|0|5}},{{Drops|Name=Obsidian|0|5}}",A,ge-mob-pages
Scarred Watchwolf,Natalan,,,59,"{{Drops|Name=Steel Natalan Coffer Key|Link=|0|0}}, {{Drops|Name=Wolf Hide|Link=|0|0}}, {{Drops|Name=Wolf Fang|Link=|0|0}}",A,ge-mob-pages
Scout Vulture,South Shroud,38-43,,,"{{Drops|Name=Vulture Feather||}},{{Drops|Name=Chicken Breast||}},{{Drops|Name=Yew Branch||}},{{Drops|Name=Obsidian||}},{{Drops|Name=Copper Ore||}},{{Drops|Name=Zinc Ore||}},{{Drops|Name=Silver Ore||}},{{Drops|Name=Eft Tail||}}",A,ge-mob-pages
Scout Vulture,West Shroud,33-19,,,"{{Drops|Name=Vulture Feather||}},{{Drops|Name=Chicken Breast||}},{{Drops|Name=Obsidian||}},{{Drops|Name=Copper Ore||}},{{Drops|Name=Zinc Ore||}},{{Drops|Name=Silver Ore||}},{{Drops|Name=Eft Tail||}}",A,ge-mob-pages
Scout Vulture,Northern Thanalan,23-19,,,"{{Drops|Name=Vulture Feather||}},{{Drops|Name=Chicken Breast||}},{{Drops|Name=Yew Branch||}},{{Drops|Name=Obsidian||}},{{Drops|Name=Copper Ore||}},{{Drops|Name=Zinc Ore||}},{{Drops|Name=Silver Ore||}},{{Drops|Name=Eft Tail||}}",A,ge-mob-pages
Scout Wolf,North Shroud,26-11,Doing It the Bard Way,50,"{{Drops|Name=Wolf Fang|2|4}}, {{Drops|Name=Wolf Hide|2|4}}",A,ge-mob-pages
Scout Wolf,The Battle for Hyrstmill,,The Battle for Hyrstmill,50,,P,ge-mob-pages
Scrambling Spriggan,South Shroud,39-52,"Hatching-tide (2011), Hatching-tide (2012)",20,"{{Drops|Name=Colored Archon Egg|100%}}, {{Drops|Name=Green Archon Egg|0|3}}, {{Drops|Name=Blue Archon Egg|3|3}}, {{Drops|Name=Violet Archon Egg|0|3}}, {{Drops|Name=Yellow Archon Egg|2|3}}, {{Drops|Name=Red Archon Egg|1|3}}",P,ge-mob-pages
Scrambling Spriggan,Eastern La Noscea,35-20,"Hatching-tide (2011), Hatching-tide (2012)",20,"{{Drops|Name=Colored Archon Egg|100%}}, {{Drops|Name=Green Archon Egg|0|3}}, {{Drops|Name=Blue Archon Egg|3|3}}, {{Drops|Name=Violet Archon Egg|0|3}}, {{Drops|Name=Yellow Archon Egg|2|3}}, {{Drops|Name=Red Archon Egg|1|3}}",P,ge-mob-pages
Scrambling Spriggan,Western Thanalan,12-34,"Hatching-tide (2011), Hatching-tide (2012)",20,"{{Drops|Name=Colored Archon Egg|100%}}, {{Drops|Name=Green Archon Egg|0|3}}, {{Drops|Name=Blue Archon Egg|3|3}}, {{Drops|Name=Violet Archon Egg|0|3}}, {{Drops|Name=Yellow Archon Egg|2|3}}, {{Drops|Name=Red Archon Egg|1|3}}",P,ge-mob-pages
Screamer,North Shroud,,,,,,ge-mob-pages
Screaming Kalong,Upper La Noscea,,,,"{{Drops|Name=Bat Wing||}},{{Drops|Name=Cotton Boll||}},{{Drops|Name=Bat Fang||}},{{Drops|Name=Crow Fly||}},{{Drops|Name=Bronze Arrowheads||}},{{Drops|Name=Ahriman Wing||}},{{Drops|Name=Dormouse Pelt||}},{{Drops|Name=Chocobo Feather||}},{{Drops|Name=Blue Yarzon Leg||}},{{Drops|Name=Eft Tail||}}",A,ge-mob-pages
Screaming Kalong,Mistbeard Cove,"7-4, 9-6",,40-44,"{{Drops|Name=Bat Wing|0|2}},{{Drops|Name=Cotton Boll|0|2}},{{Drops|Name=Bat Fang|2|2}},{{Drops|Name=Crow Fly|0|2}},{{Drops|Name=Bronze Arrowheads|0|2}},{{Drops|Name=Ahriman Wing|0|2}},{{Drops|Name=Dormouse Pelt|0|2}},{{Drops|Name=Chocobo Feather|0|2}},{{Drops|Name=Blue Yarzon Leg|0|2}},{{Drops|Name=Eft Tail|0|2}}",A,ge-mob-pages
Screaming Kalong,North Shroud,,,,"{{Drops|Name=Bat Wing||}},{{Drops|Name=Cotton Boll||}},{{Drops|Name=Bat Fang||}},{{Drops|Name=Crow Fly||}},{{Drops|Name=Bronze Arrowheads||}},{{Drops|Name=Ahriman Wing||}},{{Drops|Name=Dormouse Pelt||}},{{Drops|Name=Chocobo Feather||}},{{Drops|Name=Blue Yarzon Leg||}},{{Drops|Name=Eft Tail||}}",A,ge-mob-pages
Screecher,Central Shroud,,,,,,ge-mob-pages
Scurrying Spriggan,Central Shroud,29-32,"Hatching-tide (2011), Hatching-tide (2012)",30,"{{Drops|Name=Painted Archon Egg|100%}}, {{Drops|Name=Red Archon Egg|5|12}}, {{Drops|Name=Blue Archon Egg|10|12}}, {{Drops|Name=Green Archon Egg|9|12}}, {{Drops|Name=Yellow Archon Egg|9|12}}, {{Drops|Name=Violet Archon Egg|2|12}}",P,ge-mob-pages
Scurrying Spriggan,Lower La Noscea,29-32,"Hatching-tide (2011), Hatching-tide (2012)",30,"{{Drops|Name=Painted Archon Egg|100%}}, {{Drops|Name=Red Archon Egg|5|12}}, {{Drops|Name=Blue Archon Egg|10|12}}, {{Drops|Name=Green Archon Egg|9|12}}, {{Drops|Name=Yellow Archon Egg|9|12}}, {{Drops|Name=Violet Archon Egg|2|12}}",P,ge-mob-pages
Scurrying Spriggan,Western Thanalan,18-33,"Hatching-tide (2011), Hatching-tide (2012)",30,"{{Drops|Name=Painted Archon Egg|100%}}, {{Drops|Name=Red Archon Egg|5|12}}, {{Drops|Name=Blue Archon Egg|10|12}}, {{Drops|Name=Green Archon Egg|9|12}}, {{Drops|Name=Yellow Archon Egg|9|12}}, {{Drops|Name=Violet Archon Egg|2|12}}",P,ge-mob-pages
Sea Hare,Cassiopeia Hollow,35-38,,35 - 39,"{{Drops|Name=Muddy Water||}},{{Drops|Name=Acidic Secretions||}},{{Drops|Name=Thyme||}},{{Drops|Name=Blue Coral||}},{{Drops|Name=Red Coral||}}",P,ge-mob-pages
Sea Hare,Mistbeard Cove,6-7,,40 - 44,"{{Drops|Name=Muddy Water||}},{{Drops|Name=Acidic Secretions||}},{{Drops|Name=Thyme||}},{{Drops|Name=Blue Coral||}},{{Drops|Name=Red Coral||}}",P,ge-mob-pages
Sea Puk,Cassiopeia Hollow,,,18 - 19,,,ge-mob-pages
Sea Puk,Lower La Noscea,,,22 - 25,"{{Drops|Name=Puk Wing||}}, {{Drops|Name=Cotton Boll||}}, {{Drops|Name=Swan Feather||}}, {{Drops|Name=Cock Feather||}}, {{Drops|Name=Midge Basket||}}",P,ge-mob-pages
Sea Wasp,Lower La Noscea,,,,"{{Drops|Name=Jellyfish Cnida||}},{{Drops|Name=Sunrise Tellin||}},{{Drops|Name=Jellyfish Umbrella||}},{{Drops|Name=Blacklip Oyster||}},{{Drops|Name=Uncultured Pearl||}}",A,ge-mob-pages
Ser Aucheforne of the High Tide,Cassiopeia Hollow,,Wanted: Ser Aucheforne of the High Tide,,,,ge-mob-pages
Serpent Reaver Claw,Mistbeard Cove,6-3,,45,"{{Drops|Name=Faerie Apple|3|6}}, {{Drops|Name=Ala Mhigan Mustard|4|6}}",A,ge-mob-pages
Serpent Reaver Eye,Mistbeard Cove,6-3,,45,"{{Drops|Name=Ala Mhigan Mustard|1|3}},{{Drops|Name=Black Pepper|1|3}}",A,ge-mob-pages
Serpent Reaver Fin,Mistbeard Cove,6-3,,45,"{{Drops|Name=Faerie Apple|5|6}}, {{Drops|Name=Hawksbill Shell|2|6}}",A,ge-mob-pages
Sewer Mole,Western La Noscea,,,,"{{Drops|Name=Bloodworm|3|15}}, {{Drops|Name=Formic Acid|3|15}}, {{Drops|Name=Mole Meat|3|15}}, {{Drops|Name=Mole Sinew|1|15}}",P,ge-mob-pages
Sewer Mole,Lower La Noscea,31-26,,,"{{Drops|Name=Formic Acid||}}, {{Drops|Name=Mole Meat||}}, {{Drops|Name=Mole Sinew||}}",P,ge-mob-pages
Shade Lurker,Shposhae,4-4,,15-16,"{{Drops|Name=Silver Shposhae Coffer Key|23|130}}, {{Drops|Name=Obsidian|24|130}}, {{Drops|Name=Firepot|159|130}}, {{Drops|Name=Red Coral|13|130}}",A,ge-mob-pages
Shade Seeker,Shposhae,5-4,,15,,P,ge-mob-pages
Shadow Lurker,Shposhae,6-5,,16-17,"{{Drops|Name=Mythril Shposhae Coffer Key|16|180}}, {{Drops|Name=Obsidian|44|180}}, {{Drops|Name=Firepot|192|180}}, {{Drops|Name=Red Coral|25|180}}",A,ge-mob-pages
Shadow Seeker,Shposhae,5-4,,15,,P,ge-mob-pages
Shaggy Wolf,Eastern La Noscea,,Wanted: Palemoon Parazuzu,,,,ge-mob-pages
Shaula,The Thousand Maws of Toto-Rak,Interrogation Chamber,,40,,,ge-mob-pages
Shearing Sheridan,Shposhae,5-4,,20,"{{Drops|Name=Plundered Cavalier's Hat|2|18}}, {{Drops|Name=Megalocrab Leg|2|18}}, {{Drops|Name=Rothlyt Oyster|1|5}}",A,ge-mob-pages
Shore Slug,Eastern La Noscea,"32-28, 36-20, 33-22 (All in caves)",,25 - 29,"{{Drops|Name=Viscous Secretions||}},{{Drops|Name=Muddy Water||}},{{Drops|Name=Laurel||}},{{Drops|Name=White Coral||}},{{Drops|Name=Hawksbill Shell||}}",P,ge-mob-pages
Shore Slug,Lower La Noscea,,,30 - 34,"{{Drops|Name=Viscous Secretions||}},{{Drops|Name=Muddy Water||}},{{Drops|Name=Laurel||}},{{Drops|Name=White Coral||}},{{Drops|Name=Hawksbill Shell||}}",P,ge-mob-pages
Shroud Bee Swarm,South Shroud,"39-52, 35-45",,17,{{Drops|Name=Honey|Link=|1|2}},A,ge-mob-pages
Shroud Hare,North Shroud,27-16 in a cave,,,"{{Drops|Name=Muddy Water||}},{{Drops|Name=Thyme||}},{{Drops|Name=Acidic Secretions||}},{{Drops|Name=Blue Coral||}},{{Drops|Name=Red Coral||}}",P,ge-mob-pages
Shroud Hare,The Tam-Tara Deepcroft,,,40-42,"{{Drops|Name=Muddy Water||}},{{Drops|Name=Thyme||}},{{Drops|Name=Acidic Secretions||}},{{Drops|Name=Blue Coral||}},{{Drops|Name=Red Coral||}}",P,ge-mob-pages
Shroud Shrew,North Shroud,20-19,,10-12,,P,ge-mob-pages
Shroud Shrew,North Shroud,"20-16, 23-18",,13-16,,P,ge-mob-pages
Shuffling Spriggan,Western La Noscea,10-22,"Hatching-tide (2011), Hatching-tide (2012)",10,"{{Drops|Name=Archon Egg|100%}}, {{Drops|Name=Yellow Archon Egg|4|13}}, {{Drops|Name=Violet Archon Egg|0|13}}, {{Drops|Name=Blue Archon Egg|1|13}}, {{Drops|Name=Green Archon Egg|1|13}}, {{Drops|Name=Red Archon Egg|8|13}}",P,ge-mob-pages
Shuffling Spriggan,North Shroud,18-17,"Hatching-tide (2011), Hatching-tide (2012)",10,"{{Drops|Name=Archon Egg|100%}}, {{Drops|Name=Yellow Archon Egg|4|13}}, {{Drops|Name=Violet Archon Egg|0|13}}, {{Drops|Name=Blue Archon Egg|1|13}}, {{Drops|Name=Green Archon Egg|1|13}}, {{Drops|Name=Red Archon Egg|8|13}}",P,ge-mob-pages
Shuffling Spriggan,Eastern Thanalan,36-27,"Hatching-tide (2011), Hatching-tide (2012)",10,"{{Drops|Name=Archon Egg|100%}}, {{Drops|Name=Yellow Archon Egg|4|13}}, {{Drops|Name=Violet Archon Egg|0|13}}, {{Drops|Name=Blue Archon Egg|1|13}}, {{Drops|Name=Green Archon Egg|1|13}}, {{Drops|Name=Red Archon Egg|8|13}}",P,ge-mob-pages
Sirocco,Central Shroud,27-31,,,"{{Drops|Name=Antelope Shank| 1|23}}, {{Drops|Name=Coerthas Carrot| 2|23}}, {{Drops|Name=Leather Duckbills| 1|23}}, {{Drops|Name=Leather Caligae| 1|23}}, {{Drops|Name=Ash Pattens| 1|23}}, {{Drops|Name=Toadskin Shoes| 1|23}}, {{Drops|Name=Antelope Sinew| 4|23}}, {{Drops|Name=Boarskin Crakows| 2|23}}, {{Drops|Name=Blue Antelope Hide| 1|23}}, {{Drops|Name=Flax| 1|23}}, {{Drops|Name=Taurus Staff| 2|23}}, {{Drops|Name=Midland Basil| 1|23}}, {{Drops|Name=Padded Sheepskin Duckbills|1|23}}, {{Drops|Name=Leather Crakows| 2|23}}, {{Drops|Name=Steel-plated Jackboots| 1|23}}",P,ge-mob-pages
Skeleton Soldier,Upper La Noscea,,,,"{{Drops|Name=Bone Chip||}}, {{Drops|Name=Soiled Femur||}}, {{Drops|Name=Steel Ingot||}}, {{Drops|Name=Skull Eyepatch (Black)||}}, {{Drops|Name=Bat Wing||}}, {{Drops|Name=Firepot||}}, {{Drops|Name=Red Coral||}}, {{Drops|Name=Crow Feather||}}, {{Drops|Name=Crow Fly||}}, {{Drops|Name=Buffalo Leather||}}",A,ge-mob-pages
Skeleton Soldier,Western La Noscea,,,,"{{Drops|Name=Bone Chip||}}, {{Drops|Name=Soiled Femur||}}, {{Drops|Name=Steel Ingot||}}, {{Drops|Name=Skull Eyepatch (Black)||}}, {{Drops|Name=Bat Wing||}}, {{Drops|Name=Firepot||}}, {{Drops|Name=Red Coral||}}, {{Drops|Name=Crow Feather||}}, {{Drops|Name=Crow Fly||}}, {{Drops|Name=Buffalo Leather||}}",A,ge-mob-pages
Skeleton Soldier,South Shroud,,,,"{{Drops|Name=Bone Chip||}}, {{Drops|Name=Soiled Femur||}}, {{Drops|Name=Steel Ingot||}}, {{Drops|Name=Skull Eyepatch (Black)||}}, {{Drops|Name=Bat Wing||}}, {{Drops|Name=Firepot||}}, {{Drops|Name=Red Coral||}}, {{Drops|Name=Crow Feather||}}, {{Drops|Name=Crow Fly||}}, {{Drops|Name=Buffalo Leather||}}",A,ge-mob-pages
Skeleton Soldier,Eastern Thanalan,,,,"{{Drops|Name=Bone Chip||}}, {{Drops|Name=Soiled Femur||}}, {{Drops|Name=Steel Ingot||}}, {{Drops|Name=Skull Eyepatch (Black)||}}, {{Drops|Name=Bat Wing||}}, {{Drops|Name=Firepot||}}, {{Drops|Name=Red Coral||}}, {{Drops|Name=Crow Feather||}}, {{Drops|Name=Crow Fly||}}, {{Drops|Name=Buffalo Leather||}}",A,ge-mob-pages
Skeleton Soldier,Southern Thanalan,,,,"{{Drops|Name=Bone Chip||}}, {{Drops|Name=Soiled Femur||}}, {{Drops|Name=Steel Ingot||}}, {{Drops|Name=Skull Eyepatch (Black)||}}, {{Drops|Name=Bat Wing||}}, {{Drops|Name=Firepot||}}, {{Drops|Name=Red Coral||}}, {{Drops|Name=Crow Feather||}}, {{Drops|Name=Crow Fly||}}, {{Drops|Name=Buffalo Leather||}}",A,ge-mob-pages
Skeleton Soldier,The Tam-Tara Deepcroft,,,40-44,"{{Drops|Name=Bone Chip|5|8}}, {{Drops|Name=Soiled Femur|2|8}}, {{Drops|Name=Steel Ingot|1|8}}, {{Drops|Name=Skull Eyepatch (Black)|0|8}}, {{Drops|Name=Bat Wing|0|8}}, {{Drops|Name=Firepot|0|8}}, {{Drops|Name=Red Coral|0|8}}, {{Drops|Name=Crow Feather|0|8}}, {{Drops|Name=Crow Fly|0|8}}, {{Drops|Name=Buffalo Leather|0|8}}",A,ge-mob-pages
Skeleton Swordbearer,Cassiopeia Hollow,,,,"{{Drops|Name=Bone Chip||}},{{Drops|Name=Soiled Femur||}},{{Drops|Name=Bronze Chain||}},{{Drops|Name=Skull Eyepatch (Black)||}},{{Drops|Name=Cotton Boll||}},{{Drops|Name=Puk Wing||}},{{Drops|Name=Midge Basket||}},{{Drops|Name=Swan Feather||}},{{Drops|Name=Cock Feather||}},{{Drops|Name=Rat Tail||}},{{Drops|Name=Bomb Arm||}},{{Drops|Name=Crow Feather||}}",A,ge-mob-pages
Skeleton Swordbearer,Western Thanalan,20-36,,,"{{Drops|Name=Bone Chip||}},{{Drops|Name=Soiled Femur||}},{{Drops|Name=Bronze Chain||}},{{Drops|Name=Skull Eyepatch (Black)||}},{{Drops|Name=Cotton Boll||}},{{Drops|Name=Puk Wing||}},{{Drops|Name=Midge Basket||}},{{Drops|Name=Swan Feather||}},{{Drops|Name=Cock Feather||}},{{Drops|Name=Rat Tail||}},{{Drops|Name=Bomb Arm||}},{{Drops|Name=Crow Feather||}}",A,ge-mob-pages
Skeleton Swordbearer,Nanawa Mines,6-4,,,"{{Drops|Name=Bone Chip||}},{{Drops|Name=Soiled Femur||}},{{Drops|Name=Bronze Chain||}},{{Drops|Name=Skull Eyepatch (Black)||}},{{Drops|Name=Cotton Boll||}},{{Drops|Name=Puk Wing||}},{{Drops|Name=Midge Basket||}},{{Drops|Name=Swan Feather||}},{{Drops|Name=Cock Feather||}},{{Drops|Name=Rat Tail||}},{{Drops|Name=Bomb Arm||}},{{Drops|Name=Crow Feather||}}",A,ge-mob-pages
Skeleton Swordbearer,Coerthas Central Highlands,27-16 in cave accessible at 28-16,,,"{{Drops|Name=Bone Chip||}},{{Drops|Name=Soiled Femur||}},{{Drops|Name=Bronze Chain||}},{{Drops|Name=Skull Eyepatch (Black)||}},{{Drops|Name=Cotton Boll||}},{{Drops|Name=Puk Wing||}},{{Drops|Name=Midge Basket||}},{{Drops|Name=Swan Feather||}},{{Drops|Name=Cock Feather||}},{{Drops|Name=Rat Tail||}},{{Drops|Name=Bomb Arm||}},{{Drops|Name=Crow Feather||}}",A,ge-mob-pages
Skulking Wolf,The Mun-Tuy Cellars,,Necrologos: The Moons' Mistress,,,A,ge-mob-pages
Skulking Wolf,The Mun-Tuy Cellars,,Tracking the Pack,,,A,ge-mob-pages
Skulking Wolf,Lower La Noscea,,Wanted: Godwin Goodgoat,,,A,ge-mob-pages
Slippery Sykes,Eastern La Noscea,38-25,,,"{{Drops|Name=Laurel |2|32}}, {{Drops|Name=Thalassian Targe |3|32}}, {{Drops|Name=White Coral |3|32}}, {{Drops|Name=Hawksbill Shell |1|32}}, {{Drops|Name=Steel Sallet |1|32}}, {{Drops|Name=Steel Goggles |2|31}}, {{Drops|Name=Velveteen Wedge Cap |2|31}}, {{Drops|Name=Velveteen Bandana |3|26}}",P,ge-mob-pages
Slithering Slug,North Shroud,,Treespeak Behest,45,,P,ge-mob-pages
Smoke Bomb,Mistbeard Cove,6-5,,40-44,{{Drops|Name=Bomb Ash|1|3}},A,ge-mob-pages
Smolenkos,Eastern La Noscea,,,,,A,ge-mob-pages
Smolenkos,Coerthas Western Highlands,17-15,,,,A,ge-mob-pages
Smolenkos,Coerthas Eastern Highlands,50-14,,,,A,ge-mob-pages
Smolenkos,East Shroud,,,,,A,ge-mob-pages
Smolenkos,West Shroud,36-9,,,,A,ge-mob-pages
Smolenkos,Southern Thanalan,,,,,A,ge-mob-pages
Smolenkos,Northern Thanalan,9-29,,,,A,ge-mob-pages
Smolenkos,Mor Dhona,"5-13, 9-7",,,,A,ge-mob-pages
Smolenkos,Eastern Thanalan,29-39,,,,A,ge-mob-pages
Snapping Shrew,Central Thanalan,"23-28, 29-24",,1-10,"{{Drops|Name=Mole Sinew|2|14}}, {{Drops|Name=Mole Meat|4|14}}, {{Drops|Name=Formic Acid|2|14}}, {{Drops|Name=Bloodworm|2|14}}",P,ge-mob-pages
Snapping Shrew,North Shroud,19-21,,10,"{{Drops|Name=Mole Sinew||}}, {{Drops|Name=Mole Meat||}}, {{Drops|Name=Formic Acid||}}, {{Drops|Name=Bloodworm||}}",P,ge-mob-pages
Snipper,Eastern La Noscea,,,65 - 69,"{{Drops|Name=Megalocrab Leg||}},{{Drops|Name=Rothlyt Oyster||}},{{Drops|Name=Brown Stainsand||}},{{Drops|Name=Sea Sand||}},{{Drops|Name=Red Stainsand||}}",A,ge-mob-pages
Snipper,Lower La Noscea,,,60 - 69,"{{Drops|Name=Megalocrab Leg||}},{{Drops|Name=Rothlyt Oyster||}},{{Drops|Name=Brown Stainsand||}},{{Drops|Name=Sea Sand||}},{{Drops|Name=Red Stainsand||}}",A,ge-mob-pages
Snipper,Western La Noscea,,,65 - 69,"{{Drops|Name=Megalocrab Leg||}},{{Drops|Name=Rothlyt Oyster||}},{{Drops|Name=Brown Stainsand||}},{{Drops|Name=Sea Sand||}},{{Drops|Name=Red Stainsand||}}",A,ge-mob-pages
Snowbuck Stag,Coerthas Central Highlands,39-15,,34 - 38,,A,ge-mob-pages
Snowbuck Stag,Coerthas Eastern Highlands,48-5,,,,A,ge-mob-pages
Snurble,Eastern La Noscea,"39-23, 40-22, 41-22",,65 - 69,"{{Drops|Name=Chanterelle||}},{{Drops|Name=Straw||}},{{Drops|Name=Snurble Tufts||}}",P,ge-mob-pages
Snurble,Lower La Noscea,33-37,,60 - 64,"{{Drops|Name=Snurble Tufts||}},{{Drops|Name=Straw||}},{{Drops|Name=Chanterelle||}}",P,ge-mob-pages
Snurble,Upper La Noscea,"20-14, 23-16, 24-15, 23-12 in cave accessible at 21-11",,60 - 69,"{{Drops|Name=Snurble Tufts||}},{{Drops|Name=Straw||}},{{Drops|Name=Chanterelle||}}",P,ge-mob-pages
Snurble,Western La Noscea,17-16,,65 - 69,"{{Drops|Name=Chanterelle||}},{{Drops|Name=Straw||}},{{Drops|Name=Snurble Tufts||}}",P,ge-mob-pages
Snurble,East Shroud,"45-24, 47-24",,60 - 64,"{{Drops|Name=Snurble Tufts||}},{{Drops|Name=Straw||}},{{Drops|Name=Chanterelle||}}",P,ge-mob-pages
Snurble,South Shroud,41-55,,65 - 69,"{{Drops|Name=Chanterelle||}},{{Drops|Name=Straw||}},{{Drops|Name=Snurble Tufts||}}",P,ge-mob-pages
Snurble,Eastern Thanalan,48-21,,65 - 69,"{{Drops|Name=Chanterelle||}},{{Drops|Name=Straw||}},{{Drops|Name=Snurble Tufts||}}",P,ge-mob-pages
Snurble,Northern Thanalan,"18-14, 14-8",,65 - 69,"{{Drops|Name=Chanterelle||}},{{Drops|Name=Straw||}},{{Drops|Name=Snurble Tufts||}}",P,ge-mob-pages
Snurble,Southern Thanalan,"38-41, 44-45",,65 - 69,"{{Drops|Name=Chanterelle||}},{{Drops|Name=Straw||}},{{Drops|Name=Snurble Tufts||}}",P,ge-mob-pages
Snurble,Coerthas Central Lowlands,40-34,,60 - 64,"{{Drops|Name=Snurble Tufts||}},{{Drops|Name=Straw||}},{{Drops|Name=Chanterelle||}}",P,ge-mob-pages
Snurble,Coerthas Eastern Highlands,49-12,,65 - 69,"{{Drops|Name=Chanterelle||}},{{Drops|Name=Straw||}},{{Drops|Name=Snurble Tufts||}}",P,ge-mob-pages
Sordes (1.X),The Tam-Tara Deepcroft,,,40-44,"{{Drops|Name=Cock Feather|1|1}}, {{Drops|Name=Puk Egg|2|1}}",P,ge-mob-pages
Sordes (1.X),Copperbell Mines,4-5 and 4-6,,41-44,"{{Drops|Name=Cock Feather||}}, {{Drops|Name=Puk Wing||}}, {{Drops|Name=Puk Egg||}}, {{Drops|Name=Midge Basket||}}, {{Drops|Name=Cotton Boll||}}",P,ge-mob-pages
Sotted Simian,The Mun-Tuy Cellars,,"Best Cellars, Swimming in Suds",30-42,"{{Drops|Name=Sun Lemon|4|9}},{{Drops|Name=Ramhorn Zucchini|3|9}},{{Drops|Name=Ruby Tomato|6|9}},{{Drops|Name=Lalafellin Lentil|3|9}},{{Drops|Name=Wizard Eggplant|2|9}},{{Drops|Name=Gridanian Chestnut|2|9}}",P,ge-mob-pages
Soulgazer,The Dzemael Darkhold,,,N/A,,P,ge-mob-pages
Spawning Orobon,Shposhae,,,16-19,"{{Drops|Name=Jellyfish Umbrella|17|223}}, {{Drops|Name=Brass Shposhae Coffer Key|29|223}}, {{Drops|Name=Blue Coral|9|223}}, {{Drops|Name=White Coral|14|223}}, {{Drops|Name=Marmot Pelt|20|223}}, {{Drops|Name=Orobon Liver|54|223}}, {{Drops|Name=Black Sole|45|223}}",A,ge-mob-pages
Spelaean Slug,Shposhae,,,16-19,"{{Drops|Name=Laurel|3|25}}, {{Drops|Name=White Coral|3|25}}, {{Drops|Name=Hawksbill Shell|2|25}}",A,ge-mob-pages
Sphene Doblyn (1.0),Central Thanalan,"29-35, 29-34, 30-35",,55-59,,P,ge-mob-pages
Sphene Doblyn (1.0),Southern Thanalan,,,55-59,,P,ge-mob-pages
Sphene Doblyn (1.0),Western Thanalan,,,50-54,,P,ge-mob-pages
Sphene Doblyn (1.0),Northern Thanalan,,,50-54,,P,ge-mob-pages
Spindiggle,West Shroud,Turning Leaf,,55,{{Drops|Name=Unmarked Keystone|Link=|2|1}},A,ge-mob-pages
Spinesnap Ogre,Central Thanalan,"31-27, 32-29",,,,A,ge-mob-pages
Spinesnap Ogre,Northern Thanalan,"32-6, 27-10",,,,A,ge-mob-pages
Spinesnap Ogre,Western Thanalan,,,,,A,ge-mob-pages
Spinesnap Ogre,Coerthas Western Highlands,16-17,,,,A,ge-mob-pages
Spiny Dormouse,The Tam-Tara Deepcroft,,,45-49,"{{Drops|Name=Iron Acorn|2|3}},{{Drops|Name=Dragon Pepper|3|3}},{{Drops|Name=Laurel|1|3}}",P,ge-mob-pages
Spiny Dormouse,West Shroud,36-17,,,,P,ge-mob-pages
Spiny Dormouse,East Shroud,42-28,,,,P,ge-mob-pages
Spirit of the Wood,East Shroud,,Beckon of the Elementals,28,,A,ge-mob-pages
Spiteful (1.x),West Shroud,Turning Leaf,,55,{{Drops|Name=Unmarked Keystone|Link=|10|1}},A,ge-mob-pages
Spitfire,Coerthas,"49-35, 50-35",,47,"{{Drops|Name=Bloodcry|Link=|8|43}}, {{Drops|Name=Engineer's Leggings|Link=|3|43}}, {{Drops|Name=Zinc Ore|Link=|9|43}}, {{Drops|Name=Iron Ore|Link=|9|43}}, {{Drops|Name=Silver Ore|Link=|6|43}}, {{Drops|Name=Sunstone Choker|Link=|1|43}}, {{Drops|Name=Fluorite Choker|Link=|1|43}}, {{Drops|Name=Danburite Choker|Link=|1|43}}, {{Drops|Name=Amethyst Choker|Link=|2|43}}, {{Drops|Name=Garnet Choker|Link=|1|43}}, {{Drops|Name=Goshenite Choker|Link=|1|9}}, {{Drops|Name=Heliodor Choker|Link=|1|43}}, {{Drops|Name=Peridot Choker|Link=|1|43}}",A,ge-mob-pages
Spriggan,Lower La Noscea,,,,"{{Drops|Name=Alumen|Link=|0|0}}, {{Drops|Name=Silver Ore|Link=|0|0}}",A,ge-mob-pages
Spriggan,Central Thanalan,,Sprightly Spriggans,,"{{Drops|Name=Alumen|Link=|0|0}}, {{Drops|Name=Obsidian|Link=|0|0}}",A,ge-mob-pages
Spriggan,North Shroud,,The Black Rabbit's Ore,,,A,ge-mob-pages
Spriggan,Central Shroud,,An Old Fashioned Exorcism,,,A,ge-mob-pages
Spriggan,Eastern Thanalan,,Treasures of the Smallfolk,,,A,ge-mob-pages
Spriggan,Central Thanalan,24-26,Black Brush Behest,13,,A,ge-mob-pages
Spriggan Bezzler,The Mun-Tuy Cellars,,Swimming in Suds,30-42,,P,ge-mob-pages
Spriggan Collector,Central Shroud,,,5-9,{{Drops|Name=Obsidian|Link=|0|0}},A,ge-mob-pages
Spriggan Collector,Central Thanalan,,,5-9,"{{Drops|Name=Obsidian|Link=|0|0}}, {{Drops|Name=Silver Ore|Link=|0|0}},{{Drops|Name=Alumen|Link=|0|0}}",P,ge-mob-pages
Spriggan Collector,Lower La Noscea,22-29,,5-9,"{{Drops|Name=Copper Ore|Link=|0|0}}, {{Drops|Name=Tin Ore|Link=|0|0}}, {{Drops|Name=Silver Ore|Link=|0|0}},",A,ge-mob-pages
Sprinting Spriggan,The Tam-Tara Deepcroft,4-5,"Hatching-tide (2011), Hatching-tide (2012)",40,"{{Drops|Name=Darkened Archon Egg|100%}}, {{Drops|Name=Red Archon Egg|1|3}}, {{Drops|Name=Yellow Archon Egg|1|3}}, {{Drops|Name=Blue Archon Egg|2|3}}, {{Drops|Name=Green Archon Egg|2|3}}, {{Drops|Name=Violet Archon Egg|1|3}}",P,ge-mob-pages
Sprinting Spriggan,Copperbell Mines,4-6,"Hatching-tide (2011), Hatching-tide (2012)",40,"{{Drops|Name=Darkened Archon Egg|100%}}, {{Drops|Name=Red Archon Egg|1|3}}, {{Drops|Name=Yellow Archon Egg|1|3}}, {{Drops|Name=Blue Archon Egg|2|3}}, {{Drops|Name=Green Archon Egg|2|3}}, {{Drops|Name=Violet Archon Egg|1|3}}",P,ge-mob-pages
Sprinting Spriggan,Mistbeard Cove,5-5,"Hatching-tide (2011), Hatching-tide (2012)",40,"{{Drops|Name=Darkened Archon Egg|100%}}, {{Drops|Name=Red Archon Egg|1|3}}, {{Drops|Name=Yellow Archon Egg|1|3}}, {{Drops|Name=Blue Archon Egg|2|3}}, {{Drops|Name=Green Archon Egg|2|3}}, {{Drops|Name=Violet Archon Egg|1|3}}",P,ge-mob-pages
Star Marmot,Central Shroud,,,1 - 3,"{{Drops|Name=Bronze Swallowtail Arrowheads|5|50}}, {{Drops|Name=Gridanian Walnut|9|50}}, {{Drops|Name=Marmot Meat|8|50}}, {{Drops|Name=Marmot Pelt|6|50}}, {{Drops|Name=Moko Grass|9|50}}",P,ge-mob-pages
Star Marmot,Western Thanalan,28-8,,,"{{Drops|Name=Marmot Pelt||}}, {{Drops|Name=Marmot Meat|4|12}}, {{Drops|Name=Moko Grass|4|12}}, {{Drops|Name=Gridanian Walnut|3|12}}",P,ge-mob-pages
Star Marmot,Central Thanalan,,,,"{{Drops|Name=Marmot Pelt||}}, {{Drops|Name=Marmot Meat|4|12}}, {{Drops|Name=Moko Grass|4|12}}, {{Drops|Name=Gridanian Walnut|3|12}}, {{Drops|Name=Bronze Swallowtail Arrowheads|0|12}}",P,ge-mob-pages
Steropes,Turtleback Island,1-1,Skirmish,55,,A,ge-mob-pages
Stollenwurm,Coerthas Central Highlands,,Fatal Seduction,53,{{Drops|Name=Drake Scales|Link=|0|1}},A,ge-mob-pages
Stone Golem,Turtleback Island,1-1,Skirmish,55,,A,ge-mob-pages
Stoneshell,East Shroud,,,,"{{Drops|Name=Megalocrab Leg||}},{{Drops|Name=Silver Fish Hook||}},{{Drops|Name=Malm Kelp||}},{{Drops|Name=Green Stainsand||}},{{Drops|Name=Blue Stainsand||}}",P,ge-mob-pages
Storm Biast,Upper La Noscea,20-13,,,,A,ge-mob-pages
Stormcry Boatswain,Cassiopeia Hollow,11-6,,30,"{{Drops|Name=Faerie Apple |15|55}}, {{Drops|Name=Ala Mhigan Mustard |22|55}}, {{Drops|Name=Hawksbill Shell | 7|55}}, {{Drops|Name=Black Pepper | 7|55}}",A,ge-mob-pages
Stormcry Powder Monkey,Cassiopeia Hollow,11-6,,30,"{{Drops|Name=Faerie Apple |12|50}}, {{Drops|Name=Ala Mhigan Mustard |19|50}}, {{Drops|Name=Hawksbill Shell | 5|50}}, {{Drops|Name=Black Pepper |17|50}}",A,ge-mob-pages
Stormcry Quartermaster,Cassiopeia Hollow,11-6,,30,"{{Drops|Name=Faerie Apple |24|70}}, {{Drops|Name=Ala Mhigan Mustard |23|70}}, {{Drops|Name=Hawksbill Shell | 9|70}}, {{Drops|Name=Black Pepper |13|70}}",A,ge-mob-pages
Stray Dodo,Western La Noscea,,Herbicide,,"{{Drops|Name=Dodo Feather|0|7}},{{Drops|Name=Dodo Tenderloin|0|7}},{{Drops|Name=Dodo Skin|1|7}},{{Drops|Name=Dodo Egg|1|7}},{{Drops|Name=Salt Leek|0|7}}",P,ge-mob-pages
Stray Dodo,Eastern Thanalan,,Revenge of the Dodos,,"{{Drops|Name=Dodo Feather||}},{{Drops|Name=Dodo Tenderloin||}},{{Drops|Name=Dodo Skin||}},{{Drops|Name=Dodo Egg||}},{{Drops|Name=Salt Leek||}}",P,ge-mob-pages
Stray Karakul Ewe,Lower La Noscea,,Wanted: Godwin Goodgoat,,,P,ge-mob-pages
Stray Karakul Ram,Lower La Noscea,,Wanted: Godwin Goodgoat,,,P,ge-mob-pages
Stuffed Dodo,Central Thanalan,26-21,,15,"{{Drops|Name=Dodo Feather|11|50}}, {{Drops|Name=Dodo Tenderloin|24|50}}, {{Drops|Name=Dodo Skin|17|50}}, {{Drops|Name=Dodo Egg|10|50}}, {{Drops|Name=Paprika|7|50}}, {{Drops|Name=Ruby Tomato|8|50}}",P,ge-mob-pages
Stumbling Funguar,Central Shroud,,"Clearing the Forest, Reforesting Bentbranch, Spore Spoor",,,,ge-mob-pages
Sulfur Slug,The Aurum Vale,,,52,,A,ge-mob-pages
Sultan's Trumpet,South Shroud,"42-48, 39-52",,14 - 16,"{{Drops|Name=Formic Acid|2|3}}, {{Drops|Name=Bloodworm|1|3}}, {{Drops|Name=Mole Sinew|1|3}}",P,ge-mob-pages
Sultan's Trumpet,Western Thanalan,"9-20, 33-16",,14 - 16,"{{Drops|Name=Mole Sinew|6|10}}, {{Drops|Name=Mole Meat|9|10}}, {{Drops|Name=Formic Acid|1|10}}, {{Drops|Name=Bloodworm|2|10}}",P,ge-mob-pages
Sultansworn Elite (Mob),Central Thanalan,,Parley on High Ground,50,,A,ge-mob-pages
Sun Midge Swarm,Southern Thanalan,40-43,,6,,A,ge-mob-pages
Sundrake,Eastern Thanalan,,,,,A,ge-mob-pages
Sundrake,Southern Thanalan,,,,,A,ge-mob-pages
Sundrake,Central Thanalan,"31-35, 32-35, 33-35, 33-34, 33-33",,60-64,,A,ge-mob-pages
Sure-footed Billygoat,Western La Noscea,,A Terrible Thirst,,,P,ge-mob-pages
Surf Eft,Upper La Noscea,18-13,,,,A,ge-mob-pages
Sylph Susurrus,East Shroud,,,,,,ge-mob-pages
Syrphid Cloud,Eastern La Noscea,,Annexing the Shore,,"{{Drops|Name=Syrphid Basket|2|8}}, {{Drops|Name=Moko Grass|1|8}}",,ge-mob-pages
Syrphid Cloud,Eastern Thanalan,,Sucking Blood Again,,,,ge-mob-pages
Syrphid Cloud,Cassiopeia Hollow,,Protecting the Pilgrims,,,,ge-mob-pages
Syrphid Cloud,Western La Noscea,,The Swarm,,,,ge-mob-pages
Syrphid Swarm,Western La Noscea,,,,"{{Drops|Name=Moko Grass||}}, {{Drops|Name=Honey||}}, {{Drops|Name=Syrphid Basket||}}, {{Drops|Name=Cotton Boll||}}",P,ge-mob-pages
Syrphid Swarm,Eastern La Noscea,32-23,,21-24,"{{Drops|Name=Moko Grass||}}, {{Drops|Name=Honey||}}, {{Drops|Name=Syrphid Basket||}}, {{Drops|Name=Cotton Boll||}}",P,ge-mob-pages
Syrphid Swarm,Lower La Noscea,,,,"{{Drops|Name=Moko Grass||}}, {{Drops|Name=Honey||}}, {{Drops|Name=Syrphid Basket||}}, {{Drops|Name=Cotton Boll||}}",P,ge-mob-pages
Syrphid Swarm,Western Thanalan,,,,"{{Drops|Name=Moko Grass||}}, {{Drops|Name=Honey||}}, {{Drops|Name=Syrphid Basket||}}, {{Drops|Name=Cotton Boll||}}",P,ge-mob-pages
Tainted Louse,The Thousand Maws of Toto-Rak,,,39,,A,ge-mob-pages
Tarbh Uisge,Eastern La Noscea,38-20,Wanted: Mammoth and Master,,,A,ge-mob-pages
Tempered Captive,Paglth'an,,Lord Errant,,,P,ge-mob-pages
Tempest Biast,Upper La Noscea,29-34,,,,A,ge-mob-pages
Territorial Angler,Eastern Thanalan,,Caravan Security (Drybone),50,,A,ge-mob-pages
Territorial Antling,Western Thanalan,Horizon's Edge,Caravan Security (Horizon's Edge),27,{{Drops|Name=Formic Acid|0|0}},A,ge-mob-pages
Territorial Chiglet,South Shroud,Tranquil Paths,Caravan Security (Tranquil Paths),25,"{{Drops|Name=Beastkin Blood|Link=|0|0}}, {{Drops|Name=Moko Grass |Link=|0|0}}",A,ge-mob-pages
Territorial Coblyn,Western Thanalan,Horizon's Edge,Caravan Security (Horizon's Edge),25,{{Drops|Name=Tin Ore|0|0}},A,ge-mob-pages
Territorial Digger,Eastern Thanalan,Drybone,Caravan Security (Drybone),50,,A,ge-mob-pages
Territorial Dreadwolf,North Shroud,,Caravan Security (Treespeak),46,"{{Drops|Name=Moko Grass|Link=|0|0}}, {{Drops|Name=Wolf Fang|Link=|0|0}}, {{Drops|Name=Wolf Hide|Link=|0|0}}",A,ge-mob-pages
Territorial Galago,South Shroud,Tranquil Paths,Caravan Security (Tranquil Paths),27,"{{Drops|Name=Chicken Breast |Link=|0|0}}, {{Drops|Name=Faerie Apple |Link=|0|0}}, {{Drops|Name=Galago Mint |Link=|0|0}}, {{Drops|Name=Gil Bun |Link=|0|0}}, {{Drops|Name=Gridanian Walnut |Link=|0|0}}, {{Drops|Name=Lalafellin Lentil|Link=|0|0}}",P,ge-mob-pages
Territorial Gnat,Eastern Thanalan,Drybone,Caravan Security (Drybone),48,,A,ge-mob-pages
Territorial Hog,North Shroud,,Caravan Security (Treespeak),50,"{{Drops|Name=Black Truffle|Link= |0|0}}, {{Drops|Name=Boar Hide|Link= |0|0}}, {{Drops|Name=Button Mushroom|Link=|0|0}}, {{Drops|Name=Popoto|Link= |0|0}}",A,ge-mob-pages
Territorial Megalocrab,Western La Noscea,Skull Valley,Caravan Security (Skull Valley),48,"{{Drops|Name=Malm Kelp |0|0}}, {{Drops|Name=Megalocrab Leg|0|0}}",A,ge-mob-pages
Territorial Raptor,Western La Noscea,Skull Valley,Caravan Security (Skull Valley),50,"{{Drops|Name=Raptor Shank|0|0}}, {{Drops|Name=Raptor Sinew|0|0}}, {{Drops|Name=Raptor Skin |0|0}}",A,ge-mob-pages
Territorial Roselet,North Shroud,,Caravan Security (Treespeak),48,"{{Drops|Name=Cloves|Link= |0|0}}, {{Drops|Name=Cotton Boll|Link= |0|0}}, {{Drops|Name=Flax|Link= |0|0}}, {{Drops|Name=Growth Formula Alpha|Link=|0|0}}, {{Drops|Name=Red Landtrap Leaf|Link= |0|0}}",A,ge-mob-pages
Territorial Scavenger,Western La Noscea,Skull Valley,Caravan Security (Skull Valley),46,"{{Drops|Name=Blue Yarzon Leg|0|0}}, {{Drops|Name=Rothlyt Oyster |0|0}}",A,ge-mob-pages
Territorial Wolf,South Shroud,Tranquil Paths,Caravan Security (Tranquil Paths),29,"{{Drops|Name=Wolf Fang|Link=|0|0}}, {{Drops|Name=Wolf Hide|Link=|0|0}}",A,ge-mob-pages
Territorial Yarzon,Western Thanalan,Horizon's Edge,Caravan Security (Horizon's Edge),29,"{{Drops|Name=Alumen |0|0}}, {{Drops|Name=Blacklip Oyster |0|0}}, {{Drops|Name=Wildfowl Feather |0|0}}, {{Drops|Name=Yellow Yarzon Leg|0|0}}",A,ge-mob-pages
Thickshell,Central Shroud,24-29,,25 - 34,"{{Drops|Name=Megalocrab Leg||}},{{Drops|Name=Silver Fish Hook||}},{{Drops|Name=Malm Kelp||}},{{Drops|Name=Green Stainsand||}},{{Drops|Name=Blue Stainsand||}},{{Drops|Name=Green Megalocrab Shell||}}",P,ge-mob-pages
Thickshell,South Shroud,38-54,,25 - 29,"{{Drops|Name=Megalocrab Leg||}},{{Drops|Name=Silver Fish Hook||}},{{Drops|Name=Malm Kelp||}},{{Drops|Name=Green Stainsand||}},{{Drops|Name=Blue Stainsand||}},{{Drops|Name=Green Megalocrab Shell||}}",P,ge-mob-pages
Thickshell,Coerthas Eastern Lowlands,48-34,,25 - 29,"{{Drops|Name=Megalocrab Leg||}},{{Drops|Name=Silver Fish Hook||}},{{Drops|Name=Malm Kelp||}},{{Drops|Name=Green Stainsand||}},{{Drops|Name=Blue Stainsand||}},{{Drops|Name=Green Megalocrab Shell||}}",P,ge-mob-pages
Third Order Patriarch Zu Ga,U'Ghamaro Mines,,,59,,A,ge-mob-pages
Thistletail Marmot,Eastern Thanalan,,,,"{{Drops|Name=Moko Grass|1|1}}, {{Drops|Name=Marmot Meat|1|1}}, {{Drops|Name=Gridanian Walnut|1|1}}, {{Drops|Name=Marmot Pelt|1|1}}, {{Drops|Name=Bronze Swallowtail Arrowheads||}}",P,ge-mob-pages
Thistletail Marmot,Western Thanalan,29-14,,13-15,"{{Drops|Name=Marmot Meat|1|1}}, {{Drops|Name=Marmot Pelt|1|1}}, {{Drops|Name=Gridanian Walnut|1|1}}, {{Drops|Name=Moko Grass|1|1||}}",P,ge-mob-pages
Thistletail Marmot,North Shroud,,,10 - 14,"{{Drops|Name=Marmot Meat|6|21}}, {{Drops|Name=Marmot Pelt|7|21}}, {{Drops|Name=Gridanian Walnut|2|21}}, {{Drops|Name=Moko Grass|6|20}}, {{Drops|Name=Bronze Swallowtail Arrowheads|1|7}}",P,ge-mob-pages
Thorned Roseling,Eastern La Noscea,"23-32, 33-21",,25,"{{Drops|Name=Red Landtrap Leaf|0|2}}, {{Drops|Name=Dodo Skin|0|2}}, {{Drops|Name=Flax|1|2}}, {{Drops|Name=Growth Formula Alpha|0|2}}, {{Drops|Name=Cotton Boll|1|2}}, {{Drops|Name=Cloves|1|2}}",A,ge-mob-pages
Tiny Dormouse,Western La Noscea,,,,,P,ge-mob-pages
Toad Poacher,The Tam-Tara Deepcroft,6-3 7-4,,40-44,"{{Drops|Name=Buffalo Hide|Link=|2|4}}, {{Drops|Name=Chocobo Feather|Link=|2|4}}, {{Drops|Name=Nutmeg|Link=|2|4}}, {{Drops|Name=Salted Butter|Link=|1|4}}, {{Drops|Name=Wildfowl Feather|Link=|2|4}}",A,ge-mob-pages
Toad Poacher,The Mun-Tuy Cellars,,,34-39,"{{Drops|Name=Alligator Pear|Link=|0|3}}, {{Drops|Name=Buffalo Hide|Link=|1|3}}, {{Drops|Name=Chocobo Feather|Link=|0|3}}, {{Drops|Name=Nutmeg|Link=|0|3}}, {{Drops|Name=Salted Butter|Link=|0|3}}, {{Drops|Name=Wildfowl Feather|Link=|2|3}}",A,ge-mob-pages
Toad Poacher,West Shroud,,,,"{{Drops|Name=Alligator Pear|Link=|0|0}}, {{Drops|Name=Buffalo Hide|Link=|0|0}}, {{Drops|Name=Chocobo Feather|Link=|0|0}}, {{Drops|Name=Nutmeg|Link=|0|0}}, {{Drops|Name=Salted Butter|Link=|0|0}}, {{Drops|Name=Wildfowl Feather|Link=|0|0}}",A,ge-mob-pages
Toadsquatter Femomo,Coerthas Central Highlands,,Wanted: Toadsquatter Femomo,,,,ge-mob-pages
Toadstool,Coerthas Central Highlands,"24-31, 32-24",,51-54,{{Drops|Name=Walnut Log|Link=|1|2}},P,ge-mob-pages
Toadstool,Mor Dhona,,,,,P,ge-mob-pages
Toadtrap,Central Shroud,30-33,,31-32,"{{Drops|Name=Blue Landtrap Leaf|Link=|3|3}}, {{Drops|Name=Flax|Link= |2|3}}",A,ge-mob-pages
Toothless Gladiator,Ul'dah,5-5,The House Always Wins,20,,A,ge-mob-pages
Tourney Gladiator,Ul'dah,,Court in the Sands,3,,A,ge-mob-pages
Toxic Flytrap,East Shroud,,"Wanted: Alvara Sourkiss, All Nine Ivies is a Stage",,,,ge-mob-pages
Toxic Toad,Western La Noscea,6-11,,,"{{Drops|Name=Gigantoad Skin||}}, {{Drops|Name=Muddy Water||}}, {{Drops|Name=Wildfowl Feather||}}",A,ge-mob-pages
Toxic Toad,Coerthas Central Lowlands,36-42,,,,A,ge-mob-pages
Toxic Toad,Coerthas Western Highlands,19-27,,,,A,ge-mob-pages
Toxic Toad,Coerthas Eastern Lowlands,48-25,,,,A,ge-mob-pages
Toxic Toad,Coerthas Central Highlands,34-26,,,,A,ge-mob-pages
Toxic Toad,South Shroud,38-45,,,,A,ge-mob-pages
Toxic Toad,Mor Dhona,,,,,A,ge-mob-pages
Trancetoad,North Shroud,,Alone in the Dark,40-52,,A,ge-mob-pages
Tree Slug,South Shroud,39-52,,27-29,"{{Drops|Name=White Coral|Link=|3|11}}, {{Drops|Name=Hawksbill Shell|Link=|2|11}}",P,ge-mob-pages
Truffle Hog,Mor Dhona,,,,{{Drops|Name=Boar Hide||}},A,ge-mob-pages
Truffle Hog,Central Shroud,26-40,,,{{Drops|Name=Boar Hide||}},A,ge-mob-pages
Truffle Hog,Coerthas Eastern Lowlands,55-25,,,{{Drops|Name=Boar Hide||}},A,ge-mob-pages
Tuco-tuco,Eastern Thanalan,,,,,P,ge-mob-pages
Tuco-tuco,Western Thanalan,10-27,,50-54,,P,ge-mob-pages
Tuco-tuco,Northern Thanalan,Cave @ 18-21,,,,P,ge-mob-pages
Turquoise Dewflower Sylph,South Shroud,,Operation: Sylph Stalkings,,{{Drops|Name=Lavender||}},,ge-mob-pages
Tusked Hog,East Shroud,,Reforesting Nine Ivies,40-52,"{{Drops|Name=Boar Hide|2|6}},{{Drops|Name=Button Mushroom|1|6}}",A,ge-mob-pages
U'Ghamaro Ashman,U'Ghamaro Mines,6-5,,55,"{{Drops|Name=Brass U'Ghamaro Coffer Key|0|3}}, {{Drops|Name=Titan Copperpiece|1|3}}",A,ge-mob-pages
U'Ghamaro Gateman,U'Ghamaro Mines,6-4,,56-57,{{Drops|Name=Titan Copperpiece|0|0}},A,ge-mob-pages
U'Ghamaro Gurneyman,U'Ghamaro Mines,,,52-57,{{Drops|Name=Titan Copperpiece|0|0}},A,ge-mob-pages
U'Ghamaro Junkman,U'Ghamaro Mines,6-4,,53-56,{{Drops|Name=Titan Copperpiece|0|0}},A,ge-mob-pages
U'Ghamaro Overman,U'Ghamaro Mines,5-3,,55,"{{Drops|Name=Silver U'Ghamaro Coffer Key|26|79}}, {{Drops|Name=Titan Copperpiece|17|79}}",A,ge-mob-pages
U'Ghamaro Underman,U'Ghamaro Mines,5-3,,50,{{Drops|Name=Titan Copperpiece|1|5}},A,ge-mob-pages
Uncommon Cactuar,Central Shroud,,Necrologos: Thousandfold Agony,,,,ge-mob-pages
Unknown Soldier,Cassiopeia Hollow,"9-5, 10-5",,47,"{{Drops|Name=Anathema| 15|78}}, {{Drops|Name=Aquamarine Choker| 1|78}}, {{Drops|Name=Cotton Yarn| 17|78}}, {{Drops|Name=Garnet Choker| 4|78}}, {{Drops|Name=Goshenite Choker| 2|78}}, {{Drops|Name=Paladin's Trousers|7|78}}, {{Drops|Name=Peridot Choker| 2|78}}, {{Drops|Name=Undyed Velveteen| 7|78}}, {{Drops|Name=Amethyst Choker| 1|13}}",A,ge-mob-pages
Uraeus,Coerthas Eastern Lowlands,54-36,,62-65,"{{Drops|Name=Uraeus Skin|0|0}}, {{Drops|Name=Basilisk Egg|0|0}}, {{Drops|Name=Siltstone|0|0}}",A,ge-mob-pages
Vale Diremite,The Aurum Vale,,,54,"{{Drops|Name=Diremite Sinew|Link=|0|0}}, {{Drops|Name=Diremite Web |Link=|0|0}}",A,ge-mob-pages
Vale Wasp,The Aurum Vale,,,53,{{Drops|Name=Uncultured Pearl|Link=|0|0}},A,ge-mob-pages
Velociraptor,Coerthas Western Highlands,7-18,,,,A,ge-mob-pages
Velociraptor,Coerthas Eastern Highlands,55-8,,,,A,ge-mob-pages
Venomtongue Assassin,Western Thanalan,,Sweet Vengeance,20-32,,A,ge-mob-pages
Venomtongue Assassin,Eastern Thanalan,,Juggling Knives,40-52,{{Drops|Name=Buffalo Leather|Link=|1|3}},A,ge-mob-pages
VIIth Legion Centurion,Castrum Novum,,,57,,A,ge-mob-pages
VIIth Legion Eques,Mor Dhona,,,54,,A,ge-mob-pages
VIIth Legion Eques,Castrum Novum,,United We Stand,55,,A,ge-mob-pages
VIIth Legion Hoplomachus,Mor Dhona,,,54,,A,ge-mob-pages
VIIth Legion Hoplomachus,Castrum Novum,,United We Stand,55,,A,ge-mob-pages
VIIth Legion Laquearius,Mor Dhona,,,54,,A,ge-mob-pages
VIIth Legion Laquearius,Castrum Novum,,United We Stand,55,,A,ge-mob-pages
VIIth Legion Medicus,Mor Dhona,,,54,,A,ge-mob-pages
VIIth Legion Medicus,Castrum Novum,,United We Stand,55,,A,ge-mob-pages
VIIth Legion Sagitarius,Mor Dhona,,,54,,A,ge-mob-pages
VIIth Legion Sagitarius,Castrum Novum,,United We Stand,55,,A,ge-mob-pages
VIIth Legion Secutor,Mor Dhona,,,54,,A,ge-mob-pages
VIIth Legion Secutor,Castrum Novum,,United We Stand,55,,A,ge-mob-pages
VIIth Legion Signifer,Mor Dhona,,,54,,A,ge-mob-pages
VIIth Legion Signifer,Castrum Novum,,United We Stand,55,,A,ge-mob-pages
Vile Gnat,Lower La Noscea,,Necrologos: Lightsome Verdure,,"{{Drops|Name=Chicken Breast||}}, {{Drops|Name=Crow Feather||}}, {{Drops|Name=Gnat Wing||}}, {{Drops|Name=Rat Tail||}}, {{Drops|Name=Bone Chip||}}",A,ge-mob-pages
Vile Gnat,Western Thanalan,,Securing Nophica's Wells,30-42,,A,ge-mob-pages
Vile Gnat,Central Shroud,,Necrologos: In Shadow Bemantled,,"{{Drops|Name=Chicken Breast||}}, {{Drops|Name=Crow Feather||}}, {{Drops|Name=Gnat Wing||}}, {{Drops|Name=Rat Tail||}}, {{Drops|Name=Bone Chip||}}",A,ge-mob-pages
Vile Gnat,The Mun-Tuy Cellars,,Undercutting the Competition,,,A,ge-mob-pages
Vile Gnat,Cassiopeia Hollow,,Protecting the Pilgrims,,,A,ge-mob-pages
Void Flame,The Thousand Maws of Toto-Rak,,,39,,A,ge-mob-pages
Void Lantern,Southern Thanalan,37-36,Always Bet on Black,,,A,ge-mob-pages
Voidtongue Ahzabb Chah,Western Thanalan,18-37,,,,A,ge-mob-pages
Vulture,Eastern La Noscea,41-28,,45-49,,A,ge-mob-pages
Vulture Poacher,The Mun-Tuy Cellars,,,,,,ge-mob-pages
Vulturetrap,East Shroud,,,,,A,ge-mob-pages
Wadjet,Turtleback Island,1-1,Skirmish,55,,A,ge-mob-pages
Wandering Bogy,Western Thanalan,8-30,Paladin's Pledge,32,{{Drops|Name=Hempen Yarn|Link=|1|2}},A,ge-mob-pages
Wandering Mage,Western Thanalan,8-30,Paladin's Pledge,34,{{Drops|Name=Iron Arrow|Link=|5|2}},A,ge-mob-pages
Wandering Soldier,Western Thanalan,8-30,Paladin's Pledge,34,{{Drops|Name=Flax|Link=|1|2}},A,ge-mob-pages
Wandering Wight,The Mun-Tuy Cellars,5-3 - 5-4,,35,"{{Drops|Name=Bone Chip|Link=|48|100}}, {{Drops|Name=Soiled Femur|Link=|28|100}}",A,ge-mob-pages
Wandering Wisp,Nanawa Mines,,Corpus Adamance,,{{Drops|Name=Firepot|0|0}},A,ge-mob-pages
Wandering Wisp,Nanawa Mines,,Spirited Below,,{{Drops|Name=Firepot|0|0}},A,ge-mob-pages
Wandering Wisp,Western Thanalan,8-30,Paladin's Pledge,32,"{{Drops|Name=Firepot| 5|2}}, {{Drops|Name=Obsidian|1|2}}",A,ge-mob-pages
Watchwolf,Natalan,,,50-55,"{{Drops|Name=Wolf Hide|Link=|0|0}}, {{Drops|Name=Wolf Fang|Link=|0|0}}",A,ge-mob-pages
Water Elemental,Mistbeard Cove,5-5,,40-49,"{{Drops|Name=Eye of Water|Link=|1|5}}, {{Drops|Name=Water Cluster|Link=|1|5}}",A,ge-mob-pages
Water Elemental,Upper La Noscea,23-10,,40-68,"{{Drops|Name=Eye of Water|Link=|0|0}}, {{Drops|Name=Water Cluster|Link=|0|0}}",A,ge-mob-pages
Water Elemental,Eastern La Noscea,,,70-79,"{{Drops|Name=Eye of Water|Link=|0|0}}, {{Drops|Name=Water Cluster|Link=|0|0}}",A,ge-mob-pages
Water Elemental,Central Shroud,31-29,Underneath the Shell,30-42,"{{Drops|Name=Eye of Water|Link=|1|1}}, {{Drops|Name=Water Cluster|Link=|0|1}}",A,ge-mob-pages
Water Elemental,Central Shroud,,Underneath the Shell,30-42,"{{Drops|Name=Eye of Water|Link=|0|0}}, {{Drops|Name=Water Cluster|Link=|0|0}}",A,ge-mob-pages
Water Elemental,North Shroud,Treespeak,Sylph-inflicted Wounds,40-52,"{{Drops|Name=Eye of Water|Link=|0|0}}, {{Drops|Name=Water Cluster|Link=|0|0}}",A,ge-mob-pages
Water Elemental,Central Shroud,Sorrel Haven,The Chorus of Cataclysm,55,,A,ge-mob-pages
Waterdog,West Shroud,14-29,,75 - 79,,A,ge-mob-pages
Wayside Archer,North Shroud,,Caravan Security (Treespeak),48,"{{Drops|Name=Buffalo Hide|Link= |0|0}}, {{Drops|Name=Chocobo Feather|Link= |0|0}}, {{Drops|Name=Nutmeg|Link= |0|0}}, {{Drops|Name=Salted Butter|Link= |0|0}}, {{Drops|Name=Wildfowl Feather|Link=|0|0}}",A,ge-mob-pages
Wayside Backstabber,Eastern Thanalan,,Caravan Security (Drybone),48,,A,ge-mob-pages
Wayside Bewitcher,Eastern Thanalan,,Caravan Security (Drybone),48,,A,ge-mob-pages
Wayside Bludgeoner,Eastern Thanalan,,Caravan Security (Drybone),48,,A,ge-mob-pages
Wayside Boarder,Western La Noscea,Skull Valley,Caravan Security (Skull Valley),48,"{{Drops|Name=Ala Mhigan Mustard|0|0}}, {{Drops|Name=Black Pepper |0|0}}, {{Drops|Name=Faerie Apple |0|0}}",A,ge-mob-pages
Wayside Lancer,North Shroud,,Caravan Security (Treespeak),48,"{{Drops|Name=Buffalo Hide|Link= |0|0}}, {{Drops|Name=Chocobo Feather|Link= |0|0}}, {{Drops|Name=Nutmeg|Link= |0|0}}, {{Drops|Name=Salted Butter|Link= |0|0}}, {{Drops|Name=Wildfowl Feather|Link=|0|0}}",A,ge-mob-pages
Wayside Pugilist,North Shroud,,Caravan Security (Treespeak),48,"{{Drops|Name=Buffalo Hide|Link= |0|0}}, {{Drops|Name=Chocobo Feather|Link= |0|0}}, {{Drops|Name=Nutmeg|Link= |0|0}}, {{Drops|Name=Salted Butter|Link= |0|0}}, {{Drops|Name=Wildfowl Feather|Link=|0|0}}",A,ge-mob-pages
Wayside Raider,Western La Noscea,Skull Valley,Caravan Security (Skull Valley),48,"{{Drops|Name=Ala Mhigan Mustard|0|0}}, {{Drops|Name=Black Pepper |0|0}}, {{Drops|Name=Faerie Apple |0|0}}",A,ge-mob-pages
Wayside Sniper,Western La Noscea,Skull Valley,Caravan Security (Skull Valley),48,"{{Drops|Name=Ala Mhigan Mustard|0|0}}, {{Drops|Name=Black Pepper |0|0}}, {{Drops|Name=Faerie Apple |0|0}}",A,ge-mob-pages
Wendigo,Central Thanalan,32-36,,56,,A,ge-mob-pages
Westroad Footpad,Western La Noscea,,,,,A,ge-mob-pages
Westroad Footpad,Nanawa Mines,4-5,,,,A,ge-mob-pages
Westroad Raider,Western La Noscea,7-14,,31,"{{Drops|Name=Tallow Candle|1|2}}, {{Drops|Name=Buffalo Leather|1|2}}",A,ge-mob-pages
Wharf Rat,Lower La Noscea,26-29,,,"{{Drops|Name=Bone Chip|8|40}}, {{Drops|Name=Cloves|5|40}}, {{Drops|Name=Rat Tail|7|40}}",P,ge-mob-pages
Wharf Rat,Eastern La Noscea,"33-19, 36-20, 24-36, 34-18,",,2-3,"{{Drops|Name=Bone Chip||}}, {{Drops|Name=Rat Tail||}}, {{Drops|Name=Cloves||}}, {{Drops|Name=Rock Salt||}}",P,ge-mob-pages
Whiskerwall Kupdi Koop,Thornmarch,,A Feast of Fools,50,,A,ge-mob-pages
Whitetalon,Western La Noscea,4-18,International Relations,46,,A,ge-mob-pages
Wicked Soul,The Mun-Tuy Cellars,,Sly Spirits,30-42,"{{Drops|Name=Undyed Cotton Cloth|1|6}},",A,ge-mob-pages
Widargelt the Watcher,Mor Dhona,11-16,Return of the King...of Ruin,55,,A,ge-mob-pages
Widow's Suitor,The Thousand Maws of Toto-Rak,Interrogation Chamber,,39,,A,ge-mob-pages
Widowmaker (Diremite),Mor Dhona,,,,,A,ge-mob-pages
Wight Warrior,Mistbeard Cove,6-4,,45-49,"{{Drops|Name=Bone Chip|0|4}},{{Drops|Name=Bronze Chain|0|4}},{{Drops|Name=Soiled Femur|2|4}},{{Drops|Name=Silver Goblet|0|4}},{{Drops|Name=Steel Ingot|2|4}},{{Drops|Name=Skull Eyepatch (Black)|0|4}}",A,ge-mob-pages
Wight Warrior,West Shroud,,,,"{{Drops|Name=Bone Chip||}},{{Drops|Name=Bronze Chain||}},{{Drops|Name=Soiled Femur||}},{{Drops|Name=Silver Goblet||}},{{Drops|Name=Steel Ingot||}},{{Drops|Name=Skull Eyepatch (Black)||}}",A,ge-mob-pages
Wight Warrior,Northern Thanalan,,,,"{{Drops|Name=Bone Chip||}},{{Drops|Name=Bronze Chain||}},{{Drops|Name=Soiled Femur||}},{{Drops|Name=Silver Goblet||}},{{Drops|Name=Steel Ingot||}},{{Drops|Name=Skull Eyepatch (Black)||}}",A,ge-mob-pages
Wight Warrior,Western Thanalan,,,,"{{Drops|Name=Bone Chip||}},{{Drops|Name=Bronze Chain||}},{{Drops|Name=Soiled Femur||}},{{Drops|Name=Silver Goblet||}},{{Drops|Name=Steel Ingot||}},{{Drops|Name=Skull Eyepatch (Black)||}}",A,ge-mob-pages
Wild Boar,Coerthas Eastern Highlands,51-10,,,,A,ge-mob-pages
Wild Boar,Coerthas Eastern Lowlands,59-27,,,,A,ge-mob-pages
Wild Boar,East Shroud,,,,,A,ge-mob-pages
Wild Ewe,Eastern La Noscea,36-19,,18,"{{Drops|Name=Fleece||}}, {{Drops|Name=Sheepskin||}}",P,ge-mob-pages
Wild Hog,Coerthas Central Highlands,35-32,,,"{{Drops|Name=Boar Hide||}}, {{Drops|Name=Black Truffle||}}",A,ge-mob-pages
Wild Hog,Coerthas Western Highlands,16-23,,,"{{Drops|Name=Boar Hide||}}, {{Drops|Name=Black Truffle||}}",A,ge-mob-pages
Wild Hog,Coerthas Eastern Lowlands,53-24,,,"{{Drops|Name=Boar Hide||}}, {{Drops|Name=Black Truffle||}}",A,ge-mob-pages
Wild Hog,The Tam-Tara Deepcroft,,,,"{{Drops|Name=Boar Hide||}}, {{Drops|Name=Black Truffle||}}",A,ge-mob-pages
Wild Hog,East Shroud,Cave @ 46-32,,,"{{Drops|Name=Boar Hide||}}, {{Drops|Name=Black Truffle||}}",A,ge-mob-pages
Wild Hog,Central Shroud,27-29,,,"{{Drops|Name=Boar Hide||}}, {{Drops|Name=Black Truffle||}}",A,ge-mob-pages
Wild Hog,North Shroud,"20-12, 23-16, 26-16",,40-49,"{{Drops|Name=Black Truffle|0|6}}, {{Drops|Name=Boar Hide|0|6}}, {{Drops|Name=Coerthas Carrot|0|6}}, {{Drops|Name=Button Mushroom|0|6}}, {{Drops|Name=Popoto|2|6}}, {{Drops|Name=Sun Lemon|0|6}}, {{Drops|Name=Ruby Tomato|0|6}}",A,ge-mob-pages
Wild Jackal,Mistbeard Cove,5-5,,45-48,"{{Drops|Name=Hyena Fang|3|8}},{{Drops|Name=Prickly Pineapple|1|8}}",A,ge-mob-pages
Wild Jackal,Eastern La Noscea,,,,,A,ge-mob-pages
Will-o'-the-wisp,South Shroud,42-48,,17,"{{Drops|Name=Obsidian||}}, {{Drops|Name=Firepot||}}",A,ge-mob-pages
Will-o'-the-wisp,Western Thanalan,13-23,,17-20,,A,ge-mob-pages
Will-o'-the Wykes,The Mun-Tuy Cellars,4-7,,,,A,ge-mob-pages
Will-o'-the Wykes,Nanawa Mines,6-4,,,{{Drops|Name=Obsidian||}},A,ge-mob-pages
Wind Elemental,Nanawa Mines,,,40-68,"{{Drops|Name=Eye of Wind|Link=|0|0}}, {{Drops|Name=Wind Cluster|Link=|0|0}}",A,ge-mob-pages
Wind Elemental,Eastern Thanalan,,Secrets of the Sultanate,40-68,"{{Drops|Name=Eye of Wind|Link=|0|0}}, {{Drops|Name=Wind Cluster|Link=|0|0}}",A,ge-mob-pages
Wind Elemental,Central Shroud,,,30-39,"{{Drops|Name=Eye of Wind|Link=|0|0}}, {{Drops|Name=Wind Cluster|Link=|0|0}}",A,ge-mob-pages
Wind Elemental,Lower La Noscea,,,60-69,"{{Drops|Name=Eye of Wind|Link=|0|0}}, {{Drops|Name=Wind Cluster|Link=|0|0}}",A,ge-mob-pages
Wind Elemental,North Shroud,Treespeak,Sylph-inflicted Wounds,40-52,"{{Drops|Name=Eye of Wind|Link=|0|0}}, {{Drops|Name=Wind Cluster|Link=|0|0}}",A,ge-mob-pages
Wind Elemental,Central Shroud,Sorrel Haven,The Chorus of Cataclysm,55,,A,ge-mob-pages
Windborn Buccaneer,Western La Noscea,,Operation: Reave-quest,,"Faerie Apple, Ala Mhigan Mustard, Coal Tar",,ge-mob-pages
Wingrat,Lower La Noscea,,When Bats Cry,,"{{Drops|Name=Bat Wing||}},{{Drops|Name=Bat Fang||}},{{Drops|Name=Cotton Boll||}},{{Drops|Name=Chocobo Fly||}},{{Drops|Name=Bronze Arrowheads||}},{{Drops|Name=Cotton Fent||}},{{Drops|Name=Moko Grass||}},{{Drops|Name=Beastkin Blood||}},{{Drops|Name=Hempen Yarn||}},{{Drops|Name=Dodo Skin||}},{{Drops|Name=Dodo Feather||}},{{Drops|Name=Fine Sand||}},{{Drops|Name=Bone Chip||}},{{Drops|Name=Bloodworm||}},{{Drops|Name=Spoken Blood||}},{{Drops|Name=Puk Wing||}},{{Drops|Name=Undyed Hempen Cloth||}},{{Drops|Name=Undyed Cotton Cloth||}},{{Drops|Name=Mole Sinew||}},{{Drops|Name=Dodo Tenderloin||}},{{Drops|Name=Swan Feather||}},{{Drops|Name=Mole Meat||}}",A,ge-mob-pages
Wingrat,Western La Noscea,,Annexing the Valley,10 - 26,"{{Drops|Name=Bat Wing|2|4}},{{Drops|Name=Bat Fang|0|4}},{{Drops|Name=Cotton Boll|0|4}},{{Drops|Name=Chocobo Fly|0|4}},{{Drops|Name=Bronze Arrowheads|0|4}},{{Drops|Name=Cotton Fent|0|4}},{{Drops|Name=Moko Grass|0|4}},{{Drops|Name=Beastkin Blood|0|4}},{{Drops|Name=Hempen Yarn|0|4}},{{Drops|Name=Dodo Skin|0|4}},{{Drops|Name=Dodo Feather|0|4}},{{Drops|Name=Fine Sand|0|4}},{{Drops|Name=Bone Chip|0|4}},{{Drops|Name=Bloodworm|0|4}},{{Drops|Name=Spoken Blood|0|4}},{{Drops|Name=Puk Wing|0|4}},{{Drops|Name=Undyed Hempen Cloth|0|4}},{{Drops|Name=Undyed Cotton Cloth|0|4}},{{Drops|Name=Mole Sinew|0|4}},{{Drops|Name=Dodo Tenderloin|0|4}},{{Drops|Name=Swan Feather|0|4}},{{Drops|Name=Mole Meat|0|4}}",A,ge-mob-pages
Wisp Familiar,Western Thanalan,,"Just One of the Dodos, The Devilet Inside",,"{{Drops|Name=Brightash||}}, {{Drops|Name=Firepot|0|2}}",A,ge-mob-pages
Wolf Poacher,Central Shroud,,The Goodwill Traders,30-42,{{Drops|Name=Leather Hunting Vest|3 |5}},,ge-mob-pages
Wolf Poacher,North Shroud,,Open Season,40-52,"{{Drops|Name=Chocobo Feather|3|3}},{{Drops|Name=Wildfowl Feather|2|3}},{{Drops|Name=Buffalo Hide|2|3}}",,ge-mob-pages
Wood Weevil,Eastern La Noscea,,"Annexing the Shore, A Roseling by Any Other Name",20-32,"{{Drops|Name=Red Landtrap Vine}}, {{Drops|Name=Moko Grass}}",P,ge-mob-pages
Woodsin Thrall,South Shroud,39-52,,15,"{{Drops|Name=Undyed Hempen Cloth|Link=|1|2}}, {{Drops|Name=Potion of Strength|Link=|1|2}}",A,ge-mob-pages
Woolywart Kupqu Kogi,Thornmarch,,A Feast of Fools,50,,A,ge-mob-pages
Xha Viqqoh the Nibbler,Western La Noscea,,Wanted: Xha Viqqoh the Nibbler,,,,ge-mob-pages
Yarzon Biter,Coerthas Central Highlands,41-17,After the Battle,,"{{Drops|Name=Dormouse Pelt||}}, {{Drops|Name=Rothlyt Oyster||}}, {{Drops|Name=White Coral||}}",A,ge-mob-pages
Yarzon Bleeder,Nanawa Mines,9-5,,18 - 22,"{{Drops|Name=Alumen||}}, {{Drops|Name=Blacklip Oyster||}}, {{Drops|Name=Wildfowl Feather||}}, {{Drops|Name=Yellow Yarzon Leg||}}",A,ge-mob-pages
Yarzon Bleeder,Central Shroud,,,18 - 22,"{{Drops|Name=Alumen|0|1}}, {{Drops|Name=Wildfowl Feather|1|1}}, {{Drops|Name=Yellow Yarzon Leg|1|1}}",A,ge-mob-pages
Yarzon Burrower,Eastern La Noscea,28-40,,,,A,ge-mob-pages
Yarzon Feeder,Central Thanalan,,,,"{{Drops|Name=Alumen||}}, {{Drops|Name=Blacklip Oyster||}},{{Drops|Name=Wildfowl Feather||}}, {{Drops|Name=Yellow Yarzon Leg||}}",A,ge-mob-pages
Yarzon Feeder,North Shroud,13-20,,10 - 14,"{{Drops|Name=Blacklip Oyster||}}, {{Drops|Name=Wildfowl Feather||}}, {{Drops|Name=Yellow Yarzon Leg||}}",A,ge-mob-pages
Yarzon Invader,North Shroud,Emerald Moss,Filling the Quiver,15,,A,ge-mob-pages
Yarzon Scavenger,Lower La Noscea,,,,,A,ge-mob-pages
Yarzon Scavenger,Western La Noscea,7-15,,,,A,ge-mob-pages
Yarzon Scavenger,Mistbeard Cove,"7-6, 8-4",,40-44,"{{Drops|Name=Rothlyt Oyster|Link=|4|12}},{{Drops|Name=Blue Yarzon Leg|Link=|1|12}}",A,ge-mob-pages
Yarzon Scavenger,Upper La Noscea,32-13,,,,A,ge-mob-pages
Yarzon Scavenger,Cassiopeia Hollow,32-13,,,,A,ge-mob-pages
Yarzon Stalker,North Shroud,,The Call of Nature,,,,ge-mob-pages
Yellow Dewflower Sylph,South Shroud,,Operation: Sylph Stalkings,,{{Drops|Name=Lavender||}},,ge-mob-pages
Yotoli Hueloc the Austere,Coerthas Central Highlands,,Requiem for the Fallen,55,,A,ge-mob-pages
Young Antelope Stag,South Shroud,40-51,,23-26,"{{Drops|Name=Antelope Shank |25|50}}, {{Drops|Name=Antelope Sinew |16|50}}, {{Drops|Name=Cotton Boll |18|50}}, {{Drops|Name=Coerthas Carrot | 6|50}}, {{Drops|Name=Popoto | 3|50}}",A,ge-mob-pages
Young Antelope Stag,South Shroud,36-54,,27-29,"{{Drops|Name=Antelope Shank ||}}, {{Drops|Name=Antelope Sinew ||}}, {{Drops|Name=Cotton Boll ||}}, {{Drops|Name=Coerthas Carrot ||}}, {{Drops|Name=Popoto ||}}",A,ge-mob-pages
Young Galago,Central Shroud,15-19,,,"{{Drops|Name=Alligator Pear||}}, {{Drops|Name=Faerie Apple|2|3}}, {{Drops|Name=Galago Mint||}}, {{Drops|Name=Jade Peas|1|3}}, {{Drops|Name=Ramhorn Zucchini||}}",P,ge-mob-pages
Young Galago,North Shroud,15-19,,,"{{Drops|Name=Alligator Pear||}}, {{Drops|Name=Faerie Apple|2|3}}, {{Drops|Name=Galago Mint||}}, {{Drops|Name=Jade Peas|1|3}}, {{Drops|Name=Ramhorn Zucchini||}}",P,ge-mob-pages
Young Raptor,Upper La Noscea,,,40 - 49,"{{Drops|Name=Raptor Shank||}}, {{Drops|Name=Raptor Sinew||}}, {{Drops|Name=Raptor Skin||}}, {{Drops|Name=Raptor Talon||}}, {{Drops|Name=Swan Feather||}}",A,ge-mob-pages
Zahar'ak Chandler,Zahar'ak,,,50-54,"{{Drops|Name=Inferno Taper|Link=|0|0}}, {{Drops|Name=Bronze Amalj'ok|Link=|0|0}}, {{Drops|Name=Thanalan Tea Leaves|Link=|0|0}}, {{Drops|Name=Buffalo Sirloin|Link=|0|0}}, {{Drops|Name=Sagolii Sage|Link=|0|0}}",A,ge-mob-pages
Zahar'ak Drubber,Zahar'ak,,,50-53,"{{Drops|Name=Inferno Taper|Link=|0|0}}, {{Drops|Name=Bronze Amalj'ok|Link=|0|0}}, {{Drops|Name=Thanalan Tea Leaves|Link=|0|0}}, {{Drops|Name=Buffalo Sirloin|Link=|0|0}}, {{Drops|Name=Sagolii Sage|Link=|0|0}}",A,ge-mob-pages
Zahar'ak Feretrar,Zahar'ak,,,55,"{{Drops|Name=Brass Zahar'ak Coffer Key|Link=|0|0}}, {{Drops|Name=Inferno Taper|Link=|0|0}}, {{Drops|Name=Bronze Amalj'ok|Link=|0|0}}, {{Drops|Name=Thanalan Tea Leaves|Link=|0|0}}, {{Drops|Name=Buffalo Sirloin|Link=|0|0}}, {{Drops|Name=Sagolii Sage|Link=|0|0}}",A,ge-mob-pages
Zahar'ak Halberdier,Zahar'ak,,,54-57,"{{Drops|Name=Inferno Taper|Link=|0|0}}, {{Drops|Name=Bronze Amalj'ok|Link=|0|0}}, {{Drops|Name=Thanalan Tea Leaves|Link=|0|0}}, {{Drops|Name=Buffalo Sirloin|Link=|0|0}}, {{Drops|Name=Sagolii Sage|Link=|0|0}}",A,ge-mob-pages
Zahar'ak Illuminator,Zahar'ak,,,55,"{{Drops|Name=Inferno Taper|Link=|0|0}}, {{Drops|Name=Bronze Amalj'ok|Link=|0|0}}, {{Drops|Name=Thanalan Tea Leaves|Link=|0|0}}, {{Drops|Name=Buffalo Sirloin|Link=|0|0}}, {{Drops|Name=Sagolii Sage|Link=|0|0}}",A,ge-mob-pages
Zahar'ak Ostiary,Zahar'ak,,,55-57,"{{Drops|Name=Inferno Taper|Link=|0|0}}, {{Drops|Name=Bronze Amalj'ok|Link=|0|0}}, {{Drops|Name=Thanalan Tea Leaves|Link=|0|0}}, {{Drops|Name=Buffalo Sirloin|Link=|0|0}}, {{Drops|Name=Sagolii Sage|Link=|0|0}}",A,ge-mob-pages
Zahar'ak Scriniary,Zahar'ak,,,55,"{{Drops|Name=Copper Zahar'ak Coffer Key|Link=|0|0}}, {{Drops|Name=Inferno Taper|Link=|0|0}}, {{Drops|Name=Bronze Amalj'ok|Link=|0|0}}, {{Drops|Name=Thanalan Tea Leaves|Link=|0|0}}, {{Drops|Name=Buffalo Sirloin|Link=|0|0}}, {{Drops|Name=Sagolii Sage|Link=|0|0}}",A,ge-mob-pages
Zahar'ak Sniper,Zahar'ak,,,52-55,"{{Drops|Name=Inferno Taper|Link=|0|0}}, {{Drops|Name=Bronze Amalj'ok|Link=|0|0}}, {{Drops|Name=Thanalan Tea Leaves|Link=|0|0}}, {{Drops|Name=Buffalo Sirloin|Link=|0|0}}, {{Drops|Name=Sagolii Sage|Link=|0|0}}, {{Drops|Name=Cobalt Arrow|Link=|0|0}}",A,ge-mob-pages
Zanig'oh (1.X),Southern Thanalan,,Operation: Pulling Fangs,,,A,ge-mob-pages
Zikko,Eastern La Noscea,,Escape from Cell B17,,,,ge-mob-pages
Zombie Mage,Eastern Thanalan,,Restless be the Damned,40-52,,A,ge-mob-pages
Zombie Mage,North Shroud,,Eyeopener,40-52,{{Drops|Name=Iron Arrow|Link=|6|1}},P,ge-mob-pages
Zombie Mage,The Battle for Hyrstmill,,The Battle for Hyrstmill,50,,P,ge-mob-pages
Zombie Pikeman,Eastern Thanalan,,Restless be the Damned,40-52,"{{Drops|Name=Bronze Arrow|Link=|5|6}}, {{Drops|Name=Iron Plate|Link=|1|6}}",A,ge-mob-pages
