npc_name,ge_page_title,join_pass,client_display_name,actor_id_count,actor_ids,actor_id_prefixes,race,clan,gender,occupation,affiliation,zones,map_coords
269th Order Mendicant Da Za,269th Order Mendicant Da Za,exact,269th order mendicant da za,1,1060038,10,Kobold,,Male,,,Western Thanalan,11-28
???,???,exact,???,86,1000174 1000376 1000902 1000903 1000904 1000919 1000920 1000921,10 12,,,,,,Mor Dhona,21-10
A'mihgazoo,A'mihgazoo,exact,a'mihgazoo,1,1500424,15,Miqo'te,Seekers of the Sun,Female,Mercantile House Representative,Ul'dah,Ul'dahn Mercantile House,1-1
A'naidjaa,A'naidjaa,exact,a'naidjaa,1,1000465,10,Miqo'te,Seekers of the Sun,Female,,Gridania,Gridania,6-5
A'nimuili,A'nimuili,exact,a'nimuili,1,1600032,16,Miqo'te,Seekers of the Sun,Female,Merchant,Gridania,Gridania,7-4
A'shakkal,A'shakkal,exact,a'shakkal,1,1000078,10,Miqo'te,Seekers of the Sun,Female,Linkshell Merchant,Limsa Lominsa,Limsa Lominsa,7-5
Abandoned Child,Abandoned Child,exact,abandoned child,1,1001223,10,Hyur,Midlander,Male,,Ul'dah,Ul'dah,5-5
Abelard,Abelard,exact,abelard,1,1001596,10,Hyur,Highlander,Male,Miner,,Western Thanalan,9-27
Abraham,Abraham,exact,abraham,1,1002066,10,Hyur,Midlander,Male,,Limsa Lominsa,Lower La Noscea,22-29
Abylbenn,Abylbenn,exact,abylbenn,1,1500290,15,Roegadyn,,Male,Chocobo Caravan Leader,Limsa Lominsa,Western La Noscea,
Abylgo Hamylgo,Abylgo Hamylgo,exact,abylgo hamylgo,1,1000965,10,Lalafell,Plainsfolk,Male,,Ul'dah,Ul'dah,5-5
Adeldreda,Adeldreda,exact,adeldreda,1,1500064,15,Hyur,Midlander,Female,,Ul'dah,Eastern Thanalan,19-37
Adri,Adri,exact,adri,1,1600081,16,Hyur,Highlander,Male,Merchant,Limsa Lominsa,Limsa Lominsa,7-7
Adventurer,Adventurer (Coral Tower 1),exact,adventurer,4,1000101 1000869 1000870 1000871,10,Lalafell,,Female,,Limsa Lominsa,Limsa Lominsa,2-6
Adventurer,Adventurer (Coral Tower 2),exact,adventurer,4,1000101 1000869 1000870 1000871,10,,,,,Limsa Lominsa,Limsa Lominsa,2-6
Adventurer,Adventurer (Coral Tower 3),exact,adventurer,4,1000101 1000869 1000870 1000871,10,,,,,Limsa Lominsa,Limsa Lominsa,2-6
Adventurer,Adventurer (Coral Tower 4),exact,adventurer,4,1000101 1000869 1000870 1000871,10,,,,,Limsa Lominsa,Limsa Lominsa,2-6
Aeduin,Aeduin,exact,aeduin,1,1600092,16,Hyur,Midlander,Male,,Gridania,Gridania,6-6
Aeglyffe,Aeglyffe (1.x),exact,aeglyffe,1,1001176,10,Hyur,Midlander,Male,,Ul'dah,Ul'dah,5-5
Aenore,Aenore,exact,aenore,1,1001705,10,Hyur,Midlander,Female,,Limsa Lominsa,Limsa Lominsa,1-1
Aentfoet,Aentfoet,exact,aentfoet,1,1000064,10,Roegadyn,Sea Wolves,Male,,Limsa Lominsa,Limsa Lominsa,7-3
Aergfloh,Aergfloh,exact,aergfloh,1,1001579,10,Roegadyn,,Male,,,Thanalan,22-29
Aerghaemr,Aerghaemr,exact,aerghaemr,1,1001609,10,Roegadyn,Sea Wolf,Male,,,Western La Noscea,7-20
Aergwynt Ironbellow,Aergwynt,exact,aergwynt,1,1000347,10,Roegadyn,,Male,,Limsa Lominsa,Limsa Lominsa,7-5
Aerstsyn,Aerstsyn,exact,aerstsyn,1,1000627,10,Roegadyn,,Male,,Gridania,Gridania,8-2
Agzu Rungzu,Agzu Rungzu,exact,agzu rungzu,1,1001324,10,Lalafell,,Male,,Ul'dah,Western Thanalan,36-12
Ahldbyrt,Ahldbyrt,exact,ahldbyrt,1,1001715,10,Roegadyn,,Male,,Ul'dah,Ul'dah,
Ahldiyrn,Ahldiyrn,exact,ahldiyrn,1,1600023,16,Roegadyn,Hellsguard,Male,Merchant,Gridania,Gridania,8-3
Ahldoen,Ahldoen,exact,ahldoen,1,1000361,10,Roegadyn,,Male,Gatewarden,Limsa Lominsa,Western La Noscea,15-18
Ahldskyf,Ahldskyf,exact,ahldskyf,1,1000332,10,Roegadyn,Sea Wolves,Male,,,Limsa Lominsa,4-5
Ahldwaen,Ahldwaen,exact,ahldwaen,1,1500069,15,Roegadyn,Sea Wolves,Male,Gatewarden,Gridania,East Shroud,29-47
Ahldwilf,Ahldwilf,exact,ahldwilf,1,1500420,15,Roegadyn,,Male,Mercantile House Representative,Ul'dah,Ul'dahn Mercantile House,1-1
Ailith,Ailith,exact,ailith,1,1001628,10,Hyur,Midlander,Female,Thaumaturge,Ul'dah,South Shroud,44-47
Aistan,Aistan,exact,aistan,1,1001726,10,Hyur,,Male,,,Ul'dah,6-3
Aistrach,Aistrach,exact,aistrach,1,1500101,15,Roegadyn,Sea Wolves,Male,Quartermaster,,Western Thanalan,13-29
Ajin Zukajin,Ajin Zukajin,exact,ajin zukajin,1,1001700,10,Lalafell,,Male,,Limsa Lominsa,Limsa Lominsa,1-1
Ala Mhigan Challenger,Ala Mhigan Challenger (NPC),exact,ala mhigan challenger,1,1000601,10,Lalafell,Plainsfolk,Male,,Ala Mhigo,Ul'dah,5-5
Ala Mhigan Resistance Captain,Ala Mhigan Resistance Captain,exact,ala mhigan resistance captain,1,1000477,10,Hyur,,Male,,Ala Mhigo,,
Alaire,Alaire,exact,alaire,1,1000831,10,Hyur,Midlander,Male,,Gridania,Gridania,8-5
Alamenain,Alamenain,exact,alamenain,1,1500276,15,Elezen,Wildwood Elezen,Male,Cauldron Carrier,,Central Thanalan,29-20
Alberic,Alberic,exact,alberic,1,1002001,10,Hyur,Midlander,Male,,Ishgard,Coerthas Central Highlands,35-18
Aldebrand,Aldebrand,exact,aldebrand,1,1001601,10,Hyur,Midlander,Male,Miner,,Eastern Thanalan,40-28
Aldyet,Aldyet,exact,aldyet,1,1001703,10,Hyur,Midlander,Female,Adventurer,Limsa Lominsa,Limsa Lominsa,1-1
Alfgar,Alfgar,exact,alfgar,2,1500195 1500231,15,Hyur,Midlander,Male,,Limsa Lominsa,Limsa Lominsa,7-5
Alistair,Alistair,exact,alistair,1,1500237,15,Hyur,Highlander,Male,Repair Merchant,Limsa Lominsa,Eastern La Noscea,36-20
Alixe,Alixe,exact,alixe,1,1000066,10,Elezen,Wildwood Elezen,Female,,Gridania,Gridania,7-3
Allenaure,Allenaure,exact,allenaure,1,1600044,16,Elezen,Wildwood Elezen,Female,Merchant,Ul'dah,Ul'dah,7-4
Allond,Allond,other-locale,storm sergeant allond,2,1001617 1002103,10,Hyur,Midlander,Male,Event NPC,Limsa Lominsa,Limsa Lominsa,7-6
Almxio,Almxio,exact,almxio,1,1001085,10,Sylph,,,,,Merchants Ward,
Alret,Alret,exact,alret,1,1002114,10,Hyur,Midlander,Male,Farmer,,,
Amenie,Amenie,exact,amenie,1,1600072,16,Elezen,,Female,Merchant,Ul'dah,Tradescraft Row,1-1
Amianne,Amianne,exact,amianne,1,1001355,10,Elezen,Wildwood Elezen,Female,Culinarian,,Coerthas Eastern Lowlands,62-34
Anene,Anene,exact,anene,1,1000427,10,Lalafell,,Male,,Gridania,Gridania,6-6
Angry River,Angry River,exact,angry river,1,1001510,10,Roegadyn,Sea Wolves,Male,,Limsa Lominsa,Limsa Lominsa,4-5
Anselm,Anselm (1.x),exact,anselm,1,1001951,10,Hyur,Midlander,Male,,Gridania,Gridania,6-6
Ansgor,Ansgor,exact,ansgor,2,1500117 1700037,15 17,Hyur,Highlander,Male,Parley Merchant,Limsa Lominsa,Limsa Lominsa,6-5
Anthoinette,Anthoinette,exact,anthoinette,1,1001415,10,Hyur,Midlander,Female,Priestess,Ul'dah,Ul'dah,7-6
Anxious Adventurer,Anxious Adventurer,exact,anxious adventurer,1,1000441,10,Hyur,Midlander,Male,,,Limsa Lominsa Opening,
Apacho Naccho,Apacho Naccho,exact,apacho naccho,1,1001417,10,Lalafell,,Male,,Ul'dah,Ul'dah,7-6
Arlth,Arlth,exact,arlth,1,1500216,15,Hyur,Midlander,Male,,Limsa Lominsa,Eastern La Noscea,36-20
Armantel,Armantel,exact,armantel,1,1001368,10,Elezen,Wildwood Elezen,Male,,,,
Arnald,Arnald,exact,arnald,1,1600003,16,Hyur,Midlander,Male,Merchant,Limsa Lominsa,Limsa Lominsa,6-5
Arnegis,Arnegis,exact,arnegis,1,1000227,10,Hyur,Midlanders,Male,Limsa Lominsa,,Limsa Lominsa,7-4
Arscelin,Arscelin,exact,arscelin,1,1001574,10,Elezen,Wildwood Elezen,Male,,,Coerthas Eastern Lowlands,63-34
Arthurioux,Arthurioux,exact,arthurioux,1,1000133,10,Elezen,Wildwood Elezen,Male,,Limsa Lominsa,Limsa Lominsa,6-2
Ascilia,Ascilia,exact,ascilia,3,1000042 1001515 1001651,10,Hyur,Midlander,Female,,Ul'dah,Ul'dah,4-7
Aspipi,Aspipi,exact,aspipi,1,1000916,10,Lalafell,,Female,,Ul'dah,Ul'dah,7-6
Astrid,Astrid (1.x),exact,astrid,1,1000180,10,Elezen,Wildwood Elezen,Female,,Limsa Lominsa,Limsa Lominsa,6-6
Astute Merchant,Astute Merchant,exact,astute merchant,1,1000446,10,Hyur,Midlander,Male,,,Limsa Lominsa Opening,
Atelloune,Atelloune,exact,atelloune,1,1500270,15,Elezen,Wildwood,Female,,Limsa Lominsa,Eastern La Noscea,36-25
Athalwolf,Athalwolf,exact,athalwolf,1,1001328,10,Hyur,Highlander,Male,,Ul'dah,Western Thanalan,35-13
Aubrenard,Aubrenard,exact,aubrenard,2,1500118 1700038,15 17,Elezen,Wildwood Elezen,Male,,Gridania,Gridania,7-4
Audaine,Audaine (1.x),exact,audaine,1,1000346,10,Elezen,Wildwood Elezen,Female,,Limsa Lominsa,Limsa Lominsa,6-5
Augustiniel,Augustiniel (1.x),exact,augustiniel,1,1500398,15,Elezen,,Male,Mercantile House Representative,Ul'dah,Ul'dahn Mercantile House,1-1
Aunillie,Aunillie,exact,aunillie,2,1000410 1002072,10,Hyur,Midlander,Female,Youngling,Gridania,Gridania,5-5
Austere Adventurer,Austere Adventurer,exact,austere adventurer,1,1000443,10,Hyur,Midlander,Male,,,,
Autgar,Autgar,exact,autgar,1,1001714,10,Hyur,Midlander,Male,,Ul'dah,Ul'dah,2-1
Aylard,Aylard,exact,aylard,1,1600074,16,Hyur,Highlander,Male,Merchant,Limsa Lominsa,Limsa Lominsa,4-7
Ayled,Ayled,exact,ayled,1,1500094,15,Hyur,Midlander,Female,Quartermaster,Gridania,Central Shroud,32-33
Aylufa,Aylufa,exact,aylufa,1,1600142,16,,,,Merchant,,Upper La Noscea,22-7
B'konbalha,B'konbalha,exact,b'konbalha,1,1600033,16,Miqo'te,Seekers of the Sun,Female,Merchant,Gridania,Gridania,6-5
B'mallpa,B'mallpa,exact,b'mallpa,1,1000335,10,Miqo'te,Keepers of the Moon,Female,,Limsa Lominsa,Limsa Lominsa,7-6
B'nhapla,B'nhapla,exact,b'nhapla,1,1000471,10,Miqo'te,Seekers of the Sun,Female,,Limsa Lominsa,Limsa Lominsa,6-2
Babaki,Babaki,exact,babaki,1,1000643,10,Lalafell,,Female,,Ul'dah,Ul'dah,5-6
Baby-faced Adventurer,Baby-faced Adventurer,exact,baby-faced adventurer,1,1000442,10,Hyur,Midlander,Male,,,Limsa Lominsa Opening,
Baderon Tenfingers,Baderon,exact,baderon,2,1000137 9114401,10 91,Hyur,Midlanders,Male,Tavernkeeper,Limsa Lominsa,Limsa Lominsa,7-5
Baenryss,Baenryss,exact,baenryss,1,1001764,10,Roegadyn,Sea Wolves,Male,,Limsa Lominsa,Lower La Noscea,28-33
Baenskylt,Baenskylt,exact,baenskylt,1,1000364,10,Roegadyn,Sea Wolf,Male,,Limsa Lominsa,Eastern La Noscea,30-21
Bald Knoll Battlewarden,Bald Knoll Battlewarden,exact,bald knoll battlewarden,1,1500015,15,Lalafell,,Male,Battlewarden,,Camp Bald Knoll,6-16
Bamponcet,Bamponcet,exact,bamponcet,1,1001633,10,Elezen,,Male,,Limsa Lominsa,Limsa Lominsa,3-5
Bango Zango,Bango Zango,exact,bango zango,1,1001187,10,Lalafell,,Male,,,Limsa Lominsa,7-6
Bardo,Bardo,exact,bardo,1,1001580,10,Hyur,Midlander,Male,,,Central Shroud,33-37
Baritone Pirate,Baritone Pirate,exact,baritone pirate,2,1000089 1000873,10,Lalafell,,Male,,,Limsa Lominsa,2-6
Barnabaix,Barnabaix,exact,barnabaix,1,1001202,10,Elezen,Wildwood Elezen,Male,,Ul'dah,Ul'dah,7-6
Wildwood Elezen,Barracuda Knight,exact,barracuda knight,8,1000084 1000085 1000095 1000126 1000127 1000128 1000183 1000184,10,Elezen,Wildwood Elezen,Male,,Limsa Lominsa,Limsa Lominsa,2-6
Barryn,Barryn (1.0),exact,barryn,1,1600047,16,Hyur,Midlander,Male,Merchant,Ul'dah,Ul'dah,7-4
Bartholomew,Bartholomew,exact,bartholomew,1,1001598,10,Hyur,Midlander,Male,,,Western Thanalan,9-27
Basewin,Basewin,exact,basewin,1,1000435,10,Hyur,Highlander,Male,,Gridania,Gridania,6-6
Baterich,Baterich,exact,baterich,2,1500119 1700039,15 17,Hyur,Midlander,Female,,Ul'dah,Ul'dah,7-4
Bayard,Bayard,exact,bayard,2,1000190 1000555,10,Hyur,Midlander,Male,,Limsa Lominsa,Limsa Lominsa,4-7
Bearded Rock Battlewarden,Bearded Rock Battlewarden,exact,bearded rock battlewarden,1,1500013,15,Lalafell,Plainsfolk,Male,Battlewarden,Limsa Lominsa,Camp Bearded Rock,25-29
Beaudefoin,Beaudefoin,exact,beaudefoin,1,1600029,16,Elezen,Duskwight Elezen,Male,Merchant,Gridania,Gridania,7-3
Beaudonet,Beaudonet,exact,beaudonet,1,1001708,10,Elezen,Wildwood Elezen,Male,,Gridania,Gridania,6-6
Beauteous Beauty,Beauteous Beauty,exact,beauteous beauty,1,1000953,10,Miqo'te,Keepers of the Moon,Female,,Ul'dah,Ul'dah,6-6
Beli,Beli,exact,beli,1,1001077,10,Hyur,Midlander,Male,,Gridania,Gridania,7-3
Bellinda,Bellinda,exact,bellinda,1,1001330,10,Hyur,Midlander,Female,,Ala Mhigo,Eastern Thanalan,32-38
Belmont,Belmont,exact,belmont,1,1500217,15,Hyur,Midlander,Male,,Gridania,South Shroud,38-49
Beltardois,Beltardois,exact,beltardois,1,1500084,15,Elezen,Wildwood Elezen,Male,,,Mor Dhona,
Benedict,Benedict,exact,benedict,1,1600062,16,Hyur,Midlander,Male,Merchant,Ul'dah,Central Thanalan,27-26
Beneger,Beneger,exact,beneger,1,1500238,15,Hyur,Midlander,Male,Repair Merchant,Gridania,South Shroud,38-49
Berahthraben,Berahthraben,exact,berahthraben,1,1001332,10,Hyur,Highlander,Male,,Ala Mhigo,Eastern Thanalan,32-38
Berndan,Berndan,exact,berndan,1,1001953,10,Hyur,,Male,,Ul'dah,Ul'dah,6-4
Bernier,Bernier,exact,bernier,1,1001319,10,Hyur,Midlander,Male,,Ul'dah,Eastern Thanalan,19-37
Bertennant,Bertennant,exact,bertennant,1,1000071,10,Elezen,Wildwood Elezen,Male,Wood Wailer,Gridania,Gridania,6-8
Berthar,Berthar,exact,berthar,1,1001075,10,Hyur,Highlander,Male,,Ul'dah,Ul'dah,5-6
Bertouaint,Bertouaint,exact,bertouaint,1,1001600,10,Elezen,Wildwood Elezen,Male,Miner,,Eastern Thanalan,40-28
Bertram,Bertram,exact,bertram,1,1000782,10,Hyur,Midlander,Male,,Ul'dah,Ul'dah,6-4
Bertrand,Bertrand,exact,bertrand,2,1001903 1060004,10,Hyur,Midlander,Male,Yellowjacket,Limsa Lominsa,Lower La Noscea,22-29
Bhirsyng,Bhirsyng,exact,bhirsyng,1,1500291,15,Roegadyn,,Male,Chocobo Caravan Leader,Gridania,North Shroud,21-16
Bibiraka,Bibiraka,exact,bibiraka,1,1001511,10,Lalafell,Plainsfolk,Male,Yellowjacket,Limsa Lominsa,Limsa Lominsa,9-5
Bibiroku,Bibiroku,exact,bibiroku,1,1001318,10,Lalafell,Plainsfolk,Male,,Ul'dah,Eastern Thanalan,19-38
Biddy,Biddy,exact,biddy,1,1000737,10,Hyur,Midlander,Female,,Gridania,Gridania,2-1
Big-bellied Barker,Big-bellied Barker,exact,big-bellied barker,2,1001490 1060001,10,Roegadyn,,Male,,Ul'dah,Ul'dah Opening,4-7
Bijiji,Bijiji,exact,bijiji,1,1001988,10,Lalafell,Plainsfolk,Female,Event NPC,,Limsa Lominsa,7-6
Bizarre Blacksmith,Bizarre Blacksmith,exact,bizarre blacksmith,1,1001008,10,Miqo'te,Seekers of the Sun,Female,Blacksmith,Ul'dah,,
Bizzare Blacksmith,Bizzare Blacksmith,spelling-folded,bizarre blacksmith,1,1001008,10,Miqo'te,Seeker of the Sun,Female,,Ul'dah,Lower La Noscea,20-26
Black Brush Battlewarden,Black Brush Battlewarden,exact,black brush battlewarden,1,1500023,15,Miqo'te,Seekers of the Sun,Female,Battlewarden,Ul'dah,Central Thanalan,
Blackburn,Blackburn,exact,blackburn,1,1000006,10,Hyur,Midlander,Male,,Ul'dah,Ul'dah,4-4
Blandhem,Blandhem,exact,blandhem,1,1000672,10,Roegadyn,Hellsguard,Male,,Ul'dah,Central Thanalan,27-26
Blandie,Blandie,exact,blandie,1,1001435,10,Elezen,Wildwood Elezen,Female,,Gridania,Gridania,5-6
Blaubenn,Blaubenn,exact,blaubenn,1,1000487,10,Roegadyn,,Male,,,,
Blavier,Blavier,exact,blavier,1,1500062,15,Hyur,Highlander,Male,,Gridania,North Shroud,25-14
Bloehyr,Bloehyr,exact,bloehyr,1,1500235,15,Roegadyn,,Male,,Ul'dah,Ul'dah,6-3
Bloemerl,Bloemerl,exact,bloemerl,1,1000203,10,Roegadyn,Sea Wolves,Male,,Limsa Lominsa,Limsa Lominsa,6-6
Bloisirant,Bloisirant,exact,bloisirant,1,1001150,10,Elezen,Duskwight Elezen,Male,Wood Wailer,Gridania,South Shroud,39-44
Bloodshore Battlewarden,Bloodshore Battlewarden,exact,bloodshore battlewarden,1,1500016,15,Elezen,Wildwood Elezen,Female,Battlewarden,Limsa Lominsa,Eastern La Noscea,36-20
Bodenolf,Bodenolf,exact,bodenolf,1,1000144,10,Hyur,Midlander,Male,,Limsa Lominsa,Limsa Lominsa,7-7
Bouchard,Bouchard,exact,bouchard,1,1001055,10,Hyur,Midlander,Male,,Ul'dah,Ul'dah,
Braitognieux,Braitognieux (1.0),exact,braitognieux,1,1500114,15,Elezen,Wildwood Elezen,Male,Repair Merchant,Limsa Lominsa,Limsa Lominsa,5-5
Bran,Bran (1.x),exact,bran,1,1001605,10,Hyur,Midlander,Male,Botanist,,Western La Noscea,7-21
Breine,Breine,exact,breine,1,1500403,15,Elezen,,Female,Mercantile House Representative,Ul'dah,Ul'dahn Mercantile House,1-1
Brianna,Brianna,exact,brianna,1,1001607,10,Hyur,Midlanders,Female,,Limsa Lominsa,Eastern La Noscea,36-25
Bricot,Bricot,exact,bricot,1,1001589,10,Hyur,Midlander,Male,Event NPC,Gridania,Gridania,6-5
Brictt,Brictt,exact,brictt,1,1000051,10,Hyur,Midlander,Male,,Limsa Lominsa,Limsa Lominsa,4-7
Broenfohc,Broenfohc,exact,broenfohc,1,1500159,15,Roegadyn,Sea Wolves,Male,Merchant,Limsa Lominsa,Spellcraft Ward,1-1
Broken Water Battlewarden,Broken Water Battlewarden,exact,broken water battlewarden,1,1500027,15,Elezen,Duskwight Elezen,Female,Battlewarden,Ul'dah,Southern Thanalan,43-40
Brooks,Brooks,other-locale,storm sergeant brooks,4,1001833 1060010 1060017 1060019,10,Hyur,Midlander,Male,,Limsa Lominsa,Upper La Noscea,32-13
Brunadier,Brunadier (1.0),exact,brunadier,1,1500009,15,Elezen,Wildwood Elezen,Male,Gatewarden,,Eastern La Noscea,36-20
Brutish Resistance Member,Brutish Resistance Member,exact,brutish resistance member,1,1000478,10,Hyur,,Female,,Ala Mhigo,,
Bubudoga,Bubudoga (1.x),exact,bubudoga,1,1000667,10,Lalafell,Dunesfolk,Female,Bard,,Coerthas Eastern Lowlands,63-35
Bubuku,Bubuku,exact,bubuku,1,1000625,10,Lalafell,Plainsfolk,Female,,Gridania,Gridania,8-5
Bubunakka,Bubunakka,exact,bubunakka,1,1500096,15,Lalafell,,Male,,Gridania,North Shroud,20-20
Buburoon,Buburoon,exact,buburoon,1,1000219,10,Qiqirn,,,,Limsa Lominsa,Limsa Lominsa,4-7
Bubusha,Bubusha,exact,bubusha,1,1001298,10,Lalafell,Plainsfolk,Female,,Limsa Lominsa,Western La Noscea,12-24
Burchard,Burchard,exact,burchard,3,1000018 1000243 1002061,10,Hyur,Midlander,Male,,Gridania,Gridania,8-2
C'ndanya,C'ndanya,exact,c'ndanya,1,1001632,10,Miqo'te,Seekers of the Sun,Female,,Limsa Lominsa,Limsa Lominsa,3-5
C'rhabye,C'rhabye,exact,c'rhabye,1,1001476,10,Miqo'te,Seekers of the Sun,Female,Dancer,Ul'dah,Ul'dah,6-6
Cahernaut,Cahernaut,exact,cahernaut,1,1000915,10,Elezen,Wildwood Elezen,Male,,Ul'dah,Ul'dah,7-5
Caplan,Caplan,exact,caplan,1,1000822,10,Hyur,Midlander,Male,,Gridania,Gridania,5-5
Careworn Rebel Warrior,Careworn Rebel Warrior,exact,careworn rebel warrior,2,1000483 1001241,10,Hyur,,Female,,Ala Mhigo,,
Carrilaut,Carrilaut,exact,carrilaut,1,1000062,10,Elezen,Wildwood Elezen,Male,,Limsa Lominsa,Limsa Lominsa,7-7
Carvallain de Gorgagne,Carvallain,exact,carvallain,1,1000147,10,Elezen,Wildwood Elezen,Male,,Limsa Lominsa,Limsa Lominsa,x-x
Caspar,Caspar,exact,caspar,1,1500077,15,Hyur,Midlander,Male,Gatewarden,Ul'dah,Southern Thanalan,40-43
Cassandra,Cassandra,exact,cassandra,1,1000464,10,Hyur,Midlander,Female,Guild Merchant,,Gridania,8-5
Cassiopeia Hollow Battlewarden,Cassiopeia Hollow Battlewarden,exact,cassiopeia hollow battlewarden,1,1500021,15,Roegadyn,Sea Wolves,Male,Battlewarden,Limsa Lominsa,Cassiopeia Hollow,7-5
Catriona,Catriona,exact,catriona,1,1001336,10,Hyur,Midlander,Female,Alchemist,Ul'dah,Eastern Thanalan,31-39
Ceadda,Ceadda (1.x),exact,ceadda,1,1000330,10,Hyur,Midlander,Male,,Limsa Lominsa,Limsa Lominsa,4-5
Ceinguled,Ceinguled,exact,ceinguled,1,1000565,10,Hyur,Midlander,Female,,Gridania,Gridania,7-2
Celie,Celie (1.x),exact,celie,1,1001323,10,Elezen,Wildwood Elezen,Female,,Ul'dah,Western Thanalan,36-13
Chachai,Chachai,exact,chachai,1,1001167,10,Lalafell,,Female,Miner,Ul'dah,Ul'dah,6-6
Chachapi,Chachapi,exact,chachapi,1,1001765,10,Lalafell,Plainsfolk,Female,,Limsa Lominsa,Lower La Noscea,28-33
Chalyo Tamlyo,Chalyo Tamlyo,exact,chalyo tamlyo,1,1000623,10,Lalafell,Plainsfolk,Male,,Gridania,Gridania,5-5
Chamberlain,Chamberlain,exact,chamberlain,1,1001295,10,Hyur,Midlander,Male,,Ul'dah,Eastern Thanalan,43-25
Chamberliaux,Chamberliaux,exact,chamberliaux,1,1001610,10,Elezen,Wildwood Elezen,Male,Farmer,Gridania,South Shroud,35-43
Chantine,Chantine (1.x),exact,chantine,1,1000275,10,Elezen,Wildwood Elezen,Female,,Limsa Lominsa,Limsa Lominsa,7-5
Charlys,Charlys,exact,charlys,1,1000138,10,Hyur,Midlander,Male,,Limsa Lominsa,Limsa Lominsa,7-3
Chaunollet,Chaunollet (1.0),exact,chaunollet,1,1000125,10,Elezen,Duskwight Elezen,Male,,,Limsa Lominsa,6-2
Chechedoba,Chechedoba,exact,chechedoba,1,1000673,10,Lalafell,Dunesfolk,Male,,Ul'dah,Central Thanalan,25-26
Cherlinaie,Cherlinaie,exact,cherlinaie,1,1000928,10,Elezen,Wildwood Elezen,Female,,Ul'dah,Ul'dah,5-5
Chichiroon,Chichiroon,exact,chichiroon,1,1000217,10,Qiqirn,,,,Limsa Lominsa,Limsa Lominsa,7-4
Chloe,Chloe,exact,chloe,1,1001175,10,Hyur,Midlander,Female,,Gridania,Gridania,8-5
Chuchumu,Chuchumu,exact,chuchumu,2,1000905 1000906,10,Lalafell,,Female,Weaver,Ul'dah,Eastern Thanalan,
Cicely,Cicely,exact,cicely,2,1000326 1700026,10 17,Hyur,Midlander,Female,Botanist,Gridania,Gridania,4-3
Ciceroix,Ciceroix,exact,ciceroix,1,1000640,10,Elezen,Wildwood Elezen,Male,,Ul'dah,Ul'dah,
Clarembald,Clarembald,exact,clarembald,1,1000462,10,Hyur,Highlander,Male,Guild Merchant,Gridania,Gridania,7-2
Claroise,Claroise,exact,claroise,1,1001192,10,Elezen,,Female,Stockist,Ul'dah,Ul'dah,5-4
Claudien,Claudian,exact,claudien,1,1500239,15,Hyur,Midlander,Male,Repair Merchant,,Coerthas Central Highlands,18-39
Clifton,Clifton,exact,clifton,1,1000199,10,Hyur,Midlanders,Male,,Limsa Lominsa,Limsa Lominsa,6-6
Colbernoux,Colbernoux,exact,colbernoux,1,1000949,10,Elezen,,Male,Goldsmith,,,
Colson,Colson,exact,colson,1,1000266,10,Hyur,Midlander,Male,,Limsa Lominsa,Limsa Lominsa,7-7
Comoere,Comoere,exact,comoere,1,1001341,10,Hyur,Highlander,Male,,Gridania,North Shroud,25-13
Conayn,Conayn,exact,conayn,1,1500150,15,Hyur,Midlander,Male,Merchant,Gridania,Battlecraft Den,1-1
Concessa,Concessa,exact,concessa,1,1000511,10,Hyur,Midlander,Female,,Gridania,Gridania,2-1
Corguevais,Corguevais,exact,corguevais,2,1000043 1001054,10,Elezen,,Male,,Ul'dah,Ul'dah,
Cornell,Cornell,exact,cornell,1,1000073,10,Elezen,Wildwood Elezen,Male,,Gridania,Gridania,2-1
Cotter,Cotter,other-locale,flame sergeant cotter,1,1001685,10,Hyur,,Male,,Ul'dah,Ul'dah,7-4
Coultenet,Coultenet,exact,coultenet,1,1001904,10,Elezen,Duskwight Elezen,Male,,Ishgard,Coerthas Central Highlands,33-35
Coynach,Coynach,exact,coynach,1,1000631,10,Hyur,Midlander,Male,Guild Merchant,,Ul'dah,5-5
Crapulous Adventurer,Crapulous Adventurer,exact,crapulous adventurer,1,1000075,10,Roegadyn,Sea Wolves,Male,,Limsa Lominsa,Limsa Lominsa,5-7
Cultivated Tender,Cultivated Tender,exact,cultivated tender,1,1000440,10,Hyur,Midlander,Male,,,Limsa Lominsa Opening,
Curious Gorge,Curious Gorge,exact,curious gorge,1,1060028,10,Roegadyn,Hellsguard,Male,,,Western Thanalan,15-33
Cweilorh,Cweilorh,exact,cweilorh,1,1500292,15,Roegadyn,Sea Wolves,Male,Chocobo Caravan Leader,Ul'dah,Eastern Thanalan,39-25
D'arimbeh,D'arimbeh,exact,d'arimbeh,1,1001325,10,Miqo'te,Seekers of the Sun,Female,,Ul'dah,Western Thanalan,36-12
D'bhonja,D'bhonja,exact,d'bhonja,1,1600089,16,Miqo'te,Seekers of the Sun,Female,Merchant,Gridania,Gridania,4-3
Daca Jinjahl,Daca Jinjahl,exact,daca jinjahl,1,1000202,10,Miqo'te,Keepers of the Moon,Female,,Limsa Lominsa,Limsa Lominsa,6-6
Dadalo,Dadalo,exact,dadalo,1,1000067,10,Lalafell,Plainsfolk,Female,,Gridania,Gridania,7-3
Damielliot,Damielliot (1.x),exact,damielliot,3,1000853 1000854 1001516,10,Elezen,Wildwood Elezen,Male,,Ul'dah,Ul'dah,
Danyell,Danyell,exact,danyell,1,1600095,16,Hyur,Midlander,Male,Merchant,Limsa Lominsa,Eastern La Noscea,36-20
Dapper Dan,Dapper Dan,exact,dapper dan,1,1001493,10,Lalafell,Plainsfolk,Male,,Ul'dah,Ul'dah Opening,4-7
Dariustel,Dariustel,exact,dariustel,1,1001467,10,Hyur,,Male,Gladiatorial Combatant,Ul'dah,Ul'dah,5-5
Dauid,Dauid,exact,dauid,1,1600137,16,Hyur,Midlander,Male,Merchant,,Western La Noscea,6-16
Davyd,Davyd,exact,davyd,1,1000343,10,Hyur,,Male,,Limsa Lominsa,Limsa Lominsa,6-5
Deaustie,Deaustie,exact,deaustie,1,1000293,10,Elezen,,Female,,Ul'dah,Ul'dah,7-6
Debauched Daemoness,Debauched Daemoness,spelling-folded,debauched demoness,1,1001492,10,Miqo'te,Seekers of the Sun,Female,,Ul'dah,Ul'dah Opening,4-7
Debonair Pirate,Debonair Pirate,exact,debonair pirate,1,1000077,10,Lalafell,Dunesfolk,Male,,Limsa Lominsa,Limsa Lominsa,5-7
Decima,Decima,exact,decima,1,1000622,10,Hyur,Midlander,Female,,Gridania,Gridania,5-5
Dedeyadi,Dedeyadi,exact,dedeyadi,1,1500272,15,Lalafell,Plainsfolk,Male,,Ul'dah,Eastern Thanalan,38-19
Delado Madalado,Delado Madalado,exact,delado madalado,1,1000620,10,Lalafell,,Male,,,Limsa Lominsa,4-5
Densa Ibunsa,Densa Ibunsa,exact,densa ibunsa,2,1500297 1500410,15,Lalafell,Plainsfolk,Male,Mercantile House Representative,Gridania,Gridanian Mercantile House,1-1
Derwin,Derwin,exact,derwin,1,1500279,15,Hyur,Midlander,Male,,,Western Thanalan,9-27
Deryk,Deryk,exact,deryk,1,1500104,15,Hyur,Midlander,Male,Quartermaster,Ishgard,Coerthas Central Highlands,18-39
Dhemdaeg,Dhemdaeg,exact,dhemdaeg,1,1000567,10,Roegadyn,,Male,,Gridania,Gridania,7-2
Dhemsunn,Dhemsunn,exact,dhemsunn,1,1000193,10,Roegadyn,,Male,,Limsa Lominsa,Limsa Lominsa,4-7
Didiwai,Didiwai,exact,didiwai,1,1500007,15,Lalafell,,Male,Gatewarden,Limsa Lominsa,Lower La Noscea,25-29
Diego Athral,Diego Athral,exact,diego athral,1,1500122,15,Hyur,,Male,,Limsa Lominsa,Limsa Lominsa,
Diggy,Diggy,exact,diggy,1,1001591,10,Spriggan,,,Event NPC,,Gridania,6-5
Diluxio,Diluxio,exact,diluxio,1,1001178,10,Sylph,,,,,Merchants Ward,
Diriaine,Diriaine,exact,diriaine,1,1001475,10,Elezen,Duskwight Elezen,Female,Dancer,Ul'dah,Ul'dah,6-6
Disconcerted Miner,Disconcerted Miner,exact,disconcerted miner,2,1000693 1700016,10 17,Lalafell,Dunesfolk,Female,Miner,Ul'dah,Ul'dah,6-6
Disgruntled Pirate,Disgruntled Pirate,exact,disgruntled pirate,2,1000087 1000874,10,Hyur,Midlanders,Male,,Limsa Lominsa,Limsa Lominsa,2-6
Dispassionate Resistance Member,Dispassionate Resistance Member,exact,dispassionate resistance member,1,1000480,10,Lalafell,,Male,,Ala Mhigo,,
Disreputable Midlander,Disreputable Midlander,exact,disreputable midlander,1,1001044,10,Hyur,Midlanders,Male,,Ul'dah,Ul'dah Opening,4-7
Diving Eagle,Diving Eagle,exact,diving eagle,1,1500429,15,Roegadyn,,Male,Merchant,Ul'dah,Ul'dahn Mercantile House,1-1
Dodoroba,Dodoroba,exact,dodoroba,1,1000196,10,Lalafell,,Male,,Limsa Lominsa,Limsa Lominsa,4-5
Doelle,Doelle,exact,doelle,1,1600076,16,Elezen,Wildwood Elezen,Female,Merchant,Gridania,Gridania,8-5
Doesdornn,Doesdornn,exact,doesdornn,1,1600046,16,Roegadyn,Sea Wolves,Male,Merchant,Ul'dah,Ul'dah,7-4
Doesfolg,Doesfolg,exact,doesfolg,1,1500074,15,Roegadyn,,Male,Gatewarden,Ul'dah,Eastern Thanalan,39-25
Dokixia,Dokixia,exact,dokixia,2,1001238 1001517,10,Sylph,,,,,East Shroud,
Doyoh Lihzeh,Doyoh Lihzeh,exact,doyoh lihzeh,1,1001845,10,Miqo'te,Seeker of the Sun,Female,Event NPC,,Gridania,6-5
Dozol Meloc,Dozol Meloc,exact,dozol meloc,1,1060037,10,Ixtal,,Male,,,Western Thanalan,11-28
Dracht,Dracht,other-locale,storm private dracht,2,1001618 1002104,10,Hyur,Midlander,Female,Event NPC,Limsa Lominsa,Limsa Lominsa,7-6
Drest,Drest (1.x),exact,drest,1,1500151,15,Hyur,Midlander,Male,Merchant,Gridania,Spellcraft Den,1-1
Dreues,Dreues,exact,dreues,1,1000402,10,Hyur,,Male,,Ul'dah,Ul'dah,5-4
Drew,Drew,exact,drew,1,1000659,10,Hyur,Midlander,Male,,Ul'dah,Ul'dah,7-5
Drividot,Drividot,exact,drividot,1,1000433,10,Elezen,Duskwight Elezen,Male,,Gridania,Gridania,6-6
Drowsy Drunkard,Drowsy Drunkard,exact,drowsy drunkard,1,6000342,60,Roegadyn,Sea Wolves,Male,,Ul'dah,Ul'dah,
Drowsy-eyed Adventurer,Drowsy-eyed Adventurer,exact,drowsy-eyed adventurer,1,1000282,10,Lalafell,,Female,,Limsa Lominsa,Limsa Lominsa,4-5
Drybone Battlewarden,Drybone Battlewarden,exact,drybone battlewarden,1,1500024,15,Hyur,Highlander,Male,Battlewarden,Ul'dah,Eastern Thanalan,40-26
Drystan,Drystan,exact,drystan,1,1001344,10,Hyur,Highlander,Male,Wood Wailer,Gridania,North Shroud,24-13
Duchesnelt,Duchesnelt,exact,duchesnelt,1,1001303,10,Elezen,Wildwood Elezen,Male,,Limsa Lominsa,Western La Noscea,12-23
Dunstan,Dunstan,exact,dunstan,2,1000013 1001880,10,Hyur,Midlander,Male,,,,
Duplicitous Trader,Duplicitous Trader,exact,duplicitous trader,1,1000076,10,Elezen,Wildwood Elezen,Male,,Limsa Lominsa,Limsa Lominsa,5-7
Dural Tharal,Dural Tharal,exact,dural tharal,2,1002101 1500267,10 15,Lalafell,Plainsfolk,Male,,Ul'dah,Ul'dah,6-3
Duvicauroix,Duvicauroix,exact,duvicauroix,1,1500401,15,Elezen,Duskwight Elezen,Male,Repair Merchant,Limsa Lominsa,Lominsan Mercantile House,1-1
Dylise,Dylise (1.x),exact,dylise,1,1001201,10,Elezen,,Female,,Ul'dah,Ul'dah,7-6
Dympna Tinstyll,Dympna,exact,dympna,1,1000331,10,Hyur,Midlander,Female,,Limsa Lominsa,Limsa Lominsa,7-6
Dyrstbrod,Dyrstbrod,exact,dyrstbrod,1,1001079,10,Roegadyn,,Male,,Gridania,Gridania,7-3
Dyrstweitz,Dyrstweitz,exact,dyrstweitz,1,1001154,10,Roegadyn,Sea Wolves,Male,,Ishgard,Coerthas Central Highlands,36-25
E'bandala,E'bandala Sweetmane,exact,e'bandala,1,1001311,10,Miqo'te,Seekers of the Sun,Female,,,Eastern La Noscea,31-18
E'dasshym,E'dasshym,exact,e'dasshym,1,1000437,10,Miqo'te,Seekers of the Sun,Female,,Gridania,Gridania,6-6
E'ptolmi,E'ptolmi,exact,e'ptolmi,1,1000615,10,Miqo'te,Keepers of the Moon,Female,Quartermaster,Limsa Lominsa,Western La Noscea,15-18
Eadbert,Eadbert,exact,eadbert,1,1001345,10,Hyur,Midlander,Male,Wood Wailer,Gridania,North Shroud,24-13
Eara,Eara,exact,eara,1,1001770,10,Hyur,Midlander,Female,,Ul'dah,Ul'dah,2-1
Ebrelnaux,Ebrelnaux (1.x),exact,ebrelnaux,1,1060011,10,Elezen,Duskwight Elezen,Male,,,Mor Dhona,16-21
Eburhart,Eburhart,exact,eburhart,1,1000629,10,Hyur,Highlander,Male,,Gridania,Gridania,4-3
Edekin,Edekin,exact,edekin,1,1001003,10,Hyur,Midlander,Female,Pirate,Limsa Lominsa,,
Edine,Edine,exact,edine,1,1500394,15,Hyur,Midlander,Female,Mercantile House Representative,Ul'dah,Ul'dah,6-5
Edwyn,Edwyn (1.0),exact,edwyn,1,1600096,16,Hyur,Midlander,Male,Merchant,Gridania,South Shroud,38-49
Eginolf,Eginolf (1.x),exact,eginolf,1,1500262,15,Hyur,Midlander,Male,Repair Merchant,Gridania,South Shroud,35-43
Elde,Elde,exact,elde,1,1001359,10,Elezen,Wildwood Elezen,Female,,,Coerthas Eastern Lowlands,62-34
Eldid,Eldid,exact,eldid,1,1001469,10,Hyur,Midlander,Female,,Gridania,Gridania,4-4
Eleanor,Eleanor,exact,eleanor,1,1001565,10,Hyur,,Female,,Ul'dah,Ul'dah,4-5
Elecotte,Elecotte,exact,elecotte,2,1000950 9114414,10 91,Elezen,,Female,,Ul'dah,Ul'dah,6-6
Elgiva,Elgiva,exact,elgiva,1,1600045,16,Hyur,Midlander,Female,Merchant,Ul'dah,Ul'dah,6-4
Elilwaen,Elilwaen,exact,elilwaen,1,1000195,10,Roegadyn,Sea Wolf,Male,,Limsa Lominsa,Limsa Lominsa,4-5
Flame Marshal Roaille,Eline Roaille,exact,flame marshal roaille,1,1060026,10,Elezen,Duskwight Elezen,Female,Flame Marshal,Ul'dah,Ul'dah,1-1
Elvide,Elvide,exact,elvide,1,1500236,15,Elezen,,Female,,Ul'dah,Central Thanalan,27-25
Elyn,Elyn,exact,elyn,2,1000411 1700023,10 17,Hyur,Midlander,Female,Youngling,Gridania,Gridania,5-5
Emerald Moss Battlewarden,Emerald Moss Battlewarden,exact,emerald moss battlewarden,1,1500036,15,Roegadyn,,Male,Battlewarden,,North Shroud,18-16
Emerick,Emerick,exact,emerick,2,1000007 1001866,10,Hyur,Midlanders,Male,,Limsa Lominsa,Limsa Lominsa,2-6
Eminne,Eminne,exact,eminne,1,1600088,16,Elezen,Duskwight Elezen,Female,Merchant,Ul'dah,Ul'dah,6-6
Emoni,Emoni,exact,emoni,1,1001183,10,Hyur,Midlanders,Female,,Gridania,Gridania,6-6
Enie,Enie (1.x),exact,enie,1,1001806,10,Hyur,Midlander,Female,,Gridania,Gridania,4-3
Enraptured Traveler,Enraptured Traveler,exact,enraptured traveler,1,1000255,10,Roegadyn,Sea Wolves,Male,,Limsa Lominsa,Limsa Lominsa,6-3
Eormengild,Eormengild,exact,eormengild,1,1600053,16,Hyur,Midlander,Female,Merchant,Ul'dah,Ul'dah,6-4
Eosilie,Eosilie,exact,eosilie,1,1600004,16,Elezen,Wildwood Elezen,Female,Merchant,Limsa Lominsa,Limsa Lominsa,6-5
Erik,Erik,exact,erik,1,1060033,10,Hyur,Midlander,Male,,Ul'dah,Ul'dah,7-3
Ermiance,Ermiance,exact,ermiance,1,1001363,10,Elezen,,Female,,,,
Esperaunce,Esperaunce,exact,esperaunce,1,1000954,10,Hyur,Midlander,Male,,Ul'dah,Ul'dah,6-6
Estrilda,Estrilda,exact,estrilda,1,1000273,10,Hyur,Midlander,Female,,Limsa Lominsa,Limsa Lominsa,5-7
Etgar,Etgar (1.0),exact,etgar,1,1600133,16,Hyur,Midlander,Male,Merchant,Ul'dah,Ul'dah,6-4
Ethelinda,Ethelinda,exact,ethelinda,1,1001352,10,Hyur,Midlanders,Female,Wood Wailer,Gridania,South Shroud,44-47
Eugenaire,Eugenaire,exact,eugenaire,1,1001190,10,Elezen,Duskwight Elezen,Male,,Gridania,Gridania,5-5
Eugennoix,Eugennoix (1.x),exact,eugennoix,1,1000350,10,Elezen,Wildwood Elezen,Male,,Limsa Lominsa,Limsa Lominsa,8-6
Eustace,Eustace,exact,eustace,1,1001372,10,Hyur,Midlander,Male,Local Guildleve Master,Ul'dah,Ul'dah,6-4
Evrardoux,Evrardoux,exact,evrardoux,1,1001350,10,Elezen,Wildwood Elezen,Male,,Gridania,South Shroud,45-46
Eyriguht,Eyriguht,exact,eyriguht,1,1500012,15,Roegadyn,Hellsguard,Male,,,Eastern La Noscea,31-18
F'abodji,F'abodji,exact,f'abodji,1,1000045,10,Miqo'te,Seekers of the Sun,Female,,Limsa Lominsa,Limsa Lominsa,6-7
F'hobhas,F'hobhas,exact,f'hobhas,1,1001730,10,Miqo'te,Seekers of the Sun,Female,Cauldron Carrier,,Central Thanalan,29-20
F'lhaminn,F'lhaminn,exact,f'lhaminn,3,1000038 1000842 1001514,10,Miqo'te,Seekers of the Sun,Female,Songstress of Ul'dah,Ul'dah,,
F'ongho,F'ongho,exact,f'ongho,1,1000367,10,Miqo'te,Seekers of the Sun,Female,,Limsa Lominsa,Lower La Noscea,28-33
F'zhumii,F'zhumii,exact,f'zhumii,1,1000226,10,Miqo'te,Seekers of the Sun,Female,,Limsa Lominsa,Limsa Lominsa,7-4
Fabrellet,Fabrellet,exact,fabrellet,1,1600054,16,Elezen,Duskwight Elezen,Male,Merchant,Ul'dah,Ul'dah,6-4
Faezbroes,Faezbroes,exact,faezbroes,1,1500003,15,Roegadyn,,Male,Highwind Skyways Representative,Limsa Lominsa,Limsa Lominsa,1-1
Faezghim,Faezghim,exact,faezghim,1,1500160,15,Roegadyn,Sea Wolves,Male,Merchant,Limsa Lominsa,Armorfitters Ward,1-1
Fafana,Fafana,exact,fafana,1,1500124,15,Lalafell,,Female,,,Mor Dhona,6-10
Faine,Faine,exact,faine,1,1001608,10,Elezen,Wildwood Elezen,Female,Botanist,,Western La Noscea,7-20
Familiar-looking Child,Familiar-looking Child,exact,familiar-looking child,2,1000602 1001227,10,Lalafell,,Male,,Ala Mhigo,Western Thanalan,13-35
Famushi Dumushi,Famushi Dumushi,exact,famushi dumushi,1,1001343,10,Lalafell,Plainsfolk,Male,,Gridania,North Shroud,24-13
Faucullien,Faucullien,spelling-folded,faucillien,1,1000164,10,Elezen,Wildwood Elezen,Male,Guild Merchant,Limsa Lominsa,Limsa Lominsa,6-6
Fawkes,Fawkes,exact,fawkes,1,1600097,16,,,,Merchant,,Coerthas Eastern Highlands,48-9
Fenana,Fenana,exact,fenana,1,1001376,10,Lalafell,,Male,,,Ul'dah,4-4
Ferdillaix,Ferdillaix (1.0),exact,ferdillaix,1,1000344,10,Elezen,,Male,,Limsa Lominsa,Limsa Lominsa,7-6
Ferry Steersman,Ferry Steersman,exact,ferry steersman,4,1000058 1001291 1001292 1001293,10,Hyur,Midlander,Male,Ferryman,,Ferry,1--1
Fhlae,Fhlae,exact,fhlae,1,1001593,10,Hyur,Midlander,Female,Event NPC,Limsa Lominsa,Limsa Lominsa,7-6
Fiachre,Fiachre,exact,fiachre,1,1001446,10,Hyur,Midlander,Female,,,Western Thanalan,5-26
Fickle Beggar,Fickle Beggar,exact,fickle beggar,1,1000256,10,Hyur,Midlander,Male,,Limsa Lominsa,Limsa Lominsa,6-3
Fierce-looking Warrior,Fierce-looking Warrior,exact,fierce-looking warrior,1,1001225,10,Hyur,Highlander,Male,,Ala Mhigo,Western Thanalan,13-35
Fifilo,Fifilo,exact,fifilo,1,1001168,10,Lalafell,,Female,Miner,Ul'dah,Ul'dah,6-6
Figgy,Figgy,exact,figgy,1,1001586,10,,,,Event NPC,,Ul'dah,5-3
Fineco Romanecco,Fineco Romanecco,exact,fineco romanecco,1,1000966,10,Lalafell,,Male,,Ul'dah,Ul'dah,5-5
Firmien,Firmien (1.x),exact,firmien,1,1500081,15,Elezen,,Male,,,Coerthas Central Lowlands,33-35
Flame Captain,Flame Captain (NPC),exact,flame captain,1,1001931,10,Hyur,Highlander,Male,Flame Captain,Ul'dah,Ul'dah,1-1
Ashdale,Flame Commander Ashdale,exact,flame commander ashdale,1,1001834,10,Hyur,Midlander,Male,Flame Commander,Ul'dah,Eastern Thanalan,40-32
Flame Commander Bomptond,Flame Commander Bomptond,exact,flame commander bomptond,1,1500212,15,Elezen,Wildwood Elezen,Male,Flame Commander,Ul'dah,Ul'dah,1-1
Flame Commander Ryder,Flame Commander Ryder,exact,flame commander ryder,1,1001815,10,Hyur,Midlander,Male,Flame Commander,Ul'dah,Mor Dhona,9-13
Flame Lieutenant Aubrey,Flame Lieutenant Aubrey,exact,flame lieutenant aubrey,1,1500198,15,Hyur,Highlander,Male,Company Officer,Ul'dah,Ul'dah,1-1
Flame Lieutenant Lannis,Flame Lieutenant Lannis,exact,flame lieutenant lannis,1,1001739,10,Hyur,Midlander,Male,Flame Lieutenant,Ul'dah,Ul'dah,1-1
Flame Private Allen,Flame Private Allen,exact,flame private allen,1,1500328,15,Hyur,Midlander,Male,Flame Private,Ul'dah,Ul'dah,5-5
Flame Private Covey,Flame Private Covey,exact,flame private covey,1,1500336,15,Hyur,Midlander,Female,Flame Private,Ul'dah,Ul'dah,6-6
Flame Private Dhavha,Flame Private Dhavha,exact,flame private dhavha,1,1001817,10,Miqo'te,Keepers of the Moon,Female,Flame Private,Ul'dah,Mor Dhona,9-13
Flame Private Greave,Flame Private Greave,exact,flame private greave,1,1001894,10,Hyur,Midlander,Male,Flame Private,Ul'dah,Northern Thanalan,27-14
Flame Private Hanskalsyn,Flame Private Hanskalsyn,exact,flame private hanskalsyn,1,1001925,10,Roegadyn,Sea Wolves,Male,Flame Private,Ul'dah,Northern Thanalan,27-14
Flame Private Morning,Flame Private Morning,exact,flame private morning,1,1500329,15,Hyur,,Male,Flame Private,Ul'dah,Ul'dah,5-5
Flame Private Newton,Flame Private Newton,exact,flame private newton,1,1500327,15,Hyur,Midlander,Male,Flame Private,Ul'dah,Ul'dah,5-3
Flame Private Nonoku Noku,Flame Private Nonoku Noku,exact,flame private nonoku noku,1,1500282,15,Lalafell,,Female,Flame Private,Ul'dah,Ul'dah,1-1
Flame Private Pakipo Tabkipo,Flame Private Pakipo Tabkipo,exact,flame private pakipo tabkipo,1,1500390,15,Lalafell,,Male,Flame Private,Ul'dah,Ul'dah,1-1
Flame Private Sompt,Flame Private Sompt,exact,flame private sompt,1,1001816,10,Elezen,Wildwood Elezen,Male,Flame Private,Ul'dah,Mor Dhona,9-13
Flame Private Stark,Flame Private Stark,exact,flame private stark,1,1001956,10,Hyur,Midlander,Female,Flame Private,Ul'dah,Northern Thanalan,27-14
Flame Private Tanner,Flame Private Tanner,exact,flame private tanner,1,1500337,15,Hyur,Midlander,Female,Flame Private,Ul'dah,Ul'dah,6-3
Flame Private Yar,Flame Private Yar,exact,flame private yar,1,1500338,15,Hyur,,Female,Flame Private,Ul'dah,Ul'dah,4-5
Flame Sergeant Byrne,Flame Sergeant Byrne,exact,flame sergeant byrne,1,1500226,15,Hyur,Highlander,Male,Flame Sergeant,Ul'dah,Nanawa Mines,6-6
Flame Sergeant Cotter,Flame Sergeant Cotter,exact,flame sergeant cotter,1,1001685,10,Hyur,Highlander,Male,Flame Sergeant,Ul'dah,Ul'dah,7-4
Flame Sergeant Dalvag,Flame Sergeant Dalvag (1.X),exact,flame sergeant dalvag,1,1500227,15,Hyur,Highlander,Male,Flame Sergeant,Ul'dah,Eastern Thanalan,42-38
Flame Sergeant Fouillel,Flame Sergeant Fouillel,exact,flame sergeant fouillel,1,1001699,10,Elezen,Wildwood Elezen,Male,Flame Sergeant,Ul'dah,Southern Thanalan,43-40
Flame Sergeant Rahz,Flame Sergeant Rahz,exact,flame sergeant rahz,1,1500201,15,Miqo'te,Keepers of the Moon,Female,Flame Sergeant,Ul'dah,Ul'dah,1-1
Flavielle,Flavielle,exact,flavielle,1,1001459,10,Elezen,Wildwood Elezen,Female,,Gridania,Gridania,6-6
Flaxio,Flaxio,exact,flaxio,1,1001237,10,Sylphs,,,,,East Shroud,
Fluffy Moogle,Fluffy Moogle,exact,fluffy moogle,1,1000327,10,Moogle,,,,,,
Foforyo,Foforyo,exact,foforyo,1,1001072,10,Lalafell,,Male,,Gridania,Gridania,2-1
Foinine,Foinine,exact,foinine,1,1600024,16,Elezen,Wildwood Elezen,Female,Merchant,Gridania,Gridania,7-4
Folcard,Folcard,exact,folcard,1,1600130,16,,,,Merchant,,Coerthas Eastern Lowlands,29-52
Forchetaix,Forchetaix,exact,forchetaix,1,1001766,10,Elezen,Wildwood Elezen,Male,,Limsa Lominsa,Lower La Noscea,28-33
Fousquenet,Fousquenet (1.0),exact,fousquenet,1,1600010,16,Elezen,,Male,Merchant,Limsa Lominsa,Limsa Lominsa,5-5
Foxe,Foxe,exact,foxe,1,1001839,10,,,,,Ishgard,Coerthas Eastern Lowlands,63-34
{{PAGENAME}},Frageorloix,exact,frageorloix,1,1500145,15,Elezen,Duskwight Elezen,Male,Merchant,Ul'dah,Lower Tailors Row,1-1
Frailoise,Frailoise,exact,frailoise,2,1000065 1700035,10 17,Hyur,Midlanders,Male,,Limsa Lominsa,Limsa Lominsa,7-3
Frances,Frances,exact,frances,1,1000466,10,Hyur,Midlander,Female,Guild Merchant,,Gridania,6-5
Francis,Francis,exact,francis,2,1000566 1000731,10,Hyur,Midlander,Male,,Gridania,Gridania,8-2
Frediswitha,Frediswitha,exact,frediswitha,1,1500100,15,Hyur,Midlander,Female,Quartermaster,Ul'dah,Eastern Thanalan,39-25
Fretful Farmhand,Fretful Farmhand,exact,fretful farmhand,1,1001491,10,Hyur,Midlander,Male,,Ul'dah,Ul'dah Opening,4-7
Fretful Moogle,Fretful Moogle,exact,fretful moogle,2,1001838 1200287,10 12,Moogle,,,,,West Shroud,41-18
Frightened Moogle,Frightened Moogle,exact,frightened moogle,1,1001837,10,Moogle,,,,,West Shroud,41-18
Frilaix,Frilaix,other-locale,serpent sergeant frilaix,2,1001621 1002107,10,Elezen,Duskwight Elezen,Female,Event NPC,Gridania,Gridania,6-5
Friont,Friont,other-locale,storm sergeant friont,1,1500213,15,Elezen,Duskwight,Female,,Limsa Lominsa,Eastern La Noscea,36-20
Frithuric,Frithuric,exact,frithuric,1,1000280,10,Hyur,Highlanders,Male,,Limsa Lominsa,Limsa Lominsa,5-7
Fromelaut,Fromelaut,exact,fromelaut,1,1001314,10,Elezen,Wildwood Elezen,Male,,Ul'dah,Eastern Thanalan,19-37
Fruhdehm,Fruhdhem,exact,fruhdhem,1,1500061,15,Roegadyn,,Male,Chocobo Renter,Gridania,Gridania,6-5
Fruhybolg,Fruhybolg,exact,fruhybolg,1,1000964,10,Roegadyn,,Male,,Ul'dah,Ul'dah,5-5
Fryswyde,Fryswyde,exact,fryswyde,1,1001709,10,Hyur,Midlander,Female,,Gridania,Gridania,6-6
Fufucha,Fufucha,exact,fufucha,1,1000237,10,Lalafell,Dunesfolk,Female,,,Gridania,3-4
Fufuna,Fufuna,exact,fufuna,1,1000345,10,Lalafell,Plainsfolk,Female,,Limsa Lominsa,Limsa Lominsa,7-6
Fupepe,Fupepe,exact,fupepe,1,1001301,10,Lalafell,Plainsfolk,Female,,Limsa Lominsa,Western La Noscea,11-24
Fuzak Anzak,Fuzak Anzak,exact,fuzak anzak,1,1000470,10,Lalafell,,Male,,Limsa Lominsa,Limsa Lominsa,5-2
Fyrilsunn,Fyrilsunn (1.0),exact,fyrilsunn,1,1001144,10,Roegadyn,,Male,,Ul'dah,Ul'dah,5-4
Fyrloug,Fyrloug,exact,fyrloug,1,1001357,10,Roegadyn,Hellsguard,Male,,,Coerthas Eastern Lowlands,62-34
G'datnan,G'datnan,exact,g'datnan,1,1001425,10,Miqo'te,Seekers of the Sun,Female,,Ul'dah,Ul'dah,6-3
G'nanghal,G'nanghal,exact,g'nanghal,1,1000476,10,Miqo'te,Seekers of the Sun,Female,,Limsa Lominsa,Limsa Lominsa,4-7
G'nibnpha,G'nibnpha,exact,g'nibnpha,1,1000339,10,Miqo'te,Seekers of the Sun,Female,,Limsa Lominsa,Limsa Lominsa,7-4
G'sumbla,G'sumbla,exact,g'sumbla,1,1500161,15,Miqo'te,Seekers of the Sun,Female,Merchant,Limsa Lominsa,Lower Tailors Ward,1-1
G'wahaii,G'wahaii,exact,g'wahaii,1,1600077,16,Miqo'te,Seekers of the Sun,Female,Merchant,Ul'dah,Ul'dah,5-4
G'zentsa,G'zentsa,exact,g'zentsa,1,1001702,10,Miqo'te,Seekers of the Sun,Female,,Limsa Lominsa,Limsa Lominsa,1-1
Gadfrid,Gadfrid,exact,gadfrid,1,1500259,15,Hyur,Highlander,Male,Repair Merchant,Ishgard,Mor Dhona,17-20
Gaelle,Gaelle,exact,gaelle,1,1500404,15,Elezen,Wildwood Elezen,Female,Repair Merchant,Gridania,Gridanian Mercantile House,1-1
Gaetelle,Gaetelle,exact,gaetelle,1,1001366,10,Elezen,,Female,,,,
Gagaleo Pupuleo,Gagaleo Pupuleo,other-locale,flame sergeant gagaleo pupuleo,2,1001627 1002113,10,Lalafell,Plainsfolk,Male,Event NPC,Ul'dah,Ul'dah,5-3
Gaganji,Gaganji,exact,gaganji,1,1500065,15,Lalafell,,Male,,Ul'dah,Western Thanalan,35-12
Gagaroon,Gagaroon,exact,gagaroon,1,1500294,15,Qiqirn,,,Black Market Vendor,Gridania,Gridania,8-4
Gagaruna,Gagaruna,exact,gagaruna,1,1000862,10,Lalafell,Dunesfolk,Male,,Ul'dah,Ul'dah,5-4
Gagaulu,Gagaulu,exact,gagaulu,1,1600022,16,Lalafell,Dunesfolk,Male,Merchant,Gridania,Gridania,8-4
Gairbert,Gairbert,exact,gairbert,1,1000658,10,Hyur,Highlander,Male,,Ul'dah,Ul'dah,7-5
Gaius van Baelsar,Gaius van Baelsar,exact,gaius van baelsar,1,1000552,10,,,,,Garlemald,,
Galeren,Galeren,exact,galeren,1,1000963,10,Hyur,Highlander,Male,,Ul'dah,Ul'dah,5-5
Gallia,Gallia,exact,gallia,1,1000459,10,Hyur,Midlander,Female,Guild Merchant,Gridania,Gridania,7-3
Ganelon,Ganelon (1.x),exact,ganelon,1,1600129,16,Hyur,Midlander,Male,Merchant,Ul'dah,Ul'dah,6-4
Gautzelin,Gautzelin,exact,gautzelin,1,1000365,10,Hyur,Highlanders,male,,Limsa Lominsa,Limsa Lominsa,7-7
Gauwyn the Gannet,Gauwyn the Gannet,exact,gauwyn the gannet,1,1002065,10,Hyur,Midlander,Male,,,"Ul'dah, Gridania","5-5, 5-5"
Gegeissa,Gegeissa,exact,gegeissa,1,1001424,10,Lalafell,,Female,,Ul'dah,Ul'dah,6-3
Gembert,Gembert,exact,gembert,2,1001149 1600128,10 16,Hyur,,Male,,Ul'dah,Southern Thanalan,43-46
Genna,Genna,exact,genna,1,1001431,10,Hyur,Midlander,Female,,Gridania,Gridania,5-2
Georjeaux,Georjeaux,exact,georjeaux,1,1000830,10,Elezen,Wildwood Elezen,Male,,Gridania,Gridania,8-5
Gerlac,Gerlac,exact,gerlac,1,1500102,15,Hyur,Highlander,Male,Quartermaster,Ul'dah,Northern Thanalan,13-25
Gerland,Gerland,exact,gerland,1,1001503,10,Hyur,Midlander,Male,,,Western Thanalan,5-26
Gerolt,Gerolt,exact,gerolt,1,1060043,10,,,,,Gridania,East Shroud,50-32
Gerraldieux,Gerraldieux,exact,gerraldieux,1,1600061,16,Elezen,,Male,Merchant,Gridania,Central Shroud,32-33
Gert,Gert,exact,gert,1,1500004,15,Hyur,Midlander,Female,,Limsa Lominsa,Limsa Lominsa,4-5
Gerulf,Gerulf,exact,gerulf,1,1000063,10,Hyur,Midlanders,Male,,Limsa Lominsa,Limsa Lominsa,7-3
Gigirya,Gigirya,exact,gigirya,1,1000270,10,Lalafell,Plainsfolk,Male,,Limsa Lominsa,Limsa Lominsa,7-5
Gil-digging Mistress,Gil-digging Mistress,exact,gil-digging mistress,1,1001495,10,Elezen,,Female,,Ul'dah,Ul'dah Opening,4-7
Ginnade,Ginnade,exact,ginnade,1,1000132,10,Hyur,Midlanders,Female,,Limsa Lominsa,Limsa Lominsa,5-2
Gloiucen,Gloiucen,exact,gloiucen,1,1000917,10,Hyur,Midlander,Female,,Ul'dah,Ul'dah,7-6
Glowing Goodwife,Glowing Goodwife,exact,glowing goodwife,1,1000262,10,Elezen,Wildwood Elezen,Female,,Limsa Lominsa,Limsa Lominsa,4-5
Godfrey,Godfrey,exact,godfrey,1,1001375,10,Hyur,,Male,,,Ul'dah,4-4
Godriquelain,Godriquelain (1.x),exact,godriquelain,1,1500066,15,Elezen,Wildwood Elezen,Male,,,Coerthas Eastern Lowlands,62-35
Gogofu,Gogofu,exact,gogofu,1,1000046,10,Lalafell,,Male,,Ul'dah,Ul'dah,4-5
Gogorano,Gogorano,exact,gogorano,1,1500116,15,Lalafell,Plainsfolk,Male,Repair Merchant,Ul'dah,Ul'dah,3-6
Gogoriyo,Gogoriyo,exact,gogoriyo,2,1500309 1500414,15,Lalafell,Dunesfolk,Male,Merchant,Gridania,Gridanian Mercantile House,1-1
Gold Helmed Gladiator,Gold Helmed Gladiator,exact,gold helmed gladiator,1,1001221,10,Hyur,Highlander,Male,,Ul'dah,Ul'dah,5-5
Goldyve,Goldyve,exact,goldyve,1,1600034,16,Hyur,Midlanders,Female,Merchant,Gridania,Gridania,6-5
Gontrant,Gontrant,exact,gontrant,1,1000457,10,Elezen,,Male,Regional Guildleve Master,Gridania,Gridania,6-6
Goodife,Goodife,exact,goodife,1,1001717,10,Hyur,Midlander,Female,,Ul'dah,Ul'dah,2-1
Greedy Merchant,Greedy Merchant,exact,greedy merchant,1,1000937,10,Lalafell,,Female,,Ul'dah,Ul'dah,"4-6, 5-5"
Gregory,Gregory,exact,gregory,163,1000274 1000535 1000618 1000619 1001083 1001084 1001104 1001105,10 15,Hyur,Midlanders,Male,,Limsa Lominsa,Limsa Lominsa,7-5
Greinfarr,Greinfarr,exact,greinfarr,2,1000039 1002053,10,Roegadyn,,Male,,Ul'dah,Ul'dah,
Grifiud,Grifiud,exact,grifiud,1,1001337,10,Hyur,Midlander,Male,,Ala Mhigo,Eastern Thanalan,32-38
Grillairmais,Grillairmais,exact,grillairmais,1,1600067,16,Elezen,Wildwood Elezen,Male,Merchant,Gridania,Fieldcraft Den,1-1
Grinnaux,Grinnaux,exact,grinnaux,1,1000024,10,Elezen,Wildwood Elezen,Male,,Gridania,Gridania,
Grinning Adventurer,Grinning Adventurer,exact,grinning adventurer,1,1000451,10,Lalafell,Plainsfolk,Male,,,Limsa Lominsa Opening,
Guencen,Guencen,exact,guencen,1,1001468,10,Hyur,,Male,Gladiatorial Combatant,Ul'dah,Ul'dah,5-5
Gugudi,Gugudi,exact,gugudi,1,1600050,16,Lalafell,Plainsfolk,Female,Merchant,Ul'dah,Ul'dah,7-4
Gugula,Gugula,exact,gugula,1,1000513,10,Lalafell,,Female,,Gridania,Gridania,2-1
Guguriya,Guguriya,exact,guguriya,2,1500304 1500413,15,Lalafell,Dunesfolk,Male,Repair Merchant,Gridania,Gridanian Mercantile House,1-1
Guiding Star,Guiding Star (1.x),exact,guiding star,1,1001312,10,Roegadyn,Sea Wolves,Male,,Limsa Lominsa,Eastern La Noscea,31-18
Guillaunaux,Guillaunaux (1.x),exact,guillaunaux,1,1001427,10,Elezen,Wildwood Elezen,Male,,Ul'dah,Ul'dah,8-5
Guillestet,Guillestet (1.x),exact,guillestet,1,1001712,10,Elezen,,Male,,Ul'dah,Ul'dah,
Gunnulf,Gunnulf,exact,gunnulf,1,1001256,10,Hyur,,Male,,Ul'dah,Ul'dah,5-4
Guntard,Guntard,exact,guntard,1,1500008,15,Hyur,Highlander,Male,,,Western La Noscea,6-16
Gunzelin,Gunzelin,exact,gunzelin,1,1600019,16,Hyur,Highlander,Male,Merchant,,Gridania,3-3
Gurumi Borlumi,Gurumi Borlumi,exact,gurumi borlumi,2,1500302 1500411,15,Lalafell,,Male,Mercantile House Merchant,Limsa Lominsa,Lominsan Mercantile House,1-1
Gylbart,Gylbart,exact,gylbart,1,1000978,10,Hyur,Midlander,Male,,Gridania,South Shroud,44-47
Gyles,Gyles,exact,gyles,1,1001184,10,Hyur,Midlander,Male,,Gridania,Gridania,6-6
H'cidjaa,H'cidjaa,exact,h'cidjaa,1,1001713,10,Miqo'te,Seekers of the Sun,Female,,Ul'dah,Ul'dah,2-1
H'fudzol,H'fudzol,exact,h'fudzol,1,1600064,16,Miqo'te,Seeker of the Sun,Female,Merchant,Gridania,Gridania,6-4
H'lahono,H'lahono,exact,h'lahono,1,1000250,10,Miqo'te,Seekers of the Sun,Female,,Limsa Lominsa,Limsa Lominsa,6-3
H'rhanbolo Oya,H'rhanbolo,exact,h'rhanbolo,2,1001186 1001747,10,Miqo'te,Seekers of the Sun,Female,,,Limsa Lominsa,5-5
Hab,Hab,exact,hab,1,1500072,15,Hyur,Midlander,Male,Gatewarden,Gridania,South Shroud,49-38
Habreham,Habreham,exact,habreham,1,1000621,10,Hyur,Midlander,Male,,Gridania,Gridania,6-5
Hadrian,Hadrian,exact,hadrian,1,1500234,15,Hyur,Midlander,Male,,Gridania,Central Shroud,32-34
Hahayo,Hahayo,exact,hahayo,1,1000047,10,Lalafell,,Male,,Ul'dah,Ul'dah,7-6
Hahs Panipahr,Hahs Panipahr,exact,hahs panipahr,1,1600127,16,Miqo'te,Keeper of the Moon,Female,Merchant,Limsa Lominsa,Eastern La Noscea,36-25
Haipo Eipo,Haipo Eipo,exact,haipo eipo,1,1001597,10,Lalafell,Plainsfolk,Male,Chocobo Coach,,Western Thanalan,9-27
Halatali Battlewarden,Halatali Battlewarden,exact,halatali battlewarden,1,1500028,15,Lalafell,Dunesfolk,Male,Battlewarden,Ul'dah,Eastern Thanalan,42-28
Haldberk,Haldberk,exact,haldberk,1,1000160,10,Roegadyn,Sea Wolves,Male,,Limsa Lominsa,Limsa Lominsa,4-5
Halstein,Halstein,exact,halstein,1,1001007,10,Hyur,,Male,Bodyguard,Ul'dah,Ul'dah,5-4
Handeloup,Handeloup,exact,handeloup,2,1000023 1001874,10,Elezen,Wildwood Elezen,Male,,Gridania,Gridania,
Hardened Rebel Warrior,Hardened Rebel Warrior,exact,hardened rebel warrior,2,1000481 1001242,10,Hyur,,Male,,Ala Mhigo,,
Hardil,Hardil,other-locale,storm lieutenant hardil,2,1001616 1002102,10,Hyur,Highlander,Male,Event NPC,Limsa Lominsa,Limsa Lominsa,7-6
Hasthwab,Hasthwab,exact,hasthwab,1,1001064,10,Hyur,Highlander,Male,,Limsa Lominsa,Limsa Lominsa,4-7
Hastridie,Hastridie,exact,hastridie,1,1001825,10,Elezen,Wildwood,Female,Event NPC,,Gridania,7-6
Haurtefert,Haurtefert,exact,haurtefert,1,1000569,10,Elezen,,Male,,Gridania,Gridania,8-2
Hawazi Zowazi,Hawazi Zowazi,exact,hawazi zowazi,1,1000638,10,Lalafell,,Male,,Ul'dah,Ul'dah,6-6
Hawu Bajihri,Hawu Bajihri,exact,hawu bajihri,1,1600126,16,Miqote,Keepers of the Moon,Female,Merchant,Ul'dah,Eastern Thanalan,40-28
Hedheue,Hedheue,exact,hedheue,1,1001353,10,Hyur,Midlanders,Female,Wood Wailer,Gridania,South Shroud,44-47
Hedyn,Hedyn,exact,hedyn,1,1001047,10,Hyur,Midlander,Male,,,Gridania,
Hehena,Hehena,exact,hehena,1,1001426,10,Lalafell,,Female,,Ul'dah,Ul'dah,8-5
Heibert,Heibert,exact,heibert,1,1001257,10,Hyur,,Male,,Ul'dah,Ul'dah,5-4
Helbhanth,Helbhanth,exact,helbhanth,1,1000735,10,Roegadyn,,Male,Wood Wailer,Gridania,,
Helena,Helena,exact,helena,1,1600049,16,Hyur,Midlander,Female,Merchant,Ul'dah,Ul'dah,7-4
Hereward,Hereward,exact,hereward,1,1000231,10,Hyur,Midlander,Male,,Gridania,Gridania,7-3
Hermance,Hermance,exact,hermance,1,1500402,15,Elezen,Wildwood Elezen,Female,Mercantile House Representative,Gridania,Gridanian Mercantile House,1-1
Hersande,Hersande,exact,hersande,1,1001156,10,Elezen,,Female,,,Coerthas Western Highlands,10-11
Hetzkin,Hetzkin,exact,hetzkin,1,1000460,10,Hyur,Highlander,Male,Guild Merchant,Gridania,Gridania,2-1
Hewrey,Hewrey,exact,hewrey,1,1500395,15,Hyur,Midlander,Male,Mercantile House Representative,Gridania,Gridanian Mercantile House,1-1
Hida,Hida,exact,hida,1,1500056,15,Hyur,Midlander,Female,Highwind Skyways Representative,Gridania,Gridania,6-6
High-spirited Fellow,High-spirited Fellow,exact,high-spirited fellow,1,1001042,10,Elezen,Duskwight Elezen,Male,,Ul'dah,Ul'dah,5-5
Hihine,Hihine,exact,hihine,2,1000267 1700033,10 17,Lalafell,Plainsfolk,Female,,Limsa Lominsa,Limsa Lominsa,7-7
Hihiyaja,Hihiyaja,exact,hihiyaja,1,1600125,16,,,,Merchant,,Western La Noscea,18-15
Hildibrand,Hildibrand,exact,hildibrand,4,1001995 1002067 1002068 1002115,10,Hyur,Midlander,Male,Inspector,,,
Hildie,Hildie,exact,hildie,1,1000787,10,Elezen,Wildwood Elezen,Female,,Ul'dah,Ul'dah,6-4
Hnaufrid,Hnaufrid,exact,hnaufrid,1,1000635,10,Hyur,Highlander,Male,Guild Merchant,Ul'dah,Ul'dah,6-6
Hob,Hob,exact,hob,1,1000151,10,Hyur,Midlanders,Male,,Limsa Lominsa,Limsa Lominsa,3-5
Hobriaut,Hobriaut,exact,hobriaut,1,1000172,10,Elezen,Wildwood Elezen,Male,,Limsa Lominsa,Limsa Lominsa,7-3
Hoholi,Hoholi,exact,hoholi,1,1500417,15,Lalafell,,Female,Mercantile House Representative,Ul'dah,Ul'dahn Mercantile House,1-1
Holasfhis,Holasfhis,exact,holasfhis,1,1600011,16,Roegadyn,Sea Wolves,Male,Merchant,Limsa Lominsa,Limsa Lominsa,7-6
Holbubu,Holbubu,exact,holbubu,1,1001056,10,Lalafell,,Female,,Ul'dah,Ul'dah,6-6
Honga Vunga,Honga Vunga,exact,honga vunga,1,1000429,10,Lalafell,Plainsfolk,Male,,Gridania,Gridania,6-6
Honmeme,Honmeme,exact,honmeme,1,1001335,10,Lalafell,,Male,,Ala Mhigo,Eastern Thanalan,31-39
Honoroit,Honoroit,exact,honoroit,1,1500060,15,Elezen,,Male,Chocobo Merchant,Gridania,Central Shroud,30-29
Horizon's Edge Battlewarden,Horizon's Edge Battlewarden,exact,horizon's edge battlewarden,1,1500025,15,Lalafell,,Female,Battlewarden,Ul'dah,Western Thanalan,13-29
Horskfhis,Horskfhis,exact,horskfhis,1,1500221,15,Roegadyn,,Male,Chocobo Caravan Leader,Ul'dah,Western Thanalan,
Hourlinet,Hourlinet,exact,hourlinet,1,1001500,10,Elezen,Duskwight Elezen,Male,Gatekeeper,Ishgard,Coerthas Central Highlands,18-35
Hubairtien,Hubairtien,exact,hubairtien,1,1001367,10,Hyur,Midlander,Male,,,,
Humphrey,Humphrey,exact,humphrey,1,1600026,16,Hyur,Midlander,Male,Merchant,Gridania,Gridania,8-4
Hundred Eyes,Hundred Eyes,exact,hundred eyes,1,1001313,10,Roegadyn,Sea Wolves,Male,,Limsa Lominsa,Eastern La Noscea,31-18
Hurrey,Hurrey,exact,hurrey,1,1000603,10,Hyur,Highlander,Male,,Ul'dah,,
Hyllfyr,Hyllfyr,exact,hyllfyr,1,1000215,10,Roegadyn,Sea Wolves,Male,,Limsa Lominsa,Limsa Lominsa,0-0
I'llofii,I'llofii,exact,i'llofii,1,1000847,10,Miqo'te,,Female,,Ul'dah,Ul'dah,4-5
I'nairoh,I'nairoh,exact,i'nairoh,1,1001307,10,Miqote,Seeker of the Sun,Female,,,Eastern La Noscea,31-17
I'paghlo,I'paghlo,exact,i'paghlo,1,1001260,10,Miqo'te,Seekers of the Sun,Female,,Ul'dah,Ul'dah,5-4
I'wonjhali,I'wonjhali,exact,i'wonjhali,1,1500010,15,Miqo'te,,Female,Gatewarden,,Upper La Noscea,22-7
Iggy,Iggy,exact,iggy,2,1001594 1001997,10,,,,Event NPC,,Limsa Lominsa,7-6
Ighii Moui,Ighii Moui,exact,ighii moui,1,1001065,10,Miqo'te,,Female,,,Limsa Lominsa,7-4
Iliette,Iliette,exact,iliette,1,1001369,10,Elezen,,Female,,,,
Imailie,Imailie,exact,imailie,2,1500063 3001132,15 30,Elezen,Wildwood Elezen,Female,,Gridania,South Shroud,45-46
Imania,Imania,exact,imania,1,1001567,10,Hyur,Midlander,Female,,Limsa Lominsa,Limsa Lominsa,6-4
Immodest Mouse,Immodest Mouse,exact,immodest mouse,1,1001302,10,Roegadyn,,Male,,Limsa Lominsa,Aleport,12-23
Indifferent Passerby,Indifferent Passerby,exact,indifferent passerby,1,1000448,10,Hyur,Midlander,Female,,Limsa Lominsa,Limsa Lominsa Opening,
Ingram,Ingram,exact,ingram,1,1000372,10,Elezen,Wildwood Elezen,Male,,Gridania,Gridania,2-1
Insatiable Ixal,Insatiable Ixal,exact,insatiable ixal,1,1001265,10,Ixal,,,,,North Shroud,
Intimidating Barracuda Knight,Intimidating Barracuda Knight,exact,intimidating barracuda knight,1,1000097,10,Hyur,Midlanders,Male,,Limsa Lominsa,Limsa Lominsa,2-6
Iofa,Iofa,exact,iofa,1,1000135,10,Hyur,Midlander,Female,,Limsa Lominsa,Limsa Lominsa,7-7
Iolaine,Iolaine,exact,iolaine,1,1001294,10,Elezen,Wildwood Elezen,Female,,Gridania,West Shroud,42-16
Iron Lake Battlewarden,Iron Lake Battlewarden,exact,iron lake battlewarden,1,1500017,15,Roegadyn,,Male,Battlewarden,,Camp Iron Lake,22-7
Iron Thunder,Iron Thunder,exact,iron thunder,1,1500158,15,Roegadyn,Sea Wolves,Male,Merchant,Limsa Lominsa,Battlecraft Ward,1-1
Isabella,Isabella,exact,isabella,1,1000639,10,Hyur,Midlander,Female,,Ul'dah,Ul'dah,6-6
Isaudorel,Isaudorel,exact,isaudorel,2,1000152 1000454,10,Elezen,Wildwood Elezen,Female,,Limsa Lominsa,Limsa Lominsa,6-2
Isaulde,Isaulde,exact,isaulde,1,1500144,15,Elezen,Duskwight Elezen,Female,Merchant,Ul'dah,Armorfitters Row,1-1
Isleen,Isleen,exact,isleen,1,1500006,15,Hyur,Midlanders,Female,Chocobo Renter,Limsa Lominsa,Limsa Lominsa,5-7
Iudprost,Iudprost,exact,iudprost,1,1001326,10,Hyur,Midlander,Female,,Ul'dah,Western Thanalan,36-12
Ivan,Ivan,exact,ivan,1,1000197,10,Hyur,Midlanders,Male,,Limsa Lominsa,Limsa Lominsa,4-5
J'arhll,J'arhll,exact,j'arhll,1,1000149,10,Miqo'te,,,,Limsa Lominsa,,
J'dyalani,J'dyalani (1.x),exact,j'dyalani,1,1500076,15,Miqo'te,,Female,Gatewarden,Ul'dah,Northern Thanalan,13-25
J'ghonako,J'ghonako,exact,j'ghonako,1,1000342,10,Miqo'te,Seekers of the Sun,Female,,Limsa Lominsa,Limsa Lominsa,6-3
J'moldva,J'moldva,exact,j'moldva,3,1000599 1000600 1700031,10 17,Miqo'te,,Female,,Gridania,Gridania,8-2
Jade Bow-wielding Archer,Jade Bow-wielding Archer,exact,jade bow-wielding archer,1,1001220,10,Hyur,Midlander,Female,,Ul'dah,Ul'dah,5-5
Jainelette,Jainelette,exact,jainelette,1,1000049,10,Elezen,Wildwood Elezen,Female,,Limsa Lominsa,Limsa Lominsa,4-7
Jajaba,Jajaba,exact,jajaba,1,1001320,10,Lalafell,Plainsfolk,Female,,Ul'dah,Eastern Thanalan,19-37
Jajajbygo,Jajajbygo,exact,jajajbygo,1,1000669,10,Lalafell,,Male,,Gridania,Central Shroud,32-34
Jajanzo,Jajanzo,exact,jajanzo,1,1000654,10,Lalafell,,Male,,Ul'dah,Ul'dah,5-5
Janlenoux,Janlenoux,exact,janlenoux,1,1001356,10,Elezen,Wildwood Elezen,Male,,,Coerthas Eastern Lowlands,62-34
Jannie,Jannie,exact,jannie,1,1001200,10,Elezen,Duskwight Elezen,Female,,Ul'dah,Ul'dah,7-6
Jeger,Jeger,exact,jeger,1,1000655,10,Hyur,Midlander,Male,,Ul'dah,Ul'dah,6-5
Jehantel,Jehantel,exact,jehantel,2,1002024 1060039,10,Elezen,Wildwood Elezen,Male,,,South Shroud,38-48
Jemimi,Jemimi,exact,jemimi,1,1600039,16,Lalafell,Plainsfolk,Female,Merchant,Ul'dah,Ul'dah,5-6
Jenlyns,Jenlyns,exact,jenlyns,1,1060042,10,Hyur,Midlander,Male,Sultansworn,Ul'dah,Ul'dah,6-4
Jeulerand,Jeulerand,exact,jeulerand,1,1600079,16,Elezen,Wildwood Elezen,Male,Merchant,Gridania,Gridania,2-1
Jihli Aliapoh,Jihli Aliapoh (1.x),exact,jihli aliapoh,1,1001588,10,Miqote,Keeper of the Moon,Female,Event NPC,Gridania,Gridania,6-5
Jijiri,Jijiri,exact,jijiri,1,1500106,15,Lalafell,,Female,,,Coerthas Eastern Lowlands,"29,52"
Joellaut,Joellaut (1.0),exact,joellaut,1,1000163,10,Elezen,Wildwood Elezen,Male,Merchant,Limsa Lominsa,Limsa Lominsa,7-7
Johannes,Johannes,exact,johannes,1,1600051,16,Hyur,Midlander,Male,Merchant,Ul'dah,Ul'dah,7-4
Jojoroon,Jojoroon,exact,jojoroon,1,1000220,10,Qiqirn,,,,Limsa Lominsa,Limsa Lominsa,4-7
Jolline,Jolline,exact,jolline,1,1000069,10,Hyur,Midlander,Female,,Gridania,Gridania,8-2
Jonathas,Jonathas,exact,jonathas,1,1500283,15,Hyur,Midlander,Male,,Limsa Lominsa,Western La Noscea,12-24
Josias,Josias,exact,josias,1,1000279,10,Hyur,Midlanders,Male,,Limsa Lominsa,Limsa Lominsa,7-5
Jossy,Jossy,exact,jossy,1,1000159,10,Hyur,Midlander,Female,Merchant,Limsa Lominsa,Limsa Lominsa,7-3
Judithe,Judithe,exact,judithe,1,1001443,10,Hyur,Midlander,Female,,Ul'dah,Ul'dah,7-4
Jujuya,Jujuya,exact,jujuya,1,1001321,10,Lalafell,Dunesfolk,Male,,Ul'dah,Eastern Thanalan,19-37
Juliembert,Juliembert,exact,juliembert,1,1500098,15,Elezen,Wildwood Elezen,Male,,Gridania,South Shroud,49-38
K'leytai,K'leytai,exact,k'leytai,1,1500082,15,Miqo'te,,Female,Gatewarden,Ishgard,Coerthas Western Highlands,19-19
Kain,Kain,exact,kain,1,1000068,10,Hyur,Midlander,Male,,Gridania,Gridania,7-3
Kakamehi,Kakamehi,exact,kakamehi,1,1000277,10,Lalafell,Plainsfolk,Male,,Limsa Lominsa,Limsa Lominsa,7-5
Kamlito Halito,Kamlito Halito,exact,kamlito halito,1,1001142,10,Lalafell,,Male,,Ul'dah,Ul'dah,6-4
Kan-E-Senna,Kan-E-Senna,exact,kan-e-senna,1,1001569,10,Padjal,,Female,Company Leader,Gridania,Gridania,3-2
Kazagg Chah,Kazagg Chah,exact,kazagg chah,1,1060036,10,Amaal'ja,,Male,,,Western Thanalan,11-28
{{PAGENAME}},Keaira,exact,keaira,1,1500146,15,Hyur,Midlander,Female,Merchant,Ul'dah,Lower Tailors Row,1-1
Keelty,Keelty,exact,keelty,2,1000587 1700028,10 17,Hyur,Midlander,Female,,Gridania,Gridania,8-5
Keen-eyed Merchant,Keen-eyed Merchant,exact,keen-eyed merchant,1,1000401,10,Lalafell,,Male,,Ul'dah,Ul'dah Opening,4-7
Kehda Mujuuk,Kehda Mujuuk,exact,kehda mujuuk,1,1000474,10,Miqo'te,Keepers of the Moon,Female,,Limsa Lominsa,Limsa Lominsa,5-4
Keketo,Keketo,exact,keketo,1,1001346,10,Lalafell,Plainsfolk,Female,,Gridania,South Shroud,45-46
Kemicha Potomicha,Kemicha Potomicha,exact,kemicha potomicha,2,1500303 1500412,15,Lalafell,,Male,Mercantile House Representative,Limsa Lominsa,Lominsan Mercantile House,1-1
Kerrich,Kerrich (1.0),exact,kerrich,1,1600013,16,Hyur,Midlander,Male,Merchant,Limsa Lominsa,Limsa Lominsa,7-6
Khuja Zhwan,Khuja Zhwan,exact,khuja zhwan,1,1000839,10,Miqo'te,Keepers of the Moon,Female,,Gridania,Gridania,3-1
Khuma Moshroca,Khuma Moshroca,exact,khuma moshroca,1,1001081,10,Miqo'te,Keepers of the Moon,Female,,Gridania,Gridania,7-3
Kiht Gamduhla,Kiht Gamduhla,exact,kiht gamduhla,1,1000360,10,Miqo'te,,female,,Limsa Lominsa,Lower La Noscea,25-29
Kikichua,Kikichua,exact,kikichua,1,1000171,10,Lalafell,,Female,,Limsa Lominsa,Limsa Lominsa,7-3
Kikimo,Kikimo,exact,kikimo,1,1600008,16,Lalafell,Plainsfolk,Female,Merchant,Limsa Lominsa,Limsa Lominsa,6-5
Kikinori,Kikinori,exact,kikinori,1,1001322,10,Lalafell,,Male,,Ul'dah,Western Thanalan,35-13
Kinborow,Kinborow,exact,kinborow,2,1000509 1000742,10,Hyur,Midlander,Female,,Gridania,Gridania,2-1
Kinkina,Kinkina,spelling-folded,kikina,1,1001584,10,Lalafell,Dunesfolk,Male,Event NPC,Ul'dah,Ul'dah,5-3
Kinnison,Kinnison,exact,kinnison,1,1001430,10,Hyur,Midlander,Male,,Gridania,Gridania,4-2
Kiora,Kiora,exact,kiora,1,1000780,10,Hyur,Midlander,Female,,Ul'dah,Ul'dah,6-4
Kipopo,Kipopo,exact,kipopo,1,1000461,10,Lalafell,,Female,Guild Merchant,Gridania,Gridania,4-3
Kokobi,Kokobi,exact,kokobi,1,1001471,10,Lalafell,,Female,,Ul'dah,Ul'dah,5-3
Kokofubu,Kokofubu,exact,kokofubu,1,1001599,10,Lalafell,Dunesfolk,Male,Miner,,Eastern Thanalan,40-28
Kokomui,Kokomui (1.x),exact,kokomui,1,1000614,10,Lalafell,,Male,Quartermaster,,Eastern La Noscea,36-20
Kokosamu,Kokosamu,exact,kokosamu,1,1001729,10,Lalafell,Dunesfolk,Male,Cauldron Carrier,,Central Thanalan,29-20
Kokoto,Kokoto,exact,kokoto,1,1000269,10,Lalafell,Plainsfolk,Male,,Limsa Lominsa,Limsa Lominsa,7-5
Kopuru Fupuru,Kopuru Fupuru,exact,kopuru fupuru,1,1002047,10,Lalafell,,Male,Inn Doorman,Ul'dah,Ul'dah,6-5
Kukumuko,Kukumuko,exact,kukumuko,1,1000070,10,Lalafell,,Female,,Ul'dah,Ul'dah,5-4
Kukusi,Kukusi,exact,kukusi,1,1001463,10,Lalafell,,Female,,Ul'dah,Ul'dah,5-6
Kupcha Kupa,Kupcha Kupa,exact,kupcha kupa,1,1001938,10,Moogle,,,,,North Shroud,15-22
Kuplu Kopo,Kuplu Kopo,exact,kuplu kopo,2,1001252 1700011,10 17,Moogle,,,,,Central Shroud,31-33
Kylene,Kylene,exact,kylene,1,1000634,10,Hyur,Midlander,Female,Guild Merchant,Ul'dah,Ul'dah,5-6
Kyneburg,Kyneburg,exact,kyneburg,1,1500154,15,Hyur,Midlander,Female,Merchant,Gridania,Lower Tailors Den,1-1
L'dhakya,L'dhakya,exact,l'dhakya,1,1500059,15,Miqo'te,Seekers of the Sun,Female,,,Western Thanalan,4-26
L'tandhaa,L'tandhaa,exact,l'tandhaa,1,1000431,10,Miqo'te,,Female,,Gridania,Gridania,6-6
Lafla Morfla,Lafla Morfla,exact,lafla morfla,1,1000636,10,Lalafell,,Male,Guild Merchant,Ul'dah,Ul'dah,7-6
Lalai,Lalai,exact,lalai,1,1060035,10,Lalafell,,Female,,Ul'dah,Ul'dah,7-6
Lalaroon,Lalaroon,exact,lalaroon,1,1500295,15,Qiqirn,,,Black Market Vendor,Ul'dah,Ul'dah,7-4
Lalatta,Lalatta,exact,lalatta,2,1000368 1000467,10,Lalafell,Plainsfolk,Female,Leatherworker,Gridania,"Gridania, Coerthas",
Langliva,Langliva,exact,langliva,1,1001900,10,Hyur,Midlander,Female,,Gridania,Mor Dhona,17-20
Laniaitte,Laniaitte,exact,laniaitte,1,1000056,10,Elezen,,Female,,Limsa Lominsa,Limsa Lominsa,4-5
Lanky Traveler,Lanky Traveler,exact,lanky traveler,1,1000450,10,Elezen,Wildwood Elezen,Male,,,"Limsa Lominsa Opening, Limsa Lominsa","Boat,5-3"
Larsonient,Larsonient,exact,larsonient,1,1001989,10,Elezen,Wildwood Elezen,Male,Event NPC,,Gridania,6-5
Lauda,Lauda,exact,lauda,1,1000281,10,Hyur,Midlander,Female,,Limsa Lominsa,Limsa Lominsa,7-5
Lefchild,Lefchild,exact,lefchild,1,1000994,10,Hyur,Midlander,Female,,Ul'dah,Ul'dah,6-6
Lefleda,Lefleda,exact,lefleda,1,1600014,16,Hyur,Midlander,Female,Merchant,Limsa Lominsa,Limsa Lominsa,7-6
Lefwyne,Lefwyne,exact,lefwyne,1,1001396,10,Hyur,Highlander,Male,,Gridania,Gridania,7-4
Leleyo,Leleyo,exact,leleyo,1,1001641,10,Lalafell,Plainsfolk,Female,,Ishgard,Coerthas Central Highlands,36-25
Leofrun,Leofrun,exact,leofrun,1,1500183,15,Hyur,Midlander,Female,Repair Merchant,Limsa Lominsa,Menders Ward,1-1
Leofwen,Leofwen,exact,leofwen,1,1500397,15,Hyur,Midlander,Female,Mercantile House Representative,Ul'dah,Ul'dahn Mercantile House,1-1
Lettice,Lettice,exact,lettice,1,1000788,10,Hyur,Midlander,Female,,Ul'dah,Ul'dah,6-4
Leveridge Halborn,Leveridge,exact,leveridge,2,1001185 1001746,10,Hyur,Midlander,Male,,,Limsa Lominsa,5-6
Lewena,Lewena,exact,lewena,1,1000933,10,Hyur,Midlander,Female,,Ul'dah,Ul'dah,
Lewena's Handmaiden,Lewena's Handmaiden,exact,lewena's handmaiden,1,1001013,10,Lalafell,Dunesfolk,Female,Handmaiden,Ul'dah,Ul'dah,5-4
Lho Mujuuk,Lho Mujuuk,exact,lho mujuuk,1,1001636,10,Miqo'te,Keepers of the Moon,Female,Wood Wailer,Gridania,South Shroud,39-44
Liaime,Liaime,exact,liaime,1,1001771,10,Elezen,Wildwood Elezen,Female,,Ul'dah,Ul'dah,2-1
Liautroix,Liautroix (1.0),exact,liautroix,1,1000052,10,Elezen,Duskwight Elezen,Male,,Limsa Lominsa,Limsa Lominsa,7-4
Lilina,Lilina,exact,lilina,1,1000178,10,Lalafell,Plainsfolk,Female,,Limsa Lominsa,Limsa Lominsa,4-5
Linette,Linette,exact,linette,1,1000861,10,Hyur,Midlander,Female,,Ul'dah,Ul'dah,
Lionhearted Adventurer,Lionhearted Adventurer,exact,lionhearted adventurer,1,1000938,10,Roegadyn,Sea Wolves,Male,,Ul'dah,Ul'dah,4-6
Lionnellais,Lionnellais,exact,lionnellais,1,1500055,15,Elezen,Wildwood Elezen,Female,Highwind Skyways Representative,Gridania,Gridania,6-6
Littlejohn,Littlejohn,exact,littlejohn,1,1600030,16,Hyur,Highlander,Male,Merchant,Gridania,Gridania,5-3
Livith,Livith,exact,livith,1,1001338,10,Hyur,Midlander,Female,,Gridania,North Shroud,24-14
Logedanrel,Logedanrel,exact,logedanrel,1,1600122,16,Elezen,,Male,Merchant,Ul'dah,Eastern Thanalan,
Lohwaeb,Lohwaeb,exact,lohwaeb,1,1000644,10,Roegadyn,,Male,,Ul'dah,Ul'dah,7-6
Lolojo,Lolojo,exact,lolojo,1,1001603,10,Lalafell,Dunesfolk,Female,,Limsa Lominsa,Eastern La Noscea,36-25
Loloju,Loloju,exact,loloju,1,1001847,10,Lalafell,Plainsfolk,Female,Event NPC,,Limsa Lominsa,7-6
Loloma,Loloma,exact,loloma,1,1500067,15,Lalafell,,Female,,,,
Lolomaya,Lolomaya,exact,lolomaya,1,1001911,10,Lalafell,,Male,,,Northern Thanalan,25-13
Lolorito,Lolorito,exact,lolorito,1,1060012,10,Lalafell,Dunesfolk,Male,Syndicate Member,Ul'dah,Ul'dah,1-1
Long-legged Lady,Long-legged Lady,exact,long-legged lady,1,1001112,10,Miqo'te,Seekers of the Sun,Female,,Ul'dah,Ul'dah Opening,4-7
Lonsygg,Lonsygg,exact,lonsygg,1,1000951,10,Roegadyn,Sea Wolves,Male,Wood Wailer,Gridania,Gridania,7-6
Lorhzant,Lorhzant,exact,lorhzant,1,1500005,15,Roegadyn,Sea Wolves,Male,,Limsa Lominsa,Limsa Lominsa,4-5
Lougblaet,Lougblaet,exact,lougblaet,1,1001342,10,Roegadyn,Hellsguard,Male,,Gridania,North Shroud,24-13
Louisoix,Louisoix,exact,louisoix,1,1060022,10,Elezen,Wildwood Elezen,Male,,Sharlayan,Gridania,6-2
Loutish Lad,Loutish Lad,exact,loutish lad,1,1001494,10,Hyur,Midlander,Male,,Ul'dah,Ul'dah Opening,4-7
Louviaune,Louviaune,exact,louviaune,1,1000165,10,Elezen,Wildwood Elezen,Female,Merchant,Limsa Lominsa,Limsa Lominsa,6-6
Ludovraint,Ludovraint (1.x),exact,ludovraint,1,1500073,15,Elezen,Wildwood Elezen,Male,Gatewarden,Ul'dah,Central Thanalan,27-25
Luilda,Luilda,exact,luilda,1,1001082,10,Hyur,Midlander,Female,,Gridania,Gridania,6-3
Luitfrid,Luitfrid,exact,luitfrid,1,1000568,10,Hyur,Highlander,Male,,Gridania,Gridania,8-2
Lulumo,Lulumo,exact,lulumo,1,1001429,10,Lalafell,,Male,,Ul'dah,Ul'dah,5-3
Lulutsu,Lulutsu,exact,lulutsu,1,1000863,10,Lalafell,,Male,,Ul'dah,Ul'dah,
Lunnie,Lunnie (1.x),exact,lunnie,1,1500209,15,Elezen,,Male,,Ul'dah,Ul'dah,
Lycelle,Lycelle (1.x),exact,lycelle,1,1500108,15,Elezen,,Female,,Ishgard,Coerthas Western Highlands,19-19
Lyngsath Doesfalksyn,Lyngsath,exact,lyngsath,1,1000139,10,Roegadyn,Sea Wolves,Male,Guildmaster,Limsa Lominsa,Limsa Lominsa,3-7
Lyngwaek,Lyngwaek,exact,lyngwaek,1,1000647,10,Roegadyn,,Male,,Ul'dah,Ul'dah,
M'septha,M'septha,exact,m'septha,1,1500392,15,Miqo'te,Seekers of the Sun,Female,Mercantile House Representative,Limsa Lominsa,Limsa Lominsa,7-5
M'zimzizi,M'zimzizi (1.x),exact,m'zimzizi,1,1000061,10,Miqo'te,Seekers of the Sun,Female,,Limsa Lominsa,Limsa Lominsa,7-7
Maddeline,Maddeline,exact,maddeline,1,1001078,10,Hyur,Midlander,Female,,Gridania,Gridania,7-3
Maddened Miner,Maddened Miner,exact,maddened miner,1,1001284,10,,,,,Ul'dah,Ul'dah,6-6
Maenne,Maenne,exact,maenne,1,1600121,16,,,,Merchant,Gridania,North Shroud,20-20
Maetistym,Maetistym,exact,maetistym,1,1000337,10,Roegadyn,Sea Wolves,Male,,Limsa Lominsa,Limsa Lominsa,5-6
Magaswyn,Magaswyn,exact,magaswyn,1,1001308,10,Roegadyn,Sea Wolves,Male,,,Eastern La Noscea,31-18
Maisenta,Maisenta,exact,maisenta,1,1001188,10,Hyur,Midlanders,Female,Wholesale Merchant,Gridania,Gridania,8-5
Maisie,Maisie,exact,maisie,1,1000173,10,Hyur,Midlander,Female,,Limsa Lominsa,Limsa Lominsa,6-6
Maladjusted Midlander,Maladjusted Midlander,exact,maladjusted midlander,1,6000343,60,Hyur,Midlander,Female,,Gridania,Gridania,
Malicious Miqo'te,Malicious Miqo'te,exact,malicious miqo'te,1,1001226,10,Miqo'te,Seekers of the Sun,Female,,Ala Mhigo,Western Thanalan,13-35
Mamaza,Mamaza,exact,mamaza,1,1000652,10,Lalafell,,Female,Miner,Ul'dah,Ul'dah,6-6
Mammet,Mammet (Eshtaime's Lapidaries),exact,mammet,5,1001451 1001452 1001453 1001454 1001455,10,Mammet,,,,Ul'dah,Ul'dah,6-6
Mammet,Mammet (Eshtaimes Lapidaries Ladder),exact,mammet,5,1001451 1001452 1001453 1001454 1001455,10,Mammet,,,,Ul'dah,Ul'dah,6-6
Mammet,Mammet (Frondale's Phrontistery),exact,mammet,5,1001451 1001452 1001453 1001454 1001455,10,Mammet,,,,Ul'dah,Ul'dah,5-6
Mammet,Mammet (Merchant Strip),exact,mammet,5,1001451 1001452 1001453 1001454 1001455,10,Mammet,,,,Ul'dah,Ul'dah,5-4
Mammet,Mammet (Sunsilk Tapestries),exact,mammet,5,1001451 1001452 1001453 1001454 1001455,10,Mammet,,,,Ul'dah,Ul'dah,6-5
Manic Miner,Manic Miner,exact,manic miner,1,1001283,10,,,,,Ul'dah,Ul'dah,6-6
Manine,Manine,exact,manine,1,1500068,15,Elezen,Wildwood Elezen,Female,Gatewarden,Gridania,Central Shroud,32-33
Mannskoen,Mannskoen,exact,mannskoen,1,1000142,10,Roegadyn,Sea Wolves,Male,,Limsa Lominsa,Limsa Lominsa,2-6
Marcelain,Marcelain (1.0),exact,marcelain,1,1600082,16,Elezen,Duskwight Elezen,Male,Merchant,Limsa Lominsa,Limsa Lominsa,7-7
Marcelloix,Marcelloix (1.x),exact,marcelloix,1,1000596,10,Elezen,Duskwight Elezen,Male,Carpenter,Gridania,,
Marcette,Marcette,exact,marcette,1,1001583,10,Elezen,Wildwood Elezen,Female,Researcher,Gridania,Gridania,6-5
Mareillie,Mareillie,exact,mareillie,1,1001508,10,Elezen,Wildwood Elezen,Female,Yellowjacket,Limsa Lominsa,Limsa Lominsa,6-4
Marette,Marette,other-locale,serpent lieutenant marette,2,1001620 1002106,10,Elezen,Wildwood Elezen,Female,Event NPC,Gridania,Gridania,6-5
Margerete,Margerete,spelling-folded,margarete,1,1000645,10,Hyur,Midlander,Female,,Ul'dah,Ul'dah,7-5
Maroile,Maroile,exact,maroile,1,1000512,10,Elezen,Duskwight Elezen,Male,,Gridania,Gridania,2-1
Martiallais,Martiallais (1.0),exact,martiallais,1,1000134,10,Elezen,Wildwood Elezen,Male,,Limsa Lominsa,Limsa Lominsa,7-7
Martine,Martine,exact,martine,1,1000656,10,Hyur,Midlander,Male,,Ul'dah,Ul'dah,6-5
Matheonien,Matheonien,exact,matheonien,1,1600021,16,Elezen,Wildwood Elezen,Male,Merchant,Gridania,Gridania,7-3
Mathye,Mathye,exact,mathye,1,1001432,10,Hyur,Highlander,Male,Wood Wailer,Gridania,Gridania,6-7
Maunie,Maunie,exact,maunie,1,1000271,10,Elezen,,Female,,Limsa Lominsa,Limsa Lominsa,7-5
Meara,Meara,exact,meara,1,1500115,15,Hyur,Midlander,Female,Repair Merchant,Gridania,Gridania,3-8
Meditative Miqo'te,Meditative Miqo'te,exact,meditative miqo'te,1,1000993,10,Miqo'te,Seekers of the Sun,Female,,Ul'dah,Ul'dah,5-5
Melancholy Miner,Melancholy Miner,exact,melancholy miner,2,1000697 1700020,10 17,Elezen,Wildwood Elezen,Female,Miner,Ul'dah,Ul'dah,6-6
Melisie,Melisie (1.x),exact,melisie,1,1001009,10,Elezen,,Female,,Ul'dah,Ul'dah,5-4
Memama,Memama,exact,memama,1,1001706,10,Lalafell,,Female,,Gridania,Gridania,6-6
Memenugu,Memenugu,exact,memenugu,1,1001913,10,Lalafell,Dunesfolk,Male,,Ishgard,Mor Dhona,17-20
Meredithe,Meredithe,exact,meredithe,1,1001993,10,Hyur,Midlander,Female,Event NPC,,Ul'dah,5-3
Merewina,Merewina,exact,merewina,1,1500125,15,Hyur,Midlander,Female,,,Limsa Lominsa,5-7
Merlwyb Bloefhiswyn,Merlwyb,exact,merlwyb,2,1001568 1002025,10,Roegadyn,Sea Wolves,Female,Admiral,Limsa Lominsa,Limsa Lominsa,0-0
Merlzirn,Merlzirn,exact,merlzirn,1,1000472,10,Roegadyn,Sea Wolves,Male,,Limsa Lominsa,Limsa Lominsa,6-2
Merodaulyn,Merodaulyn,exact,merodaulyn,1,1000008,10,,,Male,,,,
Mestonnaux,Mestonnaux,exact,mestonnaux,1,1001103,10,Elezen,Duskwight Elezen,Male,,Gridania,Gridania,4-3
Mharelak,Mharelak,exact,mharelak,1,1001063,10,Roegadyn,,Male,,Limsa Lominsa,Limsa Lominsa,4-7
Mhustym,Mhustym,exact,mhustym,1,1000678,10,Roegadyn,,Male,,Ishgard,Coerthas Western Highlands,19-19
Mianne,Mianne,exact,mianne,1,1000832,10,Elezen,,Female,,Gridania,Gridania,8-5
Mildthryth,Mildthryth,exact,mildthryth,1,1500078,15,Hyur,Midlander,Female,Gatewarden,Ishgard,Coerthas Central Highlands,18-39
Milgogo,Milgogo,exact,milgogo,1,1001422,10,Lalafell,,Male,Syndicate Bodyguard,Ul'dah,Ul'dah,6-5
Militia Archer,Militia Archer (Aleport),exact,militia archer,3,1002075 1002076 1002077,10,Roegadyn,Sea Wolves,Male,Militia Archer,Limsa Lominsa,Western La Noscea,11-23
Militia Archer,Militia Archer (Hyrstmill),exact,militia archer,3,1002075 1002076 1002077,10,Elezen,Wildwood Elezen,Male,Militia Archer,Gridania,North Shroud,
Militia Captain Carmine,Militia Captain Carmine,exact,militia captain carmine,2,1500317 1500341,15,Hyur,Midlander,Male,Militia Captain,Ul'dah,"Eastern Thanalan, The Battle for the Golden Bazaar",38-19
Militia Captain Rhotblaet,Militia Captain Rhotblaet,exact,militia captain rhotblaet,2,1500315 1500340,15,Roegadyn,Sea Wolves,Male,Militia Captain,Limsa Lominsa,"Western La Noscea, The Battle for Aleport",12-23
Militia Captain Rontremont,Militia Captain Rontremont,exact,militia captain rontremont,2,1500319 1500342,15,Elezen,Wildwood Elezen,Male,Militia Captain,Gridania,"North Shroud, The Battle for Hyrstmill",
Militia Outrider,Militia Outrider,exact,militia outrider,1,1500205,15,Hyur,Midlander,Male,,,"Central Thanalan, Lower La Noscea, Central Shroud","25-26, 26-31, 25-28"
Militia Quartermaster B'davzzi,Militia Quartermaster B'davzzi,exact,militia quartermaster b'davzzi,2,1500433 1500435,15,Miqo'te,Seekers of the Sun,Female,Militia Quartermaster,Limsa Lominsa,"Western La Noscea, The Battle for Aleport",12-23
Militia Quartermaster Dhebi Polaali,Militia Quartermaster Dhebi Polaali,exact,militia quartermaster dhebi polaali,2,1500320 1500387,15,Miqo'te,Keepers of the Moon,Female,Militia Quartermaster,Gridania,North Shroud,
Militia Quartermaster P'lhabgo,Militia Quartermaster P'lhabgo,exact,militia quartermaster p'lhabgo,2,1500434 1500436,15,Miqo'te,Seekers of the Sun,Female,Militia Quartermaster,Ul'dah,"Eastern Thanalan, The Battle for the Golden Bazaar",38-19
Millith Ironheart,Millith Ironheart (1.x),exact,millith ironheart,1,1500278,15,Hyur,Midlander,Female,Archeologist,Gridania,South Shroud,35-43
Mimidoa Nanadoa,Mimidoa,exact,mimidoa,4,1000176 1001518 9114465 9114466,10 91,Lalafell,,Male,Blacksmith,Limsa Lominsa,Limsa Lominsa,x-x
Mimina,Mimina,exact,mimina,1,1500099,15,Lalafell,Plainsfolk,Female,Quartermaster,Ul'dah,Central Thanalan,27-26
Mimio,Mimio,other-locale,flame sergeant mimio mio,2,1001625 1002111,10,Lalafell,Dunesfolk,Male,Event NPC,Ul'dah,Ul'dah,5-3
Mimiroon,Mimiroon,exact,mimiroon,1,1000221,10,Qiqirn,,,,Limsa Lominsa,Limsa Lominsa,4-7
Mimishu,Mimishu,exact,mimishu,1,1001472,10,Lalafell,,Female,,Ul'dah,Ul'dah,5-3
Minerva,Minerva (1.x),exact,minerva,1,1000783,10,Hyur,Midlander,Female,,Ul'dah,Ul'dah,6-4
Minfilia,Minfilia,exact,minfilia,1,1000843,10,Hyur,Midlander,Female,Leader,Ul'dah,Ul'dah,4-4
Miounne,Miounne,exact,miounne,2,1000230 1700029,10 17,Elezen,Duskwight Elezen,Female,Tavernkeeper,Gridania,Gridania,6-6
Miraudont,Miraudont,exact,miraudont,1,1000671,10,Elezen,,Male,,Gridania,North Shroud,20-20
Mitainie,Mitainie,exact,mitainie,1,1000072,10,Elezen,Wildwood Elezen,Female,Wood Wailer,Gridania,Gridania,5-6
Miyaya,Miyaya,exact,miyaya,1,1001074,10,Lalafell,,Female,,Ul'dah,Ul'dah,5-6
Moenskaet the Honorbound,Moenskaet the Honorbound,exact,moenskaet the honorbound,1,1000489,10,Roegadyn,,Male,,,,
Mohtfryd,Mohtfryd,exact,mohtfryd,1,1001170,10,Roegadyn,Sea wolves,Male,Miner,Ul'dah,Ul'dah,6-6
Momodi,Momodi,exact,momodi,1,1000841,10,Lalafell,Dunesfolk,Female,Tavernkeeper,Ul'dah,Ul'dah,4-6
Momofu,Momofu,exact,momofu,1,1500418,15,Lalafell,,Female,Repair Merchant,Limsa Lominsa,Lominsan Mercantile House,1-1
Momoga,Momoga,exact,momoga,1,1001848,10,Lalafell,Plainsfolk,Female,Event NPC,,Gridania,6-5
Momoroon,Momoroon,exact,momoroon,1,1500293,15,Qiqirn,,,Black Market Vendor,Limsa Lominsa,Limsa Lominsa,6-5
Momoroto,Momoroto (1.0),exact,momoroto,1,1500080,15,Lalafell,,Male,Gatewarden,,Coerthas Eastern Lowlands,29-52
Monh Mujuuk,Monh Mujuuk,exact,monh mujuuk,1,1500251,15,Miqo'te,Keepers of the Moon,Female,Repair Merchant,Ul'dah,Central Thanalan,27-26
Montorgains,Montorgains,exact,montorgains,1,1600120,16,Elvaan,,Male,,,Northern Thanalan,25-13
Mordyn,Mordyn,exact,mordyn,1,1000492,10,Hyur,Highlander,Male,Pirate,Limsa Lominsa,,
Morgant,Morgant (1.x),exact,morgant,1,1500396,15,Hyur,,Male,Repair Merchant,Limsa Lominsa,Lominsan Mercantile House,1-1
Moruith,Moruith,exact,moruith,1,1000632,10,Hyur,Midlander,Female,Guild Merchant,Ul'dah,Ul'dah,5-4
Morys,Morys,exact,morys,2,1000505 1000506,10,Hume,Midlander,Male,,Gridania,Central Shroud,25-32
Motte,Motte,exact,motte,1,1001592,10,Hyur,Midlander,Female,Event NPC,Limsa Lominsa,Limsa Lominsa,7-6
Morechaux,Mourechaux,exact,mourechaux,1,1000628,10,Elezen,Wildwood Elezen,Male,,Gridania,Gridania,2-1
Mudede,Mudede,exact,mudede,1,1001790,10,Lalafell,Plainsfolk,Female,Event NPC,Gridania,Gridania,6-5
Mumpish Miqo'te,Mumpish Miqo'te,exact,mumpish miqo'te,1,1000992,10,Miqo'te,Seekers of the Sun,Female,,Ul'dah,Ul'dah Opening,4-7
Mumuepo,Mumuepo the Beholden,exact,mumuepo,2,1000844 1000845,10,Lalafell,Dunesfolk,Male,,Ul'dah,Ul'dah,
Mumukiya,Mumukiya,exact,mumukiya,3,1001165 1001755 1001763,10,Lalafell,Plainsfolk,Male,Miner,Ul'dah,Ul'dah,6-6
Mumuko,Mumuko,exact,mumuko,1,1600025,16,Lalafell,Plainsfolk,Female,Merchant,Gridania,Gridania,8-3
Mumutano,Mumutano (1.x),exact,mumutano,1,1001423,10,Lalafell,,Male,Syndicate Guard,Ul'dah,Ul'dah,6-5
Mun-Tuy Battlewarden,Mun-Tuy Battlewarden,exact,mun-tuy battlewarden,1,1500042,15,Hyur,Highlander,Male,Battlewarden,Gridania,The Mun-Tuy Cellars,7-6
Murlskylt,Murlskylt,exact,murlskylt,1,1001704,10,Roegadyn,,Male,,Limsa Lominsa,Limsa Lominsa,1-1
Muscle-bound Deckhand,Muscle-bound Deckhand,exact,muscle-bound deckhand,1,1000261,10,lalafell,Plainsfolk,Male,,Limsa Lominsa,Limsa Lominsa,3-5
Muscular Miner,Muscular Miner,exact,muscular miner,2,1000690 1700013,10 17,Roegadyn,Sea Wolves,Male,,,Ul'dah,x-x
Mutamix Bubblypots,Mutamix Bubblypots,exact,mutamix bubblypots,1,1001727,10,Goblin,,Male,Materia Mentor,,Central Thanalan,29-20
Myles,Myles,exact,myles,1,1001348,10,Hyur,Midlanders,Male,,Gridania,South Shroud,44-47
Mynadaeg,Mynadaeg,exact,mynadaeg,1,1000130,10,Roegadyn,Sea Wolves,Male,,Limsa Lominsa,Limsa Lominsa,6-2
Myndeidin,Myndeidin,exact,myndeidin,1,1001300,10,Roegadyn,Sea Wolf,Male,,Limsa Lominsa,Western La Noscea,12-24
Mytesyn,Mytesyn,exact,mytesyn,1,1000167,10,Roegadyn,Sea Wolves,Male,,Limsa Lominsa,Limsa Lominsa,7-5
N'canago,N'canago,exact,n'canago,1,1600063,16,Miqo'te,,Female,Merchant,,Coerthas Central Highlands,
N'nagali,N'nagali,exact,n'nagali,1,1000336,10,Miqo'te,Seekers of the Sun,Female,,Limsa Lominsa,Limsa Lominsa,5-5
N'nmulika,N'nmulika,exact,n'nmulika,1,1000153,10,Miqo'te,Seekers of the Sun,Female,,Limsa Lominsa,Limsa Lominsa,6-6
Nahctahr,Nahctahr,exact,nahctahr,1,1000613,10,Roegadyn,Sea Wolves,Male,Quartermaster,Limsa Lominsa,Lower La Noscea,25-29
Naida Zamaida,Naida Zamaida,exact,naida zamaida,1,1000955,10,Lalafell,,Male,,Ul'dah,Ul'dah,7-4
Naih Khamazom,Naih Khamazom,exact,naih khamazom,1,1600119,16,Miqote,Keepers of the Moon,Female,Merchant,Gridania,Gridania,6-6
Nanaka,Nanaka,exact,nanaka,1,1000276,10,Lalafell,,Female,,Limsa Lominsa,Limsa Lominsa,7-5
Nanapiri,Nanapiri,exact,nanapiri,1,1000136,10,Lalafell,,Male,,Limsa Lominsa,Limsa Lominsa,4-7
Nanawa Mines Battlewarden,Nanawa Mines Battlewarden,exact,nanawa mines battlewarden,1,1500031,15,Lalafell,,Male,Battlewarden,Ul'dah,Nanawa Mines,6-6
Nashu Mhakaracca,Nashu Mhakaracca,exact,nashu mhakaracca,2,1001996 1002100,10,Miqo'te,Keepers of the Moon,Female,Inspector's Aide,,"Ul'dah, Gridania","5-5, 5-5"
Nathaniel,Nathaniel,exact,nathaniel,1,1001349,10,Hyur,Midlanders,Male,,Gridania,South Shroud,44-47
Navarre,Navarre,exact,navarre,1,1500391,15,Hyur,Midlander,Male,Mercantile House Representative,Limsa Lominsa,Lominsan Mercantile House,1-1
Ndha Jakkya,Ndha Jakkya,exact,ndha jakkya,1,1500107,15,Miqo'te,,Female,,,Coerthas Central Lowlands,33-35
Neale,Neale,exact,neale,1,1000090,10,Hyur,Midlander,Male,,Limsa Lominsa,Limsa Lominsa,4-7
Nedrick Ironheart,Nedrick Ironheart,exact,nedrick ironheart,1,1500277,15,Hyur,Midlander,Male,Topographer,,Coerthas Eastern Lowlands,63-34
Nellaure,Nellaure,exact,nellaure,1,1000821,10,Elezen,Wildwood Elezen,Female,,Gridania,Gridania,5-5
Nenekani,Nenekani,exact,nenekani,1,1001374,10,Lalafell,,Male,,,Ul'dah,4-4
Nenekko,Nenekko,exact,nenekko,2,1000604 1000888,10,Lalafell,,Female,,Ul'dah,Ul'dah,
Nervous Barracuda Knight,Nervous Barracuda Knight,exact,nervous barracuda knight,1,1000096,10,Miqo'te,Seekers of the Sun,Female,,Limsa Lominsa,Limsa Lominsa,2-6
Neymi Funomi,Neymi Funomi,exact,neymi funomi,1,1001716,10,Lalafell,,Male,,Ul'dah,Ul'dah,
Neymumu,Neymumu,exact,neymumu,1,1001419,10,Lalafell,,Male,,Ul'dah,Ul'dah,7-6
Nhagi Amariyo,Nhagi Amariyo,exact,nhagi amariyo,1,1000653,10,Miqo'te,Keepers of the Moon,Female,Dancer,Ul'dah,Ul'dah,6-6
Nheu Jawantal,Nheu Jawantal,exact,nheu jawantal,1,1000248,10,Miqo'te,Keepers of the Moon,Female,,Limsa Lominsa,Limsa Lominsa,6-2
Nicia,Nicia,exact,nicia,1,1001434,10,Hyur,Midlander,Female,Wood Wailer,Gridania,Gridania,5-6
Nicolaa,Nicolaa,exact,nicolaa,1,1001841,10,Hyur,Midlander,Female,Event NPC,,Limsa Lominsa,7-6
Nicoliaux,Nicoliaux,exact,nicoliaux,3,1000409 1002071 1700025,10 17,Elezen,Wildwood Elezen,Male,,Gridania,Gridania,5-5
Nine Ivies Battlewarden,Nine Ivies Battlewarden,exact,nine ivies battlewarden,1,1500035,15,Hyur,Highlander,Male,Battlewarden,Gridania,East Shroud,48-29
Ninianne,Ninianne,exact,ninianne,1,1000473,10,Elezen,Wildwood Elezen,Female,,Limsa Lominsa,Limsa Lominsa,5-2
Ninipu,Ninipu,exact,ninipu,1,1001824,10,Lalafell,Dunesfolk,Male,Event NPC,,Limsa Lominsa,7-6
Niublaet,Niublaet,exact,niublaet,1,1000488,10,Roegadyn,,Male,,,,
Noes,Noes,exact,noes,1,1000630,10,Hyur,Midlander,Male,,Gridania,Gridania,6-2
Nogeloix,Nogeloix,exact,nogeloix,1,1000597,10,Elezen,Wildwood Elezen,Male,,Ul'dah,Ul'dah,5-6
Nokksu Shanksu,Nokksu Shanksu,exact,nokksu shanksu,1,1001438,10,Lalafell,,Male,,Ul'dah,Ul'dah,7-5
Noline,Noline,exact,noline,1,1000158,10,Elezen,,Female,Guild Merchant,Limsa Lominsa,Limsa Lominsa,7-3
Nomomo,Nomomo,exact,nomomo,1,1001392,10,Lalafell,Plainsfolk,Female,,Ul'dah,Central Thanalan,27-25
Nonco Menanco,Nonco Menanco,exact,nonco menanco,1,1000430,10,Lalafell,Plainsfolk,Male,,Gridania,Gridania,6-6
Nonolato,Nonolato,exact,nonolato,1,1000463,10,Lalafell,Plainsfolk,Male,,Gridania,Gridania,8-5
Nonoru,Nonoru,exact,nonoru,1,1001377,10,Lalafell,,Female,,,Ul'dah,4-4
Nonosu,Nonosu,exact,nonosu,1,1600078,16,Lalafell,,Female,Merchant,Ul'dah,Ul'dah,4-5
Nonowato,Nonowato (1.x),exact,nonowato,1,1500409,15,Lalafell,,Male,Repair Merchant,Ul'dah,Ul'dahn Mercantile House,1-1
Norbettaux,Norbettaux (1.x),exact,norbettaux,1,1600041,16,Elezen,Wildwood Elezen,Male,Merchant,Ul'dah,Ul'dah,7-6
Norlaise,Norlaise,exact,norlaise,1,1600117,16,,,,Merchant,Gridania,West Shroud,32-12
Nortmoen,Nortmoen (1.0),exact,nortmoen,1,1600042,16,Roegadyn,Sea Wolves,Male,Merchant,Ul'dah,Ul'dah,6-6
Notrelchamps,Notrelchamps,exact,notrelchamps,1,1001461,10,Elezen,Duskwight Elezen,Male,Guild Merchant,Limsa Lominsa,Limsa Lominsa,7-7
Nuala,Nuala,exact,nuala,1,1000681,10,Hyur,Midlander,Female,,Gridania,Gridania,8-2
Nunuba,Nunuba,exact,nunuba,1,1000004,10,Lalafell,Dunesfolk,Female,,Limsa Lominsa,Limsa Lominsa,7-4
Nymiene,Nymiene,exact,nymiene,1,1001578,10,,,Female,,,Thanalan,22-29
Nystbyrm,Nystbyrm,exact,nystbyrm,1,1600007,16,Roegadyn,Sea Wolves,Male,Merchant,Limsa Lominsa,Limsa Lominsa,5-5
Nyunoeya,Nyunoeya,exact,nyunoeya,1,1000633,10,Roegadyn,,Male,Guild Merchant,Ul'dah,Ul'dah,4-5
O'adebh,O'adebh,exact,o'adebh,1,1001299,10,Miqote,Seekers of the Sun,Female,,Limsa Lominsa,Western La Noscea,11-24
O'dhinek,O'dhinek,exact,o'dhinek,1,1000829,10,Miqo'te,Seekers of the Sun,Female,,Gridania,Gridania,8-5
O'kalkaya,O'kalkaya,exact,o'kalkaya,1,1000491,10,,,,,,,
O'pondhao,O'pondhao,exact,o'pondhao,1,1000781,10,Miqo'te,Seekers of the Sun,Female,,Ul'dah,Ul'dah,4-6
O-App-Pesi,O-App-Pesi,exact,o-app-pesi,3,1000033 1000235 1000679,10,Padjal,,Male,Conjurer,Gridania,,
Obili Tambili,Obili Tambili,exact,obili tambili,1,1001073,10,Lalafell,,Male,,Ul'dah,Ul'dah,5-6
Ococo,Ococo,exact,ococo,1,1000666,10,Lalafell,,Male,,Ul'dah,Ul'dah,7-3
Odeve,Odeve,exact,odeve,1,1001360,10,Elezen,,Female,,,,61-33
Odibrand,Odibrand,exact,odibrand,1,1500152,15,Hyur,Midlander,Male,Merchant,Gridania,Armorfitters Den,1-1
Odilie,Odilie,exact,odilie,1,1000434,10,Elezen,Wildwood Elezen,Female,,Gridania,Gridania,6-6
Oefyrblaet,Oefyrblaet,exact,oefyrblaet,1,1000642,10,Roegadyn,,Male,,Ul'dah,Ul'dah,5-6
Oha-Sok,Oha-Sok,exact,oha-sok,1,1060030,10,Elemental,,,,,North Shroud,
Olyffe,Olyffe,exact,olyffe,1,1001842,10,Hyur,Midlander,Female,Event NPC,,Gridania,6-5
Onguen,Onguen,exact,onguen,1,1000074,10,Hyur,Midlander,Female,,Gridania,Gridania,4-3
Onyx-haired Adventurer,Onyx-haired Adventurer,exact,onyx-haired adventurer,1,1000098,10,Elezen,Wildwood Elezen,Female,,Limsa Lominsa,Limsa Lominsa,5-7
Ophellia,Ophellia,exact,ophellia,1,1001843,10,Hyur,Midlander,Female,Event NPC,,Ul'dah,5-3
Opyltyl,Opyltyl,exact,opyltyl,1,1000236,10,Roegadyn,,Male,,Gridania,Gridania,4-3
Orrick,Orrick,exact,orrick,1,1500274,15,Hyur,Midlander,Male,,,Ul'dah,5-3
Orrick Ballard,Orrick Ballard,surname-dropped,orrick,1,1500274,15,,,,,,,
Ortefauchel,Ortefauchel,exact,ortefauchel,1,1001499,10,Elezen,Duskwight Elezen,Male,Gatekeeper,Ishgard,Coerthas Central Highlands,18-35
Ortolf,Ortolf,exact,ortolf,1,1000348,10,Hyur,Highlander,Male,,Limsa Lominsa,Limsa Lominsa,5-6
Oscarlet,Oscarlet (1.x),exact,oscarlet,1,1500431,15,Elezen,Wildwood Elezen,Male,Merchant,Gridania,North Shroud,
Osgar,Osgar,exact,osgar,1,1600017,16,Hume,Highlander,Male,Merchant,Gridania,Gridania,6-5
Ositha,Ositha,exact,ositha,1,1000194,10,Hyur,Midlander,Female,,Limsa Lominsa,Limsa Lominsa,4-7
Ossuary Almstaker,Ossuary Almstaker (NPC),exact,ossuary almstaker,1,1000605,10,Lalafell,Dunesfolk,Female,Almstaker,Ul'dah,Western Thanalan,14-34
Otho,Otho,exact,otho,1,1001333,10,Hyur,Highlander,Male,,Ala Mhigo,Eastern Thanalan,32-38
Otopa Pottopa,Otopa Pottopa,exact,otopa pottopa,1,1000864,10,Lalafell,Plainsfolk,Male,,Ul'dah,Ul'dah,4-6
Ouvielle,Ouvielle,exact,ouvielle,1,1000907,10,Elezen,,Female,,,Eastern Thanalan,
Over Competitive Adventurer,Over Competitive Adventurer,punctuation-folded,overcompetitive adventurer,1,1000807,10,Hyur,Midlander,Female,,Ul'dah,Ul'dah,4-6
Over-eager Barracuda Knight,Over-eager Barracuda Knight,punctuation-folded,overeager barracuda knight,1,1000107,10,Roegadyn,Sea Wolves,Male,,Limsa Lominsa,Limsa Lominsa,2-6
Overweening Thaumaturge,Overweening Thaumaturge,exact,overweening thaumaturge,1,1000607,10,Lalafell,,Female,,Ul'dah,Ul'dah,4-5
Overweening Woman,Overweening Woman,exact,overweening woman,1,1000259,10,Lalafell,,Female,,Limsa Lominsa,Limsa Lominsa,6-3
Owyne,Owyne,exact,owyne,1,1001436,10,Hyur,Midlander,Male,Wood Wailer,Gridania,Gridania,4-4
Owyne Cosserand,Owyne Cosserand,surname-dropped,owyne,1,1001436,10,,,,,,,
P'ndolobo,P'ndolobo,exact,p'ndolobo,1,1600006,16,Miqo'te,Seekers of the Sun,Female,Merchant,Limsa Lominsa,Limsa Lominsa,5-5
P'sonjha,P'sonjha,exact,p'sonjha,1,1600043,16,Miqo'te,Seekers of the Sun,Female,Merchant,Ul'dah,Ul'dah,6-4
P'tahjha,P'tahjha,exact,p'tahjha,1,1000150,10,Miqo'te,Seekers of the Sun,Female,,Limsa Lominsa,Limsa Lominsa,4-5
Pack Chocobo,Pack Chocobo,exact,pack chocobo,3,1500228 1500229 1500230,15,Chocobo,,,,,"South Shroud,North Shroud","38-49,21-16"
Padaku Sondaku,Padaku Sondaku,exact,padaku sondaku,1,1001329,10,Lalafell,,Male,,Ul'dah,Western Thanalan,35-13
Pahja Zhwan,Pahja Zhwan,exact,pahja zhwan,1,1001840,10,Miqo'te,Keeper of the Moon,Female,,Ul'dah,Ul'dah,6-6
Pamisolaux,Pamisolaux (1.x),exact,pamisolaux,1,1600040,16,Elezen,Wildwood Elezen,Male,Merchant,Ul'dah,Ul'dah,6-6
Panha Jaab,Panha Jaab,exact,panha jaab,1,1500079,15,Miqo'te,,Female,Gatewarden,Ishgard,Coerthas Eastern Highlands,48-9
Papala,Papala,exact,papala,1,1001316,10,Lalafell,Plainsfolk,Female,,Ul'dah,Eastern Thanalan,19-37
Papalymo,Papalymo,exact,papalymo,2,1000010 1002070,10,Lalafell,Plainsfolk,Male,Thaumaturge,Gridania,,
Papatori,Papatori,exact,papatori,1,1500247,15,Lalafell,Plainsfolk,Male,Repair Merchant,Ul'dah,Southern Thanalan,43-40
Papawa,Papawa,exact,papawa,1,1000962,10,Lalafell,,Female,,Ul'dah,Ul'dah,5-5
Papawazu,Papawazu,exact,papawazu,1,1600114,16,,,,Merchant,,Western La Noscea,7-20
Pasty-faced Adventurer,Pasty-faced Adventurer,exact,pasty-faced adventurer,1,1000264,10,Lalafell,,Male,,Limsa Lominsa,Limsa Lominsa,3-5
Patrick,Patrick (1.0),exact,patrick,1,1001358,10,Hyur,Midlander,Male,,,Coerthas Eastern Lowlands,63-35
Paul,Paul,exact,paul,1,1000677,10,Hyur,Midlander,Male,,Ishgard,Coerthas Eastern Highlands,48-9
Pearly-toothed Porter,Pearly-toothed Porter,exact,pearly-toothed porter,1,1000260,10,Hyur,Midlander,Male,,Limsa Lominsa,Limsa Lominsa,3-5
Pelhi Epocan,Pelhi Epocan,exact,pelhi epocan,1,1001753,10,Miqo'te,Keepers of the Moon,Female,,Ul'dah,Ul'dah,2-1
Peneli Zuneli,Peneli Zuneli,exact,peneli zuneli,1,1001421,10,Lalafell,,Male,,Ul'dah,Ul'dah,7-6
Penelope,Penelope,exact,penelope,2,1001033 1700001,10 17,Hyur,Midlander,Female,,Gridania,Gridania,6-6
Pepeli,Pepeli,exact,pepeli,1,1000670,10,Lalafell,,Female,,Gridania,Central Shroud,32-34
Perturbed Pugilist,Perturbed Pugilist,exact,perturbed pugilist,1,1001045,10,Roegadyn,,Male,,Ul'dah,Ul'dah,5-5
Pfarahr,Pfarahr,exact,pfarahr,1,1001707,10,Roegadyn,,Male,,Gridania,Gridania,6-6
Pfynhaemr,Pfynhaemr,exact,pfynhaemr,1,1000060,10,Roegadyn,Sea Wolves,Male,,Limsa Lominsa,Limsa Lominsa,7-7
Pienne,Pienne (1.x),exact,pienne,1,1500407,15,Elezen,Duskwight Elezen,Female,,Limsa Lominsa,Lominsan Mercantile House,1-1
Pierriquet,Pierriquet,exact,pierriquet,1,1001169,10,Elezen,Wildwood Elezen,Male,Miner,Ul'dah,Ul'dah,6-6
Piers,Piers,exact,piers,1,1000626,10,Hyur,Midlander,male,,Gridania,Gridania,5-8
Pimelle,Pimelle,exact,pimelle,1,1600059,16,Elezen,Wildwood Elezen,Female,Merchant,Ul'dah,Ul'dah,5-4
Pine-scented Pirate,Pine-scented Pirate,exact,pine-scented pirate,2,1000088 1000872,10,Elezen,Wildwood Elezens,Female,,Limsa Lominsa,Limsa Lominsa,2-6
Piralnaut,Piralnaut,exact,piralnaut,2,1500001 9114411,15 91,Elezen,,Male,Regional Guildleve Master,Limsa Lominsa,Limsa Lominsa,7-5
Pissed Pirate,Pissed Pirate,exact,pissed pirate,1,1000258,10,Roegadyn,Sea Wolves,Male,,Limsa Lominsa,Limsa Lominsa,6-3
Plush Moogle,Plush Moogle,exact,plush moogle,1,1001957,10,Moogle,,,,,West Shroud,15-38
Pofufu,Pofufu,exact,pofufu,1,1000432,10,Lalafell,Plainsfolk,Male,,Gridania,Gridania,6-6
Popoka,Popoka,exact,popoka,1,1001849,10,Lalafell,Plainsfolk,Female,Event NPC,,Ul'dah,5-3
Popokkuli,Popokkuli,exact,popokkuli,2,1000040 1000857,10,Lalafell,Dunesfolk,Male,Miner,Ul'dah,"Ul'dah, Central Thanalan",
Popori,Popori,exact,popori,1,1000651,10,Lalafell,,Female,,Ul'dah,Ul'dah,5-4
Positively Pungent Pirate,Positively Pungent Pirate,exact,positively pungent pirate,1,1000284,10,Roegadyn,Sea Wolves,Male,,Limsa Lominsa,Limsa Lominsa,4-5
Powle,Powle,exact,powle,3,1000238 1000624 1002073,10,Hyur,Midlander,Female,Youngling,Gridania,Gridania,5-5
Prattling Adventurer,Prattling Adventurer,exact,prattling adventurer,1,1000449,10,Hyur,Midlander,Female,,,Limsa Lominsa Opening,
Priorfaix,Priorfaix,exact,priorfaix,1,1600112,16,,,,Merchant,,Mor Dhona,8-10
Proscen,Proscen,exact,proscen,1,1001339,10,Hyur,Midlander,Female,,Gridania,North Shroud,25-13
Prosperlain,Prosperlain,exact,prosperlain,1,1500127,15,Elezen,Wildwood Elezen,Male,Officer at Arms,Gridania,Gridania,6-2
Prudentia,Prudentia,exact,prudentia,1,1000168,10,Hyur,Midlanders,Male,,Limsa Lominsa,Limsa Lominsa,7-3
Pukiki,Pukiki,exact,pukiki,1,1001189,10,Lalafell,,Female,,Gridania,Gridania,6-4
Pukni Pakk,Pukni Pakk,exact,pukni pakk,1,1001937,10,Moogle,,,,,North Shroud,15-22
Pukno Poki,Pukno Poki,exact,pukno poki,1,1001936,10,Moogle,,,,,South Shroud,42-48
Pukwa Pika,Pukwa Pika,exact,pukwa pika,1,1001836,10,Moogle,,,,,West Shroud,41-18
Pulmia,Pulmia,exact,pulmia,1,1000169,10,Hyur,Midlanders,Female,,Limsa Lominsa,Limsa Lominsa,7-3
Pyha Jawantal,Pyha Jawantal,exact,pyha jawantal,1,1001602,10,Miqo'te,Keepers of the Moon,Female,Stone Torches,,Eastern Thanalan,40-28
Q'kholbeh,Q'kholbeh,exact,q'kholbeh,1,1001986,10,Miqo'te,Seekers of the Sun,Female,Event NPC,,Limsa Lominsa,7-6
Q'mhalawi,Q'mhalawi,exact,q'mhalawi,1,1000969,10,Miqo'te,Seekers of the Sun,Female,,Ul'dah,Ul'dah,5-5
Q'molosi,Q'molosi,exact,q'molosi,1,1001604,10,Miqo'te,Seekers of the Sun,Female,Botanist,,Western La Noscea,7-20
Q'zamqo,Q'zamqo,exact,q'zamqo,1,1001711,10,Miqo'te,Seekers of the Sun,Female,Wood Wailer,Gridania,Gridania,6-6
Qaruru,Qaruru,exact,qaruru,1,1001440,10,Lalafell,,Male,,Ul'dah,Ul'dah,7-4
Qata Nelhah,Qata Nelhah,exact,qata nelhah,1,1001462,10,Miqo'te,,Female,,Ul'dah,Ul'dah,5-4
Qhas Chalahko,Qhas Chalahko,exact,qhas chalahko,1,1000162,10,Miqo'te,Keepers of the Moon,Female,Guild Merchant,Limsa Lominsa,Limsa Lominsa,7-7
Qhom Jinjhal,Qhom Jinjhal,exact,qhom jinjhal,1,1001846,10,Miqo'te,Seeker of the Sun,Female,Event NPC,,Ul'dah,5-3
Qhon Chalahko,Qhon Chalahko,exact,qhon chalahko,1,1500425,15,Miqote,Keepers of the Moon,Female,Repair Merchant,Ul'dah,Ul'dahn Mercantile House,1-1
Qhota Nbolo,Qhota Nbolo,exact,qhota nbolo,1,1001171,10,Miqo'te,Keepers of the Moon,Female,Dancer,Ul'dah,Ul'dah,6-6
Qoqoba,Qoqoba,exact,qoqoba,2,1000855 1000856,10,Lalafell,,Female,,Ul'dah,Ul'dah,
Qualmish Miner,Qualmish Miner,exact,qualmish miner,2,1000699 1700022,10 17,Miqo'te,Seekers of the Sun,Female,,,Ul'dah,x-x
Quenburga,Quenburga,exact,quenburga,1,1001365,10,Hyur,Midlander,Female,,,,
Quiloud,Quiloud,exact,quiloud,1,1600052,16,Elezen,Wildwood Elezen,Male,Merchant,Ul'dah,Ul'dah,7-4
Quimperain,Quimperain,exact,quimperain,1,1600086,16,Elezen,Duskwight Elezen,Male,Merchant,Ul'dah,Ul'dah,5-6
Ququmi,Ququmi,exact,ququmi,1,1001991,10,Lalafell,Plainsfolk,Female,Event NPC,,Ul'dah,(5-3)
R'baharra,R'baharra,exact,r'baharra,1,1000340,10,Miqo'te,Seekers of the Sun,Female,,Limsa Lominsa,Limsa Lominsa,4-5
R'djongo,R'djongo,exact,r'djongo,1,1000837,10,Miqo'te,Seekers of the Sun,Female,,Gridania,Gridania,3-1
R'dyunbu,R'dyunbu,exact,r'dyunbu,1,1500070,15,Miqo'te,Seekers of the Sun,Female,,Gridania,North Shroud,20-20
R'zalikko,R'zalikko,exact,r'zalikko,1,1500143,15,Miqo'te,Seekers of the Sun,Female,Merchant,Ul'dah,Spellcraft Row,1-1
Raaka Maaka,Raaka Maaka,exact,raaka maaka,1,1001631,10,Lalafell,,Male,,Limsa Lominsa,Limsa Lominsa,3-5
Radiant Tear,Radiant Tear,exact,radiant tear,1,1001347,10,Roegadyn,Sea Wolves,Male,,Gridania,South Shroud,44-47
Radulf,Radulf,exact,radulf,1,1001334,10,Hyur,Highlander,Male,,Ala Mhigo,Eastern Thanalan,32-38
Raenhyml,Raenhyml,exact,raenhyml,1,1001640,10,Roegadyn,Hellsguard,Male,,Ishgard,Coerthas Central Highlands,36-25
Raging Bull,Raging Bull,exact,raging bull,1,1500421,15,Roegadyn,Hellsguard,Male,Repair Merchant,Gridania,Gridanian Mercantile House,1-1
Raih Kaatapoh,Raih Kaatapoh,exact,raih kaatapoh,1,1600111,16,Miqo'te,Keepers of the Moon,Female,Merchant,Gridania,South Shroud,35-43
Rammbroes,Rammbroes,exact,rammbroes,1,1500271,15,Roegadyn,Hellsguard,Male,,Ul'dah,Eastern Thanalan,38-19
Raplulu,Raplulu,exact,raplulu,1,1001701,10,Lalafell,,Female,,Limsa Lominsa,Limsa Lominsa,1-1
Raragun,Raragun,exact,raragun,1,1000129,10,Lalafell,,Male,,Limsa Lominsa,Limsa Lominsa,5-2
Ratete,Ratete,exact,ratete,1,1500416,15,Lalafell,Dunesfolk,Female,Mercantile House Representative,Gridania,Gridanian Mercantile House,1-1
Raubahn Aldynn,Raubahn,exact,raubahn,2,1002051 1060008,10,Hyur,Highlander,Male,Company Leader,Ul'dah,Ul'dah,1-1
Rauffe,Rauffe,exact,rauffe,1,1500288,15,Hyur,Midlander,Male,Merchant,Gridania,North Shroud,21-16
Rawawa,Rawawa,exact,rawawa,1,1001362,10,Lalafell,,Female,,,,
Raya-O-Senna,Raya-O-Senna,exact,raya-o-senna,1,1001570,10,Padjal,,Female,,Gridania,North Shroud,15-22
Rebeccah,Rebeccah,exact,rebeccah,1,1500273,15,Hyur,Midlander,Female,,Ul'dah,Eastern Thanalan,37-19
Reinholdt,Reinholdt,exact,reinholdt,1,1001987,10,Hyur,Midlander,Male,Event NPC,,Limsa Lominsa,7-6
Relaxing Adventurer,Relaxing Adventurer,exact,relaxing adventurer,1,1000100,10,Elezen,Wildwood Elezen,Male,,Limsa Lominsa,Limsa Lominsa,5-7
Reluctant Boar,Reluctant Boar,exact,reluctant boar,1,1500142,15,Roegadyn,Sea Wolves,Male,Merchant,Ul'dah,Battlecraft Row,1-1
Reremaki,Reremaki,exact,reremaki,1,1600087,16,Lalafell,,Male,Merchant,Limsa Lominsa,Limsa Lominsa,6-3
Rerenasu,Rerenasu,exact,rerenasu,1,1000201,10,Lalafell,Plainsfolk,Male,,Limsa Lominsa,Limsa Lominsa,5-7
Reyner Hansred,Reyner,exact,reyner,2,1000140 1000141,10,Hyur,Midlander,Male,Guildmaster,Limsa Lominsa,Limsa Lominsa,2-6
Rhela Nbolo,Rhela Nbolo,exact,rhela nbolo,1,1001844,10,Miqo'te,Seeker of the Sun,Female,Event NPC,,Limsa Lominsa,7-6
Rhoe Jakkya,Rhoe Jakkya,exact,rhoe jakkya,1,1500426,15,Miqo'te,Keepers of the moon,Female,Mercantile House Representative,Limsa Lominsa,Lominsan Mercantile House,1-1
Rhoswen,Rhoswen,exact,rhoswen,1,1000148,10,Hyur,,Female,,,,
Rhuya Nelhah,Rhuya Nelhah,other-locale,serpent sergeant nelhah,2,1001623 1002109,10,Miqo'te,Keeper of the Moon,Female,Event NPC,Gridania,Gridania,6-5
Richly Attired Maiden,Richly Attired Maiden,exact,richly attired maiden,1,1000914,10,Lalafell,Dunesfolk,Female,,Ul'dah,Ul'dah,5-5
Rickeman,Rickeman,exact,rickeman,1,1001364,10,Hyur,Midlander,Male,,,,
Rimomo,Rimomo,exact,rimomo,1,1001153,10,Lalafell,Dunesfolk,Female,,,North Shroud,25-7
Rinh Maimhov,Rinh Maimhov,exact,rinh maimhov,1,1000646,10,Miqo'te,Keepers of the Moon,Female,,Ul'dah,Ul'dah,7-5
Ririgeo,Ririgeo,exact,ririgeo,1,1500075,15,Lalafell,Dunesfolk,Male,Gatewarden,Ul'dah,Western Thanalan,13-29
Roarich,Roarich,exact,roarich,1,1001191,10,Hyur,Midlander,Male,,Ul'dah,Ul'dah,7-4
Robairlain,Robairlain,exact,robairlain,1,1000050,10,Elezen,Wildwood Elezens,Male,,Limsa Lominsa,Limsa Lominsa,5-5
Robyn,Robyn (1.x),exact,robyn,1,1001444,10,Hyur,Midlander,Female,,Ul'dah,Ul'dah,4-7
Roderic,Roderic,exact,roderic,1,1600035,16,Elezen,Wildwood Elezen,Male,Merchant,Gridania,Gridania,6-5
Roelle,Roelle,exact,roelle,1,1500405,15,Elezen,Wildwood Elezen,Female,Merchant,Gridania,Gridanian Mercantile House,1-1
Ronan Kognan,Ronan Kognan,exact,ronan kognan,1,1001642,10,Lalafell,Plainsfolk,Male,Merchant,Gridania,Gridania,5-5
Ronthfohc,Ronthfohc,exact,ronthfohc,1,1001331,10,Roegadyn,,Male,,Ala Mhigo,Eastern Thanalan,32-38
Roosting Crow,Roosting Crow,exact,roosting crow,1,1001474,10,Roegadyn,,Male,,,Limsa Lominsa,7-2
Rorojaru,Rorojaru,exact,rorojaru,1,1000374,10,Lalafell,,Male,,Ul'dah,Ul'dah,7-4
Rosalind,Rosalind,exact,rosalind,1,1000665,10,Hyur,Midlander,Female,,Ul'dah,Ul'dah,7-6
Rosamund,Rosamund,exact,rosamund,1,1600085,16,Hyur,Midlander,Female,Merchant,Ul'dah,Ul'dah,7-6
Roserette,Roserette,exact,roserette,1,1600055,16,Elezen,Wildwood Elezen,Female,Merchant,Ul'dah,Ul'dah,6-4
Rostnsthal,Rostnsthal,exact,rostnsthal,2,1000005 1001652,10,Roegadyn,,Male,,,,
Roustebant,Roustebant,exact,roustebant,1,1600075,16,Elezen,Wildwood Elezen,Male,Merchant,Gridania,Gridania,7-2
Rowena,Rowena,exact,rowena,1,1500182,15,Hyur,Midlander,Female,Oblation & Runestone Merchant,Ul'dah,Ul'dah,5-4
Roysia,Roysia,exact,roysia,2,1500196 1500232,15,Hyur,Midlander,Female,,Limsa Lominsa,Lower La Noscea,25-29
Rubh Epocan,Rubh Epocan,exact,rubh epocan,1,1000179,10,Miqo'te,,Female,,Limsa Lominsa,Limsa Lominsa,4-5
Ruminating Elezen,Ruminating Elezen,exact,ruminating elezen,1,1000942,10,Elezen,Wildwood Elezen,Male,,Ala Mhigo,Western Thanalan,13-35
Rurubasa,Rurubasa,exact,rurubasa,1,1000490,10,Lalafell,,Male,,,,
Rururaji,Rururaji,exact,rururaji,1,1000840,10,Lalafell,,Male,,Ul'dah,Ul'dah,6-3
Ryd,Ryd,exact,ryd,2,1000412 1700024,10 17,Hyur,Midlander,Female,Youngling,Gridania,Gridania,5-5
Ryssfloh,Ryssfloh,exact,ryssfloh,1,1000359,10,Roegadyn,,Male,,,Lower La Noscea,25-29
S'gnayak,S'gnayak,exact,s'gnayak,1,1600009,16,Miqo'te,Seekers of the Sun,Female,Merchant,Limsa Lominsa,Limsa Lominsa,6-5
S'laiboli,S'laiboli (1.x),exact,s'laiboli,1,1000053,10,Miqo'te,Seekers of the Sun,Female,,Limsa Lominsa,Limsa Lominsa,6-2
S'lyhhia,S'lyhhia,exact,s'lyhhia,1,1000932,10,Miqo'te,,Female,,Ul'dah,Ul'dah,
S'raemha,S'raemha,exact,s'raemha,1,1000157,10,Miqo'te,Seekers of the Sun,Female,Guild Merchant,Limsa Lominsa,Limsa Lominsa,4-7
Saelbmoht,Saelbmoht,exact,saelbmoht,1,1001732,10,Roegadyn,Sea Wolves,Male,,,Mor Dhona,16-21
Safufu,Safufu,exact,safufu,1,1001420,10,Lalafell,,Female,,Ul'dah,Ul'dah,7-6
Sahja Zhwan,Sahja Zhwan,exact,sahja zhwan,1,1001373,10,Miqo'te,,Female,,,,
Saintrelmaux,Saintrelmaux (1.x),exact,saintrelmaux,1,1500233,15,Elezen,Wildwood Elezen,Male,,Gridania,Gridania,6-7
Sami Gamduhla,Sami Gamduhla,exact,sami gamduhla,1,1500110,15,Miqo'te,Seekers of the Sun,Female,,,Western Thanalan,5-26
Sandre,Sandre,exact,sandre,1,1001102,10,Hyur,Midlander,Male,,Gridania,Gridania,4-3
Sansa,Sansa,exact,sansa,1,1000239,10,Hyur,Midlander,Female,Youngling,Gridania,Gridania,5-5
Sarra,Sarra,exact,sarra,1,1060029,10,Hyur,Midlander,Female,,Ul'dah,Western Thanalan,13-36
Sasapano,Sasapano,exact,sasapano,1,1001317,10,Lalafell,Plainsfolk,Male,,Ul'dah,Eastern Thanalan,38-19
Sasapiku,Sasapiku,exact,sasapiku,1,1001450,10,Lalafell,Dunesfolk,Male,,,Western Thanalan,5-26
Sathzant Sixhammers,Sathzant,exact,sathzant,1,1000338,10,Roegadyn,Hellsguard,Male,,Limsa Lominsa,Limsa Lominsa,7-7
Satiated Shopkeep,Satiated Shopkeep,exact,satiated shopkeep,1,1000257,10,Miqo'te,Seekers of the Sun,Female,,Limsa Lominsa,Limsa Lominsa,6-3
Saulette,Saulette (1.x),exact,saulette,1,1001032,10,Elezen,Wildwood Elezen,Female,,Ul'dah,,
Sayer,Sayer,exact,sayer,1,1500184,15,Hyur,Highlander,Male,Repair Merchant,Ul'dah,Mender's Row,1-1
Seburga,Seburga,exact,seburga,1,1500153,15,Hyur,Midlander,Female,Merchant,Gridania,Lower Tailors Den,1-1
Second Flame Commander,Second Flame Commander,exact,second flame commander,1,1001914,10,Lalafell,Dunesfolk,Male,Flame Commander,Ul'dah,Ul'dah,1-1
Second Serpent Commander,Second Serpent Commander,exact,second serpent commander,1,1001901,10,Elezen,Wildwood Elezen,Male,Serpent Commander,Gridania,Gridania,3-2
Seda Garanjy,Seda Garanjy,exact,seda garanjy,1,1001990,10,Miqo'te,Keepers of the Moon,Female,Event NPC,,Gridania,6-5
Seemingly Calm Adventurer,Seemingly Calm Adventurer,exact,seemingly calm adventurer,1,1000941,10,Miqo'te,,Female,,Ul'dah,Ul'dah,4-6
Seikfrae,Seikfrae,exact,seikfrae,1,1000436,10,Roegadyn,,Male,,Gridania,Gridania,6-6
Self-regarding Roegadyn,Self-regarding Roegadyn,exact,self-regarding roegadyn,1,1000811,10,Roegadyn,Sea Wolves,Male,,Ala Mhigo,Western Thanalan,13-35
Senah Chalahko,Senah Chalahko,exact,senah chalahko,1,1001309,10,Miqo'te,Seeker of the Sun,Female,,,Eastern La Noscea,31-18
Sence,Sence,exact,sence,2,1001498 1700042,10 17,Hyur,Midlander,Female,,Ul'dah,Ul'dah,1-1
Seranelien,Seranelien,exact,seranelien,1,1001378,10,Hyur,Midlander,Male,,,Ul'dah,4-4
Serpent Captain Tall Oak,Serpent Captain Tall Oak,exact,serpent captain tall oak,1,1001807,10,Roegadyn,Sea Wolves,Male,Serpent Captain,Gridania,Mor Dhona,9-13
Serpent Commander Flutaint,Serpent Commander Flutaint,exact,serpent commander flutaint,1,1001809,10,Elezen,Duskwight Elezen,Male,Serpent Commander,Gridania,Mor Dhona,9-13
Serpent Commander Yarborough,Serpent Commander Yarborough,exact,serpent commander yarborough,1,1001808,10,Hyur,Midlander,Female,Serpent Commander,Gridania,Mor Dhona,9-13
Serpent Lieutenant Fulke,Serpent Lieutenant Fulke,exact,serpent lieutenant fulke,1,1500200,15,Hyur,Midlander,Male,Serpent Lieutenant,Gridania,Gridania,1-1
Serpent Lieutenant Helbmoensyn,Serpent Lieutenant Helbmoensyn,exact,serpent lieutenant helbmoensyn,1,1500211,15,Roegadyn,,Male,Serpent Lieutenant,Gridania,Gridania,1-1
Serpent Lieutenant Soundraix,Serpent Lieutenant Sondraix,exact,serpent lieutenant sondraix,1,1001738,10,Elezen,Wildwood Elezen,Male,Serpent Lieutenant,Gridania,Gridania,1-1
Serpent Marshal Brookstone,Serpent Marshal Brookstone,exact,serpent marshal brookstone,1,1060025,10,Hyur,Midlander,Male,Serpent Marshal,Gridania,Gridania,3-2
Serpent Private Carver,Serpent Private Carver,exact,serpent private carver,1,1500326,15,Hyur,Midlander,Male,Serpent Private,Gridania,Gridania,6-4
Serpent Private Ganathain,Serpent Private Ganathain,exact,serpent private ganathain,1,1500389,15,Elezen,Wildwood Elezen,Male,Serpent Private,Gridania,Gridania,1-1
Serpent Private Hill,Serpent Private Hill,exact,serpent private hill,1,1500334,15,Hyur,Midlander,Female,Serpent Private,Gridania,Gridania,7-6
Serpent Private Hodder,Serpent Private Hodder,exact,serpent private hodder,1,1002090,10,Hyur,Midlander,Male,Serpent Private,Gridania,Gridania,6-6
Serpent Private Holmes,Serpent Private Holmes,exact,serpent private holmes,1,1500325,15,Hyur,Midlander,Male,Serpent Private,Gridania,Gridania,8-5
Serpent Private Kirk,Serpent Private Kirk,exact,serpent private kirk,1,1500335,15,Hyur,Midlander,Female,Serpent Private,Gridania,Gridania,7-2
Serpent Private Larke,Serpent Private Larke,exact,serpent private larke,1,1500281,15,Hyur,Highlander,Male,Serpent Private,Gridania,Gridania,1-1
Serpent Private Stone,Serpent Private Stone,exact,serpent private stone,1,1500333,15,Hyur,Midlander,Female,Serpent Private,Gridania,Gridania,5-3
Serpent Private White,Serpent Private White,exact,serpent private white,1,1500324,15,Hyur,Midlander,Male,Serpent Private,Gridania,Gridania,4-4
Serpent Sergeant Brenaile,Serpent Sergeant Brenaile,exact,serpent sergeant brenaile,1,1500285,15,Elezen,Wildwood Elezen,Female,Serpent Sergeant,Gridania,North Shroud,21-16
Serpent Sergeant Cordwyk,Serpent Sergeant Cordwyk,exact,serpent sergeant cordwyk,1,1500224,15,Hyur,Midlander,Male,Serpent Sergeant,Gridania,The Mun-Tuy Cellars,7-6
Serpent Sergeant Haurtelle,Serpent Sergeant Haurtelle,exact,serpent sergeant haurtelle,1,1500203,15,Elezen,Wildwood Elezen,Female,Serpent Sergeant,Gridania,Gridania,1-1
Serpent Sergeant Liflin Gulin,Serpent Sergeant Liflin Gulin,exact,serpent sergeant liflin gulin,1,1001698,10,Lalafell,,Male,Serpent Sergeant,Gridania,Coerthas Central Highlands,39-19
Serpent Sergeant Lodall,Serpent Sergeant Lodall,exact,serpent sergeant lodall,1,1500225,15,Hyur,Highlander,Male,Serpent Sergeant,Gridania,North Shroud,22-16
Serpent Sergeant Marquaile,Serpent Sergeant Marquaile,exact,serpent sergeant marquaile,1,1500214,15,Elezen,Wildwood Elezen,Female,Serpent Sergeant,Gridania,South Shroud,38-49
Sesebaru,Sesebaru,exact,sesebaru,1,1001182,10,Lalafell,Plainsfolk,Male,Linkshell Merchant,Ul'dah,Ul'dah,6-4
Seserikku,Seserikku,exact,seserikku,1,1500432,15,Lalafell,Dunesfolk,Male,Merchant,Ul'dah,Eastern Thanalan,38-19
Seserukka,Seserukka,exact,seserukka,2,1000041 1000858,10,Lalafell,Dunesfolk,Male,Miner,Ul'dah,"Ul'dah, Central Thanalan",
Shadowy Traveler,Shadowy Traveler,exact,shadowy traveler,1,1000445,10,Hyur,Midlanders,Male,,,Limsa Lominsa Opening,
Shalala,Shalala,exact,shalala,1,1000889,10,Lalafell,,Female,,,,
Shamani Lohmani,Shamani Lohmani,exact,shamani lohmani,1,1001012,10,Lalafell,,Male,,Ul'dah,Ul'dah,5-4
Shanga Meshanga,Shanga Meshanga,exact,shanga meshanga,1,1001048,10,Lalafell,,Male,,,Gridania,
Shaylee,Shaylee,exact,shaylee,1,1500163,15,Hyur,Midlander,Female,Merchant,Limsa Lominsa,Lower Tailors Ward,1-1
Shilgen,Shilgen,exact,shilgen,1,1000637,10,Hyur,Highlander,Male,Guild Merchant,Ul'dah,Ul'dah,6-6
Sholno Ralno,Sholno Ralno,exact,sholno ralno,1,1001637,10,Lalafell,Plainsfolk,Male,Wood Wailer,Gridania,South Shroud,39-44
Shoshoma,Shoshoma,exact,shoshoma,1,1000334,10,Lalafell,Plainsfolk,Female,,Limsa Lominsa,Limsa Lominsa,6-5
Sibold,Sibold,exact,sibold,1,1001932,10,Hyur,Highlander,Male,,Ul'dah,Ul'dah,6-4
Sidonia,Sidonia,exact,sidonia,1,1000675,10,Elezen,,Female,Guard,,Coerthas Central Highlands,18-39
Sinette,Sinette,exact,sinette,1,1001145,10,Elezen,,Female,,Ul'dah,Ul'dah,4-5
Singleton,Singleton,exact,singleton,1,1001445,10,Hyur,Midlander,Male,,Ul'dah,Ul'dah,5-5
Sisimuza Tetemuza,Sisimuza Tetemuza,other-locale,flame private sisimuza tetemuza,2,1001626 1002112,10,Lalafell,Plainsfolk,Male,Event NPC,Ul'dah,Ul'dah,5-3
Sisipu,Sisipu,exact,sisipu,2,1000155 1000156,10,Lalafell,Dunesfolk,Female,Puller,,Limsa Lominsa,6-6
Sizha Epocan,Sizha Epocan,exact,sizha epocan,1,1001805,10,Miqo'te,Keepers of the Moon,Female,Sculptor,Limsa Lominsa,Eastern La Noscea,31-18
Skaetlorh,Skaetlorh,exact,skaetlorh,1,1500105,15,Roegadyn,,Male,,Ishgard,Coerthas Eastern Highlands,48-9
Skarnabyl,Skarnabyl,exact,skarnabyl,1,1500185,15,Roegadyn,,Male,Repair Merchant,Gridania,Menders Den,1-1
Skarnwaen,Skarnwaen,exact,skarnwaen,1,1000333,10,Roegadyn,Sea Wolves,Male,,Limsa Lominsa,Limsa Lominsa,6-6
Skittish Adventurer,Skittish Adventurer,exact,skittish adventurer,1,1000099,10,Hyur,Midlander,Female,,Limsa Lominsa,Limsa Lominsa,5-7
Skoefmynd,Skoefmynd,exact,skoefmynd,1,1000662,10,Roegadyn,Sea Wolves,Male,,Limsa Lominsa,Limsa Lominsa,6-7
Skribskoef,Skribskoef,exact,skribskoef,1,1001304,10,Roegadyn,Sea Wolves,Male,Yellowjacket,Limsa Lominsa,Western La Noscea,11-23
Skull Valley Battlewarden,Skull Valley Battlewarden,exact,skull valley battlewarden,1,1500014,15,Miqo'te,,Female,Battlewarden,Limsa Lominsa,Western La Noscea,15-18
Skyward Spriggan,Skyward Spriggan (Gridania),exact,skyward spriggan,3,1002009 1002010 1002011,10,Spriggan,,,Event NPC,,Gridania,7-6
Skyward Spriggan,Skyward Spriggan (Limsa Lominsa),exact,skyward spriggan,3,1002009 1002010 1002011,10,Spriggan,,,Event NPC,,Limsa Lominsa,7-6
Skyward Spriggan,Skyward Spriggan (Ul'dah),exact,skyward spriggan,3,1002009 1002010 1002011,10,Spriggan,,,Event NPC,,Ul'dah,(6-4)
Slafborn,Slafborn,exact,slafborn,1,1500083,15,Roegadyn,Hellsguard,Male,Gatewarden,Ishgard,Mor Dhona,20-17
Slow-witted Miner,Slow-witted Miner,exact,slow-witted miner,2,1000689 1700012,10 17,Lalafell,,Male,,,Ul'dah,x-x
Smirking Barracuda Knight,Smirking Barracuda Knight,exact,smirking barracuda knight,1,1000109,10,Hyur,Midlander,Female,,Limsa Lominsa,Limsa Lominsa,2-6
Smirking Sellsword,Smirking Sellsword,exact,smirking sellsword,1,1000892,10,Roegadyn,Sea Wolves,Male,Mercenary,Ul'dah,Ul'dah,5-5
Smydhaemr,Smydhaemr,exact,smydhaemr,1,1001458,10,Roegadyn,Sea Wolves,Male,Merchant,Limsa Lominsa,Limsa Lominsa,7-7
Soileine,Soileine,exact,soileine,2,1000234 1700030,10 17,Elezen,Wildwood Elezen,Female,,Gridania,Gridania,2-1
Solelle,Solelle,exact,solelle,1,1000362,10,Elezen,,Female,,,Western La Noscea,15-18
Solklinsyn,Solklinsyn,other-locale,storm sergeant solklinsyn,2,1001619 1002105,10,Roegadyn,Sea Wolves,Male,Event NPC,Limsa Lominsa,Limsa Lominsa,7-6
Solkzagyl,Solkzagyl,exact,solkzagyl,1,1060041,10,Roegadyn,Sea Wolves,Male,,Ul'dah,Western Thanalan,8-30
Somber Meadow,Somber Meadow,other-locale,flame lieutenant somber meadow,2,1001624 1002110,10,Roegadyn,Sea Wolf,Male,Event NPC,Ul'dah,Ul'dah,5-3
Sosoze,Sosoze,exact,sosoze,2,1000265 1700034,10 17,Lalafell,Plainsfolk,Female,,Limsa Lominsa,Limsa Lominsa,7-7
Soulward Spriggan,Soulward Spriggan (Gridania),exact,soulward spriggan,7,1002002 1002003 1002004 1002005 1002006 1002007 1002008,10,Spriggan,,,Event NPC,,Gridania,5-5
Spaerfedar,Spaerfedar,exact,spaerfedar,1,1600018,16,Roegadyn,Sea Wolves,Male,Merchant,Gridania,Gridania,7-3
Spiraling Path,Spiraling Path,exact,spiraling path,1,1001449,10,Roegadyn,Hellsguard,Male,,,Western Thanalan,5-26
Sprightly Miner,Sprightly Miner,exact,sprightly miner,2,1000698 1700021,10 17,Elezen,Duskwight Elezen,Female,Miner,Ul'dah,Ul'dah,6-6
Spry Salesman,Spry Salesman,exact,spry salesman,1,1000939,10,Hyur,Midlanders,Male,,Ul'dah,Ul'dah,4-6
Sreda,Sreda,exact,sreda,1,1600083,16,Hyur,Midlander,Female,Merchant,Ul'dah,Ul'dah,6-6
Stangyth,Stangyth,exact,stangyth,1,1500208,15,Hyur,Midlander,Female,,Ul'dah,Ul'dah,1-1
Stanilde,Stanilde,exact,stanilde,1,1600020,16,Hyur,Midlander,Female,Merchant,Gridania,Gridania,8-4
Stephannot,Stephannot (1.0),exact,stephannot,1,1000278,10,Elezen,Wildwood Elezen,Male,,Limsa Lominsa,Limsa Lominsa,7-5
Stern-faced Sea Wolf,Stern-faced Sea Wolf,exact,stern-faced sea wolf,1,1001222,10,Roegadyn,Sea Wolf,Male,,Ul'dah,Ul'dah,5-5
Sthalmann,Sthalmann,exact,sthalmann,4,1000002 1000926 1002052 6000098,10 60,Roegadyn,Sea Wolves,Male,,Limsa Lominsa,Limsa Lominsa,2-6
Storm Captain,Storm Captain (1.x),exact,storm captain,1,1001952,10,Hyur,Midlander,Male,Storm Captain,Limsa Lominsa,Limsa Lominsa,0-0
Storm Captain Loetahlsyn,Storm Captain Loetahlsyn,exact,storm captain loetahlsyn,3,1002087 1002088 1002089,10,Roegadyn,Sea Wolves,Male,Storm Captain,Limsa Lominsa,Limsa Lominsa,5-7
Storm Captain Roemannsyn,Storm Captain Roemannsyn,spelling-folded,storm captain roehmannsyn,1,1001813,10,Roegadyn,Sea Wolves,Male,Storm Captain,Limsa Lominsa,Mor Dhona,9-13
Storm Lieutenant Bharbennsyn,Storm Commander Bharbennsyn,exact,storm lieutenant bharbennsyn,1,1001737,10,Roegadyn,Sea Wolves,Male,Storm Lieutenant,Limsa Lominsa,Limsa Lominsa,1-1
Storm Commander Rhiki,Storm Commander Rhiki,exact,storm commander rhiki,1,1001810,10,Miqo'te,Keepers of the Moon,Female,Storm Commander,Limsa Lominsa,Mor Dhona,9-13
Guincum,Storm Lieutenant Guincum,exact,storm lieutenant guincum,1,1500199,15,Hyur,Midlander,Male,Storm Lieutenant,Limsa Lominsa,Limsa Lominsa,
Storm Lieutenant Hidden Sunset,Storm Lieutenant Hidden Sunset,exact,storm lieutenant hidden sunset,1,1001814,10,Roegadyn,Sea Wolves,Male,Storm Private,Limsa Lominsa,Mor Dhona,9-13
Storm Lieutenant Taqa,Storm Lieutenant Taqa,exact,storm lieutenant taqa,1,1500210,15,Miqo'te,Keepers of the Moon,Female,Storm Lieutenant,Limsa Lominsa,Limsa Lominsa,1-1
Storm Marshal Slafyrsyn,Storm Marshal Slafyrsyn,exact,storm marshal slafyrsyn,1,1060024,10,Roegadyn,Sea Wolves,Male,Storm Marshal,Limsa Lominsa,Gridania,3-2
Storm Private Abel,Storm Private Abel,exact,storm private abel,1,1500322,15,Hyur,Midlander,Male,Storm Private,Limsa Lominsa,Limsa Lominsa,5-6
Storm Private Gardner,Storm Private Gardner,exact,storm private gardner,1,1500321,15,Hyur,Midlander,Male,Storm Private,Limsa Lominsa,Limsa Lominsa,7-6
Storm Private Holt,Storm Private Holt,exact,storm private holt,1,1500339,15,Hyur,Midlander,Male,Storm Private,Limsa Lominsa,Limsa Lominsa,9-5
Storm Private Hunt,Storm Private Hunt,exact,storm private hunt,1,1500330,15,Hyur,Midlander,Female,Storm Private,Limsa Lominsa,Limsa Lominsa,4-5
Storm Private Klinmoersyn,Storm Private Klinmoersyn,exact,storm private klinmoersyn,1,1500388,15,Roegadyn,Sea Wolves,Male,Storm Private,Limsa Lominsa,Limsa Lominsa,1-1
Storm Private Potter,Storm Private Potter,exact,storm private potter,1,1500323,15,Hyur,Midlander,Male,Storm Private,Limsa Lominsa,Limsa Lominsa,7-3
Storm Private Rhof,Storm Private Rhof,exact,storm private rhof,1,1500280,15,Miqo'te,Seekers of the Sun,Female,Storm Private,Limsa Lominsa,Limsa Lominsa,1-1
Storm Private Rich,Storm Private Rich,exact,storm private rich,1,1500331,15,Hyur,Midlander,Female,Storm Private,Limsa Lominsa,Limsa Lominsa,7-5
Storm Private Stone,Storm Private Stone,exact,storm private stone,1,1500332,15,Hyur,Midlander,Female,Storm Private,Limsa Lominsa,Limsa Lominsa,6-4
Storm Sergeant Grizzly Gnat,Storm Sergeant Grizzly Gnat,exact,storm sergeant grizzly gnat,1,1500202,15,Roegadyn,Hellsguard,Male,Storm Sergeant,Limsa Lominsa,Limsa Lominsa,1-1
Storm Sergeant Hammil,Storm Sergeant Hammil,exact,storm sergeant hammil,1,1500222,15,Hyur,Highlander,Male,Storm Sergeant,Limsa Lominsa,Cassiopeia Hollow,7-5
Strapping Resistance Member,Strapping Resistance Member,exact,strapping resistance member,1,1000479,10,Roegadyn,,Male,,Ala Mhigo,,
Styrmoeya,Styrmoeya,exact,styrmoeya,1,1000785,10,Roegadyn,Sea Wolves,Male,,Ul'dah,Ul'dah,6-4
Sultry Strumpet,Sultry Strumpet,exact,sultry strumpet,1,1000952,10,Elezen,Wildwood Elezen,Female,,Ul'dah,Ul'dah,6-6
Sundhimal,Sundhimal,exact,sundhimal,1,1000349,10,Roegadyn,Sea Wolves,Male,,Limsa Lominsa,Limsa Lominsa,8-6
Sungi Kelungi,Sungi Kelungi,exact,sungi kelungi,1,1001022,10,Lalafell,,Male,,Ul'dah,Ul'dah,6-6
Sungyve,Sungyve,exact,sungyve,1,1600016,16,Hyur,Midlander,Female,Merchant,,Lower La Noscea,25-29
Sure-voiced Barracuda Knight,Sure-voiced Barracuda Knight,exact,sure-voiced barracuda knight,1,1000286,10,Elezen,Wildwood Elezen,Female,,Limsa Lominsa,Limsa Lominsa,4-6
Suspicious-looking Traveler,Suspicious-looking Traveler,exact,suspicious-looking traveler,1,1000254,10,Hyur,Midlanders,Male,,Limsa Lominsa,Limsa Lominsa,6-3
Swaenhylt,Swaenhylt,exact,swaenhylt,1,1001582,10,Roegadyn,Sea Wolf,Male,,Gridania,Gridania,6-3
Sweetnix Rosycheeks,Sweetnix Rosycheeks,exact,sweetnix rosycheeks,1,1001573,10,Goblin,,,,,Limsa Lominsa,7-4
Swerdahrm,Swerdahrm,exact,swerdahrm,1,1000967,10,Roegadyn,Hellsguard,Male,,Ul'dah,Ul'dah,5-5
Swethyna,Swethyna,exact,swethyna,2,1000028 1000680,10,Hyur,Midlander,Female,Wood Wailer,Gridania,,
Swynbroes,Swynbroes,exact,swynbroes,1,1001728,10,Roegadyn,,Male,Cauldron Carrier,,Central Thanalan,29-20
Sybell,Sybell,exact,sybell,1,1001437,10,Hyur,Midlander,Female,Wood Wailer,Gridania,Gridania,4-4
Syhrdaeg,Syhrdaeg,exact,syhrdaeg,1,1000054,10,Roegadyn,Sea Wolves,Male,,Limsa Lominsa,Limsa Lominsa,6-2
Sylbyrt,Sylbyrt,exact,sylbyrt,1,1000428,10,Roegadyn,,Male,,Gridania,Gridania,6-6
Sylviel,Sylviel,exact,sylviel,1,1500109,15,Elezen,Wildwood Elezen,Male,,,Western Thanalan,4-26
Syneyhil,Syneyhil,exact,syneyhil,1,1600068,16,Roegadyn,Sea Wolves,Male,Merchant,Limsa Lominsa,Limsa Lominsa,1-1
Syngsmyd,Syngsmyd,exact,syngsmyd,1,1000177,10,Roegadyn,Sea Wolves,Male,,Limsa Lominsa,Limsa Lominsa,7-7
Synnove,Synnove,exact,synnove,1,1600110,16,,,,Merchant,,Coerthas Western Highlands,19-19
Syntberk,Syntberk,exact,syntberk,1,1001509,10,Roegadyn,Sea Wolves,Male,Yellowjacket,Limsa Lominsa,Limsa Lominsa,9-5
Sysley,Sysley,exact,sysley,1,1600001,16,Hyur,Midlander,Female,Merchant,Limsa Lominsa,Limsa Lominsa,5-5
Syvinmhas,Syvinmhas,exact,syvinmhas,1,1500244,15,Roegadyn,Sea Wolf,Male,Repair Merchant,Limsa Lominsa,Eastern La Noscea,36-25
Syzfrusk,Syzfrusk,exact,syzfrusk,1,1001306,10,Roegadyn,Sea Wolves,Male,,,Eastern La Noscea,31-18
T'mokkri,T'mokkri,exact,t'mokkri,1,1000455,10,Miqo'te,,Female,Local Guildleve Master,Limsa Lominsa,Limsa Lominsa,7-5
T'nbulea,T'nbulea,exact,t'nbulea,1,1001071,10,Miqo'te,Seekers of the Sun,Female,,Gridania,Gridania,2-1
T'noggya,T'noggya,exact,t'noggya,1,1600093,16,Miqo'te,Seeker of the Sun,Female,Merchant,,Limsa Lominsa,1-1
T'zanza,T'zanza,exact,t'zanza,1,1500162,15,Miqo'te,Seekers of the Sun,Female,Merchant,Limsa Lominsa,Lower Tailors Ward,1-1
Tanguistl,Tanguistl,exact,tanguistl,1,1001340,10,Hyur,Midlander,Female,,Gridania,North Shroud,24-13
Deryk,Tarok Magurok,exact,deryk,1,1500104,15,Lalafell,,Male,,,Coerthas Central Highlands,18-39
Tatagoi,Tatagoi,exact,tatagoi,1,1001080,10,Lalafell,,Male,,Gridania,Gridania,7-3
Tataroga,Tataroga,exact,tataroga,1,1600048,16,Lalafell,Dunesfolk,Male,Merchant,Ul'dah,Ul'dah,7-4
Tataru,Tataru,exact,tataru,1,1001046,10,Lalafell,Dunesfolk,Female,,Ul'dah,Ul'dah,4-4
Tatasako,Tatasako,exact,tatasako,1,1000341,10,Lalafell,Plainsfolk,Male,,Limsa Lominsa,Limsa Lominsa,5-6
Tatasha,Tatasha,exact,tatasha,1,1001465,10,Lalafell,,Female,,Ul'dah,Ul'dah,5-5
Taylor,Taylor,exact,taylor,1,1001447,10,Hyur,Midlander,Male,Merchant,,Western Thanalan,4-26
Tefh Moshroca,Tefh Moshroca,exact,tefh moshroca,1,1000131,10,Miqo'te,Keepers of the Moon,Female,,Limsa Lominsa,Limsa Lominsa,5-2
Tegogo,Tegogo,exact,tegogo,1,1001916,10,Lalafell,Plainsfolk,Female,,Gridania,Gridania,3-2
Teledji Adeledji,Teledji Adeledji (1.x),exact,teledji adeledji,1,1060014,10,Lalafell,Dunesfolk,Male,Syndicate Member,Ul'dah,Ul'dah,1-1
Telent,Telent,exact,telent,1,1000504,10,Elezen,Wildwood Elezen,Male,,Gridania,Gridania,2-1
Templeton,Templeton,exact,templeton,1,1600070,16,Hyur,Highlander,Male,Merchant,Gridania,Tradescraft Den,1-1
Terremiaux,Terremiaux,exact,terremiaux,1,1500275,15,Elezen,,Male,,,North Shroud,24-14
Tetetoka,Tetetoka,exact,tetetoka,1,1600069,16,Lalafell,,Male,Merchant,Ul'dah,Fieldcraft Row,1-1
Teteu,Teteu,exact,teteu,1,1600002,16,Lalafell,Plainsfolk,Male,Merchant,Limsa Lominsa,Limsa Lominsa,5-5
Thaisie,Thaisie,exact,thaisie,1,1000865,10,Elezen,Wildwood Elezen,Female,,Ul'dah,Ul'dah,6-4
Thancred,Thancred,exact,thancred,16,1000185 1000948 1500026 1500030 1500032 1500033 1500037 1500041,10 15,Hyur,Midlander,Male,,Ul'dah,Ul'dah,4-6
Thata Khamazom,Thata Khamazom,exact,thata khamazom,1,1001473,10,Miqo'te,Keepers of the Moon,Female,Yellowjacket,Limsa Lominsa,Limsa Lominsa,8-7
Thierremont,Thierremont,exact,thierremont,1,1500400,15,Elezen,Wildwood Elezen,Male,Repair Merchant,Limsa Lominsa,Lominsan Mercantile House,1-1
Thimm,Thimm,exact,thimm,1,1001439,10,Hyur,Highlander,Male,,Ala Mhigo,Ul'dah,7-4
Thomas,Thomas (1.0),exact,thomas,1,1500123,15,Hyur,Midlander,Male,Quartermaster,Ishgard,Mor Dhona,20-17
Thora,Thora,exact,thora,1,1600071,16,Hyur,Midlander,Female,Merchant,Limsa Lominsa,Limsa Lominsa,1-1
Thosinbaen,Thosinbaen,exact,thosinbaen,1,1000198,10,Roegadyn,Sea Wolves,Male,,Limsa Lominsa,Limsa Lominsa,4-5
Thrydwulf,Thrydwulf,exact,thrydwulf,1,1600073,16,Hyur,Midlander,Male,Merchant,Ul'dah,Ul'dah,5-5
Tierney,Tierney,exact,tierney,1,1000456,10,Hyur,Midlander,Female,Local Guildleve Master,Gridania,Gridania,6-6
Tiphane,Tiphane,exact,tiphane,1,1500406,15,Elezen,Duskwight Elezen,Female,Mercantile House Representative,Gridania,Gridanian Mercantile House,1-1
Tiphina,Tiphina,exact,tiphina,1,1600065,16,Hyur,Midlander,Female,Merchant,Limsa Lominsa,Limsa Lominsa,5-5
Tipsy Adventurer,Tipsy Adventurer,exact,tipsy adventurer,1,1000439,10,Hyur,Midlander,Male,,,Limsa Lominsa Opening,
Tirauland,Tirauland,exact,tirauland,1,1000272,10,Elezen,,Male,,Limsa Lominsa,Limsa Lominsa,7-5
Titinin,Titinin,exact,titinin,1,1000934,10,Lalafell,Dunesfolk,Male,,Ul'dah,Ul'dah,5-4
Tittering Traveler,Tittering Traveler,exact,tittering traveler,1,1000253,10,Miqo'te,Seekers of the Sun,Female,,Limsa Lominsa,Limsa Lominsa,6-3
Torsefers,Torsefers,exact,torsefers,1,1500393,15,Elezen,Duskwight Elezen,Male,Mercantile House Representative,Gridania,Gridania,7-6
Totonawa,Totonawa,exact,totonawa,1,1001371,10,Lalafell,Plainsfolk,Male,Regional Guildleve Master,Ul'dah,Ul'dah,6-4
Totono,Totono,exact,totono,1,1001143,10,Lalafell,,Female,,Ul'dah,Ul'dah,4-5
Totoruto,Totoruto,exact,totoruto,1,1000161,10,Lalafell,,Male,,Limsa Lominsa,Limsa Lominsa,6-2
Tranquil Battlewarden,Tranquil Battlewarden,exact,tranquil battlewarden,1,1500038,15,Miqo'te,Seekers of the Sun,Female,Battlewarden,Gridania,South Shroud,38-49
Travanchet,Travanchet,exact,travanchet,1,1000044,10,,,,,,Lower La Noscea,
Treespeak Battlewarden,Treespeak Battlewarden,exact,treespeak battlewarden,1,1500040,15,Lalafell,Plainsfolk,Male,Battlewarden,Gridania,North Shroud,22-16
Triaine,Triaine,exact,triaine,1,1000191,10,Elezen,Wildwood Elezen,Female,,Limsa Lominsa,Limsa Lominsa,4-7
Trinne,Trinne,exact,trinne,1,1000268,10,Elezen,Wildwood Elezen,Female,,Limsa Lominsa,Limsa Lominsa,7-7
Tristechambel,Tristechambel,exact,tristechambel,1,1001955,10,Elezen,Duskwight Elezen,Male,,Ishgard,Coerthas Central Highlands,33-35
Tristelle,Tristelle,other-locale,serpent private tristelle,2,1001622 1002108,10,Elezen,Wildwood Elezen,Male,Event NPC,Gridania,Gridania,6-5
Troegmoer,Troegmoer,exact,troegmoer,1,1500095,15,Roegadyn,,Male,,Gridania,East Shroud,29-47
Troxia,Troxia,exact,troxia,1,1001049,10,Sylph,,Female,,,Gridania,
Tseh Panipahr,Tseh Panipahr,exact,tseh panipahr,1,1001351,10,Miqo'te,Keepers of the Moon,Female,,Gridania,South Shroud,45-47
Tsimh Panipahr,Tsimh Panipahr,exact,tsimh panipahr,1,1500011,15,Miqo'te,Keepers of the Moon,Female,,Limsa Lominsa,Western La Noscea,11-23
Tuatkk,Tuatkk,exact,tuatkk,1,1001638,10,Hyur,Midlander,Male,Wood Wailer,Gridania,South Shroud,39-44
Tutubuki,Tutubuki,exact,tutubuki,1,1001141,10,Lalafell,,Male,,Ul'dah,Ul'dah,5-4
Tutumoko,Tutumoko (1.x),exact,tutumoko,1,1001606,10,Lalafell,Dunesfolk,Male,,Limsa Lominsa,Eastern La Noscea,36-25
Twiggy,Twiggy,exact,twiggy,2,1001590 1001998,10,,,,Event NPC,,"Gridania, Central Shroud","6-5, 29-30"
Twittering Tomboy,Twittering Tomboy,exact,twittering tomboy,1,1001496,10,Lalafell,Plainsfolk,Female,,Ul'dah,Ul'dah Opening,4-7
Twyrmoht,Twyrmoht,exact,twyrmoht,1,1600031,16,Roegadyn,Sea Wolves,Male,Merchant,Gridania,Gridania,7-2
Tyago Moui,Tyago Moui,exact,tyago moui,1,1001203,10,Miqo'te,Keepers of the Moon,Female,Bartender,Ul'dah,Ul'dah,6-6
Tylswaen,Tylswaen,exact,tylswaen,1,1600109,16,Roegadyn,Sea Wolves,Male,Merchant,Limsa Lominsa,Limsa Lominsa,7-5
Tymbryss,Tymbryss,exact,tymbryss,1,1001002,10,Roegadyn,Sea Wolves,Male,Pirate,Limsa Lominsa,,
Tyon,Tyon,exact,tyon,1,1000789,10,Hyur,Highlander,Male,,Ul'dah,Ul'dah,6-4
U'bokhn,U'bokhn,exact,u'bokhn,1,1000668,10,Miqo'te,Seekers of the Sun,Female,,Ul'dah,Ul'dah,5-5
U'mallibo,U'mallibo,exact,u'mallibo,1,1000931,10,Miqo'te,Seekers of the Sun,Female,Pirate,Limsa Lominsa,,
Uchtred,Uchtred,exact,uchtred,1,1500430,15,Hyur,Midlander,Male,Merchant,Limsa Lominsa,Western La Noscea,12-23
Ulala,Ulala,exact,ulala,1,1600108,16,Lalafell,,Female,Merchant,Ul'dah,Western Thanalan,9-27
Ulmhylt,Ulmhylt,exact,ulmhylt,1,1000823,10,Roegadyn,,Male,,Gridania,Gridania,6-5
Uloine,Uloine,exact,uloine,1,1500408,15,Elezen,Duskwight Elezen,Female,Mercantile House Representative,Gridania,Gridanian Mercantile House,1-1
Ulric,Ulric,exact,ulric,1,1600080,16,Hyur,Highlander,Male,Merchant,Gridania,Gridania,6-5
Ulta,Ulta (1.x),exact,ulta,1,1001433,10,Hyur,Highlander,Male,Wood Wailer,Gridania,Gridania,6-7
Unconscious Adventurer,Unconscious Adventurer,exact,unconscious adventurer,1,1000283,10,Lalafell,,Male,Adventurer,Limsa Lominsa,Limsa Lominsa,4-6
Undaunted Adventurer,Undaunted Adventurer,exact,undaunted adventurer,1,1000936,10,,,,,Ul'dah,Ul'dah,4-6
Undignified Adventurer,Undignified Adventurer,exact,undignified adventurer,1,1000444,10,Hyur,Midlander,Female,,,"Limsa Lominsa Opening, Limsa Lominsa","Boat, 5-3"
Undsatz,Undsatz,exact,undsatz,1,1000200,10,Roegadyn,Hellsguard,Male,,Limsa Lominsa,Limsa Lominsa,6-6
Unsynwilf,Unsynwilf,exact,unsynwilf,1,1600090,16,Roegadyn,Sea Wolves,Male,Merchant,Limsa Lominsa,Limsa Lominsa,5-6
Upbeat Adventurer,Upbeat Adventurer,exact,upbeat adventurer,1,1000940,10,Lalafell,,Male,,Ul'dah,Ul'dah,4-6
Urianger Augerelt,Urianger,exact,urianger,3,1060009 1500204 1500314,10 15,Elezen,,Male,,,,
Urith,Urith,exact,urith,1,1500155,15,Hyur,Midlander,Female,Merchant,Gridania,Lower Tailors Den,1-1
Ursielle,Ursielle,exact,ursielle,1,1001789,10,Elezen,Wildwood Elezen,Female,Event NPC,Limsa Lominsa,Limsa Lominsa,7-6
Ursulie,Ursulie,exact,ursulie,1,1000166,10,Elezen,Wildwood Elezen,Female,Retainer Agent,Limsa Lominsa,Limsa Lominsa,7-5
Uwilsyng Rhotguldsyn,Uwilsyng,exact,uwilsyng,1,1001193,10,Roegadyn,,Male,,Ul'dah,Ul'dah,5-5
V'hynho,V'hynho,exact,v'hynho,1,1000468,10,Miqo'te,Seekers of the Sun,Female,,Limsa Lominsa,Limsa Lominsa,2-6
V'korolon,V'korolon,exact,v'korolon,1,1000458,10,Miqo'te,Seekers of the Sun,Female,,Gridania,Gridania,6-6
V'nabyano,V'nabyano,exact,v'nabyano,1,1001101,10,Miqo'te,Seekers of the Sun,Female,,Gridania,Gridania,4-3
V'olhmyn,V'olhmyn,exact,v'olhmyn,1,1500097,15,Miqo'te,Seekers of the Sun,Female,,Gridania,West Shroud,32-15
Vaincannet,Vaincannet,exact,vaincannet,1,1500399,15,Elezen,Wildwood Elezen,Male,Mercantile House Representative,Limsa Lominsa,Lominsan Mercantile House,1-1
Vanicie,Vanicie,exact,vanicie,1,1500103,15,Elezen,Wildwood Elezen,Female,,Ul'dah,Southern Thanalan,40-43
Vannes,Vannes (1.x),exact,vannes,1,1001464,10,Hyur,Highlander,Male,,Ul'dah,Ul'dah,5-5
Vavaki,Vavaki,exact,vavaki,1,1500126,15,Lalafell,Dunesfolk,Female,,Ul'dah,Ul'dah,7-4
Vielle,Vielle,exact,vielle,2,1000388 1700009,10 17,Elezen,Duskwight Elezen,Female,Bandit,,Coerthas,"60, 28"
Violenne,Violenne (1.x),exact,violenne,1,1001754,10,Elezen,Wildwood Elezen,Female,,Ul'dah,Ul'dah,2-1
Voluptuous Vixen,Voluptuous Vixen,exact,voluptuous vixen,1,1000447,10,Hyur,Midlanders,Female,,,"Limsa Lominsa Opening, Limsa Lominsa","Boat,5-3"
Voyce,Voyce,exact,voyce,1,1600084,16,Hyur,Midlander,Male,Merchant,Gridania,Gridania,7-3
W'doyagha,W'doyagha,exact,w'doyagha,1,1500422,15,Miqo'te,Seekers of the Sun,Female,Merchant,Ul'dah,Ul'dahn Mercantile House,1-1
W'hahtoa,W'hahtoa,exact,w'hahtoa,1,1000475,10,Miqo'te,Seekers of the Sun,Female,,Limsa Lominsa,Limsa Lominsa,4-7
W'jhimei,W'jhimei,exact,w'jhimei,1,1500423,15,Miqo'te,Seekers of the Sun,Female,Merchant,Gridania,Gridanian Mercantile House,1-1
W'mhelgo Hena,W'mhelgo Hena,exact,w'mhelgo hena,2,1500121 1500438,15,,,,,,,
W'nhalki,W'nhalki,exact,w'nhalki,1,1600058,16,Miqo'te,Seekers of the Sun,Female,Merchant,Ul'dah,Ul'dah,5-5
Wadard,Wadard,exact,wadard,1,1001585,10,Hyur,Midlander,Male,Event NPC,Ul'dah,Ul'dah,5-3
Waebahct,Waebahct,exact,waebahct,1,1600107,16,Roegadyn,Sea Wolves,Male,Merchant,Limsa Lominsa,Limsa Lominsa,7-5
Waekbyrt,Waekbyrt,exact,waekbyrt,1,1000003,10,Roegadyn,Sea Wolves,Male,,Limsa Lominsa,Limsa Lominsa,4-7
Waeksatz,Waeksatz,exact,waeksatz,1,1600094,16,Roegadyn,,Male,,,Ul'dah,
Walcher,Walcher,exact,walcher,1,1001629,10,Hyur,Midlander,Male,Reporter,,Eastern La Noscea,31-18
{{PAGENAME}},Waldhere,exact,waldhere,1,1500147,15,Hyur,Highlander,Male,Merchant,Ul'dah,Lower Tailors Row,1-1
Waldibert,Waldibert,exact,waldibert,1,1001310,10,Hyur,Highlander,Male,,,Eastern La Noscea,31-18
Waldomar,Waldomar,exact,waldomar,1,1001827,10,Hyur,Highlander,Male,Event NPC,,North Shroud,25-13
Walhbert,Walhbert,exact,walhbert,1,1001448,10,Hume,,Male,,,Western Thanalan,4-26
Wandering Minstrel,Wandering Minstrel,exact,wandering minstrel,1,1060027,10,Hyur,Midlander,Male,,,Limsa Lominsa,
Wannore,Wannore,exact,wannore,1,1000968,10,Hyur,Midlander,Female,,Ul'dah,Ul'dah,5-5
War Wolf,War Wolf,exact,war wolf,1,1500120,15,Roegadyn,,Male,,,"South Shroud, Western La Noscea, Eastern La Noscea",
Warburton,Warburton,exact,warburton,1,1000186,10,Hyur,Midlander,Male,,Ul'dah,Ul'dah Opening,4-7
Wastnagl,Wastnagl,exact,wastnagl,1,1500427,15,Roegadyn,,Male,Mercantile House Representative,Limsa Lominsa,Lominsan Mercantile House,1-1
Wawalago Momolago,Wawalago,exact,wawalago,1,1000154,10,Lalafell,Dunesfolk,Male,,Limsa Lominsa,Limsa Lominsa,6-6
Wawapo,Wawapo,exact,wawapo,1,1600066,16,Lalafell,,Female,Merchant,Ul'dah,Ul'dah,6-4
Wawaramu,Wawaramu,exact,wawaramu,1,1001614,10,Lalafell,Dunesfolk,Male,Farmer,Gridania,South Shroud,35-43
Wawaton,Wawaton (1.x),exact,wawaton,1,1000648,10,Lalafell,,Male,,Ul'dah,Ul'dah,5-3
Weeping Hill,Weeping Hill,exact,weeping hill,1,1001992,10,Roegadyn,Sea Wolves,Male,Event NPC,,Ul'dah,5-3
Well-traveled Merchant,Well-traveled Merchant,exact,well-traveled merchant,1,1000438,10,Hyur,Midlanders,Male,,,"Limsa Lominsa Opening, Limsa Lominsa","Boat,5-3"
Wenefreda,Wenefreda,exact,wenefreda,1,1001442,10,Hyur,Midlander,Female,,Ul'dah,Ul'dah,7-5
Whispering Adventurer,Whispering Adventurer,exact,whispering adventurer,1,1000102,10,,,,,Limsa Lominsa,,
Widargelt,Widargelt,exact,widargelt,2,1002023 1060032,10,Hyur,Midlander,Male,,Ala Mhigo,Eastern Thanalan,39-31
Widigast,Widigast,exact,widigast,1,1001354,10,Hyur,Highlander,Male,,Ishgard,Coerthas Eastern Lowlands,62-34
Wiggy,Wiggy,exact,wiggy,1,1001595,10,,,,Event NPC,,Limsa Lominsa,7-6
Willelda,Willelda,exact,willelda,1,1000242,10,Hyur,Midlander,Female,,Gridania,Gridania,7-2
Willielmus,Willielmus,exact,willielmus,1,1001710,10,Hyur,Midlander,Male,,Gridania,Gridania,6-6
Wind-worn Corpse,Wind-worn Corpse,exact,wind-worn corpse,1,1000091,10,,,,,,,
Wineburg,Wineburg,exact,wineburg,1,1500207,15,Hyur,Midlander,Male,Highwind Skyways Representative,Limsa Lominsa,Limsa Lominsa,1-1
Wise Moon,Wise Moon,exact,wise moon,1,1001416,10,Roegadyn,,Male,Priest,Ul'dah,Ul'dah,7-6
Wistsunn,Wistsunn,exact,wistsunn,1,1600104,16,Roegadyn,,Male,Merchant,Ul'dah,Western Thanalan,13-29
Worrisome Assistant,Worrisome Assistant,exact,worrisome assistant,1,1001207,10,Hyur,Midlander,Male,,,Ul'dah,x-x
Wracwulf,Wracwulf,exact,wracwulf,1,1001441,10,Hyur,Highlander,Male,,Ul'dah,Ul'dah,7-4
Wulfthryth,Wulfthryth,exact,wulfthryth,1,1600028,16,Hyur,Midlander,Female,Merchant,Gridania,Gridania,8-3
Wunthyml,Wunthyml,exact,wunthyml,1,1600103,16,Roegadyn,Sea Wolves,Male,Merchant,Ul'dah,Southern Thanalan,43-40
Wybir,Wybir,exact,wybir,1,1000556,10,Hyur,Midlanders,Female,,Gridania,South Shroud,44-47
Wymar,Wymar,exact,wymar,1,1000617,10,Hyur,Highlander,Male,Quartermaster,,Upper La Noscea,22-7
Wyra Khamazom,Wyra Khamazom,exact,wyra khamazom,1,1000192,10,Miqo'te,Keepers of the Moon,Female,,Limsa Lominsa,Limsa Lominsa,4-7
Wyrstmann,Wyrstmann,exact,wyrstmann,1,1000252,10,Roegadyn,Sea Wolves,Male,,Limsa Lominsa,Limsa Lominsa,6-3
Wysskoen,Wysskoen,exact,wysskoen,1,1001826,10,Roegadyn,Sea Wolves,Male,Event NPC,,Ul'dah,5-3
Wysslorh,Wysslorh,exact,wysslorh,1,1600056,16,Roegadyn,Sea Wolf,Male,Merchant,Ul'dah,Ul'dah,6-4
Wyznguld,Wyznguld,exact,wyznguld,1,1001418,10,Roegadyn,,Male,,Ul'dah,Ul'dah,7-6
X'bhowaqi,X'bhowaqi,exact,x'bhowaqi,1,1001613,10,Miqo'te,Seekers of the Sun,Female,Tanner,Gridania,South Shroud,35-43
X'dhilogo,X'dhilogo,exact,x'dhilogo,1,1001466,10,Miqo'te,,Female,,Ul'dah,Ul'dah,5-5
Xau Nbolo,Xau Nbolo,exact,xau nbolo,1,1000641,10,Miqo'te,Keepers of the Moon,Female,,Ul'dah,Ul'dah,5-6
Xavalien,Xavalien,exact,xavalien,1,1000181,10,Elezen,Wildwood Elezen,Male,,Limsa Lominsa,Limsa Lominsa,6-6
Y'alabali,Y'alabali,exact,y'alabali,1,1001305,10,Miqo'te,Seekers of the Sun,Female,Yellowjacket,Limsa Lominsa,Western La Noscea,12-23
Y'shtola,Y'shtola,exact,y'shtola,1,1000001,10,Miqo'te,Seekers of the Sun,Female,Conjurer,,Limsa Lominsa,5-7
Yayake,Yayake,exact,yayake,1,1000846,10,Lalafell,,Female,,Ul'dah,Ul'dah,4-5
Yayamo,Yayamo,exact,yayamo,1,1500071,15,Lalafell,,Female,Gatewarden,Gridania,West Shroud,32-15
Yayatoki,Yayatoki,exact,yayatoki,1,1500129,15,Lalafell,,Female,,Ul'dah,Ul'dah,7-4
Yayatu,Yayatu,exact,yayatu,1,1001581,10,Lalafell,,Male,,,Central Shroud,33-37
Yda,Yda,exact,yda,4,1000009 1001696 1002000 1002069,10,Hyur,Midlander,Female,,,Gridania,6-3
Yhah Amariyo,Yhah Amariyo,exact,yhah amariyo,1,1000786,10,Miqo'te,Keepers of the Moon,Female,,Ul'dah,Ul'dah,4-6
Ylessa,Ylessa,exact,ylessa,1,1001470,10,Hyur,Midlander,Female,Wood Wailer,Gridania,Gridania,6-1
Yloise,Yloise,exact,yloise,1,1500242,15,Elvaan,,Female,,,Northern Thanalan,25-13
Yolaine,Yolaine,exact,yolaine,1,1600036,16,Elezen,Duskwight Elezen,Female,Merchant,Gridania,Gridania,6-4
Yoyobina,Yoyobina,exact,yoyobina,2,1000927 1001076,10,Lalafell,Dunesfolk,Male,,Ul'dah,Ul'dah,5-5
Yujaja,Yujaja,exact,yujaja,1,1600101,16,,,,Merchant,Gridania,East Shroud,50-32
Yuyubaya,Yuyubaya (1.x),exact,yuyubaya,2,1500310 1500415,15,Lalafell,,Female,Mercantile House Representative,Limsa Lominsa,Lominsan Mercantile House,1-1
Yuyubesu,Yuyubesu,exact,yuyubesu,1,1001166,10,Lalafell,Plainsfolk,Male,Miner,Ul'dah,Ul'dah,6-6
Yuyuhase,Yuyuhase (1.x),exact,yuyuhase,1,1001428,10,Lalafell,,Male,,Ul'dah,Ul'dah,5-3
Yvane,Yvane,exact,yvane,1,1001791,10,Hyur,Midlander,Female,Event NPC,Ul'dah,Ul'dah,5-3
Yvelont,Yvelont,exact,yvelont,1,1001639,10,Elezen,Wildwood Elezen,Male,,Ishgard,Coerthas Central Highlands,36-15
Z'onggo,Z'onggo,exact,z'onggo,1,1000057,10,Miqo'te,Seekers of the Sun,Female,,Limsa Lominsa,Limsa Lominsa,6-7
Z'pahtalo,Z'pahtalo,exact,z'pahtalo,1,1000570,10,Miqo'te,,Female,,Gridania,Gridania,8-2
Z'ranmaia,Z'ranmaia,exact,z'ranmaia,1,1600012,16,Miqo'te,Seekers of the Sun,Female,Merchant,Limsa Lominsa,Limsa Lominsa,7-3
Z'ssapa,Z'ssapa,exact,z'ssapa,2,1000887 1001217,10,Miqo'te,Seekers of the Sun,Female,Miner,Ul'dah,Central Thanalan,27-20
Zabinie,Zabinie,exact,zabinie,1,1000616,10,Elezen,,Female,Quartermaster,,Western La Noscea,6-16
Zaeshanth,Zaeshanth,exact,zaeshanth,1,1500220,15,Roegadyn,Sea Wolves,Male,Chocobo Caravan Leader,Gridania,South Shroud,40-49
Zaesoeya,Zaesoeya,exact,zaesoeya,1,1600037,16,Roegadyn,Hellsguard,Male,Merchant,Gridania,Gridania,6-4
Zagylhaemr,Zagylhaemr,exact,zagylhaemr,1,1600100,16,Roegadyn,Sea Wolf,Male,Merchant,,Gridania,6-8
Zagylswerd,Zagylswerd,exact,zagylswerd,1,1600057,16,Roegadyn,Sea Wolves,Male,Merchant,Ul'dah,Ul'dah,4-5
Zanthael,Zanthael,exact,zanthael,1,1000351,10,Roegadyn,Sea Wolves,Male,,Limsa Lominsa,Limsa Lominsa,4-7
Zawawa,Zawawa,exact,zawawa,1,1500419,15,Lalafell,,Female,Merchant,Ul'dah,Ul'dahn Mercantile House,1-1
Zehkrepf,Zehkrepf,exact,zehkrepf,1,1600099,16,,,,Merchant,Gridania,East Shroud,47-29
Zehrymm,Zehrymm,exact,zehrymm,1,1000225,10,Roegadyn,Sea Wolves,Male,,,Limsa Lominsa,7-5
Zelia,Zelia,exact,zelia,1,1600027,16,Elezen,Duskwight Elezen,Female,Merchant,Gridania,Gridania,4-7
Zerig,Zerig,exact,zerig,1,1000510,10,Hyur,Midlander,Male,,Gridania,Gridania,2-1
Zezeragi,Zezeragi,exact,zezeragi,1,1600098,16,Lalafell,Dunesfolk,Male,Merchant,Ishgard,Mor Dhona,17-20
Ziggy,Ziggy,exact,ziggy,2,1001587 1001999,10,,,,Event NPC,,Ul'dah,5-3
Zilili,Zilili,exact,zilili,1,1001315,10,Lalafell,Plainsfolk,Female,,Ul'dah,Eastern Thanalan,19-37
Zirnbyrt,Zirnbyrt,exact,zirnbyrt,1,1001146,10,Roegadyn,,Male,,Ul'dah,Eastern Thanalan,45-35
Ziuz Amariyo,Ziuz Amariyo,exact,ziuz amariyo,1,1001994,10,Miqo'te,Keepers of the Moon,Female,,,"Gridania, Ul'dah, Limsa Lominsa","6-5, 6-3, 7-4"
Zoengterbin,Zoengterbin,exact,zoengterbin,1,1000784,10,Roegadyn,Sea Wolves,Male,,Ul'dah,Ul'dah,6-4
Zoxio,Zoxio,exact,zoxio,1,1001086,10,Sylph,,,,,Merchants Ward,
Zuzudesu,Zuzudesu,exact,zuzudesu,1,1600005,16,Lalafell,Plainsfolk,Male,Merchant,Limsa Lominsa,Limsa Lominsa,6-5
Zuzule,Zuzule,exact,zuzule,1,1000469,10,Lalafell,,Female,,,Limsa Lominsa,6-2
Zuzupoja,Zuzupoja,exact,zuzupoja,1,1000701,10,Lalafell,Dunesfolk,Male,,Gridania,Gridania,6-5
Zwyntyl,Zwyntyl,exact,zwyntyl,1,1500428,15,Roegadyn,,Male,Repair Merchant,Ul'dah,Ul'dahn Mercantile House,1-1
