ge_page_title,ge_revision_id,ge_revision_timestamp,removed_before_arr,npc_name,race,clan,gender,occupation,affiliation,zones,locations,map_coords,npc_type,sells,source
269th Order Mendicant Da Za,250307,2012-04-30T20:54:36Z,0,269th Order Mendicant Da Za,Kobold,,Male,,,Western Thanalan,The Footfalls,11-28,,,ge-npc-pages
A'mihgazoo,244112,2012-04-28T17:22:31Z,0,A'mihgazoo,Miqo'te,Seekers of the Sun,Female,Mercantile House Representative,Ul'dah,Ul'dahn Mercantile House,Market Wards,1-1,,,ge-npc-pages
A'naidjaa,499582,2010-10-11T19:31:20Z,0,A'naidjaa,Miqo'te,Seekers of the Sun,Female,,Gridania,Gridania,The Oak Atrium,6-5,,,ge-npc-pages
A'nimuili,475706,2012-04-21T19:47:55Z,0,A'nimuili,Miqo'te,Seekers of the Sun,Female,Merchant,Gridania,Gridania,Fen-Yll Fineries,7-4,,"{{Sells|Weathered Workboots|552}} {{Sells|Weathered Thighboots (Grey)|446}} {{Sells|Sheepskin Duckbills|312}} {{Sells|Sheepskin Leggings|7,654}} {{Sells|Dodoskin Shoes|5,632}} {{Sells|Leather Crakows|46,800}}",ge-npc-pages
A'shakkal,438119,2011-08-29T00:24:32Z,0,A'shakkal,Miqo'te,Seekers of the Sun,Female,Linkshell Merchant,Limsa Lominsa,Limsa Lominsa,"The Drowning Wench, Mizzenmast Inn, Upper Decks",7-5,,{{Sells|Linkshell|}},ge-npc-pages
Abandoned Child,321999,2012-06-01T03:23:18Z,0,Abandoned Child,Hyur,Midlander,Male,,Ul'dah,Ul'dah,The Coliseum,5-5,Instance,,ge-npc-pages
Abelard,29741,2011-07-22T07:31:27Z,0,Abelard,Hyur,Highlander,Male,Miner,,Western Thanalan,The Coffer & Coffin,9-27,,,ge-npc-pages
Abraham,361345,2012-06-11T16:06:27Z,0,Abraham,Hyur,Midlander,Male,,Limsa Lominsa,Lower La Noscea,Bearded Rock,22-29,Instance,,ge-npc-pages
Abylbenn,372550,2012-06-20T22:31:40Z,0,Abylbenn,Roegadyn,,Male,Chocobo Caravan Leader,Limsa Lominsa,Western La Noscea,Skull Valley,,,,ge-npc-pages
Abylgo Hamylgo,491442,2012-02-06T11:37:03Z,0,Abylgo Hamylgo,Lalafell,Plainsfolk,Male,,Ul'dah,Ul'dah,The Coliseum,5-5,,,ge-npc-pages
Adeldreda,512412,2012-06-03T23:50:41Z,0,Adeldreda,Hyur,Midlander,Female,,Ul'dah,Eastern Thanalan,The Golden Bazaar,19-37,,,ge-npc-pages
Adri,177467,2012-05-04T14:53:15Z,0,Adri,Hyur,Highlander,Male,Merchant,Limsa Lominsa,Limsa Lominsa,Naldiq & Vymelli's,7-7,,{{Sells|Weathered Cross-pein Hammer|600}} {{Sells|Birdsbeak Hammer|26600}} {{Sells|Crowsbeak Hammer|69600}} {{Sells|Steel Cross-pein Hammer|163400}} {{Sells|Bronze File|13376}} {{Sells|Steel File|95304}} {{Sells|Sheepskin Calot|432}} {{Sells|Dodoskin Skullcap|26928}} {{Sells|Velveteen Wedge Cap|59136}} {{Sells|Linen Wedge Cap|104576}} {{Sells|Hempen Kurta|780}} {{Sells|Dodoskin Harness|44880}} {{Sells|Velveteen Coatee|110880}} {{Sells|Linen Coatee|196080}} {{Sells|Hempen Shepherd's Slops|288}} {{Sells|Dodoskin Subligar|13464}} {{Sells|Velveteen Bottom|40656}} {{Sells|Linen Bottom|71896}} {{Sells|Sheepskin Wristguards|168}} {{Sells|Dodoskin Wristguards|4928}} {{Sells|Velveteen Shortgloves|36960}} {{Sells|Linen Shortgloves|65360}} {{Sells|Sheepskin Duckbills|312}} {{Sells|Dodoskin Espadrilles|20944}} {{Sells|Velveteen Gaiters|48048}} {{Sells|Linen Gaiters|84968}},ge-npc-pages
Adventurer (Coral Tower 1),336888,2010-08-14T04:02:10Z,0,Adventurer,Lalafell,,Female,,Limsa Lominsa,Limsa Lominsa,Coral Tower,2-6,,,ge-npc-pages
Adventurer (Coral Tower 2),338568,2010-08-14T03:57:10Z,0,Adventurer,,,,,Limsa Lominsa,Limsa Lominsa,Coral Tower,2-6,,,ge-npc-pages
Adventurer (Coral Tower 3),338621,2010-08-11T17:03:29Z,0,Adventurer,,,,,Limsa Lominsa,Limsa Lominsa,Coral Tower,2-6,Instance,,ge-npc-pages
Adventurer (Coral Tower 4),338657,2010-08-11T17:03:59Z,0,Adventurer,,,,,Limsa Lominsa,Limsa Lominsa,Coral Tower,2-6,Instance,,ge-npc-pages
Aeduin,366973,2012-04-28T01:41:46Z,0,Aeduin,Hyur,Midlander,Male,,Gridania,Gridania,Airship Landing,6-6,,"{{Sells|Midland Cabbage|1,688}} {{Sells|Blood Currants|1,310}} {{Sells|Faerie Apple|638}} {{Sells|Apple Juice|4,590}} {{Sells|Tinolqa Mistletoe|1,331}} {{Sells|Matron's Mistletoe|8,243}}",ge-npc-pages
Aeglyffe (1.x),322349,2012-06-01T03:52:23Z,0,Aeglyffe,Hyur,Midlander,Male,,Ul'dah,Ul'dah,The Coliseum,5-5,Cutscene,,ge-npc-pages
Aenore,240667,2012-05-01T01:44:49Z,0,Aenore,Hyur,Midlander,Female,,Limsa Lominsa,Limsa Lominsa,Airship Landing,1-1,,,ge-npc-pages
Aentfoet,338720,2012-05-04T20:11:30Z,0,Aentfoet,Roegadyn,Sea Wolves,Male,,Limsa Lominsa,Limsa Lominsa,The Bismarck,7-3,,,ge-npc-pages
Aergfloh,282551,2011-11-27T03:40:42Z,0,Aergfloh,Roegadyn,,Male,,,Thanalan,Central Thanalan,22-29,,,ge-npc-pages
Aerghaemr,57678,2011-08-02T00:26:38Z,0,Aerghaemr,Roegadyn,Sea Wolf,Male,,,Western La Noscea,Halfstone,7-20,,,ge-npc-pages
Aergwynt,338819,2012-05-06T17:39:39Z,0,Aergwynt Ironbellow,Roegadyn,,Male,,Limsa Lominsa,Limsa Lominsa,Lower Decks,7-5,,,ge-npc-pages
Aerstsyn,502897,2012-05-15T16:26:07Z,0,Aerstsyn,Roegadyn,,Male,,Gridania,Gridania,Wailing Barracks,8-2,,,ge-npc-pages
Agzu Rungzu,508534,2012-05-29T03:44:56Z,0,Agzu Rungzu,Lalafell,,Male,,Ul'dah,Western Thanalan,The Silver Bazaar,36-12,,,ge-npc-pages
Ahldbyrt,240778,2012-04-28T01:47:42Z,0,Ahldbyrt,Roegadyn,,Male,,Ul'dah,Ul'dah,Airship Landing,,,,ge-npc-pages
Ahldiyrn,477724,2012-04-21T20:00:06Z,0,Ahldiyrn,Roegadyn,Hellsguard,Male,Merchant,Gridania,Gridania,Ebony Stalls,8-3,,"{{Sells|Weathered Cross-pein Hammer|600}} {{Sells|Bronze File|13,376}} {{Sells|Bronze Ingot|1,500}} {{Sells|Iron Ingot|5,000}} {{Sells|Steel Ingot|10,500}} {{Sells|Bronze Rivets|600}} {{Sells|Iron Rivets|2,000}} {{Sells|Steel Rivets|4,200}} {{Sells|Ragstone Whetstone|612}} {{Sells|Mudstone Whetstone|1,368}}",ge-npc-pages
Ahldoen,338929,2010-12-25T01:55:42Z,0,Ahldoen,Roegadyn,,Male,Gatewarden,Limsa Lominsa,Western La Noscea,Camp Skull Valley,15-18,,,ge-npc-pages
Ahldskyf,447306,2011-07-18T16:46:44Z,0,Ahldskyf,Roegadyn,Sea Wolves,Male,,,Limsa Lominsa,Ferry Docks Limsa Lominsa,4-5,,,ge-npc-pages
Ahldwaen,505241,2011-05-23T23:24:56Z,0,Ahldwaen,Roegadyn,Sea Wolves,Male,Gatewarden,Gridania,East Shroud,Camp Nine Ivies,29-47,,,ge-npc-pages
Ahldwilf,244185,2012-04-28T17:29:41Z,0,Ahldwilf,Roegadyn,,Male,Mercantile House Representative,Ul'dah,Ul'dahn Mercantile House,Market Wards,1-1,,,ge-npc-pages
Ailith,49650,2011-07-31T11:09:03Z,0,Ailith,Hyur,Midlander,Female,Thaumaturge,Ul'dah,South Shroud,Quarrymill,44-47,,,ge-npc-pages
Aistan,412994,2012-07-27T17:35:00Z,0,Aistan,Hyur,,Male,,,Ul'dah,,6-3,,,ge-npc-pages
Aistrach,475754,2010-11-08T02:04:31Z,0,Aistrach,Roegadyn,Sea Wolves,Male,Quartermaster,,Western Thanalan,Camp Horizon,13-29,,,ge-npc-pages
Ajin Zukajin,252694,2012-05-01T01:40:13Z,0,Ajin Zukajin,Lalafell,,Male,,Limsa Lominsa,Limsa Lominsa,Airship Landing,1-1,,,ge-npc-pages
Ala Mhigan Challenger (NPC),322299,2012-06-01T03:45:00Z,0,Ala Mhigan Challenger,Lalafell,Plainsfolk,Male,,Ala Mhigo,Ul'dah,The Coliseum,5-5,,,ge-npc-pages
Ala Mhigan Resistance Captain,208857,2012-05-21T18:57:36Z,0,Ala Mhigan Resistance Captain,Hyur,,Male,,Ala Mhigo,,,,Instance,,ge-npc-pages
Alaire,503353,2012-05-15T15:19:21Z,0,Alaire,Hyur,Midlander,Male,,Gridania,Gridania,Quiver's Hold,8-5,,,ge-npc-pages
Alamenain,289418,2012-05-08T21:46:20Z,0,Alamenain,Elezen,Wildwood Elezen,Male,Cauldron Carrier,,Central Thanalan,Black Brush,29-20,,,ge-npc-pages
Alberic,251799,2012-05-12T15:49:18Z,0,Alberic,Hyur,Midlander,Male,,Ishgard,Coerthas Central Highlands,Dragonhead,35-18,,,ge-npc-pages
Aldebrand,29040,2011-07-22T03:53:07Z,0,Aldebrand,Hyur,Midlander,Male,Miner,,Eastern Thanalan,Mythril Pit T-8,40-28,,,ge-npc-pages
Aldyet,252850,2012-05-01T01:54:01Z,0,Aldyet,Hyur,Midlander,Female,Adventurer,Limsa Lominsa,Limsa Lominsa,Airship Landing,1-1,,,ge-npc-pages
Alfgar,18527,2012-05-03T14:51:12Z,0,Alfgar,Hyur,Midlander,Male,,Limsa Lominsa,Limsa Lominsa,The Drowning Wench,7-5,,,ge-npc-pages
Alistair,380639,2012-01-21T05:50:25Z,0,Alistair,Hyur,Highlander,Male,Repair Merchant,Limsa Lominsa,Eastern La Noscea,Camp Bloodshore,36-20,,,ge-npc-pages
Alixe,503222,2010-11-08T07:05:38Z,0,Alixe,Elezen,Wildwood Elezen,Female,,Gridania,Gridania,Atelier Fen-Yll,7-3,,,ge-npc-pages
Allenaure,473314,2011-10-06T11:47:55Z,0,Allenaure,Elezen,Wildwood Elezen,Female,Merchant,Ul'dah,Ul'dah,Sapphire Avenue Exchange,7-4,,"{{Sells|Weathered Doming Hammer|624}} {{Sells|Bronze Pliers|14,080}} {{Sells|Bronze Plate|3,300}} {{Sells|Iron Plate|11,000}} {{Sells|Steel Plate|23,100}} {{Sells|Bronze Rings|1,200}} {{Sells|Iron Rings|4,000}} {{Sells|Steel Rings|8,400}}",ge-npc-pages
Allond,36582,2012-03-05T06:54:14Z,0,Allond,Hyur,Midlander,Male,Event NPC,Limsa Lominsa,Limsa Lominsa,,7-6,,,ge-npc-pages
Almxio,424594,2012-05-10T15:58:52Z,0,Almxio,Sylph,,,,,Merchants Ward,,,Instance,,ge-npc-pages
Alret,52626,2012-08-14T22:09:24Z,0,Alret,Hyur,Midlander,Male,Farmer,,,,,Instance,,ge-npc-pages
Amenie,180595,2012-04-29T00:09:51Z,0,Amenie,Elezen,,Female,Merchant,Ul'dah,Tradescraft Row,Market Wards,1-1,,"{{Sells|Weathered Saw|660}} {{Sells|Chocobotail Saw|9,744}} {{Sells|Weathered Cross-pein Hammer|600}} {{Sells|Birdsbeak Hammer|8,512}} {{Sells|Weathered Doming Hammer|624}} {{Sells|Bronze Raising Hammer|8,512}} {{Sells|Weathered Chaser Hammer|636}} {{Sells|Bronze Ornamental Hammer|8,512}} {{Sells|Weathered Head Knife|588}} {{Sells|Brass Head Knife|8,341}} {{Sells|Rusty Needle|432}} {{Sells|Bat Fang Needle|6,236}} {{Sells|Weathered Alembic|612}} {{Sells|Brass Alembic|9,180}} {{Sells|Weathered Skillet|624}} {{Sells|Iron Skillet|9,360}}",ge-npc-pages
Amianne,59504,2011-08-02T22:59:52Z,0,Amianne,Elezen,Wildwood Elezen,Female,Culinarian,,Coerthas Eastern Lowlands,Owl's Nest,62-34,,,ge-npc-pages
Anene,474494,2012-05-07T17:21:44Z,0,Anene,Lalafell,,Male,,Gridania,Gridania,Carline Canopy,6-6,,,ge-npc-pages
Angry River,423029,2010-10-02T17:49:47Z,0,Angry River,Roegadyn,Sea Wolves,Male,,Limsa Lominsa,Limsa Lominsa,Mealvaan's Gate,4-5,,,ge-npc-pages
Anselm (1.x),259765,2012-05-07T17:30:42Z,0,Anselm,Hyur,Midlander,Male,,Gridania,Gridania,The Roost,6-6,,,ge-npc-pages
Ansgor,444264,2012-05-06T17:21:30Z,0,Ansgor,Hyur,Highlander,Male,Parley Merchant,Limsa Lominsa,Limsa Lominsa,East Hawkers' Alley,6-5,,,ge-npc-pages
Anthoinette,483403,2012-04-29T15:55:54Z,0,Anthoinette,Hyur,Midlander,Female,Priestess,Ul'dah,Ul'dah,Milvaneth Sacrarium,7-6,,,ge-npc-pages
Anxious Adventurer,341673,2010-09-04T03:11:05Z,0,Anxious Adventurer,Hyur,Midlander,Male,,,Limsa Lominsa Opening,,,Instance,,ge-npc-pages
Apacho Naccho,483538,2012-04-29T16:22:20Z,0,Apacho Naccho,Lalafell,,Male,,Ul'dah,Ul'dah,Milvaneth Sacrarium,7-6,,,ge-npc-pages
Arlth,380802,2012-01-21T05:59:21Z,0,Arlth,Hyur,Midlander,Male,,Limsa Lominsa,Eastern La Noscea,Camp Bloodshore,36-20,,,ge-npc-pages
Armantel,501897,2010-11-08T07:08:04Z,0,Armantel,Elezen,Wildwood Elezen,Male,,,,Falcon's Nest,,,,ge-npc-pages
Arnald,335137,2012-04-21T18:55:45Z,0,Arnald,Hyur,Midlander,Male,Merchant,Limsa Lominsa,Limsa Lominsa,East Hawkers' Alley,6-5,,"{{Sells|Weathered Head Knife|588}} {{Sells|Bronze Awl|15840}} {{Sells|Sheep Leather|1,200}} {{Sells|Dodo Leather|2,400}} {{Sells|Aldgoat Leather|4,000}} {{Sells|Toad Leather|6,000}} {{Sells|Mole Sinew|240}} {{Sells|Antelope Sinew|720}} {{Sells|Diremite Sinew|1987}}",ge-npc-pages
Arnegis,341729,2011-07-18T17:45:04Z,0,Arnegis,Hyur,Midlanders,Male,Limsa Lominsa,,Limsa Lominsa,Lower Decks,7-4,,,ge-npc-pages
Arscelin,22625,2011-08-02T23:10:47Z,0,Arscelin,Elezen,Wildwood Elezen,Male,,,Coerthas Eastern Lowlands,Owl's Nest,63-34,,,ge-npc-pages
Arthurioux,341777,2011-07-18T17:24:03Z,0,Arthurioux,Elezen,Wildwood Elezen,Male,,Limsa Lominsa,Limsa Lominsa,Coral Tower,6-2,,,ge-npc-pages
Ascilia,471046,2010-10-21T17:08:07Z,0,Ascilia,Hyur,Midlander,Female,,Ul'dah,Ul'dah,Sapphire Avenue Exchange,4-7,Instance,,ge-npc-pages
Aspipi,482701,2012-06-06T19:00:48Z,0,Aspipi,Lalafell,,Female,,Ul'dah,Ul'dah,Sunsilk Tapestries,7-6,,,ge-npc-pages
Astrid (1.x),346833,2012-05-06T17:12:23Z,0,Astrid,Elezen,Wildwood Elezen,Female,,Limsa Lominsa,Limsa Lominsa,Fisherman's Bottom,6-6,,,ge-npc-pages
Astute Merchant,346876,2010-08-25T01:02:01Z,0,Astute Merchant,Hyur,Midlander,Male,,,Limsa Lominsa Opening,,,Instance,,ge-npc-pages
Atelloune,288719,2012-01-21T05:39:35Z,0,Atelloune,Elezen,Wildwood,Female,,Limsa Lominsa,Eastern La Noscea,Red Rooster Stead,36-25,,,ge-npc-pages
Athalwolf,508391,2012-05-29T03:38:53Z,0,Athalwolf,Hyur,Highlander,Male,,Ul'dah,Western Thanalan,The Silver Bazaar,35-13,,,ge-npc-pages
Aubrenard,502992,2012-05-15T15:26:24Z,0,Aubrenard,Elezen,Wildwood Elezen,Male,,Gridania,Gridania,,7-4,,,ge-npc-pages
Audaine (1.x),346940,2010-10-02T17:39:45Z,0,Audaine,Elezen,Wildwood Elezen,Female,,Limsa Lominsa,Limsa Lominsa,East Hawkers' Alley,6-5,,,ge-npc-pages
Augustiniel (1.x),244342,2012-04-28T17:55:33Z,0,Augustiniel,Elezen,,Male,Mercantile House Representative,Ul'dah,Ul'dahn Mercantile House,Market Wards,1-1,,,ge-npc-pages
Aunillie,501312,2012-05-09T17:20:14Z,0,Aunillie,Hyur,Midlander,Female,Youngling,Gridania,Gridania,Acorn Orchard,5-5,,,ge-npc-pages
Austere Adventurer,346999,2011-07-01T09:57:09Z,0,Austere Adventurer,Hyur,Midlander,Male,,,,,,Instance,,ge-npc-pages
Autgar,367266,2012-04-28T01:57:43Z,0,Autgar,Hyur,Midlander,Male,,Ul'dah,Ul'dah,Airship Landing,2-1,,,ge-npc-pages
Aylard,177377,2012-05-05T18:34:02Z,0,Aylard,Hyur,Highlander,Male,Merchant,Limsa Lominsa,Limsa Lominsa,The Astalicia,4-7,,{{Sells|Weathered War Axe|840}} {{Sells|Bronze Labrys|33696}} {{Sells|Iron Bill|100464}} {{Sells|Steel Bhuj|198900}} {{Sells|Dodoskin Pot Helm|13395}} {{Sells|Bronze Barbut|31416}} {{Sells|Iron Elmo|99792}} {{Sells|Steel Barbut|239316}} {{Sells|Hempen Tunic|780}} {{Sells|Dodoskin Harness|44880}} {{Sells|Iron Scale Mail|142560}} {{Sells|Boarskin Harness|341880}} {{Sells|Hempen Breeches|234}} {{Sells|Dodoskin Subligar|13464}} {{Sells|Cotton Kecks|35935}} {{Sells|Boarskin Subligar|102564}} {{Sells|Sheepskin Mitts|6697}} {{Sells|Bronze Mitt Gauntlets|15708}} {{Sells|Iron Vambraces|33264}} {{Sells|Steel Mitt Gauntlets|119658}} {{Sells|Sheepskin Shoes|192}} {{Sells|Dodoskin Caligae|17952}} {{Sells|Iron-plated Jackboots|31449}} {{Sells|Steel-plated Caligae|136752}},ge-npc-pages
Ayled,483337,2010-12-20T22:44:40Z,0,Ayled,Hyur,Midlander,Female,Quartermaster,Gridania,Central Shroud,Camp Bentbranch,32-33,,,ge-npc-pages
Aylufa,189877,2012-06-23T01:08:20Z,0,Aylufa,,,,Merchant,,Upper La Noscea,Camp Iron Lake,22-7,,"{{Sells|Warped Arrow|2}} {{Sells|Lugworm|2}} {{Sells|Moth Pupa|2}} {{Sells|Mineral Water|60}} {{Sells|Orange Juice|168}} {{Sells|Salt Cod|84}} {{Sells|Eye Drops|1,463}} {{Sells|Boiled Egg|112}} {{Sells|Potion|650}} {{Sells|Throat Drops|7,400}} {{Sells|Dawn Drops|2,850}} {{Sells|Blood Drops|413}} {{Sells|Grade 1 Dark Matter|50}} {{Sells|Grade 2 Dark Matter|300}} {{Sells|Grade 3 Dark Matter|700}} {{Sells|Grade 4 Dark Matter|1,500}} {{Sells|Grade 5 Dark Matter|3500}}",ge-npc-pages
B'konbalha,474949,2012-05-09T17:23:11Z,0,B'konbalha,Miqo'te,Seekers of the Sun,Female,Merchant,Gridania,Gridania,The Knot,6-5,,"{{Sells|Desert Saffron|3,715}} {{Sells|Cloves|479}} {{Sells|Carnation|1,331}} {{Sells|Chamomile|7,603}} {{Sells|Lavender|2,253}} {{Sells|Honey|43}} {{Sells|Sunflower Seeds|58}} {{Sells|Flax|2,287}}",ge-npc-pages
B'mallpa,347087,2010-10-02T15:51:32Z,0,B'mallpa,Miqo'te,Keepers of the Moon,Female,,Limsa Lominsa,Limsa Lominsa,Upper Decks,7-6,,,ge-npc-pages
B'nhapla,347174,2012-05-10T18:40:50Z,0,B'nhapla,Miqo'te,Seekers of the Sun,Female,,Limsa Lominsa,Limsa Lominsa,Coral Tower,6-2,,,ge-npc-pages
Babaki,169572,2012-04-29T17:42:32Z,0,Babaki,Lalafell,,Female,,Ul'dah,Ul'dah,Frondale's Phrontistery,5-6,,,ge-npc-pages
Baby-faced Adventurer,347233,2010-08-25T01:38:19Z,0,Baby-faced Adventurer,Hyur,Midlander,Male,,,Limsa Lominsa Opening,,,Instance,,ge-npc-pages
Baderon,217473,2012-05-04T19:34:47Z,0,Baderon Tenfingers,Hyur,Midlanders,Male,Tavernkeeper,Limsa Lominsa,Limsa Lominsa,The Drowning Wench,7-5,,,ge-npc-pages
Baenryss,284966,2012-05-13T19:43:00Z,0,Baenryss,Roegadyn,Sea Wolves,Male,,Limsa Lominsa,Lower La Noscea,Moraby Bay,28-33,,,ge-npc-pages
Baenskylt,258575,2012-05-05T20:33:03Z,0,Baenskylt,Roegadyn,Sea Wolf,Male,,Limsa Lominsa,Eastern La Noscea,Bloodshore,30-21,,,ge-npc-pages
Bald Knoll Battlewarden,483846,2011-07-29T15:04:25Z,0,Bald Knoll Battlewarden,Lalafell,,Male,Battlewarden,,Camp Bald Knoll,,6-16,,,ge-npc-pages
Bamponcet,90353,2011-09-30T19:24:39Z,0,Bamponcet,Elezen,,Male,,Limsa Lominsa,Limsa Lominsa,Ferry Docks,3-5,Instance,,ge-npc-pages
Bango Zango,410972,2012-08-06T00:02:11Z,0,Bango Zango,Lalafell,,Male,,,Limsa Lominsa,Upper Decks,7-6,,,ge-npc-pages
Bardo,237684,2011-04-27T01:26:59Z,0,Bardo,Hyur,Midlander,Male,,,Central Shroud,,33-37,Instance,,ge-npc-pages
Baritone Pirate,347285,2010-08-11T21:44:34Z,0,Baritone Pirate,Lalafell,,Male,,,Limsa Lominsa,Coral Tower,2-6,Cutscene,,ge-npc-pages
Barnabaix,482655,2012-06-01T23:42:04Z,0,Barnabaix,Elezen,Wildwood Elezen,Male,,Ul'dah,Ul'dah,Sunsilk Tapestries,7-6,,,ge-npc-pages
Barracuda Knight,347399,2010-08-11T22:03:11Z,0,Wildwood Elezen,Elezen,Wildwood Elezen,Male,,Limsa Lominsa,Limsa Lominsa,Coral Tower,2-6,Cutscene,,ge-npc-pages
Barryn (1.0),473538,2011-10-06T11:33:53Z,0,Barryn,Hyur,Midlander,Male,Merchant,Ul'dah,Ul'dah,Sapphire Avenue Exchange,7-4,,"{{Sells|Weathered Saw|660}} {{Sells|Bronze Claw Hammer|14,784}} {{Sells|Maple Lumber|1,350}} {{Sells|Ash Lumber|3,024}} {{Sells|Elm Lumber|4,500}} {{Sells|Walnut Lumber|6,750}}",ge-npc-pages
Bartholomew,29805,2011-07-22T07:34:26Z,0,Bartholomew,Hyur,Midlander,Male,,,Western Thanalan,The Coffer & Coffin,9-27,,,ge-npc-pages
Basewin,474537,2012-05-07T17:28:23Z,0,Basewin,Hyur,Highlander,Male,,Gridania,Gridania,Carline Canopy,6-6,,,ge-npc-pages
Baterich,481659,2010-10-02T19:29:11Z,0,Baterich,Hyur,Midlander,Female,,Ul'dah,Ul'dah,Merchant Strip,7-4,,,ge-npc-pages
Bayard,447023,2012-05-05T18:42:30Z,0,Bayard,Hyur,Midlander,Male,,Limsa Lominsa,Limsa Lominsa,The Astalicia,4-7,,,ge-npc-pages
Bearded Rock Battlewarden,478847,2011-05-21T19:32:15Z,0,Bearded Rock Battlewarden,Lalafell,Plainsfolk,Male,Battlewarden,Limsa Lominsa,Camp Bearded Rock,,25-29,,,ge-npc-pages
Beaudefoin,477512,2012-03-24T18:39:56Z,0,Beaudefoin,Elezen,Duskwight Elezen,Male,Merchant,Gridania,Gridania,Ebony Stalls,7-3,,{{Sells|Midland Cabbage|1688}} {{Sells|Sun Lemon|898}} {{Sells|Rolanberry|4526}} {{Sells|Wizard Eggplant|1566}} {{Sells|Ramhorn Zucchini|527}} {{Sells|Ruby Tomato|675}} {{Sells|Salt Leek|2664}} {{Sells|Jade Peas|1546}},ge-npc-pages
Beaudonet,366738,2012-05-07T17:03:55Z,0,Beaudonet,Elezen,Wildwood Elezen,Male,,Gridania,Gridania,Airship Landing,6-6,,,ge-npc-pages
Beauteous Beauty,309192,2012-05-26T07:05:19Z,0,Beauteous Beauty,Miqo'te,Keepers of the Moon,Female,,Ul'dah,Ul'dah,Eshtaime's Lapidaries,6-6,Instance,,ge-npc-pages
Beleaguered Botanist,331362,2011-12-27T04:09:29Z,0,Beleaguered Botanist,Lalafell,,Male,,,,,,Instance,,ge-npc-pages
Beli,503155,2011-03-04T04:07:15Z,0,Beli,Hyur,Midlander,Male,,Gridania,Gridania,Atelier Fen-Yll,7-3,,,ge-npc-pages
Bellinda,63816,2010-09-20T19:20:31Z,0,Bellinda,Hyur,Midlander,Female,,Ala Mhigo,Eastern Thanalan,Little Ala Mhigo,32-38,,,ge-npc-pages
Belmont,297663,2012-05-20T16:27:27Z,0,Belmont,Hyur,Midlander,Male,,Gridania,South Shroud,Tranquil Paths,38-49,,"{{Sells|Gysahl Greens|2,250}}",ge-npc-pages
Beltardois,510144,2010-11-08T07:11:50Z,0,Beltardois,Elezen,Wildwood Elezen,Male,,,Mor Dhona,Camp Revenant's Toll,,,,ge-npc-pages
Benedict,468811,2012-06-01T23:38:42Z,0,Benedict,Hyur,Midlander,Male,Merchant,Ul'dah,Central Thanalan,Camp Black Brush,27-26,,"{{Sells|Warped Arrow|2}} {{Sells|Lugworm|2}} {{Sells|Moth Pupa|2}} {{Sells|Mineral Water|60}} {{Sells|Eye Drops|1,463}} {{Sells|Throat Drops|7,400}} {{Sells|Dawn Drops|2,850}} {{Sells|Blood Drops|413}} {{Sells|Marmot Steak|216}} {{Sells|Boiled Egg|112}} {{Sells|Potion|650}} {{Sells|Grade 1 Dark Matter|50}} {{Sells|Grade 2 Dark Matter|300}} {{Sells|Grade 3 Dark Matter|700}} {{Sells|Grade 4 Dark Matter|1,500}} {{Sells|Grade 5 Dark Matter|3,500}}",ge-npc-pages
Beneger,297506,2012-05-20T16:15:24Z,0,Beneger,Hyur,Midlander,Male,Repair Merchant,Gridania,South Shroud,Tranquil Paths,38-49,,,ge-npc-pages
Berahthraben,63955,2010-09-20T19:21:50Z,0,Berahthraben,Hyur,Highlander,Male,,Ala Mhigo,Eastern Thanalan,Little Ala Mhigo,32-38,,,ge-npc-pages
Berndan,244813,2012-04-28T21:59:19Z,0,Berndan,Hyur,,Male,,Ul'dah,Ul'dah,The Hourglass,6-4,,,ge-npc-pages
Bernier,512342,2012-06-03T23:57:02Z,0,Bernier,Hyur,Midlander,Male,,Ul'dah,Eastern Thanalan,The Golden Bazaar,19-37,,,ge-npc-pages
Bertennant,500895,2012-05-07T17:44:03Z,0,Bertennant,Elezen,Wildwood Elezen,Male,Wood Wailer,Gridania,Gridania,,6-8,,,ge-npc-pages
Berthar,169884,2012-04-29T17:44:48Z,0,Berthar,Hyur,Highlander,Male,,Ul'dah,Ul'dah,Frondale's Phrontistery,5-6,,,ge-npc-pages
Bertouaint,28981,2011-07-22T03:45:25Z,0,Bertouaint,Elezen,Wildwood Elezen,Male,Miner,,Eastern Thanalan,Mythril Pit T-8,40-28,,,ge-npc-pages
Bertram,479980,2010-10-02T19:47:59Z,0,Bertram,Hyur,Midlander,Male,,Ul'dah,Ul'dah,The Quicksand,6-4,,,ge-npc-pages
Bertrand,361405,2012-06-14T01:51:46Z,0,Bertrand,Hyur,Midlander,Male,Yellowjacket,Limsa Lominsa,Lower La Noscea,Bearded Rock,22-29,Instance,,ge-npc-pages
Bhirsyng,326363,2012-06-03T17:00:55Z,0,Bhirsyng,Roegadyn,,Male,Chocobo Caravan Leader,Gridania,North Shroud,Treespeak,21-16,,,ge-npc-pages
Bibiraka,447963,2012-05-06T17:59:20Z,0,Bibiraka,Lalafell,Plainsfolk,Male,Yellowjacket,Limsa Lominsa,Limsa Lominsa,Lower Decks,9-5,,,ge-npc-pages
Bibiroku,512323,2012-06-03T23:56:56Z,0,Bibiroku,Lalafell,Plainsfolk,Male,,Ul'dah,Eastern Thanalan,The Golden Bazaar,19-38,,,ge-npc-pages
Biddy,502335,2012-05-15T18:31:32Z,0,Biddy,Hyur,Midlander,Female,,Gridania,Gridania,Stillglade Fane,2-1,,,ge-npc-pages
Big-bellied Barker,471517,2010-09-24T16:06:20Z,0,Big-bellied Barker,Roegadyn,,Male,,Ul'dah,Ul'dah Opening,Sapphire Avenue Exchange,4-7,Instance,,ge-npc-pages
Bijiji,98514,2012-03-13T15:47:49Z,0,Bijiji,Lalafell,Plainsfolk,Female,Event NPC,,Limsa Lominsa,,7-6,,,ge-npc-pages
Bizarre Blacksmith,310901,2012-05-29T01:33:45Z,0,Bizarre Blacksmith,Miqo'te,Seekers of the Sun,Female,Blacksmith,Ul'dah,,,,,,ge-npc-pages
Bizzare Blacksmith,57385,2012-09-09T22:47:21Z,0,Bizzare Blacksmith,Miqo'te,Seeker of the Sun,Female,,Ul'dah,Lower La Noscea,,20-26,Instance,,ge-npc-pages
Black Brush Battlewarden,249148,2012-04-30T02:40:09Z,0,Black Brush Battlewarden,Miqo'te,Seekers of the Sun,Female,Battlewarden,Ul'dah,Central Thanalan,Black Brush,,,,ge-npc-pages
Blackburn,274226,2012-06-01T23:42:29Z,0,Blackburn,Hyur,Midlander,Male,,Ul'dah,Ul'dah,Merchant Wards,4-4,Cutscene,,ge-npc-pages
Blandhem,495488,2012-04-30T02:09:37Z,0,Blandhem,Roegadyn,Hellsguard,Male,,Ul'dah,Central Thanalan,Camp Black Brush,27-26,,,ge-npc-pages
Blandie,501490,2012-05-09T17:05:29Z,0,Blandie,Elezen,Wildwood Elezen,Female,,Gridania,Gridania,,5-6,,,ge-npc-pages
Blaubenn,181669,2011-02-01T05:11:32Z,0,Blaubenn,Roegadyn,,Male,,,,,,,,ge-npc-pages
Blavier,512884,2011-08-01T00:14:10Z,0,Blavier,Hyur,Highlander,Male,,Gridania,North Shroud,Hyrstmill,25-14,,,ge-npc-pages
Bloehyr,246161,2012-04-29T04:25:25Z,0,Bloehyr,Roegadyn,,Male,,Ul'dah,Ul'dah,Merchant Strip,6-3,,,ge-npc-pages
Bloemerl,347475,2010-09-06T04:13:12Z,0,Bloemerl,Roegadyn,Sea Wolves,Male,,Limsa Lominsa,Limsa Lominsa,Fisherman's Bottom,6-6,,,ge-npc-pages
Bloisirant,298088,2012-05-20T16:55:14Z,0,Bloisirant,Elezen,Duskwight Elezen,Male,Wood Wailer,Gridania,South Shroud,Silent Arbor,39-44,,,ge-npc-pages
Bloodshore Battlewarden,486393,2012-05-05T20:38:56Z,0,Bloodshore Battlewarden,Elezen,Wildwood Elezen,Female,Battlewarden,Limsa Lominsa,Eastern La Noscea,Bloodshore,36-20,,,ge-npc-pages
Bodenolf,347540,2010-09-05T00:42:09Z,0,Bodenolf,Hyur,Midlander,Male,,Limsa Lominsa,Limsa Lominsa,Naldiq & Vymelli's,7-7,,,ge-npc-pages
Bombard,38263,2012-07-31T17:13:37Z,0,Bombard,Bomb,,,,,"South Shroud, Lower La Noscea, Southern Thanalan","Bentbranch, Bearded Rock, Black Brush",,Event,,ge-npc-pages
Bombard King,38134,2012-07-31T17:12:43Z,0,Bombard King,Bomb,,Male,,,"South Shroud, Lower La Noscea, Southern Thanalan","Bentbranch, Bearded Rock, Black Brush",,Event,,ge-npc-pages
Bonny,372758,2012-06-20T22:37:24Z,0,Bonny,Chocobo,,Female,Caravan Chocobo,Ul'dah,Western Thanalan,Horizon's Edge,,,,ge-npc-pages
Bouchard,485020,2012-06-01T23:42:41Z,0,Bouchard,Hyur,Midlander,Male,,Ul'dah,Ul'dah,Eshtaime's Lapidaries,,,,ge-npc-pages
Braitognieux (1.0),444227,2012-05-05T18:08:38Z,0,Braitognieux,Elezen,Wildwood Elezen,Male,Repair Merchant,Limsa Lominsa,Limsa Lominsa,West Hawkers' Alley,5-5,,,ge-npc-pages
Bran (1.x),57572,2011-08-02T00:19:51Z,0,Bran,Hyur,Midlander,Male,Botanist,,Western La Noscea,Halfstone,7-21,,,ge-npc-pages
Breine,244318,2012-04-28T17:53:51Z,0,Breine,Elezen,,Female,Mercantile House Representative,Ul'dah,Ul'dahn Mercantile House,Market Wards,1-1,,,ge-npc-pages
Brianna,47382,2011-08-12T00:57:38Z,0,Brianna,Hyur,Midlanders,Female,,Limsa Lominsa,Eastern La Noscea,Red Rooster Stead,36-25,,,ge-npc-pages
Bricot,37382,2012-03-06T05:50:27Z,0,Bricot,Hyur,Midlander,Male,Event NPC,Gridania,Gridania,,6-5,,,ge-npc-pages
Brictt,447140,2012-05-05T18:50:07Z,0,Brictt,Hyur,Midlander,Male,,Limsa Lominsa,Limsa Lominsa,The Astalicia,4-7,,,ge-npc-pages
Broenfohc,142149,2012-05-06T18:10:05Z,0,Broenfohc,Roegadyn,Sea Wolves,Male,Merchant,Limsa Lominsa,Spellcraft Ward,Market Wards,1-1,,"{{Sells|Weathered Cane|840}} {{Sells|Maple Wand|2,940}} {{Sells|Budding Maple Wand|6,554}} {{Sells|Weathered Scepter|696}} {{Sells|Bone Staff|4,260}} {{Sells|Brass Cudgel|9,900}}",ge-npc-pages
Broken Water Battlewarden,302320,2012-05-21T22:40:18Z,0,Broken Water Battlewarden,Elezen,Duskwight Elezen,Female,Battlewarden,Ul'dah,Southern Thanalan,Broken Water,43-40,,,ge-npc-pages
Brooks,32973,2012-02-27T05:15:09Z,0,Brooks,Hyur,Midlander,Male,,Limsa Lominsa,Upper La Noscea,,32-13,,,ge-npc-pages
Brunadier (1.0),444373,2010-11-08T07:15:40Z,0,Brunadier,Elezen,Wildwood Elezen,Male,Gatewarden,,Eastern La Noscea,Camp Bloodshore,36-20,,,ge-npc-pages
Brutish Resistance Member,302053,2012-05-21T18:52:40Z,0,Brutish Resistance Member,Hyur,,Female,,Ala Mhigo,,,,Instance,,ge-npc-pages
Bubudoga (1.x),59772,2011-08-02T23:02:09Z,0,Bubudoga,Lalafell,Dunesfolk,Female,Bard,,Coerthas Eastern Lowlands,Owl's Nest,63-35,,,ge-npc-pages
Bubuku,503312,2012-05-15T15:16:43Z,0,Bubuku,Lalafell,Plainsfolk,Female,,Gridania,Gridania,Quiver's Hold,8-5,,,ge-npc-pages
Bubunakka,509607,2010-12-20T23:03:13Z,0,Bubunakka,Lalafell,,Male,,Gridania,North Shroud,Camp Emerald Moss,20-20,,,ge-npc-pages
Buburoon,447094,2012-05-05T18:45:54Z,0,Buburoon,Qiqirn,,,,Limsa Lominsa,Limsa Lominsa,the Astalicia,4-7,,,ge-npc-pages
Bubusha,336272,2012-06-08T21:21:59Z,0,Bubusha,Lalafell,Plainsfolk,Female,,Limsa Lominsa,Western La Noscea,Aleport,12-24,,,ge-npc-pages
Burchard,502887,2012-05-15T16:30:27Z,0,Burchard,Hyur,Midlander,Male,,Gridania,Gridania,Wailing Barracks,8-2,,,ge-npc-pages
Butch,326396,2012-06-03T17:02:09Z,0,Butch,Chocobo,,Male,Caravan Chocobo,Gridania,North Shroud,Treespeak,21-16,,,ge-npc-pages
C'ndanya,89979,2011-09-30T19:06:59Z,0,C'ndanya,Miqo'te,Seekers of the Sun,Female,,Limsa Lominsa,Limsa Lominsa,Ferry Docks,3-5,Instance,,ge-npc-pages
C'rhabye,484312,2012-04-29T15:33:16Z,0,C'rhabye,Miqo'te,Seekers of the Sun,Female,Dancer,Ul'dah,Ul'dah,Amajina & Sons Mineral Concern,6-6,,,ge-npc-pages
Cahernaut,482767,2012-06-01T23:43:41Z,0,Cahernaut,Elezen,Wildwood Elezen,Male,,Ul'dah,Ul'dah,Sunsilk Tapestries,7-5,,,ge-npc-pages
Caplan,500010,2010-10-11T19:36:13Z,0,Caplan,Hyur,Midlander,Male,,Gridania,Gridania,The Oak Atrium,5-5,,,ge-npc-pages
Careworn Rebel Warrior,301992,2012-05-21T18:47:47Z,0,Careworn Rebel Warrior,Hyur,,Female,,Ala Mhigo,,,,Instance,,ge-npc-pages
Carrilaut,347600,2010-11-08T07:17:23Z,0,Carrilaut,Elezen,Wildwood Elezen,Male,,Limsa Lominsa,Limsa Lominsa,Naldiq & Vymelli's,7-7,,,ge-npc-pages
Carvallain,223524,2012-05-29T01:34:41Z,0,Carvallain de Gorgagne,Elezen,Wildwood Elezen,Male,,Limsa Lominsa,Limsa Lominsa,The Astalicia,x-x,,,ge-npc-pages
Caspar,505563,2012-05-21T22:24:45Z,0,Caspar,Hyur,Midlander,Male,Gatewarden,Ul'dah,Southern Thanalan,Broken Water,40-43,,,ge-npc-pages
Cassandra,447695,2011-12-12T18:25:07Z,0,Cassandra,Hyur,Midlander,Female,Guild Merchant,,Gridania,Quiver's Hold,8-5,,,ge-npc-pages
Cassiopeia Hollow Battlewarden,321221,2012-05-31T22:31:02Z,0,Cassiopeia Hollow Battlewarden,Roegadyn,Sea Wolves,Male,Battlewarden,Limsa Lominsa,Cassiopeia Hollow,Cerulean Garden,7-5,,,ge-npc-pages
Catriona,64264,2012-05-29T04:11:32Z,0,Catriona,Hyur,Midlander,Female,Alchemist,Ul'dah,Eastern Thanalan,Little Ala Mhigo,31-39,,,ge-npc-pages
Ceadda (1.x),347724,2011-04-25T01:32:08Z,0,Ceadda,Hyur,Midlander,Male,,Limsa Lominsa,Limsa Lominsa,Ferry Docks Limsa Lominsa,4-5,,,ge-npc-pages
Ceinguled,502808,2010-10-11T18:34:28Z,0,Ceinguled,Hyur,Midlander,Female,,Gridania,Gridania,Wailing Barracks,7-2,,,ge-npc-pages
Celie (1.x),508609,2012-05-29T03:44:10Z,0,Celie,Elezen,Wildwood Elezen,Female,,Ul'dah,Western Thanalan,The Silver Bazaar,36-13,,,ge-npc-pages
Chachai,484187,2012-04-29T15:24:15Z,0,Chachai,Lalafell,,Female,Miner,Ul'dah,Ul'dah,Amajina & Sons Mineral Concern,6-6,,,ge-npc-pages
Chachapi,285003,2012-05-13T19:46:44Z,0,Chachapi,Lalafell,Plainsfolk,Female,,Limsa Lominsa,Lower La Noscea,Moraby Bay,28-33,,,ge-npc-pages
Chalyo Tamlyo,500079,2010-10-11T19:36:36Z,0,Chalyo Tamlyo,Lalafell,Plainsfolk,Male,,Gridania,Gridania,The Oak Atrium,5-5,,,ge-npc-pages
Chamberlain,362076,2012-06-13T20:24:14Z,0,Chamberlain,Hyur,Midlander,Male,,Ul'dah,Eastern Thanalan,Halatali,43-25,,,ge-npc-pages
Chamberliaux,53119,2012-05-20T15:54:22Z,0,Chamberliaux,Elezen,Wildwood Elezen,Male,Farmer,Gridania,South Shroud,Buscarron's Fold,35-43,,,ge-npc-pages
Chantine (1.x),347838,2012-05-04T19:44:36Z,0,Chantine,Elezen,Wildwood Elezen,Female,,Limsa Lominsa,Limsa Lominsa,"The Drowning Wench, Mizzenmast Inn, Upper Decks",7-5,,,ge-npc-pages
Charlys,274357,2011-10-10T16:30:42Z,0,Charlys,Hyur,Midlander,Male,,Limsa Lominsa,Limsa Lominsa,The Bismarck,7-3,,,ge-npc-pages
Chaunollet (1.0),446341,2011-03-04T04:05:53Z,0,Chaunollet,Elezen,Duskwight Elezen,Male,,,Limsa Lominsa,Coral Tower,6-2,,,ge-npc-pages
Chechedoba,495345,2012-04-30T02:08:06Z,0,Chechedoba,Lalafell,Dunesfolk,Male,,Ul'dah,Central Thanalan,Camp Black Brush,25-26,,,ge-npc-pages
Cherlinaie,322083,2012-06-01T03:28:35Z,0,Cherlinaie,Elezen,Wildwood Elezen,Female,,Ul'dah,Ul'dah,The Coliseum,5-5,Instance,,ge-npc-pages
Chichiroon,447110,2012-05-05T18:52:26Z,0,Chichiroon,Qiqirn,,,,Limsa Lominsa,Limsa Lominsa,The Astalicia,7-4,,,ge-npc-pages
Chloe,503283,2012-05-15T15:14:21Z,0,Chloe,Hyur,Midlander,Female,,Gridania,Gridania,Quiver's Hold,8-5,,,ge-npc-pages
Choc,329471,2012-06-06T19:24:16Z,0,Choc,Chocobo,,,Caravan Chocobo,Gridania,South Shroud,Tranquil Paths,40-49,,,ge-npc-pages
Choca,329506,2012-06-06T19:25:01Z,0,Choca,Chocobo,,Female,Caravan Chocobo,Gridania,South Shroud,Tranquil Paths,40-49,,,ge-npc-pages
Choco,329539,2012-06-06T19:25:27Z,0,Choco,Chocobo,,Male,Caravan Chocobo,Gridania,South Shroud,Tranquil Paths,40-49,,,ge-npc-pages
Chuchumu,290884,2012-06-01T23:37:01Z,0,Chuchumu,Lalafell,,Female,Weaver,Ul'dah,Eastern Thanalan,The Golden Bazaar,,Cutscene,,ge-npc-pages
Cicely,26678,2012-05-15T19:00:16Z,0,Cicely,Hyur,Midlander,Female,Botanist,Gridania,Gridania,Greatloam Growery,4-3,,,ge-npc-pages
Ciceroix,485377,2012-04-29T04:05:31Z,0,Ciceroix,Elezen,Wildwood Elezen,Male,,Ul'dah,Ul'dah,Eshtaime's Lapidaries,,,,ge-npc-pages
Cicidoa Sosodoa,409142,2010-09-01T18:23:44Z,0,Cicidoa Sosodoa,Lalafell,,,,Ul'dah,,,,Historical Figure,,ge-npc-pages
Clarembald,447466,2011-12-12T18:25:15Z,0,Clarembald,Hyur,Highlander,Male,Guild Merchant,Gridania,Gridania,Wailing Barracks,7-2,,,ge-npc-pages
Claroise,477334,2012-06-01T23:37:13Z,0,Claroise,Elezen,,Female,Stockist,Ul'dah,Ul'dah,Merchant Strip,5-4,,,ge-npc-pages
Claudian,251606,2012-04-30T23:31:54Z,0,Claudien,Hyur,Midlander,Male,Repair Merchant,,Coerthas Central Highlands,Camp Dragonhead,18-39,,,ge-npc-pages
Clifton,370678,2012-05-06T17:07:41Z,0,Clifton,Hyur,Midlanders,Male,,Limsa Lominsa,Limsa Lominsa,Fisherman's Bottom,6-6,,,ge-npc-pages
Colbernoux,202578,2011-03-06T17:57:59Z,0,Colbernoux,Elezen,,Male,Goldsmith,,,,,,,ge-npc-pages
Colson,370779,2010-09-05T03:08:36Z,0,Colson,Hyur,Midlander,Male,,Limsa Lominsa,Limsa Lominsa,Upper Decks,7-7,,,ge-npc-pages
Comoere,512642,2011-08-01T00:23:03Z,0,Comoere,Hyur,Highlander,Male,,Gridania,North Shroud,Hyrstmill,25-13,,,ge-npc-pages
Conayn,141760,2012-05-15T19:49:11Z,0,Conayn,Hyur,Midlander,Male,Merchant,Gridania,Battlecraft Den,Market Wards,1-1,,"{{Sells|Weathered Gladius|600}} {{Sells|Bronze Dagger|2,700}} {{Sells|Bronze Spatha|7,956}} {{Sells|Weathered Hora|636}} {{Sells|Bone Hora|3,180}} {{Sells|Bronze Knuckles|8,665}} {{Sells|Weathered War Axe|840}} {{Sells|Bronze War Axe|4,200}} {{Sells|Bronze Labrys|11,456}} {{Sells|Weathered Shortbow|816}} {{Sells|Maple Shortbow|4,080}} {{Sells|Wrapped Maple Longbow|11,138}} {{Sells|Warped Arrow|2}} {{Sells|Weathered Spear|840}} {{Sells|Bone Harpoon|4,080}} {{Sells|Iron Spear|13,641}} {{Sells|Square Maple Shield|3,300}} {{Sells|Bronze Buckler|11,916}}",ge-npc-pages
Concessa,502426,2010-10-11T18:57:45Z,0,Concessa,Hyur,Midlander,Female,,Gridania,Gridania,Stillglade Fane,2-1,,,ge-npc-pages
Corguevais,352810,2010-10-18T14:51:12Z,0,Corguevais,Elezen,,Male,,Ul'dah,Ul'dah,,,,,ge-npc-pages
Cornell,289242,2012-05-15T18:38:47Z,0,Cornell,Elezen,Wildwood Elezen,Male,,Gridania,Gridania,Stillglade Fane,2-1,,,ge-npc-pages
Cotter,244748,2012-04-28T20:13:10Z,0,Cotter,Hyur,,Male,,Ul'dah,Ul'dah,Merchant Strip,7-4,,,ge-npc-pages
Coultenet,329634,2012-06-06T19:36:29Z,0,Coultenet,Elezen,Duskwight Elezen,Male,,Ishgard,Coerthas Central Highlands,Ever Lakes,33-35,,,ge-npc-pages
Coynach,447811,2012-04-29T03:22:29Z,0,Coynach,Hyur,Midlander,Male,Guild Merchant,,Ul'dah,Coliseum,5-5,,,ge-npc-pages
Crapulous Adventurer,370871,2010-09-04T17:05:33Z,0,Crapulous Adventurer,Roegadyn,Sea Wolves,Male,,Limsa Lominsa,Limsa Lominsa,The Drowning Wench,5-7,,,ge-npc-pages
Cultivated Tender,370907,2010-08-25T01:41:26Z,0,Cultivated Tender,Hyur,Midlander,Male,,,Limsa Lominsa Opening,,,Instance,,ge-npc-pages
Curious Gorge,286517,2012-05-15T04:26:30Z,0,Curious Gorge,Roegadyn,Hellsguard,Male,,,Western Thanalan,,15-33,,,ge-npc-pages
Cweilorh,362132,2012-06-14T00:01:11Z,0,Cweilorh,Roegadyn,Sea Wolves,Male,Chocobo Caravan Leader,Ul'dah,Eastern Thanalan,Drybone,39-25,,,ge-npc-pages
D'arimbeh,508518,2012-05-29T03:46:04Z,0,D'arimbeh,Miqo'te,Seekers of the Sun,Female,,Ul'dah,Western Thanalan,The Silver Bazaar,36-12,,,ge-npc-pages
D'bhonja,179018,2012-05-15T19:02:32Z,0,D'bhonja,Miqo'te,Seekers of the Sun,Female,Merchant,Gridania,Gridania,Greatloam Growery,4-3,,"{{Sells|Weathered Hatchet|636}} {{Sells|Iron Hatchet|31,800}} {{Sells|Plumed Iron Hatchet|92,400}} {{Sells|Mythril Hatchet|181,896}} {{Sells|Weathered Scythe|504}} {{Sells|Iron Scythe|42,000}} {{Sells|Sheepskin Calot|432}} {{Sells|Dodoskin Skullcap|26,928}} {{Sells|Velveteen Bandana|50,778}} {{Sells|Steel Goggles|112,492}} {{Sells|Hempen Kurta|780}} {{Sells|Cotton Shepherd's Tunic|48,620}} {{Sells|Cotton Doublet Vest|89,100}} {{Sells|Velveteen Doublet Vest|177,600}} {{Sells|Hempen Shepherd's Slops|288}} {{Sells|Cotton Shepherd's Slops|17,952}} {{Sells|Cotton Kecks|35,935}} {{Sells|Linen Sarouel|65,520}} {{Sells|Sheepskin Wristguards|168}} {{Sells|Dodoskin Wristguards|4,928}} {{Sells|Fingerless Leather Gloves|40,950}} {{Sells|Fingerless Boarskin Gloves|76,440}} {{Sells|Maple Clogs|252}} {{Sells|Dodoskin Espadrilles|20,944}} {{Sells|Padded Sheepskin Duckbills|28,392}} {{Sells|Boarskin Crakows|87,360}}",ge-npc-pages
Daca Jinjahl,370972,2011-07-18T16:47:12Z,0,Daca Jinjahl,Miqo'te,Keepers of the Moon,Female,,Limsa Lominsa,Limsa Lominsa,Fisherman's Bottom,6-6,,,ge-npc-pages
Dadalo,503233,2012-05-15T16:02:00Z,0,Dadalo,Lalafell,Plainsfolk,Female,,Gridania,Gridania,Atelier Fen-Yll,7-3,,,ge-npc-pages
Damielliot (1.x),353211,2012-05-08T19:53:49Z,0,Damielliot,Elezen,Wildwood Elezen,Male,,Ul'dah,Ul'dah,,,Cutscene,,ge-npc-pages
Danyell,380741,2012-04-22T00:48:31Z,0,Danyell,Hyur,Midlander,Male,Merchant,Limsa Lominsa,Eastern La Noscea,Camp Bloodshore,36-20,,"{{Sells|Warped Arrow|2}} {{Sells|Lugworm|2}} {{Sells|Moth Pupa|2}} {{Sells|Mineral Water|60}} {{Sells|Orange Juice|168}} {{Sells|Salt Cod|84}} {{Sells|Eye Drops|1,463}} {{Sells|Boiled Egg|112}} {{Sells|Potion|650}} {{Sells|Throat Drops|7,400}} {{Sells|Dawn Drops|2,850}} {{Sells|Blood Drops|413}} {{Sells|Grade 1 Dark Matter|50}} {{Sells|Grade 2 Dark Matter|300}} {{Sells|Grade 3 Dark Matter|700}} {{Sells|Grade 4 Dark Matter|1,500}} {{Sells|Grade 5 Dark Matter|3500}}",ge-npc-pages
Dapper Dan,471468,2010-09-24T16:06:06Z,0,Dapper Dan,Lalafell,Plainsfolk,Male,,Ul'dah,Ul'dah Opening,Merchant Strip,4-7,Instance,,ge-npc-pages
Dariustel,245819,2012-04-29T03:13:16Z,0,Dariustel,Hyur,,Male,Gladiatorial Combatant,Ul'dah,Ul'dah,The Coliseum,5-5,,,ge-npc-pages
Dauid,283888,2012-04-22T00:50:27Z,0,Dauid,Hyur,Midlander,Male,Merchant,,Western La Noscea,Camp Bald Knoll,6-16,,"{{Sells|Warped Arrow|2}} {{Sells|Lugworm|2}} {{Sells|Moth Pupa|2}} {{Sells|Mineral Water|60}} {{Sells|Orange Juice|168}} {{Sells|Salt Cod|84}} {{Sells|Eye Drops|1,463}} {{Sells|Boiled Egg|112}} {{Sells|Potion|650}} {{Sells|Throat Drops|7,400}} {{Sells|Dawn Drops|2,850}} {{Sells|Blood Drops|413}} {{Sells|Grade 1 Dark Matter|50}} {{Sells|Grade 2 Dark Matter|300}} {{Sells|Grade 3 Dark Matter|700}} {{Sells|Grade 4 Dark Matter|1,500}} {{Sells|Grade 5 Dark Matter|3500}}",ge-npc-pages
Davyd,371053,2010-08-13T04:03:09Z,0,Davyd,Hyur,,Male,,Limsa Lominsa,Limsa Lominsa,,6-5,,,ge-npc-pages
Deaustie,481676,2012-06-01T23:43:33Z,0,Deaustie,Elezen,,Female,,Ul'dah,Ul'dah,Sunsilk Tapestries,7-6,,,ge-npc-pages
Debauched Daemoness,471170,2010-09-24T16:05:42Z,0,Debauched Daemoness,Miqo'te,Seekers of the Sun,Female,,Ul'dah,Ul'dah Opening,Sapphire Avenue Exchange,4-7,Instance,,ge-npc-pages
Debonair Pirate,371130,2010-09-04T16:23:31Z,0,Debonair Pirate,Lalafell,Dunesfolk,Male,,Limsa Lominsa,Limsa Lominsa,The Drowning Wench,5-7,Instance,,ge-npc-pages
Decima,499999,2010-10-11T19:35:38Z,0,Decima,Hyur,Midlander,Female,,Gridania,Gridania,The Oak Atrium,5-5,,,ge-npc-pages
Dedeyadi,296238,2012-06-03T23:58:16Z,0,Dedeyadi,Lalafell,Plainsfolk,Male,,Ul'dah,Eastern Thanalan,The Golden Bazaar,38-19,,,ge-npc-pages
Delado Madalado,447332,2010-10-02T17:50:59Z,0,Delado Madalado,Lalafell,,Male,,,Limsa Lominsa,Mealvaan's Gate,4-5,,,ge-npc-pages
Densa Ibunsa,290265,2012-05-15T20:19:32Z,0,Densa Ibunsa,Lalafell,Plainsfolk,Male,Mercantile House Representative,Gridania,Gridanian Mercantile House,Market Wards,1-1,,,ge-npc-pages
Derwin,289507,2012-07-27T18:52:15Z,0,Derwin,Hyur,Midlander,Male,,,Western Thanalan,The Coffer & Coffin,9-27,,,ge-npc-pages
Deryk,491962,2012-04-30T23:34:06Z,0,Deryk,Hyur,Midlander,Male,Quartermaster,Ishgard,Coerthas Central Highlands,Camp Dragonhead,18-39,,,ge-npc-pages
Dhemdaeg,502905,2010-10-11T18:36:48Z,0,Dhemdaeg,Roegadyn,,Male,,Gridania,Gridania,Wailing Barracks,7-2,,,ge-npc-pages
Dhemsunn,446936,2012-05-05T18:36:02Z,0,Dhemsunn,Roegadyn,,Male,,Limsa Lominsa,Limsa Lominsa,The Astalicia,4-7,,,ge-npc-pages
Didiwai,371225,2010-10-21T20:10:57Z,0,Didiwai,Lalafell,,Male,Gatewarden,Limsa Lominsa,Lower La Noscea,Camp Bearded Rock,25-29,,,ge-npc-pages
Diego Athral,387829,2011-03-08T23:01:18Z,0,Diego Athral,Hyur,,Male,,Limsa Lominsa,Limsa Lominsa,,,,,ge-npc-pages
Diggy,37748,2012-06-03T01:15:52Z,0,Diggy,Spriggan,,,Event NPC,,Gridania,,6-5,,,ge-npc-pages
Diluxio,424575,2010-11-11T05:27:39Z,0,Diluxio,Sylph,,,,,Merchants Ward,,,Instance,,ge-npc-pages
Diriaine,246911,2012-04-29T15:41:21Z,0,Diriaine,Elezen,Duskwight Elezen,Female,Dancer,Ul'dah,Ul'dah,Amajina & Sons Mineral Concern,6-6,,,ge-npc-pages
Disconcerted Miner,437992,2012-05-09T04:52:40Z,0,Disconcerted Miner,Lalafell,Dunesfolk,Female,Miner,Ul'dah,Ul'dah,Amajina & Sons Mineral Concern,6-6,Instance,,ge-npc-pages
Disgruntled Pirate,371279,2010-08-13T17:26:07Z,0,Disgruntled Pirate,Hyur,Midlanders,Male,,Limsa Lominsa,Limsa Lominsa,Coral Tower,2-6,Cutscene,,ge-npc-pages
Dispassionate Resistance Member,301942,2012-05-21T18:43:42Z,0,Dispassionate Resistance Member,Lalafell,,Male,,Ala Mhigo,,,,Instance,,ge-npc-pages
Disreputable Midlander,502770,2010-09-24T16:08:47Z,0,Disreputable Midlander,Hyur,Midlanders,Male,,Ul'dah,Ul'dah Opening,Merchant Strip,4-7,Instance,,ge-npc-pages
Diving Eagle,244022,2012-04-28T17:25:21Z,0,Diving Eagle,Roegadyn,,Male,Merchant,Ul'dah,Ul'dahn Mercantile House,Market Wards,1-1,,{{Sells|Weathered War Axe|840}} {{Sells|Bronze Dagger|4500}} {{Sells|Salt Cod|84}} {{Sells|Fish Soup|6502}} {{Sells|Potion|650}} {{Sells|Blood Drops|413}},ge-npc-pages
Dodoroba,371325,2010-10-02T17:52:51Z,0,Dodoroba,Lalafell,,Male,,Limsa Lominsa,Limsa Lominsa,Mealvaan's Gate,4-5,,,ge-npc-pages
Doelle,178460,2012-05-09T18:02:48Z,0,Doelle,Elezen,Wildwood Elezen,Female,Merchant,Gridania,Gridania,Quiver's Hold,8-5,,"{{Sells|Weathered Shortbow|816}} {{Sells|Wrapped Maple Longbow|32,760}} {{Sells|Elm Velocity Bow|74,256}} {{Sells|Ash Cavalry Bow|175,232}} {{Sells|Warped Arrow|2}} {{Sells|Iron Arrow|24}} {{Sells|Mythril Arrow|98}} {{Sells|Dodoskin Pot Helm|13,395}} {{Sells|Leather Pot Helm|53,323}} {{Sells|Velveteen Turban|40,950}} {{Sells|Linen Turban|76,440}} {{Sells|Hempen Tunic|780}} {{Sells|Cotton Acton|76,176}} {{Sells|Velveteen Shirt|117,000}} {{Sells|Linen Shirt|218,400}} {{Sells|Hempen Breeches|234}} {{Sells|Dodoskin Subligar|13,464}} {{Sells|Velveteen Sarouel|35,100}} {{Sells|Linen Sarouel|65,520}} {{Sells|Sheepskin Mitts|6,697}} {{Sells|Leather Mitts|26,661}} {{Sells|Fingerless Leather Gloves|40,950}} {{Sells|Fingerless Boarskin Gloves|76,440}} {{Sells|Sheepskin Shoes|192}} {{Sells|Leather Leggings|30,470}} {{Sells|Leather Crakows|46,800}} {{Sells|Boarskin Crakows|87,360}}",ge-npc-pages
Doesdornn,473381,2011-10-06T11:44:03Z,0,Doesdornn,Roegadyn,Sea Wolves,Male,Merchant,Ul'dah,Ul'dah,Sapphire Avenue Exchange,7-4,,"{{Sells|Weathered Cross-pein Hammer|600}} {{Sells|Bronze File|13,376}} {{Sells|Bronze Ingot|1,500}} {{Sells|Iron Ingot|5,000}} {{Sells|Steel Ingot|10,500}} {{Sells|Bronze Rivets|600}} {{Sells|Iron Rivets|2,000}} {{Sells|Steel Rivets|4,200}} {{Sells|Ragstone Whetstone|612}} {{Sells|Mudstone Whetstone|1,368}}",ge-npc-pages
Doesfolg,497464,2010-10-02T18:27:28Z,0,Doesfolg,Roegadyn,,Male,Gatewarden,Ul'dah,Eastern Thanalan,Camp Drybone,39-25,,,ge-npc-pages
Dokixia,426321,2012-06-01T23:43:20Z,0,Dokixia,Sylph,,,,,East Shroud,,,Instance,,ge-npc-pages
Doyoh Lihzeh,410443,2012-02-06T06:52:22Z,0,Doyoh Lihzeh,Miqo'te,Seeker of the Sun,Female,Event NPC,,Gridania,The Knot,6-5,,,ge-npc-pages
Dozol Meloc,250568,2012-04-30T20:56:16Z,0,Dozol Meloc,Ixtal,,Male,,,Western Thanalan,The Footfalls,11-28,,,ge-npc-pages
Dracht,36377,2012-03-05T06:51:06Z,0,Dracht,Hyur,Midlander,Female,Event NPC,Limsa Lominsa,Limsa Lominsa,,7-6,,,ge-npc-pages
Drest (1.x),141986,2012-05-15T19:50:59Z,0,Drest,Hyur,Midlander,Male,Merchant,Gridania,Spellcraft Den,Market Wards,1-1,,"{{Sells|Weathered Cane|840}} {{Sells|Maple Wand|2,940}} {{Sells|Budding Maple Wand|6,554}} {{Sells|Weathered Scepter|696}} {{Sells|Bone Staff|4,260}} {{Sells|Brass Cudgel|9,900}}",ge-npc-pages
Dreues,160392,2011-01-10T06:06:36Z,0,Dreues,Hyur,,Male,,Ul'dah,Ul'dah,Platinum Mirage,5-4,,,ge-npc-pages
Drew,481289,2012-04-28T20:16:22Z,0,Drew,Hyur,Midlander,Male,,Ul'dah,Ul'dah,Merchant Strip,7-5,,,ge-npc-pages
Drividot,500928,2012-05-07T17:25:33Z,0,Drividot,Elezen,Duskwight Elezen,Male,,Gridania,Gridania,Carline Canopy,6-6,,,ge-npc-pages
Drowsy-eyed Adventurer,371401,2012-05-05T17:45:33Z,0,Drowsy-eyed Adventurer,Lalafell,,Female,,Limsa Lominsa,Limsa Lominsa,Ferry Docks,4-5,,,ge-npc-pages
Drowsy Drunkard,347156,2012-06-07T15:44:48Z,0,Drowsy Drunkard,Roegadyn,Sea Wolves,Male,,Ul'dah,Ul'dah,,,Cutscene,,ge-npc-pages
Drybone Battlewarden,497551,2010-10-02T18:28:51Z,0,Drybone Battlewarden,Hyur,Highlander,Male,Battlewarden,Ul'dah,Eastern Thanalan,Camp Drybone,40-26,,,ge-npc-pages
Dryfhund,346105,2012-06-07T04:24:35Z,0,Dryfhund,Roegadyn,Hellsguard,Male,,Limsa Lominsa,Limsa Lominsa,Stateroom,0-0,,,ge-npc-pages
Drystan,512582,2011-08-01T00:10:43Z,0,Drystan,Hyur,Highlander,Male,Wood Wailer,Gridania,North Shroud,Hyrstmill,24-13,,,ge-npc-pages
Duchesnelt,336163,2012-06-08T21:12:24Z,0,Duchesnelt,Elezen,Wildwood Elezen,Male,,Limsa Lominsa,Western La Noscea,Aleport,12-23,,,ge-npc-pages
Dunstan,410667,2010-11-04T04:56:25Z,0,Dunstan,Hyur,Midlander,Male,,,,,,,,ge-npc-pages
Duplicitous Trader,371459,2010-09-04T17:29:09Z,0,Duplicitous Trader,Elezen,Wildwood Elezen,Male,,Limsa Lominsa,Limsa Lominsa,The Drowning Wench,5-7,Instance,,ge-npc-pages
Dural Tharal,52680,2012-08-14T22:32:39Z,0,Dural Tharal,Lalafell,Plainsfolk,Male,,Ul'dah,Ul'dah,Merchant Strip,6-3,,,ge-npc-pages
Duvicauroix,240664,2012-05-06T18:32:04Z,0,Duvicauroix,Elezen,Duskwight Elezen,Male,Repair Merchant,Limsa Lominsa,Lominsan Mercantile House,Merchant Wards,1-1,,{{Sells|Weathered Spear|840}} {{Sells|Weathered Shortbow|816}} {{Sells|Bronze Arrow|6}} {{Sells|Alpine Parsnip|396}} {{Sells|Buffalo Beans|490}} {{Sells|Coerthas Carrot|284}} {{Sells|Rye|43}} {{Sells|Sunset Wheat|43}} {{Sells|Blood Currants|1310}} {{Sells|Potion|650}} {{Sells|Blood Drops|413}},ge-npc-pages
Dylise (1.x),482625,2012-04-28T21:09:36Z,0,Dylise,Elezen,,Female,,Ul'dah,Ul'dah,Sunsilk Tapestries,7-6,,,ge-npc-pages
Dympna,371507,2011-07-18T17:29:16Z,0,Dympna Tinstyll,Hyur,Midlander,Female,,Limsa Lominsa,Limsa Lominsa,Thundersquall Thundersticks,7-6,,,ge-npc-pages
Dyrstbrod,503258,2010-10-11T17:50:24Z,0,Dyrstbrod,Roegadyn,,Male,,Gridania,Gridania,Atelier Fen-Yll,7-3,,,ge-npc-pages
Dyrstweitz,324208,2012-07-07T02:30:29Z,0,Dyrstweitz,Roegadyn,Sea Wolves,Male,,Ishgard,Coerthas Central Highlands,Dragonhead,36-25,,,ge-npc-pages
E'bandala Sweetmane,439044,2010-11-11T23:03:55Z,0,E'bandala,Miqo'te,Seekers of the Sun,Female,,,Eastern La Noscea,Wineport,31-18,,,ge-npc-pages
E'dasshym,474504,2010-09-03T23:27:47Z,0,E'dasshym,Miqo'te,Seekers of the Sun,Female,,Gridania,Gridania,Carline Canopy,6-6,,,ge-npc-pages
E'ptolmi,376393,2010-12-25T01:56:04Z,0,E'ptolmi,Miqo'te,Keepers of the Moon,Female,Quartermaster,Limsa Lominsa,Western La Noscea,Camp Skull Valley,15-18,,,ge-npc-pages
Eadbert,512542,2011-08-01T00:09:30Z,0,Eadbert,Hyur,Midlander,Male,Wood Wailer,Gridania,North Shroud,Hyrstmill,24-13,,,ge-npc-pages
Eara,367086,2012-04-28T02:00:33Z,0,Eara,Hyur,Midlander,Female,,Ul'dah,Ul'dah,Airship Landing,2-1,,,ge-npc-pages
Ebrelnaux (1.x),346925,2012-06-07T05:49:51Z,0,Ebrelnaux,Elezen,Duskwight Elezen,Male,,,Mor Dhona,Brittlebark,16-21,Instance,,ge-npc-pages
Eburhart,501827,2010-10-11T19:03:22Z,0,Eburhart,Hyur,Highlander,Male,,Gridania,Gridania,Greatloam Growery,4-3,,,ge-npc-pages
Edekin,310874,2012-05-29T01:29:43Z,0,Edekin,Hyur,Midlander,Female,Pirate,Limsa Lominsa,,,,Instance,,ge-npc-pages
Edine,205987,2012-04-29T01:39:44Z,0,Edine,Hyur,Midlander,Female,Mercantile House Representative,Ul'dah,Ul'dah,The Gold Court,6-5,,,ge-npc-pages
Edwyn (1.0),190166,2012-05-20T16:18:26Z,0,Edwyn,Hyur,Midlander,Male,Merchant,Gridania,South Shroud,Tranquil Paths,38-49,,"{{Sells|Warped Arrow|2}} {{Sells|Lugworm|2}} {{Sells|Moth Pupa|2}} {{Sells|Mineral Water|60}} {{Sells|Frumenty|64}} {{Sells|Dawn Drops|2,850}} {{Sells|Throat Drops|7,400}} {{Sells|Blood Drops|413}} {{Sells|Boiled Egg|112}} {{Sells|Potion|650}} {{Sells|Eye Drops|1,463}} {{Sells|Grade 1 Dark Matter|50}} {{Sells|Grade 2 Dark Matter|300}} {{Sells|Grade 3 Dark Matter|700}} {{Sells|Grade 4 Dark Matter|1,500}} {{Sells|Grade 5 Dark Matter|3,500}}",ge-npc-pages
Eginolf (1.x),297317,2012-05-20T15:57:09Z,0,Eginolf,Hyur,Midlander,Male,Repair Merchant,Gridania,South Shroud,Buscarron's Fold,35-43,,,ge-npc-pages
Elde,59134,2011-08-02T22:56:23Z,0,Elde,Elezen,Wildwood Elezen,Female,,,Coerthas Eastern Lowlands,Owl's Nest,62-34,,,ge-npc-pages
Eldid,501704,2012-05-15T18:18:38Z,0,Eldid,Hyur,Midlander,Female,,Gridania,Gridania,Lotus Gardens,4-4,,,ge-npc-pages
Eleanor,13954,2012-04-27T21:06:47Z,0,Eleanor,Hyur,,Female,,Ul'dah,Ul'dah,Arrzaneth Ossuary,4-5,,,ge-npc-pages
Elecotte,484439,2012-04-29T04:06:27Z,0,Elecotte,Elezen,,Female,,Ul'dah,Ul'dah,Eshtaime's Lapidaries,6-6,,,ge-npc-pages
Elgiva,470470,2012-01-02T03:54:06Z,0,Elgiva,Hyur,Midlander,Female,Merchant,Ul'dah,Ul'dah,Ruby Road Exchange,6-4,,"{{Sells|Weathered Head Knife|588}} {{Sells|Bronze Awl|15,840}} {{Sells|Sheep Leather|1,200}} {{Sells|Dodo Leather|2,400}} {{Sells|Aldgoat Leather|4,000}} {{Sells|Toad Leather|6,000}} {{Sells|Mole Sinew|240}} {{Sells|Antelope Sinew|720}} {{Sells|Diremite Sinew|1987}}",ge-npc-pages
Elilwaen,376454,2010-10-02T17:50:14Z,0,Elilwaen,Roegadyn,Sea Wolf,Male,,Limsa Lominsa,Limsa Lominsa,Mealvaan's Gate,4-5,,,ge-npc-pages
Eline Roaille,346568,2012-06-07T04:40:40Z,0,Flame Marshal Roaille,Elezen,Duskwight Elezen,Female,Flame Marshal,Ul'dah,Ul'dah,The Fragrant Chamber,1-1,Instance,,ge-npc-pages
Elvide,246187,2012-04-29T04:31:37Z,0,Elvide,Elezen,,Female,,Ul'dah,Central Thanalan,Black Brush,27-25,,,ge-npc-pages
Elyn,501399,2012-05-09T17:15:54Z,0,Elyn,Hyur,Midlander,Female,Youngling,Gridania,Gridania,Acorn Orchard,5-5,,,ge-npc-pages
Emerald Moss Battlewarden,67092,2010-12-20T23:03:25Z,0,Emerald Moss Battlewarden,Roegadyn,,Male,Battlewarden,,North Shroud,North Shroud,18-16,,,ge-npc-pages
Emerick,376503,2010-09-06T01:26:27Z,0,Emerick,Hyur,Midlanders,Male,,Limsa Lominsa,Limsa Lominsa,Coral Tower,2-6,Cutscene,,ge-npc-pages
Eminne,180344,2012-04-29T15:21:53Z,0,Eminne,Elezen,Duskwight Elezen,Female,Merchant,Ul'dah,Ul'dah,Amajina & Sons Mineral Concern,6-6,,"{{Sells|Weathered Pickaxe|600}} {{Sells|Plumed Bronze Pickaxe|26,600}} {{Sells|Iron Dolabra|76,500}} {{Sells|Plumed Mythril Pickaxe|163,400}} {{Sells|Weathered Sledgehammer|480}} {{Sells|Iron Sledgehammer|47,520}} {{Sells|Hempen Coif|546}} {{Sells|Cotton Scarf|13,104}} {{Sells|Cotton Coif|49,686}} {{Sells|Woolen Coif|163,800}} {{Sells|Hempen Kurta|780}} {{Sells|Hempen Doublet Vest|30,600}} {{Sells|Cotton Doublet Vest|89,100}} {{Sells|Velveteen Doublet Vest|177,600}} {{Sells|Hempen Shepherd's Slops|288}} {{Sells|Cotton Shepherd's Slops|17,952}} {{Sells|Velveteen Sarouel|35,100}} {{Sells|Linen Sarouel|65,520}} {{Sells|Hempen Work Gloves|5,313}} {{Sells|Dodoskin Wristguards|4,928}} {{Sells|Cotton Work Gloves|43,953}} {{Sells|Fingerless Boarskin Gloves|76,440}} {{Sells|Sheepskin Shoes|192}} {{Sells|Dodoskin Shoes|5,632}} {{Sells|Leather Crakows|46,800}} {{Sells|Boarskin Crakows|87,360}}",ge-npc-pages
Emoni,473524,2010-09-25T14:39:31Z,0,Emoni,Hyur,Midlanders,Female,,Gridania,Gridania,Carline Canopy,6-6,,,ge-npc-pages
Enie (1.x),289510,2012-05-15T18:58:26Z,0,Enie,Hyur,Midlander,Female,,Gridania,Gridania,Greatloam Growery,4-3,,,ge-npc-pages
Enraptured Traveler,376555,2010-10-02T16:32:31Z,0,Enraptured Traveler,Roegadyn,Sea Wolves,Male,,Limsa Lominsa,Limsa Lominsa,Upper Decks,6-3,,,ge-npc-pages
Eormengild,470091,2012-03-25T17:24:10Z,0,Eormengild,Hyur,Midlander,Female,Merchant,Ul'dah,Ul'dah,Ruby Road Exchange,6-4,,{{Sells|Chicken Breast|1964}} {{Sells|Mutton Loin|662}} {{Sells|Mole Meat|788}} {{Sells|Dodo Tenderloin|1575}} {{Sells|Aldgoat Chuck|3938}} {{Sells|Buffalo Sirloin|9902}},ge-npc-pages
Eosilie,336829,2011-10-31T23:02:22Z,0,Eosilie,Elezen,Wildwood Elezen,Female,Merchant,Limsa Lominsa,Limsa Lominsa,East Hawkers' Alley,6-5,,"{{Sells|Rusty Needle|432}} {{Sells|Maple Spinning Wheel|16,896}} {{Sells|Undyed Hempen Cloth|960}} {{Sells|Undyed Cotton Cloth|3,200}} {{Sells|Undyed Velveteen|6,720}} {{Sells|Hempen Yarn|312}} {{Sells|Cotton Yarn|1,242}} {{Sells|Dew Thread|2,772}} {{Sells|Cock Feather|115}} {{Sells|Crow Feather|604}} {{Sells|Dodo Feather|316}} {{Sells|Wildfowl Feather|979}}",ge-npc-pages
Erik,86253,2012-06-01T23:51:05Z,0,Erik,Hyur,Midlander,Male,,Ul'dah,Ul'dah,Merchant Strip,7-3,,,ge-npc-pages
Ermiance,501832,2010-09-06T19:46:08Z,0,Ermiance,Elezen,,Female,,,,Falcon's Nest,,,,ge-npc-pages
Esperaunce,21296,2012-05-26T07:10:24Z,0,Esperaunce,Hyur,Midlander,Male,,Ul'dah,Ul'dah,Eshtaime's Lapidaries,6-6,Instance,,ge-npc-pages
Estrilda,376619,2012-05-04T19:56:16Z,0,Estrilda,Hyur,Midlander,Female,,Limsa Lominsa,Limsa Lominsa,"The Drowning Wench, Mizzenmast Inn, Upper Decks",5-7,,,ge-npc-pages
Etgar (1.0),337045,2012-04-28T22:11:08Z,0,Etgar,Hyur,Midlander,Male,Merchant,Ul'dah,Ul'dah,The Hourglass,6-4,,"{{Sells|Weathered Gladius|600}} {{Sells|Bronze Dagger|2,700}} {{Sells|Bronze Spatha|7,956}} {{Sells|Weathered Hora|636}} {{Sells|Bone Hora|3,180}} {{Sells|Bronze Knuckles|8,665}} {{Sells|Weathered War Axe|840}} {{Sells|Bronze War Axe|4,200}} {{Sells|Bronze Labrys|11,456}} {{Sells|Weathered Shortbow|816}} {{Sells|Maple Shortbow|4,080}} {{Sells|Wrapped Maple Longbow|11,138}} {{Sells|Warped Arrow|2}} {{Sells|Weathered Spear|840}} {{Sells|Bone Harpoon|4,080}} {{Sells|Iron Spear|13,641}} {{Sells|Square Maple Shield|3,300}} {{Sells|Bronze Buckler|11,916}} {{Sells|Weathered Cane|840}} {{Sells|Maple Wand|2,940}} {{Sells|Budding Maple Wand|6,554}} {{Sells|Weathered Scepter|696}} {{Sells|Bone Staff|4,260}} {{Sells|Brass Cudgel|9,900}} {{Sells|Weathered Pickaxe|600}} {{Sells|Plumed Bronze Pickaxe|8,512}} {{Sells|Weathered Sledgehammer|480}} {{Sells|Weathered Hatchet|636}} {{Sells|Iron Hatchet|9,540}} {{Sells|Weathered Scythe|504}} {{Sells|Weathered Fishing Rod|660}} {{Sells|Elm Fishing Rod|9,900}} {{Sells|Weathered Gig|468}} {{Sells|Bloodworm|3}} {{Sells|Weathered Saw|660}} {{Sells|Chocobotail Saw|9,744}} {{Sells|Weathered Cross-pein Hammer|600}} {{Sells|Birdsbeak Hammer|8,512}} {{Sells|Weathered Doming Hammer|624}} {{Sells|Bronze Raising Hammer|8,512}} {{Sells|Weathered Chaser Hammer|636}} {{Sells|Bronze Ornamental Hammer|8,512}} {{Sells|Weathered Head Knife|588}} {{Sells|Brass Head Knife|8,341}} {{Sells|Rusty Needle|432}} {{Sells|Bat Fang Needle|6,236}} {{Sells|Weathered Alembic|612}} {{Sells|Brass Alembic|9,180}} {{Sells|Weathered Skillet|624}} {{Sells|Iron Skillet|9,360}}",ge-npc-pages
Ethelinda,509983,2012-05-20T18:05:53Z,0,Ethelinda,Hyur,Midlanders,Female,Wood Wailer,Gridania,South Shroud,Quarrymill,44-47,,,ge-npc-pages
Eugenaire,501430,2012-05-09T17:05:00Z,0,Eugenaire,Elezen,Duskwight Elezen,Male,,Gridania,Gridania,,5-5,,,ge-npc-pages
Eugennoix (1.x),376695,2012-05-04T03:01:16Z,0,Eugennoix,Elezen,Wildwood Elezen,Male,,Limsa Lominsa,Limsa Lominsa,Aetheryte Plaza,8-6,,,ge-npc-pages
Eustace,474983,2010-11-14T14:50:20Z,0,Eustace,Hyur,Midlander,Male,Local Guildleve Master,Ul'dah,Ul'dah,The Quicksand,6-4,,,ge-npc-pages
Evrardoux,510077,2012-05-20T18:12:41Z,0,Evrardoux,Elezen,Wildwood Elezen,Male,,Gridania,South Shroud,Quarrymill,45-46,,,ge-npc-pages
Eyriguht,58832,2011-08-02T20:27:48Z,0,Eyriguht,Roegadyn,Hellsguard,Male,,,Eastern La Noscea,Wineport,31-18,,,ge-npc-pages
F'abodji,447346,2012-05-06T17:31:33Z,0,F'abodji,Miqo'te,Seekers of the Sun,Female,,Limsa Lominsa,Limsa Lominsa,Lower Decks,6-7,,,ge-npc-pages
F'hobhas,261556,2012-05-08T21:45:15Z,0,F'hobhas,Miqo'te,Seekers of the Sun,Female,Cauldron Carrier,,Central Thanalan,Black Brush,29-20,,,ge-npc-pages
F'lhaminn,473892,2012-06-01T23:34:03Z,0,F'lhaminn,Miqo'te,Seekers of the Sun,Female,Songstress of Ul'dah,Ul'dah,,,,Instance,,ge-npc-pages
F'ongho,285052,2012-05-13T20:00:37Z,0,F'ongho,Miqo'te,Seekers of the Sun,Female,,Limsa Lominsa,Lower La Noscea,Moraby Bay,28-33,,,ge-npc-pages
F'zhumii,376773,2012-08-15T18:40:18Z,0,F'zhumii,Miqo'te,Seekers of the Sun,Female,,Limsa Lominsa,Limsa Lominsa,Bulwark Hall,7-4,,,ge-npc-pages
Fabrellet,470395,2012-03-17T02:20:32Z,0,Fabrellet,Elezen,Duskwight Elezen,Male,Merchant,Ul'dah,Ul'dah,Ruby Road Exchange,6-4,,{{Sells|Weathered War Axe|840}} {{Sells|Round Shield|18000}} {{Sells|Salt Cod|84}} {{Sells|Fish Soup|6502}} {{Sells|La Noscean Orange|120}} {{Sells|Lowland Grapes|34}} {{Sells|Thyme|2009}},ge-npc-pages
Faezbroes,252871,2012-05-01T01:56:49Z,0,Faezbroes,Roegadyn,,Male,Highwind Skyways Representative,Limsa Lominsa,Limsa Lominsa,Airship Landing,1-1,,,ge-npc-pages
Faezghim,148082,2012-05-06T18:19:31Z,0,Faezghim,Roegadyn,Sea Wolves,Male,Merchant,Limsa Lominsa,Armorfitters Ward,Market Wards,1-1,,"{{Sells|Dodoskin Pot Helm|6,027}} {{Sells|Leather Pot Helm|14,397}} {{Sells|Hempen Acton|8,611}} {{Sells|Dodoskin Harness|16,156}} {{Sells|Cotton Tabard|15,590}} {{Sells|Cotton Acton|20,567}} {{Sells|Leather Jacket|26,250}} {{Sells|Bronze Mitt Gauntlets|5,654}} {{Sells|Leather Armguards|9,187}} {{Sells|Iron-plated Jackboots|7,862}}",ge-npc-pages
Fafana,510150,2010-09-10T23:35:44Z,0,Fafana,Lalafell,,Female,,,Mor Dhona,Camp Revenant's Toll,6-10,,,ge-npc-pages
Faine,57295,2011-08-02T17:58:52Z,0,Faine,Elezen,Wildwood Elezen,Female,Botanist,,Western La Noscea,Halfstone,7-20,,,ge-npc-pages
Faire Chaperone (Gridania),41796,2012-03-08T04:46:16Z,0,Faire Chaperone,Hyur,,Male,,,Gridania,,6-5,,,ge-npc-pages
Faire Chaperone (Limsa Lominsa),41874,2012-03-08T04:46:53Z,0,Faire Chaperone,Hyur,,Male,,,Limsa Lominsa,,7-6,,,ge-npc-pages
Faire Chaperone (Ul'dah),41698,2012-03-08T04:45:48Z,0,Faire Chaperone,Hyur,,Male,,,Ul'dah,,5-3,,,ge-npc-pages
Familiar-looking Child,322656,2012-06-01T04:05:49Z,0,Familiar-looking Child,Lalafell,,Male,,Ala Mhigo,Western Thanalan,The Silver Bazaar,13-35,Instance,,ge-npc-pages
Famushi Dumushi,512712,2011-08-01T00:16:33Z,0,Famushi Dumushi,Lalafell,Plainsfolk,Male,,Gridania,North Shroud,Hyrstmill,24-13,,,ge-npc-pages
Faucullien,377007,2011-12-12T18:25:33Z,0,Faucullien,Elezen,Wildwood Elezen,Male,Guild Merchant,Limsa Lominsa,Limsa Lominsa,Fisherman's Bottom,6-6,,,ge-npc-pages
Fawkes,191166,2012-06-23T01:09:30Z,0,Fawkes,,,,Merchant,,Coerthas Eastern Highlands,Camp Crooked Fork,48-9,,"{{Sells|Warped Arrow|2}} {{Sells|Moth Pupa|2}} {{Sells|Lugworm|2}} {{Sells|Mineral Water|60}} {{Sells|Knight's Bread|4,411}} {{Sells|Mustard Eggs|2,227}} {{Sells|Grade 1 Dark Matter|50}} {{Sells|Grade 2 Dark Matter|300}} {{Sells|Grade 3 Dark Matter|700}} {{Sells|Grade 4 Dark Matter|1,500}} {{Sells|Grade 5 Dark Matter|3,500}}",ge-npc-pages
Fenana,241085,2011-10-17T03:03:22Z,0,Fenana,Lalafell,,Male,,,Ul'dah,Merchant Wards,4-4,Cutscene,,ge-npc-pages
Ferdillaix (1.0),377084,2011-07-18T17:44:33Z,0,Ferdillaix,Elezen,,Male,,Limsa Lominsa,Limsa Lominsa,Upper Decks,7-6,,,ge-npc-pages
Ferry Steersman,253587,2012-05-05T16:52:29Z,0,Ferry Steersman,Hyur,Midlander,Male,Ferryman,,Ferry,,1--1,,,ge-npc-pages
Fhlae,37444,2012-03-06T05:52:43Z,0,Fhlae,Hyur,Midlander,Female,Event NPC,Limsa Lominsa,Limsa Lominsa,,7-6,,,ge-npc-pages
Fiachre,474072,2010-10-02T18:10:05Z,0,Fiachre,Hyur,Midlander,Female,,,Western Thanalan,Ferry Docks Western Thanalan,5-26,,,ge-npc-pages
Fickle Beggar,446414,2012-05-04T20:37:17Z,0,Fickle Beggar,Hyur,Midlander,Male,,Limsa Lominsa,Limsa Lominsa,Upper Decks,6-3,,,ge-npc-pages
Fierce-looking Warrior,322576,2012-06-01T04:03:35Z,0,Fierce-looking Warrior,Hyur,Highlander,Male,,Ala Mhigo,Western Thanalan,The Silver Bazaar,13-35,Instance,,ge-npc-pages
Fifilo,484197,2012-04-29T15:25:58Z,0,Fifilo,Lalafell,,Female,Miner,Ul'dah,Ul'dah,Amajina & Sons Mineral Concern,6-6,,,ge-npc-pages
Figgy,37910,2012-03-28T19:46:47Z,0,Figgy,,,,Event NPC,,Ul'dah,,5-3,,,ge-npc-pages
Fineco Romanecco,491470,2012-04-29T03:29:26Z,0,Fineco Romanecco,Lalafell,,Male,,Ul'dah,Ul'dah,The Coliseum,5-5,,,ge-npc-pages
Firmien (1.x),510212,2010-09-10T22:40:03Z,0,Firmien,Elezen,,Male,,,Coerthas Central Lowlands,Camp Ever Lakes,33-35,,,ge-npc-pages
Flame Captain (NPC),346719,2012-06-07T04:45:05Z,0,Flame Captain,Hyur,Highlander,Male,Flame Captain,Ul'dah,Ul'dah,The Fragrant Chamber,1-1,Instance,,ge-npc-pages
Flame Commander Ashdale,365495,2012-06-05T19:21:25Z,0,Ashdale,Hyur,Midlander,Male,Flame Commander,Ul'dah,Eastern Thanalan,Halatali,40-32,,,ge-npc-pages
Flame Commander Bomptond,245549,2012-04-29T02:38:01Z,0,Flame Commander Bomptond,Elezen,Wildwood Elezen,Male,Flame Commander,Ul'dah,Ul'dah,Hall of Flames,1-1,,,ge-npc-pages
Flame Commander Ryder,354666,2012-06-08T22:25:50Z,0,Flame Commander Ryder,Hyur,Midlander,Male,Flame Commander,Ul'dah,Mor Dhona,Jagged Crest Cave,9-13,,,ge-npc-pages
Flame Lieutenant Aubrey,245520,2012-04-29T02:31:11Z,0,Flame Lieutenant Aubrey,Hyur,Highlander,Male,Company Officer,Ul'dah,Ul'dah,Hall of Flames,1-1,,,ge-npc-pages
Flame Lieutenant Lannis,245658,2012-04-29T02:50:38Z,0,Flame Lieutenant Lannis,Hyur,Midlander,Male,Flame Lieutenant,Ul'dah,Ul'dah,Hall of Flames,1-1,,,ge-npc-pages
Flame Private Allen,245739,2012-04-29T03:03:40Z,0,Flame Private Allen,Hyur,Midlander,Male,Flame Private,Ul'dah,Ul'dah,Merchant Strip,5-5,,,ge-npc-pages
Flame Private Covey,246123,2012-04-29T04:19:33Z,0,Flame Private Covey,Hyur,Midlander,Female,Flame Private,Ul'dah,Ul'dah,Merchant Strip,6-6,,,ge-npc-pages
Flame Private Dhavha,354608,2012-06-08T22:21:28Z,0,Flame Private Dhavha,Miqo'te,Keepers of the Moon,Female,Flame Private,Ul'dah,Mor Dhona,Jagged Crest Cave,9-13,,,ge-npc-pages
Flame Private Greave,176067,2012-06-01T22:02:01Z,0,Flame Private Greave,Hyur,Midlander,Male,Flame Private,Ul'dah,Northern Thanalan,Bluefog,27-14,,,ge-npc-pages
Flame Private Hanskalsyn,176016,2012-06-01T22:03:17Z,0,Flame Private Hanskalsyn,Roegadyn,Sea Wolves,Male,Flame Private,Ul'dah,Northern Thanalan,Bluefog,27-14,,,ge-npc-pages
Flame Private Morning,247060,2012-04-29T16:38:50Z,0,Flame Private Morning,Hyur,,Male,Flame Private,Ul'dah,Ul'dah,Scholar's Walk,5-5,,,ge-npc-pages
Flame Private Newton,244434,2012-04-29T17:47:31Z,0,Flame Private Newton,Hyur,Midlander,Male,Flame Private,Ul'dah,Ul'dah,Merchant Strip,5-3,,,ge-npc-pages
Flame Private Nonoku Noku,245608,2012-04-29T02:46:25Z,0,Flame Private Nonoku Noku,Lalafell,,Female,Flame Private,Ul'dah,Ul'dah,Hall of Flames,1-1,,,ge-npc-pages
Flame Private Pakipo Tabkipo,245687,2012-04-29T02:56:05Z,0,Flame Private Pakipo Tabkipo,Lalafell,,Male,Flame Private,Ul'dah,Ul'dah,Hall of Flames,1-1,,,ge-npc-pages
Flame Private Sompt,354556,2012-06-08T22:20:31Z,0,Flame Private Sompt,Elezen,Wildwood Elezen,Male,Flame Private,Ul'dah,Mor Dhona,Jagged Crest Cave,9-13,,,ge-npc-pages
Flame Private Stark,176119,2012-06-01T22:04:58Z,0,Flame Private Stark,Hyur,Midlander,Female,Flame Private,Ul'dah,Northern Thanalan,Bluefog,27-14,,,ge-npc-pages
Flame Private Tanner,244663,2012-04-29T17:47:57Z,0,Flame Private Tanner,Hyur,Midlander,Female,Flame Private,Ul'dah,Ul'dah,Merchant Strip,6-3,,,ge-npc-pages
Flame Private Yar,241640,2012-06-01T23:36:06Z,0,Flame Private Yar,Hyur,,Female,Flame Private,Ul'dah,Ul'dah,Merchant Strip,4-5,,,ge-npc-pages
Flame Sergeant Byrne,102415,2012-05-21T21:25:34Z,0,Flame Sergeant Byrne,Hyur,Highlander,Male,Flame Sergeant,Ul'dah,Nanawa Mines,,6-6,,,ge-npc-pages
Flame Sergeant Cotter,284406,2012-05-12T02:46:08Z,0,Flame Sergeant Cotter,Hyur,Highlander,Male,Flame Sergeant,Ul'dah,Ul'dah,Merchant Strip,7-4,,,ge-npc-pages
Flame Sergeant Dalvag (1.X),102598,2012-05-29T01:06:05Z,0,Flame Sergeant Dalvag,Hyur,Highlander,Male,Flame Sergeant,Ul'dah,Eastern Thanalan,Halatali,42-38,,,ge-npc-pages
Flame Sergeant Fouillel,365561,2012-05-21T22:36:22Z,0,Flame Sergeant Fouillel,Elezen,Wildwood Elezen,Male,Flame Sergeant,Ul'dah,Southern Thanalan,Broken Water,43-40,,,ge-npc-pages
Flame Sergeant Rahz,245463,2012-06-21T04:16:52Z,0,Flame Sergeant Rahz,Miqo'te,Keepers of the Moon,Female,Flame Sergeant,Ul'dah,Ul'dah,Hall of Flames,1-1,,"{{Sells|Dried Prunes|Quantity=10|20 Flame Seals}} {{Sells|Ginger Cookie|Quantity=10|30 Flame Seals}} {{Sells|Kiss of the Morning Meadow|50 Flame Seals}} {{Sells|Blood Drops|Quantity=20|10 Flame Seals}} {{Sells|Dawn Drops|Quantity=10|15 Flame Seals}} {{Sells|Throat Drops|Quantity=5|60 Flame Seals}} {{Sells|Spine Drops|Quantity=5|100 Flame Seals}} {{Sells|Hi-potion of Piety|Quantity=5|50 Flame Seals}} {{Sells|Hi-potion of Vitality|Quantity=5|50 Flame Seals}} {{Sells|Company-issue Expectorant|15 Flame Seals}} {{Sells|Company-issue Tonic|200 Flame Seals}} {{Sells|Company-issue Engineering Manual|200 Flame Seals}} {{Sells|Company-issue Survival Manual|200 Flame Seals}} {{Sells|Grade 1 Dark Matter|Quantity=20|5 Flame Seals}} {{Sells|Grade 2 Dark Matter|Quantity=20|25 Flame Seals}} {{Sells|Grade 3 Dark Matter|Quantity=20|45 Flame Seals}} {{Sells|Grade 4 Dark Matter|Quantity=20|100 Flame Seals}} {{Sells|Grade 5 Dark Matter|Quantity=20|150 Flame Seals}} {{Sells|Iron Throwing Dagger|Quantity=99|85 Flame Seals}} {{Sells|Iron Chakram|Quantity=99|120 Flame Seals}} {{Sells|Iron Francisca|Quantity=99|120 Flame Seals}} {{Sells|Bronze Azagai|Quantity=99|85 Flame Seals}} {{Sells|Bronze Arrow|Quantity=999|25 Flame Seals}} {{Sells|Iron Arrow|Quantity=999|70 Flame Seals}} {{Sells|Steel Arrow|Quantity=999|115 Flame Seals}} {{Sells|Levinstone|Quantity=99|75 Flame Seals}} {{Sells|Firepot|Quantity=99|90 Flame Seals}} {{Sells|Midge Basket|Quantity=20|20 Flame Seals}} {{Sells|Rat Tail|Quantity=20|30 Flame Seals}} {{Sells|Brass Gladius|400 Flame Seals}} {{Sells|Ul'dahn Spatha|1,000 Flame Seals}} {{Sells|Steel Longsword|1,600 Flame Seals}} {{Sells|Cobalt Shamshir|3,200 Flame Seals}} {{Sells|Ul'dahn Scimitar|4,000 Flame Seals}} {{Sells|Elm Velocity Bow|550 Flame Seals}} {{Sells|Ul'dahn Bow|1,000 Flame Seals}} {{Sells|Oak Longbow|1,500 Flame Seals}} {{Sells|Ul'dahn Longbow|4,000 Flame Seals}} {{Sells|Iron Hoplon|450 Flame Seals}} {{Sells|Ul'dahn Shield|1,000 Flame Seals}} {{Sells|Bladed Lantern Shield|1,900 Flame Seals}} {{Sells|Ul'dahn Scutum|4,000 Flame Seals}} {{Sells|Ul'dahn Robe|750 Flame Seals}} {{Sells|Ul'dahn Gown|750 Flame Seals}} {{Sells|Ul'dahn Jerkin|750 Flame Seals}} {{Sells|Ul'dahn Harness|750 Flame Seals}} {{Sells|Silver Ring|900 Flame Seals}} {{Sells|Pearl Ring|1,900 Flame Seals}} {{Sells|Fluorite Choker|950 Flame Seals}} {{Sells|Mythril Gorget|1,500 Flame Seals}} {{Sells|Flame Tracer|Quantity=20|5 Flame Seals}} {{Sells|Ul'dahn Soldier's Cap|1,000 Flame Seals}} {{Sells|Ul'dahn Soldier's Overcoat|1,000 Flame Seals}} {{Sells|Ul'dahn Soldier's Gloves|1,000 Flame Seals}} {{Sells|Ul'dahn Soldier's Boots|1,000 Flame Seals}} {{Sells|Ul'dahn Subligar|1,200 Flame Seals}} {{Sells|Ul'dahn Tights|1,200 Flame Seals}} {{Sells|Ul'dahn Chausses|1,200 Flame Seals}} {{Sells|Ul'dahn Culottes|1,200 Flame Seals}} {{Sells|Ul'dahn Sash|1,200 Flame Seals}} {{Sells|Patriot's Choker|1,000 Flame Seals}} {{Sells|Flame Chocobo Issuance|3,000 Flame Seals}} {{Sells|Ul'dahn Falchion|2,500 Flame Seals}} {{Sells|Ul'dahn Hora|2,500 Flame Seals}} {{Sells|Ul'dahn Bhuj|2,500 Flame Seals}} {{Sells|Ul'dahn Halberd|2,500 Flame Seals}} {{Sells|Ul'dahn Shortbow|2,500 Flame Seals}} {{Sells|Ul'dahn Wand|2,500 Flame Seals}} {{Sells|Ul'dahn Brand|2,500 Flame Seals}} {{Sells|Ul'dahn Round Shield|2,000 Flame Seals}} {{Sells|Company-issue Engineering Manual II|400 Flame Seals}} {{Sells|Company-issue Survival Manual II|400 Flame Seals}} {{Sells|Flame Private's Pot Helm|3,000 Flame Seals}} {{Sells|Flame Private's Shirt|3,000 Flame Seals}} {{Sells|Flame Private's Halfgloves|3,000 Flame Seals}} {{Sells|Flame Private's Sarouel|3,000 Flame Seals}} {{Sells|Flame Private's Crakows|3,000 Flame Seals}} {{Sells|Ul'dahn Aetherpass|3,000 Flame Seals}} {{Sells|Ul'dahn Winglet|4,500 Flame Seals}} {{Sells|Ul'dahn Himantes|4,500 Flame Seals}} {{Sells|Ul'dahn Bardiche|4,500 Flame Seals}} {{Sells|Ul'dahn Guisarme|4,500 Flame Seals}} {{Sells|Ul'dahn Composite Bow|4,500 Flame Seals}} {{Sells|Ul'dahn Crook|4,500 Flame Seals}} {{Sells|Ul'dahn Cudgel|4,500 Flame Seals}} {{Sells|Ul'dahn Hoplon|4,000 Flame Seals}} {{Sells|Flame Sergeant's Pot Helm|5,000 Flame Seals}} {{Sells|Flame Sergeant's Shirt|5,000 Flame Seals}} {{Sells|Flame Sergeant's Halfgloves|5,000 Flame Seals}} {{Sells|Flame Sergeant's Skirt|5,000 Flame Seals}} {{Sells|Flame Sergeant's Sarouel|5,000 Flame Seals}} {{Sells|Flame Sergeant's Thighboots|5,000 Flame Seals}} {{Sells|Flame Sergeant's Crakows|5,000 Flame Seals}} {{Sells|Flame Sergeant's Sash|5,000 Flame Seals}} {{Sells|Flamebringer's Ring|1,000 Flame Seals}} {{Sells|Flamecarrier's Ring|1,000 Flame Seals}} {{Sells|Patriot's Bracelet|1,000 Flame Seals}} {{Sells|Ul'dahn Half Barding|2,000 Flame Seals}} {{Sells|Ul'dahn Barding|3,000 Flame Seals}} {{Sells|Ul'dahn Crested Barding|4,000 Flame Seals}} {{Sells|Flame Sergeant's Targe|5,500 Flame Seals}} {{Sells|Flame Sergeant's Circlet|5,500 Flame Seals}} {{Sells|Flame Sergeant's Tabard|5,500 Flame Seals}} {{Sells|Flame Sergeant's Hose|5,500 Flame Seals}} {{Sells|Flame Sergeant's Mitts|5,500 Flame Seals}} {{Sells|Flame Sergeant's Earrings|5,500 Flame Seals}} {{Sells|Flame Sergeant's Ring|5,500 Flame Seals}} {{Sells|Flame Sergeant's Mask|6,000 Flame Seals}} {{Sells|Flame Sergeant's Beret|6,000 Flame Seals}} {{Sells|Flame Sergeant's Apron|6,000 Flame Seals}} {{Sells|Flame Sergeant's Shortgloves|6,000 Flame Seals}} {{Sells|Flame Sergeant's Jackboots|6,000 Flame Seals}} {{Sells|Flame Sergeant's Choker|6,000 Flame Seals}} {{Sells|Flame Sergeant's Bracelets|6,000 Flame Seals}} {{Sells|Flame Sergeant's Shield|6,500 Flame Seals}} {{Sells|Flame Sergeant's Patas|6,500 Flame Seals}} {{Sells|Flame Sergeant's Axe|6,500 Flame Seals}} {{Sells|Flame Sergeant's Spear|6,500 Flame Seals}} {{Sells|Flame Sergeant's Bow|6,500 Flame Seals}} {{Sells|Flame Sergeant's Radical|6,500 Flame Seals}} {{Sells|Flame Sergeant's Cudgel|6,500 Flame Seals}} {{Sells|On the Properties of Beastmen|25,000 Flame Seals}} {{Sells|Flame Lieutenant's Jamadhars|25,000 Flame Seals}} {{Sells|Flame Lieutenant's Katzbalger|25,000 Flame Seals}} {{Sells|Flame Lieutenant's Axe|25,000 Flame Seals}} {{Sells|Flame Lieutenant's Bow|25,000 Flame Seals}} {{Sells|Flame Lieutenant's Spear|25,000 Flame Seals}} {{Sells|Flame Lieutenant's Cudgel|25,000 Flame Seals}} {{Sells|Flame Lieutenant's Wand|25,000 Flame Seals}} {{Sells|Ul'dahn Officer's Cap|6,000 Flame Seals}} {{Sells|Ul'dahn Officer's Overcoat|6,000 Flame Seals}} {{Sells|Ul'dahn Officer's Gloves|6,000 Flame Seals}} {{Sells|Ul'dahn Officer's Boots|6,000 Flame Seals}}",ge-npc-pages
Flavielle,474403,2011-04-25T01:04:31Z,0,Flavielle,Elezen,Wildwood Elezen,Female,,Gridania,Gridania,Carline Canopy,6-6,,,ge-npc-pages
Flaxio,426286,2012-06-01T23:46:45Z,0,Flaxio,Sylphs,,,,,East Shroud,,,Instance,,ge-npc-pages
Fluffy Moogle,502741,2010-09-22T20:03:28Z,0,Fluffy Moogle,Moogle,,,,,,,,Cutscene,,ge-npc-pages
Foforyo,502377,2010-10-11T18:52:51Z,0,Foforyo,Lalafell,,Male,,Gridania,Gridania,Stillglade Fane,2-1,,,ge-npc-pages
Foinine,496470,2012-06-01T23:39:03Z,0,Foinine,Elezen,Wildwood Elezen,Female,Merchant,Gridania,Gridania,Rosewood Stalls,7-4,,"{{Sells|Rusty Needle|432}} {{Sells|Maple Spinning Wheel|16,896}} {{Sells|Undyed Hempen Cloth|960}} {{Sells|Undyed Cotton Cloth|3,200}} {{Sells|Undyed Velveteen|6,720}} {{Sells|Hempen Yarn|312}} {{Sells|Cotton Yarn|1,242}} {{Sells|Dew Thread|2,772}} {{Sells|Cock Feather|115}} {{Sells|Crow Feather|604}} {{Sells|Dodo Feather|316}} {{Sells|Wildfowl Feather|979}}",ge-npc-pages
Folcard,191092,2012-06-23T01:10:49Z,0,Folcard,,,,Merchant,,Coerthas Eastern Lowlands,Camp Glory,29-52,,"{{Sells|Warped Arrow|2}} {{Sells|Moth Pupa|2}} {{Sells|Lugworm|2}} {{Sells|Mineral Water|60}} {{Sells|Knight's Bread|4,411}} {{Sells|Mustard Eggs|2,227}} {{Sells|Grade 1 Dark Matter|50}} {{Sells|Grade 2 Dark Matter|300}} {{Sells|Grade 3 Dark Matter|700}} {{Sells|Grade 4 Dark Matter|1,500}} {{Sells|Grade 5 Dark Matter|3,500}}",ge-npc-pages
Forchetaix,284897,2012-05-13T19:39:04Z,0,Forchetaix,Elezen,Wildwood Elezen,Male,,Limsa Lominsa,Lower La Noscea,Moraby Bay,28-33,,,ge-npc-pages
Fousquenet (1.0),333196,2012-04-21T18:54:44Z,0,Fousquenet,Elezen,,Male,Merchant,Limsa Lominsa,Limsa Lominsa,West Hawkers' Alley,5-5,,"{{Sells|Moko Grass|145}} {{Sells|Cotton Boll|579}} {{Sells|Flax|2,287}} {{Sells|Beehive Chip|307}} {{Sells|Carnation|1,331}} {{Sells|Mugwort|2009}} {{Sells|Gridanian Chestnut|302}}",ge-npc-pages
Foxe,21900,2012-08-01T12:02:08Z,0,Foxe,,,,,Ishgard,Coerthas Eastern Lowlands,Owl's Nest,63-34,,,ge-npc-pages
Frageorloix,148780,2012-04-29T00:20:32Z,0,{{PAGENAME}},Elezen,Duskwight Elezen,Male,Merchant,Ul'dah,Lower Tailors Row,Merchants Ward,1-1,,"{{Sells|Hempen Coif|546}} {{Sells|Straw Hat|3,600}} {{Sells|Cotton Scarf|4,455}} {{Sells|Dodoskin Skullcap|7,539}} {{Sells|Hempen Dalmatica|780}} {{Sells|Hempen Tunic|780}} {{Sells|Hempen Kurta|780}} {{Sells|Hempen Doublet Vest|11,016}} {{Sells|Cotton Shepherd's Tunic|13,613}}",ge-npc-pages
Frailoise,377168,2011-10-10T16:30:13Z,0,Frailoise,Hyur,Midlanders,Male,,Limsa Lominsa,Limsa Lominsa,The Bismarck,7-3,,,ge-npc-pages
Frances,447729,2011-12-12T18:25:41Z,0,Frances,Hyur,Midlander,Female,Guild Merchant,,Gridania,The Oak Atrium,6-5,,,ge-npc-pages
Francis,502918,2011-03-05T01:29:31Z,0,Francis,Hyur,Midlander,Male,,Gridania,Gridania,Wailing Barracks,8-2,,,ge-npc-pages
Frandelont Raimdelle,169325,2010-07-22T15:13:35Z,0,Frandelont Raimdelle,,,,,,,,,Historical Figure,,ge-npc-pages
Frediswitha,476848,2010-10-19T18:15:12Z,0,Frediswitha,Hyur,Midlander,Female,Quartermaster,Ul'dah,Eastern Thanalan,Camp Drybone,39-25,,,ge-npc-pages
Fretful Farmhand,471115,2010-09-24T16:05:34Z,0,Fretful Farmhand,Hyur,Midlander,Male,,Ul'dah,Ul'dah Opening,Sapphire Avenue Exchange,4-7,Instance,,ge-npc-pages
Fretful Moogle,248328,2012-04-30T00:02:26Z,0,Fretful Moogle,Moogle,,,,,West Shroud,Turning Leaf,41-18,,,ge-npc-pages
Frightened Moogle,248360,2012-04-30T00:03:19Z,0,Frightened Moogle,Moogle,,,,,West Shroud,Turning Leaf,41-18,,,ge-npc-pages
Frilaix,36116,2012-03-05T06:41:03Z,0,Frilaix,Elezen,Duskwight Elezen,Female,Event NPC,Gridania,Gridania,,6-5,,,ge-npc-pages
Friont,380831,2012-01-21T06:06:46Z,0,Friont,Elezen,Duskwight,Female,,Limsa Lominsa,Eastern La Noscea,Camp Bloodshore,36-20,,,ge-npc-pages
Frithuric,377250,2012-05-04T18:48:06Z,0,Frithuric,Hyur,Highlanders,Male,,Limsa Lominsa,Limsa Lominsa,"The Drowning Wench, Mizzenmast Inn, Upper Decks",5-7,,,ge-npc-pages
Fromelaut,512395,2012-06-03T23:51:03Z,0,Fromelaut,Elezen,Wildwood Elezen,Male,,Ul'dah,Eastern Thanalan,The Golden Bazaar,19-37,,,ge-npc-pages
Fruhdhem,484472,2012-05-07T17:49:03Z,0,Fruhdehm,Roegadyn,,Male,Chocobo Renter,Gridania,Gridania,,6-5,,,ge-npc-pages
Fruhybolg,491431,2012-04-29T03:30:35Z,0,Fruhybolg,Roegadyn,,Male,,Ul'dah,Ul'dah,The Coliseum,5-5,,,ge-npc-pages
Fryswyde,366799,2012-05-07T17:03:15Z,0,Fryswyde,Hyur,Midlander,Female,,Gridania,Gridania,Airship Landing,6-6,,,ge-npc-pages
Fufucha,293062,2010-11-07T22:58:44Z,0,Fufucha,Lalafell,Dunesfolk,Female,,,Gridania,Greatloam Growery,3-4,,,ge-npc-pages
Fufuna,377308,2011-07-18T17:30:47Z,0,Fufuna,Lalafell,Plainsfolk,Female,,Limsa Lominsa,Limsa Lominsa,The Hyaline,7-6,,,ge-npc-pages
Fupepe,335855,2012-06-08T21:29:00Z,0,Fupepe,Lalafell,Plainsfolk,Female,,Limsa Lominsa,Western La Noscea,Aleport,11-24,,,ge-npc-pages
Fuzak Anzak,377367,2012-05-04T20:47:17Z,0,Fuzak Anzak,Lalafell,,Male,,Limsa Lominsa,Limsa Lominsa,Coral Tower,5-2,,,ge-npc-pages
Fyrilsunn (1.0),491729,2012-04-27T20:55:56Z,0,Fyrilsunn,Roegadyn,,Male,,Ul'dah,Ul'dah,Arrzaneth Ossuary,5-4,,,ge-npc-pages
Fyrloug,59380,2011-08-02T23:00:47Z,0,Fyrloug,Roegadyn,Hellsguard,Male,,,Coerthas Eastern Lowlands,Owl's Nest,62-34,,,ge-npc-pages
G'datnan,510819,2012-04-28T19:10:32Z,0,G'datnan,Miqo'te,Seekers of the Sun,Female,,Ul'dah,Ul'dah,Merchant Strip,6-3,,,ge-npc-pages
G'nanghal,378163,2012-05-05T18:26:13Z,0,G'nanghal,Miqo'te,Seekers of the Sun,Female,,Limsa Lominsa,Limsa Lominsa,The Astalicia,4-7,,,ge-npc-pages
G'nibnpha,378219,2010-10-02T16:16:28Z,0,G'nibnpha,Miqo'te,Seekers of the Sun,Female,,Limsa Lominsa,Limsa Lominsa,Upper Decks,7-4,,,ge-npc-pages
G'sumbla,148557,2012-05-06T18:23:08Z,0,G'sumbla,Miqo'te,Seekers of the Sun,Female,Merchant,Limsa Lominsa,Lower Tailors Ward,Merchant Wards,1-1,,"{{Sells|Hempen Coif|546}} {{Sells|Straw Hat|3,600}} {{Sells|Cotton Scarf|4,455}} {{Sells|Dodoskin Skullcap|7,539}} {{Sells|Hempen Dalmatica|780}} {{Sells|Hempen Tunic|780}} {{Sells|Hempen Kurta|780}} {{Sells|Hempen Doublet Vest|11,016}} {{Sells|Cotton Shepherd's Tunic|13,613}}",ge-npc-pages
G'wahaii,179449,2012-04-27T21:56:34Z,0,G'wahaii,Miqo'te,Seekers of the Sun,Female,Merchant,Ul'dah,Ul'dah,Merchant Strip,5-4,,"{{Sells|Weathered Hora|636}} {{Sells|Bronze Knuckles|24,072}} {{Sells|Spiked Knuckles|75,992}} {{Sells|Boarskin Himantes|134,400}} {{Sells|Dodoskin Pot Helm|13,395}} {{Sells|Leather Pot Helm|53,323}} {{Sells|Velveteen Turban|40,950}} {{Sells|Linen Turban|76,440}} {{Sells|Hempen Tunic|780}} {{Sells|Dodoskin Harness|44,880}} {{Sells|Velveteen Shirt|117,000}} {{Sells|Boarskin Harness|341,880}} {{Sells|Hempen Breeches|234}} {{Sells|Dodoskin Subligar|13,464}} {{Sells|Velveteen Sarouel|35,100}} {{Sells|Boarskin Subligar|102,564}} {{Sells|Sheepskin Mitts|6,697}} {{Sells|Leather Mitts|26,661}} {{Sells|Fingerless Leather Gloves|40,950}} {{Sells|Fingerless Boarskin Gloves|76,440}} {{Sells|Sheepskin Shoes|192}} {{Sells|Dodoskin Caligae|17,952}} {{Sells|Leather Crakows|46,800}} {{Sells|Boarskin Crakows|87,360}}",ge-npc-pages
G'zentsa,240699,2012-05-01T01:42:39Z,0,G'zentsa,Miqo'te,Seekers of the Sun,Female,,Limsa Lominsa,Limsa Lominsa,Airship Landing,1-1,,,ge-npc-pages
Gadfrid,354239,2012-06-08T22:01:54Z,0,Gadfrid,Hyur,Highlander,Male,Repair Merchant,Ishgard,Mor Dhona,Brittlebark,17-20,,,ge-npc-pages
Gaelle,290460,2012-05-15T20:26:35Z,0,Gaelle,Elezen,Wildwood Elezen,Female,Repair Merchant,Gridania,Gridanian Mercantile House,Market Wards,1-1,,,ge-npc-pages
Gaetelle,501772,2010-09-06T19:25:14Z,0,Gaetelle,Elezen,,Female,,,,Falcon's Nest,,,,ge-npc-pages
Gagaleo Pupuleo,36048,2012-03-05T06:39:29Z,0,Gagaleo Pupuleo,Lalafell,Plainsfolk,Male,Event NPC,Ul'dah,Ul'dah,,5-3,,,ge-npc-pages
Gaganji,508478,2012-05-29T03:40:37Z,0,Gaganji,Lalafell,,Male,,Ul'dah,Western Thanalan,The Silver Bazaar,35-12,,,ge-npc-pages
Gagaroon,123172,2012-06-21T17:48:47Z,0,Gagaroon,Qiqirn,,,Black Market Vendor,Gridania,Gridania,Rosewood Stalls,8-4,,"{{Sells|Kiss of the Morning Meadow|10,000 gil}} {{Sells|Kiss of the Morning Meadow|100 GC Seals}} {{Sells|Company-issue Engineering Manual|40,000 gil}} {{Sells|Company-issue Engineering Manual|400 GC Seals}} {{Sells|Company-issue Survival Manual|40,000 gil}} {{Sells|Company-issue Survival Manual|400 GC Seals}} {{Sells|Company-issue Engineering Manual II|100,000 gil}} {{Sells|Company-issue Engineering Manual II|1000 GC Seals}} {{Sells|Company-issue Survival Manual II|100,000 gil}} {{Sells|Company-issue Survival Manual II|1000 GC Seals}} {{Sells|Patriot's Choker|150,000 gil}} {{Sells|Patriot's Choker|1,500 GC Seals}} {{Sells|Patriot's Bracelet|200,000 gil}} {{Sells|Patriot's Bracelet|2,000 GC Seals}} {{Sells|Gridanian Aetherpass|400,000 gil}} {{Sells|Gridanian Aetherpass|4,000 GC Seals}}",ge-npc-pages
Gagaruna,511147,2012-05-26T07:30:21Z,0,Gagaruna,Lalafell,Dunesfolk,Male,,Ul'dah,Ul'dah,Platinum Mirage,5-4,,,ge-npc-pages
Gagaulu,475984,2012-04-21T19:52:44Z,0,Gagaulu,Lalafell,Dunesfolk,Male,Merchant,Gridania,Gridania,Rosewood Stalls,8-4,,"{{Sells|Weathered Chaser Hammer|636}} {{Sells|Mudstone Grinding Wheel|53,508}} {{Sells|Copper Ingot|500}} {{Sells|Brass Ingot|3,000}} {{Sells|Silver Ingot|7,500}} {{Sells|Copper Rings|400}} {{Sells|Brass Rings|2,400}} {{Sells|Silver Rings|6,000}} {{Sells|Marbled Eye|3,780}} {{Sells|Pearl|37,620}}",ge-npc-pages
Gairbert,481445,2012-04-28T20:19:27Z,0,Gairbert,Hyur,Highlander,Male,,Ul'dah,Ul'dah,Merchant Strip,7-5,,,ge-npc-pages
Gaius van Baelsar,320307,2012-06-07T05:49:02Z,0,Gaius van Baelsar,,,,,Garlemald,,,,Cutscene,,ge-npc-pages
Galeren,489946,2012-04-29T03:25:44Z,0,Galeren,Hyur,Highlander,Male,,Ul'dah,Ul'dah,Coliseum,5-5,,,ge-npc-pages
Gallia,447619,2011-12-12T18:25:48Z,0,Gallia,Hyur,Midlander,Female,Guild Merchant,Gridania,Gridania,Atelier Fen-Yll,7-3,,,ge-npc-pages
Ganelon (1.x),337207,2012-06-06T21:59:12Z,0,Ganelon,Hyur,Midlander,Male,Merchant,Ul'dah,Ul'dah,The Hourglass,6-4,,"{{Sells|Hempen Coif|546}} {{Sells|Straw Hat|3,600}} {{Sells|Cotton Scarf|4,455}} {{Sells|Dodoskin Skullcap|7,539}} {{Sells|Hempen Dalmatica|780}} {{Sells|Hempen Tunic|780}} {{Sells|Hempen Kurta|780}} {{Sells|Hempen Doublet Vest|11,016}} {{Sells|Cotton Shepherd's Tunic|13,613}} {{Sells|Hempen Halfgloves|315}} {{Sells|Sheepskin Wristguards|168}} {{Sells|Hempen Work Gloves|2,922}} {{Sells|Sheepskin Mitts|3,013}} {{Sells|Dodoskin Wristguards|1,872}} {{Sells|Cotton Halfgloves|4,725}} {{Sells|Dodoskin Ringbands|5,592}} {{Sells|Leather Mitts|7,198}} {{Sells|Merchant's Purse|192}} {{Sells|Dodoskin Hunting Belt|4,039}} {{Sells|Hempen Breeches|234}} {{Sells|Hempen Shepherd's Slops|288}} {{Sells|Hempen Kecks|2,611}} {{Sells|Dodoskin Subligar|4,847}} {{Sells|Cotton Shepherd's Slops|5,026}} {{Sells|Sheepskin Duckbills|312}} {{Sells|Sheepskin Shoes|192}} {{Sells|Sheepskin Leggings|3,444}} {{Sells|Dodoskin Shoes|2,140}} {{Sells|Dodoskin Caligae|6,462}} {{Sells|Dodoskin Espadrilles|5,864}} {{Sells|Leather Leggings|8,226}} {{Sells|Dodoskin Pot Helm|6,027}} {{Sells|Leather Pot Helm|14,397}} {{Sells|Hempen Acton|8,611}} {{Sells|Dodoskin Harness|16,156}} {{Sells|Cotton Tabard|15,590}} {{Sells|Cotton Acton|20,567}} {{Sells|Leather Jacket|26,250}} {{Sells|Bronze Mitt Gauntlets|5,654}} {{Sells|Leather Armguards|9,187}} {{Sells|Iron-plated Jackboots|7,862}}",ge-npc-pages
Gautzelin,378266,2010-09-05T02:59:21Z,0,Gautzelin,Hyur,Highlanders,male,,Limsa Lominsa,Limsa Lominsa,Upper Decks,7-7,,,ge-npc-pages
Gauwyn the Gannet,347211,2012-06-10T16:14:40Z,0,Gauwyn the Gannet,Hyur,Midlander,Male,,,"Ul'dah, Gridania","The Coliseum, Acorn Orchard","5-5, 5-5",Instance,,ge-npc-pages
Gegeissa,510853,2012-04-28T19:09:06Z,0,Gegeissa,Lalafell,,Female,,Ul'dah,Ul'dah,Merchant Strip,6-3,,,ge-npc-pages
Gembert,428440,2012-06-01T23:45:31Z,0,Gembert,Hyur,,Male,,Ul'dah,Southern Thanalan,,43-46,,,ge-npc-pages
Genna,502450,2012-05-15T16:33:18Z,0,Genna,Hyur,Midlander,Female,,Gridania,Gridania,,5-2,,,ge-npc-pages
Georjeaux,503325,2012-05-15T15:18:15Z,0,Georjeaux,Elezen,Wildwood Elezen,Male,,Gridania,Gridania,Quiver's Hold,8-5,,,ge-npc-pages
Gerlac,477204,2010-10-21T16:40:43Z,0,Gerlac,Hyur,Highlander,Male,Quartermaster,Ul'dah,Northern Thanalan,Camp Bluefog,13-25,,,ge-npc-pages
Gerland,473998,2010-11-22T22:44:19Z,0,Gerland,Hyur,Midlander,Male,,,Western Thanalan,Ferry Docks Western Thanalan,5-26,,,ge-npc-pages
Gerolt,331952,2012-06-06T21:20:50Z,0,Gerolt,,,,,Gridania,East Shroud,,50-32,,,ge-npc-pages
Gerraldieux,483638,2012-04-22T01:18:31Z,0,Gerraldieux,Elezen,,Male,Merchant,Gridania,Central Shroud,Camp Bentbranch,32-33,,"{{Sells|Warped Arrow|2}} {{Sells|Lugworm|2}} {{Sells|Moth Pupa|2}} {{Sells|Mineral Water|60}} {{Sells|Frumenty|64}} {{Sells|Dawn Drops|2,850}} {{Sells|Throat Drops|7,400}} {{Sells|Blood Drops|413}} {{Sells|Boiled Egg|112}} {{Sells|Potion|650}} {{Sells|Eye Drops|1,463}} {{Sells|Grade 1 Dark Matter|50}} {{Sells|Grade 2 Dark Matter|300}} {{Sells|Grade 3 Dark Matter|700}} {{Sells|Grade 4 Dark Matter|1,500}} {{Sells|Grade 5 Dark Matter|3,500}}",ge-npc-pages
Gert,378338,2011-07-18T17:24:51Z,0,Gert,Hyur,Midlander,Female,,Limsa Lominsa,Limsa Lominsa,Ferry Docks Limsa Lominsa,4-5,,,ge-npc-pages
Gerulf,378399,2010-10-02T16:23:32Z,0,Gerulf,Hyur,Midlanders,Male,,Limsa Lominsa,Limsa Lominsa,The Bismarck,7-3,,,ge-npc-pages
Gigirya,378644,2012-05-04T19:47:45Z,0,Gigirya,Lalafell,Plainsfolk,Male,,Limsa Lominsa,Limsa Lominsa,"The Drowning Wench, Mizzenmast Inn, Upper Decks",7-5,,,ge-npc-pages
Gil-digging Mistress,471301,2010-09-24T16:05:56Z,0,Gil-digging Mistress,Elezen,,Female,,Ul'dah,Ul'dah Opening,Sapphire Avenue Exchange,4-7,Instance,,ge-npc-pages
Gilly,373022,2012-06-20T22:43:20Z,0,Gilly,Chocobo,,Female,Caravan Chocobo,Ul'dah,Western Thanalan,Horizon's Edge,,,,ge-npc-pages
Ginnade,379340,2011-04-26T01:55:24Z,0,Ginnade,Hyur,Midlanders,Female,,Limsa Lominsa,Limsa Lominsa,Coral Tower,5-2,,,ge-npc-pages
Gloiucen,482674,2012-06-01T23:45:39Z,0,Gloiucen,Hyur,Midlander,Female,,Ul'dah,Ul'dah,Sunsilk Tapestries,7-6,,,ge-npc-pages
Glowing Goodwife,379413,2012-05-05T17:52:54Z,0,Glowing Goodwife,Elezen,Wildwood Elezen,Female,,Limsa Lominsa,Limsa Lominsa,Mealvaan's Gate,4-5,,,ge-npc-pages
Godfrey,241058,2011-10-17T03:02:10Z,0,Godfrey,Hyur,,Male,,,Ul'dah,Merchant Wards,4-4,Cutscene,,ge-npc-pages
Godriquelain (1.x),60032,2011-08-02T23:07:41Z,0,Godriquelain,Elezen,Wildwood Elezen,Male,,,Coerthas Eastern Lowlands,Owl's Nest,62-35,,,ge-npc-pages
Gogofu,491750,2012-04-27T22:16:22Z,0,Gogofu,Lalafell,,Male,,Ul'dah,Ul'dah,Arrzaneth Ossuary,4-5,,,ge-npc-pages
Gogorano,481604,2010-11-08T01:49:12Z,0,Gogorano,Lalafell,Plainsfolk,Male,Repair Merchant,Ul'dah,Ul'dah,,3-6,,,ge-npc-pages
Gogoriyo,290877,2012-05-15T20:42:56Z,0,Gogoriyo,Lalafell,Dunesfolk,Male,Merchant,Gridania,Gridanian Mercantile House,Market Wards,1-1,,"{{Sells|Weathered Gladius|600}} {{Sells|Hempen Singlet|360}} {{Sells|Hempen Chestband|360}} {{Sells|Hempen Trunks|108}} {{Sells|Hempen Loinguard|108}} {{Sells|Copper Ore|72}} {{Sells|Zinc Ore|1,008}}",ge-npc-pages
Gold Helmed Gladiator,322230,2012-06-01T03:42:11Z,0,Gold Helmed Gladiator,Hyur,Highlander,Male,,Ul'dah,Ul'dah,The Coliseum,5-5,Instance,,ge-npc-pages
Goldyve,474823,2011-10-26T19:04:35Z,0,Goldyve,Hyur,Midlanders,Female,Merchant,Gridania,Gridania,The Knot,6-5,,"{{Sells|Ash Mask|11,760}} {{Sells|Leather Eyepatch|34,260}} {{Sells|Moldering Jester's Cap|108,326}}",ge-npc-pages
Gontrant,467710,2010-09-15T22:27:39Z,0,Gontrant,Elezen,,Male,Regional Guildleve Master,Gridania,Gridania,Carline Canopy,6-6,,,ge-npc-pages
Goodife,367033,2012-04-28T01:53:52Z,0,Goodife,Hyur,Midlander,Female,,Ul'dah,Ul'dah,Airship Landing,2-1,,,ge-npc-pages
Gota Jaab,201664,2010-07-22T15:13:52Z,0,Gota Jaab,,,,,,,,,Historical Figure,,ge-npc-pages
Greedy Merchant,472482,2012-06-01T03:26:26Z,0,Greedy Merchant,Lalafell,,Female,,Ul'dah,Ul'dah,"The Hourglass, The Coliseum","4-6, 5-5",Instance,,ge-npc-pages
Gregory,379462,2012-05-04T19:42:12Z,0,Gregory,Hyur,Midlanders,Male,,Limsa Lominsa,Limsa Lominsa,"The Drowning Wench, Mizzenmast Inn, Upper Decks",7-5,,,ge-npc-pages
Greinfarr,352859,2011-03-06T18:14:44Z,0,Greinfarr,Roegadyn,,Male,,Ul'dah,Ul'dah,,,,,ge-npc-pages
Grifiud,63610,2010-09-20T19:19:37Z,0,Grifiud,Hyur,Midlander,Male,,Ala Mhigo,Eastern Thanalan,Little Ala Mhigo,32-38,,,ge-npc-pages
Grillairmais,179138,2012-05-15T20:02:25Z,0,Grillairmais,Elezen,Wildwood Elezen,Male,Merchant,Gridania,Fieldcraft Den,Market Wards,1-1,,"{{Sells|Weathered Pickaxe|600}} {{Sells|Plumed Bronze Pickaxe|8,512}} {{Sells|Weathered Sledgehammer|480}} {{Sells|Weathered Hatchet|636}} {{Sells|Iron Hatchet|9,540}} {{Sells|Weathered Scythe|504}} {{Sells|Weathered Fishing Rod|660}} {{Sells|Elm Fishing Rod|9,900}} {{Sells|Weathered Gig|468}} {{Sells|Bloodworm|3}}",ge-npc-pages
Grinnaux,409651,2012-06-01T23:50:53Z,0,Grinnaux,Elezen,Wildwood Elezen,Male,,Gridania,Gridania,,,,,ge-npc-pages
Grinning Adventurer,379510,2010-08-25T01:43:38Z,0,Grinning Adventurer,Lalafell,Plainsfolk,Male,,,Limsa Lominsa Opening,,,Instance,,ge-npc-pages
Guencen,245788,2012-04-29T03:13:25Z,0,Guencen,Hyur,,Male,Gladiatorial Combatant,Ul'dah,Ul'dah,The Coliseum,5-5,,,ge-npc-pages
Gugudi,473416,2012-04-21T23:57:41Z,0,Gugudi,Lalafell,Plainsfolk,Female,Merchant,Ul'dah,Ul'dah,Sapphire Avenue Exchange,7-4,,"{{Sells|Minium|210}} {{Sells|Latex|58}} {{Sells|Black Pepper|479}} {{Sells|Dragon Pepper|2,009}} {{Sells|Pixie Plums|806}}",ge-npc-pages
Gugula,502369,2012-05-15T18:34:30Z,0,Gugula,Lalafell,,Female,,Gridania,Gridania,Stillglade Fane,2-1,,,ge-npc-pages
Guguriya,290643,2012-05-15T20:37:08Z,0,Guguriya,Lalafell,Dunesfolk,Male,Repair Merchant,Gridania,Gridanian Mercantile House,Market Wards,1-1,,,ge-npc-pages
Guiding Star (1.x),444543,2012-06-01T16:43:58Z,0,Guiding Star,Roegadyn,Sea Wolves,Male,,Limsa Lominsa,Eastern La Noscea,Wineport,31-18,,,ge-npc-pages
Guillaunaux (1.x),513104,2012-04-28T20:02:58Z,0,Guillaunaux,Elezen,Wildwood Elezen,Male,,Ul'dah,Ul'dah,Merchant Strip,8-5,,,ge-npc-pages
Guillaurmand de Padellaint,104048,2010-07-22T15:14:15Z,0,Guillaurmand de Padellaint,,,,,,,,,Historical Figure,,ge-npc-pages
Guillestet (1.x),240873,2012-04-28T01:58:40Z,0,Guillestet,Elezen,,Male,,Ul'dah,Ul'dah,Airship Landing,,,,ge-npc-pages
Gunnulf,511297,2012-04-28T02:18:00Z,0,Gunnulf,Hyur,,Male,,Ul'dah,Ul'dah,Platinum Mirage,5-4,,,ge-npc-pages
Guntard,379560,2010-12-25T01:57:36Z,0,Guntard,Hyur,Highlander,Male,,,Western La Noscea,Camp Bald Knoll,6-16,,,ge-npc-pages
Gunzelin,495788,2012-03-14T08:44:14Z,0,Gunzelin,Hyur,Highlander,Male,Merchant,,Gridania,Greatloam Growery,3-3,,{{Sells|Weathered Sun Hat|360}} {{Sells|Rye|43}} {{Sells|Sunset Wheat|43}} {{Sells|Faerie Apple|638}} {{Sells|Oak Branch|5683}},ge-npc-pages
Guolskyf Bhaldwaensyn,169688,2010-07-22T15:14:42Z,0,Guolskyf Bhaldwaensyn,,,Male,,,,,,Historical Figure,,ge-npc-pages
Gurumi Borlumi,240154,2012-05-06T18:30:40Z,0,Gurumi Borlumi,Lalafell,,Male,Mercantile House Merchant,Limsa Lominsa,Lominsan Mercantile House,Merchant Wards,1-1,,{{Sells|Weathered War Axe|840}} {{Sells|Bronze Dagger|4500}} {{Sells|Salt Cod|84}} {{Sells|Fish Soup|6502}} {{Sells|Potion|650}} {{Sells|Blood Drops|413}},ge-npc-pages
Gylbart,510012,2012-05-20T18:10:28Z,0,Gylbart,Hyur,Midlander,Male,,Gridania,South Shroud,Quarrymill,44-47,,,ge-npc-pages
Gyles,469901,2010-09-05T23:40:48Z,0,Gyles,Hyur,Midlander,Male,,Gridania,Gridania,Carline Canopy,6-6,,,ge-npc-pages
H'cidjaa,367314,2012-04-28T01:54:56Z,0,H'cidjaa,Miqo'te,Seekers of the Sun,Female,,Ul'dah,Ul'dah,Airship Landing,2-1,,,ge-npc-pages
H'fudzol,389184,2012-01-25T06:38:57Z,0,H'fudzol,Miqo'te,Seeker of the Sun,Female,Merchant,Gridania,Gridania,,6-4,,{{Sells|Cotton Undersleeves|32760}} {{Sells|Cotton Bodice|32760}} {{Sells|Cotton Halftop|32760}} {{Sells|Cotton Braies|9828}} {{Sells|Cotton Stockings|9828}} {{Sells|Cotton Pantalettes|9828}},ge-npc-pages
H'lahono,379640,2012-02-11T10:28:29Z,0,H'lahono,Miqo'te,Seekers of the Sun,Female,,Limsa Lominsa,Limsa Lominsa,Upper Decks,6-3,,,ge-npc-pages
H'rhanbolo,421733,2012-05-24T22:36:28Z,0,H'rhanbolo Oya,Miqo'te,Seekers of the Sun,Female,,,Limsa Lominsa,Lower Decks,5-5,,,ge-npc-pages
Hab,499511,2012-05-20T16:16:03Z,0,Hab,Hyur,Midlander,Male,Gatewarden,Gridania,South Shroud,Tranquil Paths,49-38,,,ge-npc-pages
Habreham,499913,2010-10-11T19:34:32Z,0,Habreham,Hyur,Midlander,Male,,Gridania,Gridania,The Oak Atrium,6-5,,,ge-npc-pages
Hadrian,254829,2012-06-06T16:49:54Z,0,Hadrian,Hyur,Midlander,Male,,Gridania,Central Shroud,Bentbranch,32-34,,,ge-npc-pages
Hahayo,483507,2012-04-29T16:23:24Z,0,Hahayo,Lalafell,,Male,,Ul'dah,Ul'dah,Milvaneth Sacrarium,7-6,,,ge-npc-pages
Hahs Panipahr,380590,2012-04-22T00:49:03Z,0,Hahs Panipahr,Miqo'te,Keeper of the Moon,Female,Merchant,Limsa Lominsa,Eastern La Noscea,Red Rooster Stead,36-25,,"{{Sells|Warped Arrow|2}} {{Sells|Lugworm|2}} {{Sells|Moth Pupa|2}} {{Sells|Mineral Water|60}} {{Sells|Orange Juice|168}} {{Sells|Salt Cod|84}} {{Sells|Eye Drops|1,463}} {{Sells|Boiled Egg|112}} {{Sells|Potion|650}} {{Sells|Throat Drops|7,400}} {{Sells|Dawn Drops|2,850}} {{Sells|Blood Drops|413}} {{Sells|Grade 1 Dark Matter|50}} {{Sells|Grade 2 Dark Matter|300}} {{Sells|Grade 3 Dark Matter|700}} {{Sells|Grade 4 Dark Matter|1,500}} {{Sells|Grade 5 Dark Matter|3500}}",ge-npc-pages
Haipo Eipo,30048,2011-07-22T07:50:48Z,0,Haipo Eipo,Lalafell,Plainsfolk,Male,Chocobo Coach,,Western Thanalan,The Coffer & Coffin,9-27,,,ge-npc-pages
Halatali Battlewarden,310740,2012-05-29T01:03:14Z,0,Halatali Battlewarden,Lalafell,Dunesfolk,Male,Battlewarden,Ul'dah,Eastern Thanalan,Halatali,42-28,,,ge-npc-pages
Haldberk,379746,2012-05-05T17:58:38Z,0,Haldberk,Roegadyn,Sea Wolves,Male,,Limsa Lominsa,Limsa Lominsa,Mealvaan's Gate,4-5,,,ge-npc-pages
Halstein,511215,2012-04-27T22:10:14Z,0,Halstein,Hyur,,Male,Bodyguard,Ul'dah,Ul'dah,Platinum Mirage,5-4,,,ge-npc-pages
Handeloup,409663,2012-06-01T23:50:31Z,0,Handeloup,Elezen,Wildwood Elezen,Male,,Gridania,Gridania,,,,,ge-npc-pages
Hardened Rebel Warrior,302165,2012-05-21T19:00:10Z,0,Hardened Rebel Warrior,Hyur,,Male,,Ala Mhigo,,,,Instance,,ge-npc-pages
Hardil,36442,2012-03-05T06:52:19Z,0,Hardil,Hyur,Highlander,Male,Event NPC,Limsa Lominsa,Limsa Lominsa,,7-6,,,ge-npc-pages
Hasthwab,447179,2012-05-05T18:47:01Z,0,Hasthwab,Hyur,Highlander,Male,,Limsa Lominsa,Limsa Lominsa,The Astalicia,4-7,,,ge-npc-pages
Hastridie,33621,2012-02-29T05:59:10Z,0,Hastridie,Elezen,Wildwood,Female,Event NPC,,Gridania,,7-6,,,ge-npc-pages
Haurtefert,502966,2012-05-15T16:31:22Z,0,Haurtefert,Elezen,,Male,,Gridania,Gridania,Wailing Barracks,8-2,,,ge-npc-pages
Hawazi Zowazi,485402,2012-04-29T04:09:53Z,0,Hawazi Zowazi,Lalafell,,Male,,Ul'dah,Ul'dah,Eshtaime's Lapidaries,6-6,,,ge-npc-pages
Hawu Bajihri,190766,2012-06-23T01:13:51Z,0,Hawu Bajihri,Miqote,Keepers of the Moon,Female,Merchant,Ul'dah,Eastern Thanalan,Mythril Pit T-8,40-28,,"{{Sells|Warped Arrow|2}} {{Sells|Lugworm|2}} {{Sells|Moth Pupa|2}} {{Sells|Mineral Water|60}} {{Sells|Eye Drops|1,463}} {{Sells|Throat Drops|7,400}} {{Sells|Dawn Drops|2,850}} {{Sells|Blood Drops|413}} {{Sells|Marmot Steak|216}} {{Sells|Boiled Egg|112}} {{Sells|Potion|650}} {{Sells|Grade 1 Dark Matter|50}} {{Sells|Grade 2 Dark Matter|300}} {{Sells|Grade 3 Dark Matter|700}} {{Sells|Grade 4 Dark Matter|1,500}} {{Sells|Grade 5 Dark Matter|3,500}}",ge-npc-pages
Hedheue,509950,2012-05-20T18:04:54Z,0,Hedheue,Hyur,Midlanders,Female,Wood Wailer,Gridania,South Shroud,Quarrymill,44-47,,,ge-npc-pages
Hedyn,406159,2012-06-01T23:50:18Z,0,Hedyn,Hyur,Midlander,Male,,,Gridania,Peasants Ward,,Instance,,ge-npc-pages
Hehena,513040,2012-04-28T20:02:13Z,0,Hehena,Lalafell,,Female,,Ul'dah,Ul'dah,Merchant Strip,8-5,,,ge-npc-pages
Heibert,511387,2012-04-27T23:02:48Z,0,Heibert,Hyur,,Male,,Ul'dah,Ul'dah,Platinum Mirage,5-4,,,ge-npc-pages
Helbhanth,321605,2012-06-01T03:00:50Z,0,Helbhanth,Roegadyn,,Male,Wood Wailer,Gridania,,,,Cutscene,,ge-npc-pages
Helena,473516,2012-04-21T23:58:40Z,0,Helena,Hyur,Midlander,Female,Merchant,Ul'dah,Ul'dah,Sapphire Avenue Exchange,7-4,,"{{Sells|Rye Flour|43}} {{Sells|Sticky Rice|638}} {{Sells|Cornmeal|983}} {{Sells|Buffalo Beans|490}} {{Sells|Jade Peas|1,546}} {{Sells|Lalafellin Lentil|360}} {{Sells|Almonds|2,009}} {{Sells|Sunflower Seeds|58}}",ge-npc-pages
Hereward,503055,2010-11-29T04:02:16Z,0,Hereward,Hyur,Midlander,Male,,Gridania,Gridania,Atelier Fen-Yll,7-3,,,ge-npc-pages
Hermance,290509,2012-05-15T20:28:08Z,0,Hermance,Elezen,Wildwood Elezen,Female,Mercantile House Representative,Gridania,Gridanian Mercantile House,Market Wards,1-1,,,ge-npc-pages
Hersande,512848,2010-09-11T17:21:41Z,0,Hersande,Elezen,,Female,,,Coerthas Western Highlands,The Lance,10-11,,,ge-npc-pages
Hetzkin,447510,2011-12-12T18:25:57Z,0,Hetzkin,Hyur,Highlander,Male,Guild Merchant,Gridania,Gridania,Stillglade Fane,2-1,,,ge-npc-pages
Hewrey,290607,2012-05-15T20:33:50Z,0,Hewrey,Hyur,Midlander,Male,Mercantile House Representative,Gridania,Gridanian Mercantile House,Market Wards,1-1,,,ge-npc-pages
Hida,500154,2012-05-07T16:56:20Z,0,Hida,Hyur,Midlander,Female,Highwind Skyways Representative,Gridania,Gridania,Airship Landing,6-6,,,ge-npc-pages
High-spirited Fellow,321656,2012-06-01T03:12:10Z,0,High-spirited Fellow,Elezen,Duskwight Elezen,Male,,Ul'dah,Ul'dah,The Coliseum,5-5,Instance,,ge-npc-pages
Hihine,379787,2011-03-04T04:01:19Z,0,Hihine,Lalafell,Plainsfolk,Female,,Limsa Lominsa,Limsa Lominsa,Upper Decks,7-7,,,ge-npc-pages
Hihiyaja,189694,2012-06-23T01:14:29Z,0,Hihiyaja,,,,Merchant,,Western La Noscea,Camp Skull Valley,18-15,,"{{Sells|Warped Arrow|2}} {{Sells|Lugworm|2}} {{Sells|Moth Pupa|2}} {{Sells|Mineral Water|60}} {{Sells|Orange Juice|168}} {{Sells|Salt Cod|84}} {{Sells|Eye Drops|1,463}} {{Sells|Boiled Egg|112}} {{Sells|Potion|650}} {{Sells|Throat Drops|7,400}} {{Sells|Dawn Drops|2,850}} {{Sells|Blood Drops|413}} {{Sells|Grade 1 Dark Matter|50}} {{Sells|Grade 2 Dark Matter|300}} {{Sells|Grade 3 Dark Matter|700}} {{Sells|Grade 4 Dark Matter|1,500}} {{Sells|Grade 5 Dark Matter|3500}}",ge-npc-pages
Hildibrand,347480,2012-08-14T15:59:59Z,0,Hildibrand,Hyur,Midlander,Male,Inspector,,,,,Instance,,ge-npc-pages
Hildie,480095,2012-04-28T22:37:45Z,0,Hildie,Elezen,Wildwood Elezen,Female,,Ul'dah,Ul'dah,The Quicksand,6-4,,,ge-npc-pages
Hnaufrid,447769,2012-04-29T04:06:52Z,0,Hnaufrid,Hyur,Highlander,Male,Guild Merchant,Ul'dah,Ul'dah,Eshtaime's Lapidaries,6-6,,,ge-npc-pages
Hob,366931,2012-05-05T17:42:23Z,0,Hob,Hyur,Midlanders,Male,,Limsa Lominsa,Limsa Lominsa,,3-5,,,ge-npc-pages
Hobriaut,379821,2010-10-02T16:20:23Z,0,Hobriaut,Elezen,Wildwood Elezen,Male,,Limsa Lominsa,Limsa Lominsa,The Bismarck,7-3,,,ge-npc-pages
Hoholi,243924,2012-04-28T16:58:49Z,0,Hoholi,Lalafell,,Female,Mercantile House Representative,Ul'dah,Ul'dahn Mercantile House,Market Wards,1-1,,,ge-npc-pages
Holasfhis,332110,2012-03-24T02:51:11Z,0,Holasfhis,Roegadyn,Sea Wolves,Male,Merchant,Limsa Lominsa,Limsa Lominsa,The Hyaline,7-6,,{{Sells|Maiden Carp|67}} {{Sells|Tiger Cod|67}} {{Sells|Crayfish|29}} {{Sells|Crimson Crayfish|115}} {{Sells|Scallop Shell|432}} {{Sells|Ala Mhigan Fighting Fish|979}} {{Sells|Coral Butterfly|845}} {{Sells|Pipira|317}},ge-npc-pages
Holbubu,484703,2012-04-29T04:12:20Z,0,Holbubu,Lalafell,,Female,,Ul'dah,Ul'dah,Eshtaime's Lapidaries,6-6,,,ge-npc-pages
Honga Vunga,474526,2012-05-07T17:23:01Z,0,Honga Vunga,Lalafell,Plainsfolk,Male,,Gridania,Gridania,Carline Canopy,6-6,,,ge-npc-pages
Honmeme,64378,2010-09-20T19:27:48Z,0,Honmeme,Lalafell,,Male,,Ala Mhigo,Eastern Thanalan,Little Ala Mhigo,31-39,,,ge-npc-pages
Honoroit,503591,2010-12-20T23:03:36Z,0,Honoroit,Elezen,,Male,Chocobo Merchant,Gridania,Central Shroud,Central Shroud,30-29,,,ge-npc-pages
Horizon's Edge Battlewarden,258139,2012-05-05T16:36:45Z,0,Horizon's Edge Battlewarden,Lalafell,,Female,Battlewarden,Ul'dah,Western Thanalan,Horizon's Edge,13-29,,,ge-npc-pages
Horskfhis,373064,2012-06-20T22:44:22Z,0,Horskfhis,Roegadyn,,Male,Chocobo Caravan Leader,Ul'dah,Western Thanalan,Horizon's Edge,,,,ge-npc-pages
Hourlinet,35686,2012-04-30T23:56:28Z,0,Hourlinet,Elezen,Duskwight Elezen,Male,Gatekeeper,Ishgard,Coerthas Central Highlands,Gates of Judgement,18-35,,,ge-npc-pages
Hubairtien,501811,2010-09-24T18:45:01Z,0,Hubairtien,Hyur,Midlander,Male,,,,Falcon's Nest,,,,ge-npc-pages
Humphrey,475888,2012-04-21T19:55:32Z,0,Humphrey,Hyur,Midlander,Male,Merchant,Gridania,Gridania,Rosewood Stalls,8-4,,"{{Sells|Weathered Fishing Rod|660}} {{Sells|Bronze Gig|13,728}} {{Sells|Weathered Pickaxe|600}} {{Sells|Bronze Sledgehammer|14,080}} {{Sells|Beehive Chip|307}} {{Sells|Lugworm|2}} {{Sells|Moth Pupa|2}} {{Sells|Muddy Water|76}} {{Sells|Grade 1 Dark Matter|50}} {{Sells|Grade 2 Dark Matter|300}} {{Sells|Grade 3 Dark Matter|700}} {{Sells|Grade 4 Dark Matter|1,500}} {{Sells|Grade 5 Dark Matter|3,500}}",ge-npc-pages
Hundred Eyes,444470,2012-06-01T16:43:43Z,0,Hundred Eyes,Roegadyn,Sea Wolves,Male,,Limsa Lominsa,Eastern La Noscea,Wineport,31-18,,,ge-npc-pages
Hurrey,487093,2012-05-29T01:25:31Z,0,Hurrey,Hyur,Highlander,Male,,Ul'dah,,,,Instance,,ge-npc-pages
Hyllfyr,181797,2012-06-07T04:18:26Z,0,Hyllfyr,Roegadyn,Sea Wolves,Male,,Limsa Lominsa,Limsa Lominsa,Stateroom,0-0,,,ge-npc-pages
I'llofii,491802,2012-04-27T22:17:09Z,0,I'llofii,Miqo'te,,Female,,Ul'dah,Ul'dah,Arrzaneth Ossuary,4-5,,,ge-npc-pages
I'nairoh,449601,2011-04-26T02:31:48Z,0,I'nairoh,Miqote,Seeker of the Sun,Female,,,Eastern La Noscea,Wineport,31-17,,,ge-npc-pages
I'paghlo,511400,2012-06-01T23:56:34Z,0,I'paghlo,Miqo'te,Seekers of the Sun,Female,,Ul'dah,Ul'dah,Platinum Mirage,5-4,,,ge-npc-pages
I'wonjhali,514583,2010-12-25T02:32:13Z,0,I'wonjhali,Miqo'te,,Female,Gatewarden,,Upper La Noscea,Camp Iron Lake,22-7,,,ge-npc-pages
Iggy,37603,2012-03-06T05:54:19Z,0,Iggy,,,,Event NPC,,Limsa Lominsa,,7-6,,,ge-npc-pages
Ighii Moui,447103,2012-05-05T18:55:07Z,0,Ighii Moui,Miqo'te,,Female,,,Limsa Lominsa,The Astalicia,7-4,,,ge-npc-pages
Iliette,501893,2010-09-06T19:57:25Z,0,Iliette,Elezen,,Female,,,,Falcon's Nest,,,,ge-npc-pages
Imailie,510108,2011-07-31T11:17:43Z,0,Imailie,Elezen,Wildwood Elezen,Female,,Gridania,South Shroud,Quarrymill,45-46,,,ge-npc-pages
Imania,232809,2012-05-04T20:10:07Z,0,Imania,Hyur,Midlander,Female,,Limsa Lominsa,Limsa Lominsa,Upper Decks,6-4,,,ge-npc-pages
Immodest Mouse,335985,2012-06-01T16:31:42Z,0,Immodest Mouse,Roegadyn,,Male,,Limsa Lominsa,Aleport,,12-23,,,ge-npc-pages
Indifferent Passerby,379883,2010-09-24T18:46:57Z,0,Indifferent Passerby,Hyur,Midlander,Female,,Limsa Lominsa,Limsa Lominsa Opening,,,Instance,,ge-npc-pages
Ingram,55602,2012-09-02T12:11:58Z,0,Ingram,Elezen,Wildwood Elezen,Male,,Gridania,Gridania,Stillglade Fane,2-1,Instance,,ge-npc-pages
Insatiable Ixal,367229,2012-06-16T23:00:29Z,0,Insatiable Ixal,Ixal,,,,,North Shroud,,,Cutscene,,ge-npc-pages
Intimidating Barracuda Knight,379915,2010-09-16T21:02:19Z,0,Intimidating Barracuda Knight,Hyur,Midlanders,Male,,Limsa Lominsa,Limsa Lominsa,Coral Tower,2-6,Instance,,ge-npc-pages
Iofa,446558,2012-05-04T14:50:59Z,0,Iofa,Hyur,Midlander,Female,,Limsa Lominsa,Limsa Lominsa,Naldiq & Vymelli's,7-7,,,ge-npc-pages
Iolaine,310339,2012-05-28T01:52:51Z,0,Iolaine,Elezen,Wildwood Elezen,Female,,Gridania,West Shroud,Turning Leaf,42-16,,,ge-npc-pages
Iron Lake Battlewarden,483816,2010-12-03T22:30:57Z,0,Iron Lake Battlewarden,Roegadyn,,Male,Battlewarden,,Camp Iron Lake,,22-7,,,ge-npc-pages
Iron Thunder,141479,2012-05-06T18:07:48Z,0,Iron Thunder,Roegadyn,Sea Wolves,Male,Merchant,Limsa Lominsa,Battlecraft Ward,Market Wards,1-1,,"{{Sells|Weathered Gladius|600}} {{Sells|Bronze Dagger|2,700}} {{Sells|Bronze Spatha|7,956}} {{Sells|Weathered Hora|636}} {{Sells|Bone Hora|3,180}} {{Sells|Bronze Knuckles|8,665}} {{Sells|Weathered War Axe|840}} {{Sells|Bronze War Axe|4,200}} {{Sells|Bronze Labrys|11,456}} {{Sells|Weathered Shortbow|816}} {{Sells|Maple Shortbow|4,080}} {{Sells|Wrapped Maple Longbow|11,138}} {{Sells|Warped Arrow|2}} {{Sells|Weathered Spear|840}} {{Sells|Bone Harpoon|4,080}} {{Sells|Iron Spear|13,641}} {{Sells|Square Maple Shield|3,300}} {{Sells|Bronze Buckler|11,916}}",ge-npc-pages
Isabella,485108,2012-04-29T04:05:05Z,0,Isabella,Hyur,Midlander,Female,,Ul'dah,Ul'dah,Eshtaime's Lapidaries,6-6,,,ge-npc-pages
Isaudorel,379969,2010-11-01T19:48:30Z,0,Isaudorel,Elezen,Wildwood Elezen,Female,,Limsa Lominsa,Limsa Lominsa,Coral Tower,6-2,,,ge-npc-pages
Isaulde,148442,2012-04-29T00:14:10Z,0,Isaulde,Elezen,Duskwight Elezen,Female,Merchant,Ul'dah,Armorfitters Row,Market Wards,1-1,,"{{Sells|Dodoskin Pot Helm|6,027}} {{Sells|Leather Pot Helm|14,397}} {{Sells|Hempen Acton|8,611}} {{Sells|Dodoskin Harness|16,156}} {{Sells|Cotton Tabard|15,590}} {{Sells|Cotton Acton|20,567}} {{Sells|Leather Jacket|26,250}} {{Sells|Bronze Mitt Gauntlets|5,654}} {{Sells|Leather Armguards|9,187}} {{Sells|Iron-plated Jackboots|7,862}}",ge-npc-pages
Isleen,380055,2012-05-01T02:03:10Z,0,Isleen,Hyur,Midlanders,Female,Chocobo Renter,Limsa Lominsa,Limsa Lominsa,Bulwark Hall,5-7,,,ge-npc-pages
Iudprost,508492,2012-05-29T03:46:44Z,0,Iudprost,Hyur,Midlander,Female,,Ul'dah,Western Thanalan,The Silver Bazaar,36-12,,,ge-npc-pages
Ivan,380094,2010-10-02T17:52:12Z,0,Ivan,Hyur,Midlanders,Male,,Limsa Lominsa,Limsa Lominsa,Mealvaan's Gate,4-5,,,ge-npc-pages
J'arhll,437748,2010-08-17T21:16:20Z,0,J'arhll,Miqo'te,,,,Limsa Lominsa,,,,,,ge-npc-pages
J'dyalani (1.x),509127,2010-09-10T15:40:06Z,0,J'dyalani,Miqo'te,,Female,Gatewarden,Ul'dah,Northern Thanalan,Camp Bluefog,13-25,,,ge-npc-pages
J'ghonako,380143,2011-07-18T17:24:16Z,0,J'ghonako,Miqo'te,Seekers of the Sun,Female,,Limsa Lominsa,Limsa Lominsa,Upper Decks,6-3,,,ge-npc-pages
J'moldva,502822,2010-10-11T18:37:16Z,0,J'moldva,Miqo'te,,Female,,Gridania,Gridania,Wailing Barracks,8-2,,,ge-npc-pages
Jade Bow-wielding Archer,322259,2012-06-01T03:43:16Z,0,Jade Bow-wielding Archer,Hyur,Midlander,Female,,Ul'dah,Ul'dah,The Coliseum,5-5,Instance,,ge-npc-pages
Jainelette,447005,2012-05-05T18:37:43Z,0,Jainelette,Elezen,Wildwood Elezen,Female,,Limsa Lominsa,Limsa Lominsa,The Astalicia,4-7,,,ge-npc-pages
Jajaba,512440,2012-06-03T23:40:48Z,0,Jajaba,Lalafell,Plainsfolk,Female,,Ul'dah,Eastern Thanalan,The Golden Bazaar,19-37,,,ge-npc-pages
Jajajbygo,499860,2010-12-20T22:44:51Z,0,Jajajbygo,Lalafell,,Male,,Gridania,Central Shroud,Camp Bentbranch,32-34,,,ge-npc-pages
Jajanzo,485509,2012-04-29T03:12:50Z,0,Jajanzo,Lalafell,,Male,,Ul'dah,Ul'dah,The Coliseum,5-5,,,ge-npc-pages
Jajariku Nanariku,104349,2010-11-18T13:55:24Z,0,Jajariku Nanariku,,,,,,,,,Historical Figure,,ge-npc-pages
Janlenoux,59283,2011-08-02T22:58:26Z,0,Janlenoux,Elezen,Wildwood Elezen,Male,,,Coerthas Eastern Lowlands,Owl's Nest,62-34,,,ge-npc-pages
Jannie,481914,2012-06-01T16:36:24Z,0,Jannie,Elezen,Duskwight Elezen,Female,,Ul'dah,Ul'dah,Sunsilk Tapestries,7-6,,,ge-npc-pages
Jeger,222868,2012-04-28T23:47:46Z,0,Jeger,Hyur,Midlander,Male,,Ul'dah,Ul'dah,The Gold Court,6-5,,,ge-npc-pages
Jehantel,54620,2012-03-10T06:26:28Z,0,Jehantel,Elezen,Wildwood Elezen,Male,,,South Shroud,,38-48,,,ge-npc-pages
Jemimi,471735,2012-04-29T16:42:47Z,0,Jemimi,Lalafell,Plainsfolk,Female,Merchant,Ul'dah,Ul'dah,Frondale's Phrontistery,5-6,,"{{Sells|Natron|216}} {{Sells|Animal Glue|998}} {{Sells|Quicksilver|844}} {{Sells|Rock Salt|210}} {{Sells|Flax|2,287}} {{Sells|Cloves|479}} {{Sells|Cinderfoot Olive|422}} {{Sells|Lavender|2,253}} {{Sells|Sagolii Sage|3,395}} {{Sells|Growth Formula Alpha|998}} {{Sells|Silex|1,331}} {{Sells|Effervescent Water|179}} {{Sells|Rubber|58}} {{Sells|Yellow Ginseng|461}}",ge-npc-pages
Jenlyns,246956,2012-04-29T16:34:29Z,0,Jenlyns,Hyur,Midlander,Male,Sultansworn,Ul'dah,Ul'dah,The Gold Court,6-4,,,ge-npc-pages
Jeulerand,178582,2012-06-06T21:49:27Z,0,Jeulerand,Elezen,Wildwood Elezen,Male,Merchant,Gridania,Gridania,Stillglade Fane,2-1,,"{{Sells|Weathered Cane|840}} {{Sells|Elm Cane|52,360}} {{Sells|Yew Crook|102,000}} {{Sells|Budding Yew Wand|137,200}} {{Sells|Square Maple Shield|5,500}} {{Sells|Round Shield|18,000}} {{Sells|Leather Targe|107,184}} {{Sells|Hempen Coif|546}} {{Sells|Brass Circlet (Malachite)|51,336}} {{Sells|Cotton Sugarloaf Hat|73,180}} {{Sells|Velveteen Sugarloaf Hat|145,868}} {{Sells|Hempen Dalmatica|780}} {{Sells|Cotton Acton|76,176}} {{Sells|Cotton Halfrobe|97,440}} {{Sells|Linen Cowl|372,960}} {{Sells|Hempen Breeches|234}} {{Sells|Cotton Shepherd's Slops|17,952}} {{Sells|Velveteen Tights|39,655}} {{Sells|Linen Tights|72,619}} {{Sells|Sheepskin Wristguards|168}} {{Sells|Dodoskin Ringbands|19,286}} {{Sells|Leather Ringbands|46,264}} {{Sells|Boarskin Ringbands|84,722}} {{Sells|Sheepskin Duckbills|312}} {{Sells|Dodoskin Shoes|5,632}} {{Sells|Leather Crakows|46,800}} {{Sells|Boarskin Crakows|87,360}}",ge-npc-pages
Jihli Aliapoh (1.x),47514,2012-03-06T05:49:21Z,0,Jihli Aliapoh,Miqote,Keeper of the Moon,Female,Event NPC,Gridania,Gridania,,6-5,,,ge-npc-pages
Jijiri,510442,2010-09-18T17:06:42Z,0,Jijiri,Lalafell,,Female,,,Coerthas Eastern Lowlands,Camp Glory,"29,52",,Camp Crafting Facilities,ge-npc-pages
Joellaut (1.0),331670,2012-05-04T14:49:17Z,0,Joellaut,Elezen,Wildwood Elezen,Male,Merchant,Limsa Lominsa,Limsa Lominsa,Naldiq & Vymelli's,7-7,,"{{Sells|Steel Cuirass|514800}} {{Sells|Copper Ore|72}} {{Sells|Tin Ore|252}} {{Sells|Iron Ore|1,242}} {{Sells|Bronze Plate|3,300}} {{Sells|Iron Plate|11,000}} {{Sells|Steel Plate|23,100}} {{Sells|Bronze Rings|1,200}} {{Sells|Iron Rings|4,000}} {{Sells|Steel Rings|8,400}}",ge-npc-pages
Johannes,473216,2012-04-21T23:59:39Z,0,Johannes,Hyur,Midlander,Male,Merchant,Ul'dah,Ul'dah,Sapphire Avenue Exchange,7-4,,"{{Sells|Weathered Cane|840}} {{Sells|Weathered Shortbow|816}} {{Sells|Bronze Arrow|6}} {{Sells|Beehive Chip|307}} {{Sells|Straw|320}} {{Sells|Alpine Parsnip|396}} {{Sells|Moko Grass|145}} {{Sells|Chamomile|7,603}} {{Sells|Galago Mint|540}} {{Sells|Potion|650}} {{Sells|Blood Drops|413}}",ge-npc-pages
Jojoroon,447130,2012-05-05T18:52:13Z,0,Jojoroon,Qiqirn,,,,Limsa Lominsa,Limsa Lominsa,The Astalicia,4-7,,,ge-npc-pages
Jolline,502833,2010-10-11T18:39:43Z,0,Jolline,Hyur,Midlander,Female,,Gridania,Gridania,Wailing Barracks,8-2,,,ge-npc-pages
Jonathas,289126,2012-06-08T21:26:21Z,0,Jonathas,Hyur,Midlander,Male,,Limsa Lominsa,Western La Noscea,Aleport,12-24,,,ge-npc-pages
Josias,380215,2012-05-04T19:55:36Z,0,Josias,Hyur,Midlanders,Male,,Limsa Lominsa,Limsa Lominsa,"The Drowning Wench, Mizzenmast Inn, Upper Decks",7-5,,,ge-npc-pages
Jossy,330267,2012-05-04T20:21:34Z,0,Jossy,Hyur,Midlander,Female,Merchant,Limsa Lominsa,Limsa Lominsa,The Bismarck,7-3,,{{Sells|Salted Butter|90}} {{Sells|Mineral Water|60}} {{Sells|Sour Red|678}} {{Sells|Blue Cheese|1260}} {{Sells|Cieldalaes Spinach|599}} {{Sells|La Noscean Orange|120}} {{Sells|Aldgoat Milk|108}} {{Sells|Lowland Grapes|34}} {{Sells|Wild Onion|81}} {{Sells|Maple Syrup|11}} {{Sells|La Noscean Lettuce|459}} {{Sells|Maiden Artichoke|2511}} {{Sells|Highland Parsley|338}} {{Sells|Buffalo Milk|252}} {{Sells|Chicken Egg|32}} {{Sells|Kukuru Bean|202}},ge-npc-pages
Jovanni Gnonno,216155,2010-07-22T15:16:31Z,0,Jovanni Gnonno,,,Male,,,,,,Historical Figure,,ge-npc-pages
Judithe,481111,2010-10-02T20:00:36Z,0,Judithe,Hyur,Midlander,Female,,Ul'dah,Ul'dah,,7-4,,,ge-npc-pages
Jujuya,512426,2012-06-03T23:41:01Z,0,Jujuya,Lalafell,Dunesfolk,Male,,Ul'dah,Eastern Thanalan,The Golden Bazaar,19-37,,,ge-npc-pages
Juliembert,499559,2012-05-20T16:16:47Z,0,Juliembert,Elezen,Wildwood Elezen,Male,,Gridania,South Shroud,Tranquil Paths,49-38,,,ge-npc-pages
K'leytai,57719,2010-09-17T18:11:03Z,0,K'leytai,Miqo'te,,Female,Gatewarden,Ishgard,Coerthas Western Highlands,Camp Riversmeet,19-19,,,ge-npc-pages
Kain,503172,2010-10-11T18:20:25Z,0,Kain,Hyur,Midlander,Male,,Gridania,Gridania,Atelier Fen-Yll,7-3,,,ge-npc-pages
Kakamehi,380334,2012-05-04T19:48:33Z,0,Kakamehi,Lalafell,Plainsfolk,Male,,Limsa Lominsa,Limsa Lominsa,"The Drowning Wench, Mizzenmast Inn, Upper Decks",7-5,,,ge-npc-pages
Kamlito Halito,491784,2012-04-27T20:54:24Z,0,Kamlito Halito,Lalafell,,Male,,Ul'dah,Ul'dah,Arrzaneth Ossuary,6-4,,,ge-npc-pages
Kan-E-Senna,320449,2012-06-07T04:05:24Z,0,Kan-E-Senna,Padjal,,Female,Company Leader,Gridania,Gridania,The Lotus Stand,3-2,Instance,,ge-npc-pages
Kazagg Chah,159805,2012-04-30T20:52:07Z,0,Kazagg Chah,Amaal'ja,,Male,,,Western Thanalan,The Footfalls,11-28,,,ge-npc-pages
Keaira,149164,2012-06-06T21:59:18Z,0,{{PAGENAME}},Hyur,Midlander,Female,Merchant,Ul'dah,Lower Tailors Row,Market Wards,1-1,,"{{Sells|Hempen Halfgloves|315}} {{Sells|Sheepskin Wristguards|168}} {{Sells|Hempen Work Gloves|2,922}} {{Sells|Sheepskin Mitts|3,013}} {{Sells|Dodoskin Wristguard|1,872}} {{Sells|Cotton Halfgloves|4,725}} {{Sells|Dodoskin Ringbands|5,592}} {{Sells|Leather Mitts|7,198}} {{Sells|Merchant's Purse|192}} {{Sells|Dodoskin Hunting Belt|4,039}}",ge-npc-pages
Keelty,367169,2012-06-16T21:33:38Z,0,Keelty,Hyur,Midlander,Female,,Gridania,Gridania,Quiver's Hold,8-5,Instance,,ge-npc-pages
Keen-eyed Merchant,471841,2010-09-24T16:07:06Z,0,Keen-eyed Merchant,Lalafell,,Male,,Ul'dah,Ul'dah Opening,Merchant Strip,4-7,Instance,,ge-npc-pages
Kehda Mujuuk,380410,2010-08-16T10:08:59Z,0,Kehda Mujuuk,Miqo'te,Keepers of the Moon,Female,,Limsa Lominsa,Limsa Lominsa,Mealvaan's Gate,5-4,,,ge-npc-pages
Keketo,510097,2012-05-20T18:15:52Z,0,Keketo,Lalafell,Plainsfolk,Female,,Gridania,South Shroud,Quarrymill,45-46,,,ge-npc-pages
Kemicha Potomicha,240807,2012-05-06T18:35:37Z,0,Kemicha Potomicha,Lalafell,,Male,Mercantile House Representative,Limsa Lominsa,Lominsan Mercantile House,Merchant Wards,1-1,,,ge-npc-pages
Kerrich (1.0),332577,2012-04-21T18:50:37Z,0,Kerrich,Hyur,Midlander,Male,Merchant,Limsa Lominsa,Limsa Lominsa,"Thundersquall Thundersticks, Upper Decks",7-6,,{{Sells|Weathered Hora|636}} {{Sells|Weathered War Axe|840}} {{Sells|Bronze Dagger|4500}} {{Sells|Maple Longbow|14560}} {{Sells|Warped Arrow|2}} {{Sells|Bronze Francisca|91}} {{Sells|Bronze Javelin|102}},ge-npc-pages
Khuja Zhwan,502282,2012-05-15T16:40:52Z,0,Khuja Zhwan,Miqo'te,Keepers of the Moon,Female,,Gridania,Gridania,Stillglade Fane,3-1,,,ge-npc-pages
Khuma Moshroca,503190,2012-05-15T16:04:24Z,0,Khuma Moshroca,Miqo'te,Keepers of the Moon,Female,,Gridania,Gridania,Atelier Fen-Yll,7-3,,,ge-npc-pages
Kiht Gamduhla,380458,2010-10-13T18:56:52Z,0,Kiht Gamduhla,Miqo'te,,female,,Limsa Lominsa,Lower La Noscea,Camp Bearded Rock,25-29,,,ge-npc-pages
Kikichua,380511,2012-05-04T20:32:18Z,0,Kikichua,Lalafell,,Female,,Limsa Lominsa,Limsa Lominsa,The Bismarck,7-3,,,ge-npc-pages
Kikimo,336423,2012-04-21T18:58:31Z,0,Kikimo,Lalafell,Plainsfolk,Female,Merchant,Limsa Lominsa,Limsa Lominsa,East Hawkers' Alley,6-5,,"{{Sells|Weathered Spear|840}} {{Sells|Weathered Shortbow|816}} {{Sells|Bronze Arrow|6}} {{Sells|Alpine Parsnip|396}} {{Sells|Buffalo Beans|490}} {{Sells|Coerthas Carrot|284}} {{Sells|Rye|43}} {{Sells|Sunset Wheat|43}} {{Sells|Blood Currants|1,310}} {{Sells|Potion|650}} {{Sells|Blood Drops|413}}",ge-npc-pages
Kikinori,508420,2012-05-29T03:39:54Z,0,Kikinori,Lalafell,,Male,,Ul'dah,Western Thanalan,The Silver Bazaar,35-13,,,ge-npc-pages
Kinborow,502400,2011-04-26T03:47:58Z,0,Kinborow,Hyur,Midlander,Female,,Gridania,Gridania,Stillglade Fane,2-1,,,ge-npc-pages
Kinkina,47660,2012-03-06T05:47:15Z,0,Kinkina,Lalafell,Dunesfolk,Male,Event NPC,Ul'dah,Ul'dah,,5-3,,,ge-npc-pages
Kinnison,502262,2012-05-15T16:38:41Z,0,Kinnison,Hyur,Midlander,Male,,Gridania,Gridania,,4-2,,,ge-npc-pages
Kiora,474729,2012-04-28T22:38:41Z,0,Kiora,Hyur,Midlander,Female,,Ul'dah,Ul'dah,The Quicksand,6-4,,,ge-npc-pages
Kipopo,447585,2012-05-15T19:03:18Z,0,Kipopo,Lalafell,,Female,Guild Merchant,Gridania,Gridania,Greatloam Growery,4-3,,,ge-npc-pages
Kokobi,492384,2012-04-28T18:07:39Z,0,Kokobi,Lalafell,,Female,,Ul'dah,Ul'dah,Merchant Strip,5-3,,,ge-npc-pages
Kokofubu,28914,2011-07-22T03:45:57Z,0,Kokofubu,Lalafell,Dunesfolk,Male,Miner,,Eastern Thanalan,Mythril Pit T-8,40-28,,,ge-npc-pages
Kokomui (1.x),438189,2011-10-02T09:50:29Z,0,Kokomui,Lalafell,,Male,Quartermaster,,Eastern La Noscea,Camp Bloodshore,36-20,,,ge-npc-pages
Kokosamu,261386,2012-05-08T21:46:47Z,0,Kokosamu,Lalafell,Dunesfolk,Male,Cauldron Carrier,,Central Thanalan,Black Brush,29-20,,,ge-npc-pages
Kokoto,380583,2012-05-04T18:57:32Z,0,Kokoto,Lalafell,Plainsfolk,Male,,Limsa Lominsa,Limsa Lominsa,"The Drowning Wench, Mizzenmast Inn, Upper Decks",7-5,,,ge-npc-pages
Kopuru Fupuru,244917,2012-04-28T22:58:04Z,0,Kopuru Fupuru,Lalafell,,Male,Inn Doorman,Ul'dah,Ul'dah,The Gold Court,6-5,,,ge-npc-pages
Kukumuko,511373,2012-04-28T02:16:58Z,0,Kukumuko,Lalafell,,Female,,Ul'dah,Ul'dah,Platinum Mirage,5-4,,,ge-npc-pages
Kukusi,169735,2012-04-29T17:43:36Z,0,Kukusi,Lalafell,,Female,,Ul'dah,Ul'dah,Frondale's Phrontistery,5-6,,,ge-npc-pages
Kupcha Kupa,367326,2012-06-16T22:29:16Z,0,Kupcha Kupa,Moogle,,,,,North Shroud,Emerald Moss,15-22,,,ge-npc-pages
Kuplu Kopo,330399,2012-06-06T20:21:06Z,0,Kuplu Kopo,Moogle,,,,,Central Shroud,Humblehearth,31-33,,,ge-npc-pages
Kylene,447650,2012-04-29T16:43:49Z,0,Kylene,Hyur,Midlander,Female,Guild Merchant,Ul'dah,Ul'dah,Frondale's Phrontistery,5-6,,,ge-npc-pages
Kyneburg,149031,2012-06-06T21:59:22Z,0,Kyneburg,Hyur,Midlander,Female,Merchant,Gridania,Lower Tailors Den,Market Wards,1-1,,"{{Sells|Hempen Halfgloves|315}} {{Sells|Sheepskin Wristguards|168}} {{Sells|Hempen Work Gloves|2,922}} {{Sells|Sheepskin Mitts|3,013}} {{Sells|Dodoskin Wristguards|1,872}} {{Sells|Cotton Halfgloves|4,725}} {{Sells|Dodoskin Ringbands|5,592}} {{Sells|Leather Mitts|7,198}} {{Sells|Merchant's Purse|192}} {{Sells|Dodoskin Hunting Belt|4,039}}",ge-npc-pages
L'dhakya,508923,2010-11-08T02:12:42Z,0,L'dhakya,Miqo'te,Seekers of the Sun,Female,,,Western Thanalan,Ferry Docks Western Thanalan,4-26,,,ge-npc-pages
L'tandhaa,473841,2010-09-03T22:21:28Z,0,L'tandhaa,Miqo'te,,Female,,Gridania,Gridania,Carline Canopy,6-6,,,ge-npc-pages
Lafla Morfla,422581,2012-04-28T20:49:47Z,0,Lafla Morfla,Lalafell,,Male,Guild Merchant,Ul'dah,Ul'dah,Sunsilk Tapestries,7-6,,,ge-npc-pages
Lalai,159690,2012-04-29T16:01:40Z,0,Lalai,Lalafell,,Female,,Ul'dah,Ul'dah,Milvaneth Sacrarium,7-6,,,ge-npc-pages
Lalaroon,141788,2012-06-21T17:51:17Z,0,Lalaroon,Qiqirn,,,Black Market Vendor,Ul'dah,Ul'dah,Sapphire Avenue Exchange,7-4,,"{{Sells|Onyx Tears|10,000 gil}} {{Sells|Onyx Tears|100 GC Seals}} {{Sells|Company-issue Engineering Manual|40,000 gil}} {{Sells|Company-issue Engineering Manual|400 GC Seals}} {{Sells|Company-issue Survival Manual|40,000 gil}} {{Sells|Company-issue Survival Manual|400 GC Seals}} {{Sells|Company-issue Engineering Manual II|100,000 gil}} {{Sells|Company-issue Engineering Manual II|1000 GC Seals}} {{Sells|Company-issue Survival Manual II|100,000 gil}} {{Sells|Company-issue Survival Manual II|1000 GC Seals}} {{Sells|Patriot's Choker|150,000 gil}} {{Sells|Patriot's Choker|1,500 GC Seals}} {{Sells|Patriot's Bracelet|200,000 gil}} {{Sells|Patriot's Bracelet|2,000 GC Seals}} {{Sells|Ul'dahn Aetherpass|400,000 gil}} {{Sells|Ul'dahn Aetherpass|4,000 GC Seals}}",ge-npc-pages
Lalatta,478470,2012-05-10T02:58:28Z,0,Lalatta,Lalafell,Plainsfolk,Female,Leatherworker,Gridania,"Gridania, Coerthas",,,Instance,,ge-npc-pages
Langliva,354330,2012-06-08T22:04:45Z,0,Langliva,Hyur,Midlander,Female,,Gridania,Mor Dhona,Brittlebark,17-20,,,ge-npc-pages
Laniaitte,380622,2010-10-02T17:51:29Z,0,Laniaitte,Elezen,,Female,,Limsa Lominsa,Limsa Lominsa,Mealvaan's Gate,4-5,,,ge-npc-pages
Lanky Traveler,380748,2010-09-04T03:07:40Z,0,Lanky Traveler,Elezen,Wildwood Elezen,Male,,,"Limsa Lominsa Opening, Limsa Lominsa",,"Boat,5-3",Instance,,ge-npc-pages
Larsonient,98682,2012-03-13T16:23:17Z,0,Larsonient,Elezen,Wildwood Elezen,Male,Event NPC,,Gridania,,6-5,,{{Sells|Peach Confetti|10 gil}} {{Sells|Sweet Rice Cake|10 gil}},ge-npc-pages
Lauda,380814,2012-05-04T18:44:50Z,0,Lauda,Hyur,Midlander,Female,,Limsa Lominsa,Limsa Lominsa,"The Drowning Wench, Mizzenmast Inn, Upper Decks",7-5,,,ge-npc-pages
Lefchild,484641,2012-04-29T04:08:39Z,0,Lefchild,Hyur,Midlander,Female,,Ul'dah,Ul'dah,Eshtaime's Lapidaries,6-6,,,ge-npc-pages
Lefleda,332779,2011-11-12T16:03:39Z,0,Lefleda,Hyur,Midlander,Female,Merchant,Limsa Lominsa,Limsa Lominsa,Thundersquall Thundersticks,7-6,,{{Sells|Weathered Scepter|696}} {{Sells|Weathered Cane|840}},ge-npc-pages
Lefwyne,503028,2012-05-15T15:27:20Z,0,Lefwyne,Hyur,Highlander,Male,,Gridania,Gridania,,7-4,,,ge-npc-pages
Leleyo,324485,2012-06-01T22:11:17Z,0,Leleyo,Lalafell,Plainsfolk,Female,,Ishgard,Coerthas Central Highlands,Dragonhead,36-25,,,ge-npc-pages
Leofrun,258953,2012-05-06T18:28:06Z,0,Leofrun,Hyur,Midlander,Female,Repair Merchant,Limsa Lominsa,Menders Ward,Merchant Wards,1-1,,,ge-npc-pages
Leofwen,243856,2012-04-28T16:49:37Z,0,Leofwen,Hyur,Midlander,Female,Mercantile House Representative,Ul'dah,Ul'dahn Mercantile House,Market Wards,1-1,,,ge-npc-pages
Lettice,478003,2012-04-28T22:29:45Z,0,Lettice,Hyur,Midlander,Female,,Ul'dah,Ul'dah,The Quicksand,6-4,,,ge-npc-pages
Leveridge,429267,2012-05-05T18:19:39Z,0,Leveridge Halborn,Hyur,Midlander,Male,,,Limsa Lominsa,Lower Decks,5-6,,,ge-npc-pages
Lewena,156395,2012-05-26T07:23:28Z,0,Lewena,Hyur,Midlander,Female,,Ul'dah,Ul'dah,,,Cutscene,,ge-npc-pages
Lewena's Handmaiden,311200,2012-05-29T03:27:23Z,0,Lewena's Handmaiden,Lalafell,Dunesfolk,Female,Handmaiden,Ul'dah,Ul'dah,Merchant Strip,5-4,Instance,,ge-npc-pages
Lho Mujuuk,297970,2012-05-20T16:47:20Z,0,Lho Mujuuk,Miqo'te,Keepers of the Moon,Female,Wood Wailer,Gridania,South Shroud,Silent Arbor,39-44,,,ge-npc-pages
Liaime,367130,2012-04-28T01:59:29Z,0,Liaime,Elezen,Wildwood Elezen,Female,,Ul'dah,Ul'dah,Airship Landing,2-1,,,ge-npc-pages
Liautroix (1.0),447197,2012-05-05T18:49:09Z,0,Liautroix,Elezen,Duskwight Elezen,Male,,Limsa Lominsa,Limsa Lominsa,The Astalicia,7-4,,,ge-npc-pages
Lilina,380857,2012-05-05T17:51:47Z,0,Lilina,Lalafell,Plainsfolk,Female,,Limsa Lominsa,Limsa Lominsa,Mealvaan's Gate,4-5,,,ge-npc-pages
Linette,484106,2012-06-01T23:49:02Z,0,Linette,Hyur,Midlander,Female,,Ul'dah,Ul'dah,Amajina & Sons Mineral Concern,,,,ge-npc-pages
Lionhearted Adventurer,472421,2010-09-24T15:57:12Z,0,Lionhearted Adventurer,Roegadyn,Sea Wolves,Male,,Ul'dah,Ul'dah,The Hourglass,4-6,Instance,,ge-npc-pages
Lionnellais,500183,2012-05-07T16:48:34Z,0,Lionnellais,Elezen,Wildwood Elezen,Female,Highwind Skyways Representative,Gridania,Gridania,Airship Landing,6-6,,,ge-npc-pages
Littlejohn,476934,2012-04-21T19:46:54Z,0,Littlejohn,Hyur,Highlander,Male,Merchant,Gridania,Gridania,The Whistling Miller,5-3,,{{Sells|Rye Flour|43}} {{Sells|Sunset Wheat Flour|65}} {{Sells|Cornmeal|983}} {{Sells|Lavender Oil|540}} {{Sells|Clove Oil|479}} {{Sells|Olive Oil|421}} {{Sells|Salted Butter|90}} {{Sells|Maple Syrup|11}},ge-npc-pages
Livith,512730,2011-08-01T00:15:40Z,0,Livith,Hyur,Midlander,Female,,Gridania,North Shroud,Hyrstmill,24-14,,,ge-npc-pages
Logedanrel,190650,2012-06-01T23:39:50Z,0,Logedanrel,Elezen,,Male,Merchant,Ul'dah,Eastern Thanalan,Camp Drybone,,,"{{Sells|Warped Arrow|2}} {{Sells|Lugworm|2}} {{Sells|Moth Pupa|2}} {{Sells|Mineral Water|60}} {{Sells|Eye Drops|1,463}} {{Sells|Throat Drops|7,400}} {{Sells|Dawn Drops|2,850}} {{Sells|Blood Drops|413}} {{Sells|Marmot Steak|216}} {{Sells|Boiled Egg|112}} {{Sells|Potion|650}} {{Sells|Grade 1 Dark Matter|50}} {{Sells|Grade 2 Dark Matter|300}} {{Sells|Grade 3 Dark Matter|700}} {{Sells|Grade 4 Dark Matter|1,500}} {{Sells|Grade 5 Dark Matter|3,500}}",ge-npc-pages
Lohwaeb,482640,2012-04-28T21:19:57Z,0,Lohwaeb,Roegadyn,,Male,,Ul'dah,Ul'dah,Sunsilk Tapestries,7-6,,,ge-npc-pages
Lolojo,47184,2012-02-07T10:55:27Z,0,Lolojo,Lalafell,Dunesfolk,Female,,Limsa Lominsa,Eastern La Noscea,Red Rooster Stead,36-25,,,ge-npc-pages
Loloju,410328,2012-02-06T06:56:43Z,0,Loloju,Lalafell,Plainsfolk,Female,Event NPC,,Limsa Lominsa,Upper Decks,7-6,,,ge-npc-pages
Loloma,501876,2010-09-06T19:50:37Z,0,Loloma,Lalafell,,Female,,,,Falcon's Nest,,,,ge-npc-pages
Lolomaya,176197,2012-04-09T03:49:53Z,0,Lolomaya,Lalafell,,Male,,,Northern Thanalan,Camp Bluefog,25-13,,,ge-npc-pages
Lolorito,346184,2012-06-07T04:34:28Z,0,Lolorito,Lalafell,Dunesfolk,Male,Syndicate Member,Ul'dah,Ul'dah,The Fragrant Chamber,1-1,Instance,,ge-npc-pages
Long-legged Lady,471803,2010-09-24T16:06:32Z,0,Long-legged Lady,Miqo'te,Seekers of the Sun,Female,,Ul'dah,Ul'dah Opening,Merchant Strip,4-7,Instance,,ge-npc-pages
Lonsygg,483588,2012-05-07T17:40:20Z,0,Lonsygg,Roegadyn,Sea Wolves,Male,Wood Wailer,Gridania,Gridania,,7-6,,,ge-npc-pages
Lorhzant,380936,2010-10-02T17:58:25Z,0,Lorhzant,Roegadyn,Sea Wolves,Male,,Limsa Lominsa,Limsa Lominsa,Ferry Docks Limsa Lominsa,4-5,,,ge-npc-pages
Lougblaet,512604,2011-08-01T00:20:28Z,0,Lougblaet,Roegadyn,Hellsguard,Male,,Gridania,North Shroud,Hyrstmill,24-13,,,ge-npc-pages
Louisoix,157020,2012-08-06T19:18:32Z,0,Louisoix,Elezen,Wildwood Elezen,Male,,Sharlayan,Gridania,,6-2,,,ge-npc-pages
Loutish Lad,471277,2010-09-24T18:52:40Z,0,Loutish Lad,Hyur,Midlander,Male,,Ul'dah,Ul'dah Opening,Sapphire Avenue Exchange,4-7,Instance,,ge-npc-pages
Louviaune,332972,2012-04-21T19:11:48Z,0,Louviaune,Elezen,Wildwood Elezen,Female,Merchant,Limsa Lominsa,Limsa Lominsa,Fisherman's Bottom,6-6,,{{Sells|Weathered Beach Hat (Blue)|360}} {{Sells|Moth Pupa|2}} {{Sells|Lugworm|2}} {{Sells|Chocobo Fly|201}} {{Sells|Floating Minnow|489}},ge-npc-pages
Lucky,373616,2012-06-20T22:55:14Z,0,Lucky,Chocobo,,,Caravan Chocobo,Limsa Lominsa,Western La Noscea,Skull Valley,,,,ge-npc-pages
Ludovraint (1.x),475173,2012-04-30T02:06:07Z,0,Ludovraint,Elezen,Wildwood Elezen,Male,Gatewarden,Ul'dah,Central Thanalan,Camp Black Brush,27-25,,,ge-npc-pages
Luilda,503143,2010-10-11T17:49:15Z,0,Luilda,Hyur,Midlander,Female,,Gridania,Gridania,Atelier Fen-Yll,6-3,,,ge-npc-pages
Luitfrid,502849,2012-05-15T16:29:09Z,0,Luitfrid,Hyur,Highlander,Male,,Gridania,Gridania,Wailing Barracks,8-2,,,ge-npc-pages
Luke,373646,2012-06-20T22:55:59Z,0,Luke,Chocobo,,Male,Caravan Chocobo,Limsa Lominsa,Western La Noscea,Skull Valley,,,,ge-npc-pages
Lulumo,492726,2010-10-02T18:43:03Z,0,Lulumo,Lalafell,,Male,,Ul'dah,Ul'dah,Merchant Strip,5-3,,,ge-npc-pages
Lulutsu,489841,2012-04-29T03:23:31Z,0,Lulutsu,Lalafell,,Male,,Ul'dah,Ul'dah,Coliseum,,,,ge-npc-pages
Lump,373680,2012-06-20T22:56:20Z,0,Lump,Chocobo,,,Caravan Chocobo,Limsa Lominsa,Western La Noscea,Skull Valley,,,,ge-npc-pages
Lunnie (1.x),240943,2012-04-28T01:44:34Z,0,Lunnie,Elezen,,Male,,Ul'dah,Ul'dah,Airship Landing,,,,ge-npc-pages
Lycelle (1.x),57913,2010-09-17T23:17:36Z,0,Lycelle,Elezen,,Female,,Ishgard,Coerthas Western Highlands,Camp Riversmeet,19-19,,,ge-npc-pages
Lyngsath,223942,2010-08-13T16:17:22Z,0,Lyngsath Doesfalksyn,Roegadyn,Sea Wolves,Male,Guildmaster,Limsa Lominsa,Limsa Lominsa,The Bismarck,3-7,,,ge-npc-pages
Lyngwaek,490657,2011-06-28T10:04:15Z,0,Lyngwaek,Roegadyn,,Male,,Ul'dah,Ul'dah,Coliseum,,,,ge-npc-pages
M'septha,205811,2012-05-04T18:50:49Z,0,M'septha,Miqo'te,Seekers of the Sun,Female,Mercantile House Representative,Limsa Lominsa,Limsa Lominsa,Upper Decks,7-5,,,ge-npc-pages
M'zimzizi (1.x),380997,2010-09-05T00:37:29Z,0,M'zimzizi,Miqo'te,Seekers of the Sun,Female,,Limsa Lominsa,Limsa Lominsa,Naldiq & Vymelli's,7-7,,,ge-npc-pages
Maddeline,503084,2010-10-11T17:48:22Z,0,Maddeline,Hyur,Midlander,Female,,Gridania,Gridania,Atelier Fen-Yll,7-3,,,ge-npc-pages
Maddened Miner,505472,2011-07-13T22:20:16Z,0,Maddened Miner,,,,,Ul'dah,Ul'dah,,6-6,Cutscene,,ge-npc-pages
Maenne,190054,2012-06-23T11:51:27Z,0,Maenne,,,,Merchant,Gridania,North Shroud,Camp Emerald Moss,20-20,,"{{Sells|Warped Arrow|2}} {{Sells|Lugworm|2}} {{Sells|Moth Pupa|2}} {{Sells|Mineral Water|60}} {{Sells|Frumenty|64}} {{Sells|Dawn Drops|2,850}} {{Sells|Throat Drops|7,400}} {{Sells|Blood Drops|413}} {{Sells|Boiled Egg|112}} {{Sells|Potion|650}} {{Sells|Eye Drops|1,463}} {{Sells|Grade 1 Dark Matter|50}} {{Sells|Grade 2 Dark Matter|300}} {{Sells|Grade 3 Dark Matter|700}} {{Sells|Grade 4 Dark Matter|1,500}} {{Sells|Grade 5 Dark Matter|3,500}}",ge-npc-pages
Maetistym,381053,2012-05-05T18:20:42Z,0,Maetistym,Roegadyn,Sea Wolves,Male,,Limsa Lominsa,Limsa Lominsa,Lower Decks,5-6,,,ge-npc-pages
Magaswyn,449518,2010-10-13T18:42:15Z,0,Magaswyn,Roegadyn,Sea Wolves,Male,,,Eastern La Noscea,Wineport,31-18,,,ge-npc-pages
Maisenta,492772,2012-06-01T23:31:45Z,0,Maisenta,Hyur,Midlanders,Female,Wholesale Merchant,Gridania,Gridania,Quiver's Hold,8-5,,,ge-npc-pages
Maisie,381103,2012-05-06T17:13:27Z,0,Maisie,Hyur,Midlander,Female,,Limsa Lominsa,Limsa Lominsa,Fisherman's Bottom,6-6,,,ge-npc-pages
Maladjusted Midlander,361201,2012-06-10T16:11:05Z,0,Maladjusted Midlander,Hyur,Midlander,Female,,Gridania,Gridania,,,Cutscene,,ge-npc-pages
Malicious Miqo'te,322490,2012-06-01T04:00:37Z,0,Malicious Miqo'te,Miqo'te,Seekers of the Sun,Female,,Ala Mhigo,Western Thanalan,The Silver Bazaar,13-35,Instance,,ge-npc-pages
Mamaza,484379,2012-04-29T15:34:29Z,0,Mamaza,Lalafell,,Female,Miner,Ul'dah,Ul'dah,Amajina & Sons Mineral Concern,6-6,,,ge-npc-pages
Mammet (Eshtaime's Lapidaries),245974,2012-04-29T17:34:23Z,0,Mammet,Mammet,,,,Ul'dah,Ul'dah,Eshtaime's Lapidaries,6-6,,,ge-npc-pages
Mammet (Eshtaimes Lapidaries Ladder),246025,2012-04-29T17:36:38Z,0,Mammet,Mammet,,,,Ul'dah,Ul'dah,Eshtaime's Lapidaries,6-6,,,ge-npc-pages
Mammet (Frondale's Phrontistery),247150,2012-04-29T17:35:36Z,0,Mammet,Mammet,,,,Ul'dah,Ul'dah,Frondale's Phrontistery,5-6,,,ge-npc-pages
Mammet (Merchant Strip),241769,2012-04-27T21:34:35Z,0,Mammet,Mammet,,,,Ul'dah,Ul'dah,Merchant Strip,5-4,,,ge-npc-pages
Mammet (Sunsilk Tapestries),241722,2012-04-29T17:37:09Z,0,Mammet,Mammet,,,,Ul'dah,Ul'dah,Sunsilk Tapestries,6-5,,,ge-npc-pages
Manic Miner,505467,2011-07-13T22:21:05Z,0,Manic Miner,,,,,Ul'dah,Ul'dah,,6-6,Cutscene,,ge-npc-pages
Manine,483294,2010-12-20T22:44:57Z,0,Manine,Elezen,Wildwood Elezen,Female,Gatewarden,Gridania,Central Shroud,Camp Bentbranch,32-33,,,ge-npc-pages
Mannskoen,381182,2010-08-13T20:57:16Z,0,Mannskoen,Roegadyn,Sea Wolves,Male,,Limsa Lominsa,Limsa Lominsa,Coral Tower,2-6,Cutscene,,ge-npc-pages
Marcelain (1.0),177558,2012-05-04T14:55:11Z,0,Marcelain,Elezen,Duskwight Elezen,Male,Merchant,Limsa Lominsa,Limsa Lominsa,Naldiq & Vymelli's,7-7,,{{Sells|Weathered Doming Hammer|624}} {{Sells|Bronze Raising Hammer|26600}} {{Sells|Iron Raising Hammer|69600}} {{Sells|Steel Doming Hammer|169936}} {{Sells|Bronze Pliers|14080}} {{Sells|Steel Pliers|100320}} {{Sells|Hempen Coif|546}} {{Sells|Cotton Scarf|13104}} {{Sells|Velveteen Bandana|50778}} {{Sells|Steel Goggles|112492}} {{Sells|Hempen Dalmatica|780}} {{Sells|Hempen Doublet Vest|30600}} {{Sells|Cotton Doublet Vest|89100}} {{Sells|Velveteen Doublet Vest|177600}} {{Sells|Hempen Breeches|234}} {{Sells|Cotton Shepherd's Slops|17952}} {{Sells|Cotton Breeches|21294}} {{Sells|Linen Sarouel|65520}} {{Sells|Hempen Halfgloves|315}} {{Sells|Cotton Halfgloves|15750}} {{Sells|Fingerless Leather Gloves|40950}} {{Sells|Fingerless Boarskin Gloves|76440}} {{Sells|Sheepskin Shoes|192}} {{Sells|Dodoskin Shoes|5632}} {{Sells|Padded Sheepskin Duckbills|28392}} {{Sells|Boarskin Crakows|87360}},ge-npc-pages
Marcelloix (1.x),301104,2012-05-21T05:45:54Z,0,Marcelloix,Elezen,Duskwight Elezen,Male,Carpenter,Gridania,,,,Cutscene,,ge-npc-pages
Marcette,235219,2012-05-09T17:22:05Z,0,Marcette,Elezen,Wildwood Elezen,Female,Researcher,Gridania,Gridania,The Knot,6-5,,,ge-npc-pages
Mareillie,447259,2012-05-05T18:02:03Z,0,Mareillie,Elezen,Wildwood Elezen,Female,Yellowjacket,Limsa Lominsa,Limsa Lominsa,Lower Decks,6-4,,,ge-npc-pages
Marette,36179,2012-03-05T06:41:53Z,0,Marette,Elezen,Wildwood Elezen,Female,Event NPC,Gridania,Gridania,,6-5,,,ge-npc-pages
Margerete,482716,2012-04-28T21:20:04Z,0,Margerete,Hyur,Midlander,Female,,Ul'dah,Ul'dah,Sunsilk Tapestries,7-5,,,ge-npc-pages
Maroile,502351,2012-05-15T18:33:24Z,0,Maroile,Elezen,Duskwight Elezen,Male,,Gridania,Gridania,Stillglade Fane,2-1,,,ge-npc-pages
Martiallais (1.0),381222,2010-09-05T00:31:34Z,0,Martiallais,Elezen,Wildwood Elezen,Male,,Limsa Lominsa,Limsa Lominsa,Naldiq & Vymelli's,7-7,,,ge-npc-pages
Martine,477888,2012-04-29T16:29:04Z,0,Martine,Hyur,Midlander,Male,,Ul'dah,Ul'dah,The Gold Court,6-5,,,ge-npc-pages
Matheonien,477559,2012-04-21T19:58:40Z,0,Matheonien,Elezen,Wildwood Elezen,Male,Merchant,Gridania,Gridania,Ebony Stalls,7-3,,"{{Sells|Weathered Doming Hammer|624}} {{Sells|Bronze Pliers|14,080}} {{Sells|Bronze Plate|3,300}} {{Sells|Iron Plate|11,000}} {{Sells|Steel Plate|23,100}} {{Sells|Bronze Rings|1,200}} {{Sells|Iron Rings|4,000}} {{Sells|Steel Rings|8,400}}",ge-npc-pages
Mathye,471328,2012-05-07T17:41:34Z,0,Mathye,Hyur,Highlander,Male,Wood Wailer,Gridania,Gridania,,6-7,,,ge-npc-pages
Maunie,381305,2012-05-04T19:43:05Z,0,Maunie,Elezen,,Female,,Limsa Lominsa,Limsa Lominsa,"The Drowning Wench, Mizzenmast Inn, Upper Decks",7-5,,,ge-npc-pages
Meara,500475,2010-09-24T18:58:26Z,0,Meara,Hyur,Midlander,Female,Repair Merchant,Gridania,Gridania,Ebony Stalls,3-8,,,ge-npc-pages
Meditative Miqo'te,321924,2012-06-01T03:20:48Z,0,Meditative Miqo'te,Miqo'te,Seekers of the Sun,Female,,Ul'dah,Ul'dah,The Coliseum,5-5,Instance,,ge-npc-pages
Melancholy Miner,422447,2012-05-09T05:02:20Z,0,Melancholy Miner,Elezen,Wildwood Elezen,Female,Miner,Ul'dah,Ul'dah,Amajina & Sons Mineral Concern,6-6,Instance,,ge-npc-pages
Melisie (1.x),511197,2012-04-27T22:02:14Z,0,Melisie,Elezen,,Female,,Ul'dah,Ul'dah,Platinum Mirage,5-4,,,ge-npc-pages
Memama,366604,2012-05-07T17:07:15Z,0,Memama,Lalafell,,Female,,Gridania,Gridania,Airship Landing,6-6,,,ge-npc-pages
Memenugu,354138,2012-06-09T04:26:18Z,0,Memenugu,Lalafell,Dunesfolk,Male,,Ishgard,Mor Dhona,Brittlebark,17-20,,,ge-npc-pages
Meredithe,98156,2012-03-13T15:20:00Z,0,Meredithe,Hyur,Midlander,Female,Event NPC,,Ul'dah,,5-3,,,ge-npc-pages
Merewina,447664,2010-10-05T13:08:19Z,0,Merewina,Hyur,Midlander,Female,,,Limsa Lominsa,Lower Decks,5-7,,,ge-npc-pages
Merlwyb,284272,2012-06-07T04:21:27Z,0,Merlwyb Bloefhiswyn,Roegadyn,Sea Wolves,Female,Admiral,Limsa Lominsa,Limsa Lominsa,Stateroom,0-0,Instance,,ge-npc-pages
Merlzirn,381362,2012-05-04T20:53:31Z,0,Merlzirn,Roegadyn,Sea Wolves,Male,,Limsa Lominsa,Limsa Lominsa,Coral Tower,6-2,,,ge-npc-pages
Merodaulyn,408712,2010-08-14T03:56:31Z,0,Merodaulyn,,,Male,,,,,,,,ge-npc-pages
Mestonnaux,501792,2012-05-15T18:54:05Z,0,Mestonnaux,Elezen,Duskwight Elezen,Male,,Gridania,Gridania,Greatloam Growery,4-3,,,ge-npc-pages
Mharelak,446988,2012-05-05T18:52:06Z,0,Mharelak,Roegadyn,,Male,,Limsa Lominsa,Limsa Lominsa,The Astalicia,4-7,,,ge-npc-pages
Mhustym,58009,2010-09-17T23:18:04Z,0,Mhustym,Roegadyn,,Male,,Ishgard,Coerthas Western Highlands,Camp Riversmeet,19-19,,,ge-npc-pages
Mianne,503273,2012-05-15T15:14:45Z,0,Mianne,Elezen,,Female,,Gridania,Gridania,Quiver's Hold,8-5,,,ge-npc-pages
Mildthryth,491983,2012-04-30T23:34:58Z,0,Mildthryth,Hyur,Midlander,Female,Gatewarden,Ishgard,Coerthas Central Highlands,Camp Dragonhead,18-39,,,ge-npc-pages
Milgogo,477935,2012-04-29T16:31:47Z,0,Milgogo,Lalafell,,Male,Syndicate Bodyguard,Ul'dah,Ul'dah,The Royal Prominade,6-5,,,ge-npc-pages
Militia Archer (Aleport),353847,2012-06-08T21:13:59Z,0,Militia Archer,Roegadyn,Sea Wolves,Male,Militia Archer,Limsa Lominsa,Western La Noscea,Aleport,11-23,,,ge-npc-pages
Militia Archer (Hyrstmill),363053,2012-06-14T01:00:18Z,0,Militia Archer,Elezen,Wildwood Elezen,Male,Militia Archer,Gridania,North Shroud,Hyrstmill,,,,ge-npc-pages
Militia Barber (Hyrstmill),363111,2012-07-13T14:44:52Z,0,Militia Barber,Miqo'te,Keepers of the Moon,Female,Militia Alchemist,Gridania,The Battle for Hyrstmill,The Battle for Hyrstmill,,,,ge-npc-pages
Militia Barber (The Golden Bazaar),328454,2012-07-13T15:14:13Z,0,Militia Barber,Hyur,Midlander,Female,Militia Alchemist,Ul'dah,The Battle for the Golden Bazaar,The Battle for the Golden Bazaar,38-19,,,ge-npc-pages
Militia Captain Carmine,327644,2012-07-13T15:27:00Z,0,Militia Captain Carmine,Hyur,Midlander,Male,Militia Captain,Ul'dah,"Eastern Thanalan, The Battle for the Golden Bazaar","The Golden Bazaar, The Battle for the Golden Bazaar",38-19,,,ge-npc-pages
Militia Captain Rhotblaet,353996,2012-07-12T23:15:27Z,0,Militia Captain Rhotblaet,Roegadyn,Sea Wolves,Male,Militia Captain,Limsa Lominsa,"Western La Noscea, The Battle for Aleport","Aleport, The Battle for Aleport",12-23,,,ge-npc-pages
Militia Captain Rontremont,363161,2012-07-13T14:45:20Z,0,Militia Captain Rontremont,Elezen,Wildwood Elezen,Male,Militia Captain,Gridania,"North Shroud, The Battle for Hyrstmill","Hyrstmill, The Battle for Hyrstmill",,,,ge-npc-pages
Militia Cook (Hyrstmill),363214,2012-07-13T14:46:00Z,0,Militia Cook,Miqo'te,Keepers of the Moon,Female,Militia Culinarian,Gridania,The Battle for Hyrstmill,The Battle for Hyrstmill,,,,ge-npc-pages
Militia Cook (The Golden Bazaar),328365,2012-07-13T15:26:33Z,0,Militia Cook,Hyur,Midlander,Male,Militia Culinarian,Ul'dah,The Battle for the Golden Bazaar,The Battle for the Golden Bazaar,38-19,,,ge-npc-pages
Militia Front Line Archer (Hyrstmill),363451,2012-07-13T14:46:22Z,0,Militia Front Line Archer,Elezen,Wildwood Elezen,Male,Militia Archer,Gridania,The Battle for Hyrstmill,The Battle for Hyrstmill,,,,ge-npc-pages
Militia Front Line Archer (The Golden Bazaar),327973,2012-07-13T15:25:29Z,0,Militia Front Line Archer,Lalafell,Plainsfolk,Male,Militia Archer,Ul'dah,The Battle for the Golden Bazaar,The Battle for the Golden Bazaar,38-19,,,ge-npc-pages
Militia Outfitter (Hyrstmill),363280,2012-07-13T14:46:50Z,0,Militia Outfitter,Miqo'te,Keepers of the Moon,Female,Militia Weaver,Gridania,The Battle for Hyrstmill,The Battle for Hyrstmill,,,,ge-npc-pages
Militia Outfitter (The Golden Bazaar),328299,2012-07-13T15:23:43Z,0,Militia Outfitter,Hyur,Midlander,Female,Militia Weaver,Ul'dah,The Battle for the Golden Bazaar,The Battle for the Golden Bazaar,38-19,,,ge-npc-pages
Militia Outrider,192199,2012-06-01T23:47:20Z,0,Militia Outrider,Hyur,Midlander,Male,,,"Central Thanalan, Lower La Noscea, Central Shroud","Black Brush, Bearded Rock, Bentbranch","25-26, 26-31, 25-28",,,ge-npc-pages
Militia Quartermaster B'davzzi,353918,2012-07-12T23:16:09Z,0,Militia Quartermaster B'davzzi,Miqo'te,Seekers of the Sun,Female,Militia Quartermaster,Limsa Lominsa,"Western La Noscea, The Battle for Aleport","Aleport, The Battle for Aleport",12-23,,,ge-npc-pages
Militia Quartermaster Dhebi Polaali,363403,2012-07-13T14:47:08Z,0,Militia Quartermaster Dhebi Polaali,Miqo'te,Keepers of the Moon,Female,Militia Quartermaster,Gridania,North Shroud,"Hyrstmill, The Battle for Hyrstmill",,,,ge-npc-pages
Militia Quartermaster P'lhabgo,327582,2012-07-13T15:23:13Z,0,Militia Quartermaster P'lhabgo,Miqo'te,Seekers of the Sun,Female,Militia Quartermaster,Ul'dah,"Eastern Thanalan, The Battle for the Golden Bazaar","The Golden Bazaar, The Battle for the Golden Bazaar",38-19,,,ge-npc-pages
Militia Second Line Archer (Hyrstmill),363498,2012-07-13T14:47:36Z,0,Militia Second Line Archer,Elezen,Wildwood Elezen,Female,Militia Archer,Gridania,The Battle for Hyrstmill,The Battle for Hyrstmill,,,,ge-npc-pages
Militia Second Line Archer (The Golden Bazaar),328055,2012-07-13T15:15:55Z,0,Militia Second Line Archer,Lalafell,Plainsfolk,Male,Militia Archer,Ul'dah,The Battle for the Golden Bazaar,The Battle for the Golden Bazaar,38-19,,,ge-npc-pages
Militia Smith (Hyrstmill),363608,2012-07-13T14:49:39Z,0,Militia Smith,Miqo'te,Keepers of the Moon,Female,Militia Blacksmith,Gridania,The Battle for Hyrstmill,The Battle for Hyrstmill,,,,ge-npc-pages
Militia Smith (The Golden Bazaar),328229,2012-07-13T15:15:26Z,0,Militia Smith,Hyur,Midlander,Male,Militia Blacksmith,Ul'dah,The Battle for the Golden Bazaar,The Battle for the Golden Bazaar,38-19,,,ge-npc-pages
Militia Third Line Archer (Hyrstmill),363557,2012-07-13T14:50:14Z,0,Militia Third Line Archer,Elezen,Wildwood Elezen,Male,Militia Archer,Gridania,The Battle for Hyrstmill,The Battle for Hyrstmill,,,,ge-npc-pages
Militia Third Line Archer (The Golden Bazaar),328137,2012-07-13T15:14:41Z,0,Militia Third Line Archer,Lalafell,Plainsfolk,Male,Militia Archer,Ul'dah,The Battle for the Golden Bazaar,The Battle for the Golden Bazaar,38-19,,,ge-npc-pages
Millith Ironheart (1.x),289310,2012-06-24T22:39:25Z,0,Millith Ironheart,Hyur,Midlander,Female,Archeologist,Gridania,South Shroud,Buscarron's Fold,35-43,,,ge-npc-pages
Mimidoa,222668,2010-08-11T18:11:21Z,0,Mimidoa Nanadoa,Lalafell,,Male,Blacksmith,Limsa Lominsa,Limsa Lominsa,Naldiq & Vymelli's,x-x,,,ge-npc-pages
Mimina,475368,2010-11-07T22:58:21Z,0,Mimina,Lalafell,Plainsfolk,Female,Quartermaster,Ul'dah,Central Thanalan,Camp Black Brush,27-26,,,ge-npc-pages
Mimio,35825,2012-03-05T06:35:13Z,0,Mimio,Lalafell,Dunesfolk,Male,Event NPC,Ul'dah,Ul'dah,,5-3,,,ge-npc-pages
Mimiroon,447245,2012-05-05T18:47:40Z,0,Mimiroon,Qiqirn,,,,Limsa Lominsa,Limsa Lominsa,The Astalicia,4-7,,,ge-npc-pages
Mimishu,492403,2012-04-28T18:03:47Z,0,Mimishu,Lalafell,,Female,,Ul'dah,Ul'dah,Merchant Strip,5-3,,,ge-npc-pages
Minerva (1.x),479029,2010-10-02T19:44:57Z,0,Minerva,Hyur,Midlander,Female,,Ul'dah,Ul'dah,The Quicksand,6-4,,,ge-npc-pages
Minfilia,272905,2012-06-01T23:37:51Z,0,Minfilia,Hyur,Midlander,Female,Leader,Ul'dah,Ul'dah,Merchant Wards,4-4,Cutscene,,ge-npc-pages
Miounne,469632,2012-05-07T17:14:22Z,0,Miounne,Elezen,Duskwight Elezen,Female,Tavernkeeper,Gridania,Gridania,Carline Canopy,6-6,,,ge-npc-pages
Miraudont,509697,2010-12-20T23:03:46Z,0,Miraudont,Elezen,,Male,,Gridania,North Shroud,Camp Emerald Moss,20-20,,,ge-npc-pages
Mitainie,501607,2012-05-09T17:09:23Z,0,Mitainie,Elezen,Wildwood Elezen,Female,Wood Wailer,Gridania,Gridania,,5-6,,,ge-npc-pages
Miyaya,247092,2012-04-29T17:27:07Z,0,Miyaya,Lalafell,,Female,,Ul'dah,Ul'dah,Frondale's Phrontistery,5-6,,,ge-npc-pages
Moenskaet the Honorbound,181879,2011-03-13T10:37:37Z,0,Moenskaet the Honorbound,Roegadyn,,Male,,,,,,,,ge-npc-pages
Mohtfryd,484236,2012-04-29T15:28:00Z,0,Mohtfryd,Roegadyn,Sea wolves,Male,Miner,Ul'dah,Ul'dah,Amajina & Sons Mineral Concern,6-6,,,ge-npc-pages
Momodi,471908,2012-04-28T22:19:58Z,0,Momodi,Lalafell,Dunesfolk,Female,Tavernkeeper,Ul'dah,Ul'dah,The Quicksand,4-6,Instance,,ge-npc-pages
Momofu,240893,2012-05-06T18:36:45Z,0,Momofu,Lalafell,,Female,Repair Merchant,Limsa Lominsa,Lominsan Mercantile House,Merchant Wards,1-1,,,ge-npc-pages
Momoga,410312,2012-02-06T06:56:10Z,0,Momoga,Lalafell,Plainsfolk,Female,Event NPC,,Gridania,The Knot,6-5,,,ge-npc-pages
Momoroon,142177,2012-06-21T17:49:40Z,0,Momoroon,Qiqirn,,,Black Market Vendor,Limsa Lominsa,Limsa Lominsa,East Hawkers' Alley,6-5,,"{{Sells|Dusken Draught|10,000 gil}} {{Sells|Dusken Draught|100 GC Seals}} {{Sells|Company-issue Engineering Manual|40,000 gil}} {{Sells|Company-issue Engineering Manual|400 GC Seals}} {{Sells|Company-issue Survival Manual|40,000 gil}} {{Sells|Company-issue Survival Manual|400 GC Seals}} {{Sells|Company-issue Engineering Manual II|100,000 gil}} {{Sells|Company-issue Engineering Manual II|1000 GC Seals}} {{Sells|Company-issue Survival Manual II|100,000 gil}} {{Sells|Company-issue Survival Manual II|1000 GC Seals}} {{Sells|Patriot's Choker|150,000 gil}} {{Sells|Patriot's Choker|1,500 GC Seals}} {{Sells|Patriot's Bracelet|200,000 gil}} {{Sells|Patriot's Bracelet|2,000 GC Seals}} {{Sells|Lominsan Aetherpass|400,000 gil}} {{Sells|Lominsan Aetherpass|4,000 GC Seals}}",ge-npc-pages
Momoroto (1.0),510451,2010-09-11T17:35:29Z,0,Momoroto,Lalafell,,Male,Gatewarden,,Coerthas Eastern Lowlands,Camp Glory,29-52,,,ge-npc-pages
Monh Mujuuk,249209,2012-04-30T02:14:52Z,0,Monh Mujuuk,Miqo'te,Keepers of the Moon,Female,Repair Merchant,Ul'dah,Central Thanalan,Black Brush,27-26,,,ge-npc-pages
Montorgains,176315,2012-04-22T01:27:27Z,0,Montorgains,Elvaan,,Male,,,Northern Thanalan,Camp Bluefog,25-13,,"{{Sells|Warped Arrow|2}} {{Sells|Lugworm|2}} {{Sells|Moth Pupa|2}} {{Sells|Mineral Water|60}} {{Sells|Eye Drops|1,463}} {{Sells|Throat Drops|7,400}} {{Sells|Dawn Drops|2,850}} {{Sells|Blood Drops|413}} {{Sells|Marmot Steak|216}} {{Sells|Boiled Egg|112}} {{Sells|Potion|650}} {{Sells|Grade 1 Dark Matter|50}} {{Sells|Grade 2 Dark Matter|300}} {{Sells|Grade 3 Dark Matter|700}} {{Sells|Grade 4 Dark Matter|1,500}} {{Sells|Grade 5 Dark Matter|3,500}}",ge-npc-pages
Mordyn,182137,2012-05-29T01:31:20Z,0,Mordyn,Hyur,Highlander,Male,Pirate,Limsa Lominsa,,,,Instance,,ge-npc-pages
Morgant (1.x),240214,2012-05-06T18:29:15Z,0,Morgant,Hyur,,Male,Repair Merchant,Limsa Lominsa,Lominsan Mercantile House,Market Wards,1-1,,,ge-npc-pages
Moruith,430945,2012-04-27T21:43:01Z,0,Moruith,Hyur,Midlander,Female,Guild Merchant,Ul'dah,Ul'dah,Platinum Mirage,5-4,,,ge-npc-pages
Morys,55647,2012-09-02T12:34:24Z,0,Morys,Hume,Midlander,Male,,Gridania,Central Shroud,,25-32,Instance,,ge-npc-pages
Motte,230581,2012-03-06T05:51:50Z,0,Motte,Hyur,Midlander,Female,Event NPC,Limsa Lominsa,Limsa Lominsa,,7-6,,,ge-npc-pages
Mourechaux,289424,2012-05-15T18:46:08Z,0,Morechaux,Elezen,Wildwood Elezen,Male,,Gridania,Gridania,Stillglade Fane,2-1,,,ge-npc-pages
Mudede,35144,2012-03-05T05:20:01Z,0,Mudede,Lalafell,Plainsfolk,Female,Event NPC,Gridania,Gridania,,6-5,,,ge-npc-pages
Mumpish Miqo'te,471822,2010-09-24T16:06:41Z,0,Mumpish Miqo'te,Miqo'te,Seekers of the Sun,Female,,Ul'dah,Ul'dah Opening,Merchant Strip,4-7,Instance,,ge-npc-pages
Mumuepo the Beholden,352996,2012-05-15T15:33:28Z,0,Mumuepo,Lalafell,Dunesfolk,Male,,Ul'dah,Ul'dah,,,Cutscene,,ge-npc-pages
Mumukiya,484174,2012-04-29T15:23:32Z,0,Mumukiya,Lalafell,Plainsfolk,Male,Miner,Ul'dah,Ul'dah,Amajina & Sons Mineral Concern,6-6,,,ge-npc-pages
Mumuko,477255,2012-04-21T20:01:26Z,0,Mumuko,Lalafell,Plainsfolk,Female,Merchant,Gridania,Gridania,Ebony Stalls,8-3,,"{{Sells|Weathered Alembic|612}} {{Sells|Bronze Mortar|14,784}} {{Sells|Fish Oil|998}} {{Sells|Clove Oil|479}} {{Sells|Crab Oil|7,200}} {{Sells|Distilled Water|15}} {{Sells|Natron|216}} {{Sells|Animal Glue|998}} {{Sells|Quicksilver|844}} {{Sells|Rock Salt|210}} {{Sells|Growth Formula Alpha|998}} {{Sells|Silex|1,331}} {{Sells|Effervescent Water|179}} {{Sells|Rubber|58}} {{Sells|Yellow Ginseng|461}}",ge-npc-pages
Mumutano (1.x),477906,2012-04-29T16:30:20Z,0,Mumutano,Lalafell,,Male,Syndicate Guard,Ul'dah,Ul'dah,The Royal Prominade,6-5,,,ge-npc-pages
Mun-Tuy Battlewarden,307984,2012-05-24T19:39:33Z,0,Mun-Tuy Battlewarden,Hyur,Highlander,Male,Battlewarden,Gridania,The Mun-Tuy Cellars,,7-6,,,ge-npc-pages
Murlskylt,252825,2012-05-01T01:51:51Z,0,Murlskylt,Roegadyn,,Male,,Limsa Lominsa,Limsa Lominsa,Airship Landing,1-1,,,ge-npc-pages
Muscle-bound Deckhand,381430,2012-05-05T17:43:05Z,0,Muscle-bound Deckhand,lalafell,Plainsfolk,Male,,Limsa Lominsa,Limsa Lominsa,Ferry Docks,3-5,,,ge-npc-pages
Muscular Miner,506843,2010-09-24T16:00:42Z,0,Muscular Miner,Roegadyn,Sea Wolves,Male,,,Ul'dah,,x-x,Instance,,ge-npc-pages
Mutamix Bubblypots,260756,2012-05-08T20:52:03Z,0,Mutamix Bubblypots,Goblin,,Male,Materia Mentor,,Central Thanalan,Black Brush,29-20,,,ge-npc-pages
Myles,510061,2012-05-20T18:09:14Z,0,Myles,Hyur,Midlanders,Male,,Gridania,South Shroud,Quarrymill,44-47,,,ge-npc-pages
Mynadaeg,381492,2012-05-10T18:41:18Z,0,Mynadaeg,Roegadyn,Sea Wolves,Male,,Limsa Lominsa,Limsa Lominsa,Coral Tower,6-2,,,ge-npc-pages
Myndeidin,336032,2012-06-08T21:25:22Z,0,Myndeidin,Roegadyn,Sea Wolf,Male,,Limsa Lominsa,Western La Noscea,Aleport,12-24,,,ge-npc-pages
Mytesyn,381556,2012-05-04T19:04:42Z,0,Mytesyn,Roegadyn,Sea Wolves,Male,,Limsa Lominsa,Limsa Lominsa,The Drowning Wench,7-5,,,ge-npc-pages
N'bolata Tyata,103580,2010-07-22T15:16:48Z,0,N'bolata Tyata,,,,,,,,,Historical Figure,,ge-npc-pages
N'canago,510679,2012-04-22T01:28:30Z,0,N'canago,Miqo'te,,Female,Merchant,,Coerthas Central Highlands,Camp Dragonhead,,,"{{Sells|Warped Arrow|2}} {{Sells|Moth Pupa|2}} {{Sells|Lugworm|2}} {{Sells|Mineral Water|60}} {{Sells|Knight's Bread|4,411}} {{Sells|Mustard Eggs|2,227}} {{Sells|Grade 1 Dark Matter|50}} {{Sells|Grade 2 Dark Matter|300}} {{Sells|Grade 3 Dark Matter|700}} {{Sells|Grade 4 Dark Matter|1,500}} {{Sells|Grade 5 Dark Matter|3,500}}",ge-npc-pages
N'nagali,381765,2010-08-13T21:34:28Z,0,N'nagali,Miqo'te,Seekers of the Sun,Female,,Limsa Lominsa,Limsa Lominsa,,5-5,,,ge-npc-pages
N'nmulika,381806,2010-12-29T12:17:56Z,0,N'nmulika,Miqo'te,Seekers of the Sun,Female,,Limsa Lominsa,Limsa Lominsa,Fisherman's Bottom,6-6,,,ge-npc-pages
Nahctahr,381906,2010-10-20T21:14:05Z,0,Nahctahr,Roegadyn,Sea Wolves,Male,Quartermaster,Limsa Lominsa,Lower La Noscea,Camp Bearded Rock,25-29,,,ge-npc-pages
Naida Zamaida,481274,2012-04-28T20:16:56Z,0,Naida Zamaida,Lalafell,,Male,,Ul'dah,Ul'dah,Merchant Strip,7-4,,,ge-npc-pages
Naih Khamazom,189598,2012-06-06T21:59:44Z,0,Naih Khamazom,Miqote,Keepers of the Moon,Female,Merchant,Gridania,Gridania,Carline Canopy,6-6,,"{{Sells|Hempen Coif|546}} {{Sells|Straw Hat|3,600}} {{Sells|Cotton Scarf|4,455}} {{Sells|Dodoskin Skullcap|7,539}} {{Sells|Hempen Dalmatica|780}} {{Sells|Hempen Tunic|780}} {{Sells|Hempen Kurta|780}} {{Sells|Hempen Doublet Vest|11,016}} {{Sells|Cotton Shepherd's Tunic|13,613}} {{Sells|Hempen Halfgloves|315}} {{Sells|Sheepskin Wristguards|168}} {{Sells|Hempen Work Gloves|2,922}} {{Sells|Sheepskin Mitts|3,013}} {{Sells|Dodoskin Wristguards|1,872}} {{Sells|Cotton Halfgloves|4,725}} {{Sells|Dodoskin Ringbands|5,592}} {{Sells|Leather Mitts|7,198}} {{Sells|Merchant's Purse|192}} {{Sells|Dodoskin Hunting Belt|4,039}} {{Sells|Hempen Breeches|234}} {{Sells|Hempen Shepherd's Slops|288}} {{Sells|Hempen Kecks|2,611}} {{Sells|Dodoskin Subligar|4,847}} {{Sells|Cotton Shepherd's Slops|5,026}} {{Sells|Sheepskin Duckbills|312}} {{Sells|Sheepskin Shoes|192}} {{Sells|Sheepskin Leggings|3,444}} {{Sells|Dodoskin Shoes|2,140}} {{Sells|Dodoskin Caligae|6,462}} {{Sells|Dodoskin Espadrilles|5,864}} {{Sells|Leather Leggings|8,226}} {{Sells|Dodoskin Pot Helm|6,027}} {{Sells|Leather Pot Helm|14,397}} {{Sells|Hempen Acton|8,611}} {{Sells|Dodoskin Harness|16,156}} {{Sells|Cotton Tabard|15,590}} {{Sells|Cotton Acton|20,567}} {{Sells|Leather Jacket|26,250}} {{Sells|Bronze Mitt Gauntlets|5,654}} {{Sells|Leather Armguards|9,187}} {{Sells|Iron-plated Jackboots|7,862}}",ge-npc-pages
Nanaka,381983,2012-05-04T19:46:12Z,0,Nanaka,Lalafell,,Female,,Limsa Lominsa,Limsa Lominsa,"The Drowning Wench, Mizzenmast Inn, Upper Decks",7-5,,,ge-npc-pages
Nanapiri,446976,2012-05-05T18:39:50Z,0,Nanapiri,Lalafell,,Male,,Limsa Lominsa,Limsa Lominsa,The Astalicia,4-7,,,ge-npc-pages
Nanawa Mines Battlewarden,56868,2012-05-21T21:32:13Z,0,Nanawa Mines Battlewarden,Lalafell,,Male,Battlewarden,Ul'dah,Nanawa Mines,,6-6,,,ge-npc-pages
Nashu Mhakaracca,347252,2012-06-10T16:15:14Z,0,Nashu Mhakaracca,Miqo'te,Keepers of the Moon,Female,Inspector's Aide,,"Ul'dah, Gridania","The Coliseum, Acorn Orchard","5-5, 5-5",Instance,,ge-npc-pages
Nathaniel,510034,2011-07-31T12:14:16Z,0,Nathaniel,Hyur,Midlanders,Male,,Gridania,South Shroud,Quarrymill,44-47,,,ge-npc-pages
Navarre,240105,2012-05-06T18:30:14Z,0,Navarre,Hyur,Midlander,Male,Mercantile House Representative,Limsa Lominsa,Lominsan Mercantile House,Merchant Wards,1-1,,,ge-npc-pages
Ndha Jakkya,510218,2010-09-10T22:40:13Z,0,Ndha Jakkya,Miqo'te,,Female,,,Coerthas Central Lowlands,Camp Ever Lakes,33-35,,,ge-npc-pages
Neale,382047,2012-04-24T16:31:53Z,0,Neale,Hyur,Midlander,Male,,Limsa Lominsa,Limsa Lominsa,The Astalicia,4-7,,,ge-npc-pages
Nedrick Ironheart,290099,2012-06-24T22:47:17Z,0,Nedrick Ironheart,Hyur,Midlander,Male,Topographer,,Coerthas Eastern Lowlands,Owl's Nest,63-34,,,ge-npc-pages
Nellaure,500090,2011-04-26T04:22:49Z,0,Nellaure,Elezen,Wildwood Elezen,Female,,Gridania,Gridania,The Oak Atrium,5-5,,,ge-npc-pages
Nelly,373712,2012-06-20T22:57:02Z,0,Nelly,Chocobo,,Female,Caravan Chocobo,Ul'dah,Western Thanalan,Horizon's Edge,,,,ge-npc-pages
Nenekani,241005,2011-10-17T02:58:28Z,0,Nenekani,Lalafell,,Male,,,Ul'dah,Merchant Wards,4-4,Cutscene,,ge-npc-pages
Nenekko,354781,2011-03-30T00:41:58Z,0,Nenekko,Lalafell,,Female,,Ul'dah,Ul'dah,,,,,ge-npc-pages
Nervous Barracuda Knight,382080,2010-08-13T21:45:01Z,0,Nervous Barracuda Knight,Miqo'te,Seekers of the Sun,Female,,Limsa Lominsa,Limsa Lominsa,Coral Tower,2-6,Instance,,ge-npc-pages
Neymi Funomi,240747,2012-04-28T01:47:57Z,0,Neymi Funomi,Lalafell,,Male,,Ul'dah,Ul'dah,Airship Landing,,,,ge-npc-pages
Neymumu,483525,2012-06-01T23:50:41Z,0,Neymumu,Lalafell,,Male,,Ul'dah,Ul'dah,Milvaneth Sacrarium,7-6,,,ge-npc-pages
Nhagi Amariyo,484264,2012-04-29T15:31:04Z,0,Nhagi Amariyo,Miqo'te,Keepers of the Moon,Female,Dancer,Ul'dah,Ul'dah,Amajina & Sons Mineral Concern,6-6,,,ge-npc-pages
Nheu Jawantal,382133,2012-05-10T18:41:28Z,0,Nheu Jawantal,Miqo'te,Keepers of the Moon,Female,,Limsa Lominsa,Limsa Lominsa,Coral Tower,6-2,,,ge-npc-pages
Nicia,501541,2012-05-09T17:08:39Z,0,Nicia,Hyur,Midlander,Female,Wood Wailer,Gridania,Gridania,,5-6,,,ge-npc-pages
Nicolaa,410352,2012-02-06T06:54:35Z,0,Nicolaa,Hyur,Midlander,Female,Event NPC,,Limsa Lominsa,Upper Decks,7-6,,,ge-npc-pages
Nicoliaux,501258,2012-05-09T17:18:35Z,0,Nicoliaux,Elezen,Wildwood Elezen,Male,,Gridania,Gridania,Acorn Orchard,5-5,,,ge-npc-pages
Niellefresne (1.x),479892,2012-07-05T19:54:49Z,0,Niellefresne,,,,,Ul'dah,Ul'dah,,,Instance,,ge-npc-pages
Nine Ivies Battlewarden,13982,2011-05-21T19:43:33Z,0,Nine Ivies Battlewarden,Hyur,Highlander,Male,Battlewarden,Gridania,East Shroud,Camp Nine Ivies,48-29,,,ge-npc-pages
Ninianne,382163,2010-10-02T16:43:16Z,0,Ninianne,Elezen,Wildwood Elezen,Female,,Limsa Lominsa,Limsa Lominsa,Coral Tower,5-2,,,ge-npc-pages
Ninipu,33753,2012-02-29T05:59:37Z,0,Ninipu,Lalafell,Dunesfolk,Male,Event NPC,,Limsa Lominsa,,7-6,,,ge-npc-pages
Niublaet,181724,2011-02-01T05:12:47Z,0,Niublaet,Roegadyn,,Male,,,,,,,,ge-npc-pages
Noes,502751,2012-05-15T16:08:21Z,0,Noes,Hyur,Midlander,Male,,Gridania,Gridania,,6-2,,,ge-npc-pages
Nogeloix,505483,2012-04-29T16:45:32Z,0,Nogeloix,Elezen,Wildwood Elezen,Male,,Ul'dah,Ul'dah,Frondale's Phrontistery,5-6,,,ge-npc-pages
Nokksu Shanksu,481505,2012-04-28T20:18:59Z,0,Nokksu Shanksu,Lalafell,,Male,,Ul'dah,Ul'dah,Merchant Strip,7-5,,,ge-npc-pages
Noline,382308,2011-12-12T18:26:43Z,0,Noline,Elezen,,Female,Guild Merchant,Limsa Lominsa,Limsa Lominsa,The Bismarck,7-3,,,ge-npc-pages
Nomomo,495160,2012-04-30T02:11:35Z,0,Nomomo,Lalafell,Plainsfolk,Female,,Ul'dah,Central Thanalan,Camp Black Brush,27-25,,,ge-npc-pages
Nonco Menanco,474453,2012-05-07T17:24:40Z,0,Nonco Menanco,Lalafell,Plainsfolk,Male,,Gridania,Gridania,Carline Canopy,6-6,,,ge-npc-pages
Nonolato,500139,2012-05-09T18:04:19Z,0,Nonolato,Lalafell,Plainsfolk,Male,,Gridania,Gridania,Quiver's Hold,8-5,,,ge-npc-pages
Nonoru,241036,2011-10-17T03:01:19Z,0,Nonoru,Lalafell,,Female,,,Ul'dah,Merchant Wards,4-4,Cutscene,,ge-npc-pages
Nonosu,179763,2012-06-06T21:49:36Z,0,Nonosu,Lalafell,,Female,Merchant,Ul'dah,Ul'dah,Arrzaneth Ossuary,4-5,,"{{Sells|Weathered Scepter|696}} {{Sells|Brass Cudgel|33,000}} {{Sells|Wind Brand|56,784}} {{Sells|Decorated Silver Scepter|145,464}} {{Sells|Square Maple Shield|5,500}} {{Sells|Bronze Buckler|37,240}} {{Sells|Leather Targe|107,184}} {{Sells|Hempen Coif|546}} {{Sells|Ash Mask|11,760}} {{Sells|Cotton Coif|49,686}} {{Sells|Linen Hat|169,444}} {{Sells|Hempen Dalmatica|780}} {{Sells|Cotton Acton|76,176}} {{Sells|Cotton Dalmatica|70,980}} {{Sells|Linen Robe|242,064}} {{Sells|Hempen Breeches|234}} {{Sells|Cotton Shepherd's Slops|17,952}} {{Sells|Velveteen Tights|39,655}} {{Sells|Linen Tights|72,619}} {{Sells|Sheepskin Wristguards|168}} {{Sells|Dodoskin Ringbands|19,286}} {{Sells|Leather Ringbands|46,264}} {{Sells|Boarskin Ringbands|84,722}} {{Sells|Sheepskin Duckbills|312}} {{Sells|Dodoskin Shoes|5,632}} {{Sells|Padded Sheepskin Duckbills|28,392}} {{Sells|Boarskin Crakows|87,360}}",ge-npc-pages
Nonowato (1.x),244288,2012-04-28T17:51:49Z,0,Nonowato,Lalafell,,Male,Repair Merchant,Ul'dah,Ul'dahn Mercantile House,Market Wards,1-1,,,ge-npc-pages
Norbettaux (1.x),471650,2012-04-28T20:30:45Z,0,Norbettaux,Elezen,Wildwood Elezen,Male,Merchant,Ul'dah,Ul'dah,Sunsilk Tapestries,7-6,,"{{Sells|Moko Grass|145}} {{Sells|Cotton Boll|579}} {{Sells|Diremite Web|1,050}} {{Sells|Undyed Hempen Cloth|960}} {{Sells|Undyed Cotton Cloth|3,200}} {{Sells|Undyed Velveteen|6720}} {{Sells|Hempen Yarn|312}} {{Sells|Cotton Yarn|1,242}} {{Sells|Dew Thread|2,772}} {{Sells|Cock Feather|115}} {{Sells|Crow Feather|604}} {{Sells|Dodo Feather|316}} {{Sells|Wildfowl Feather|979}} {{Sells|Chocobo Feather|6,364}} {{Sells|Mesa-red Cotton Cloth|3,200}} {{Sells|Raven-black Velveteen|6,720}}",ge-npc-pages
Norlaise,190514,2012-06-23T11:51:57Z,0,Norlaise,,,,Merchant,Gridania,West Shroud,Camp Crimson Bark,32-12,,"{{Sells|Warped Arrow|2}} {{Sells|Lugworm|2}} {{Sells|Moth Pupa|2}} {{Sells|Mineral Water|60}} {{Sells|Frumenty|64}} {{Sells|Dawn Drops|2,850}} {{Sells|Throat Drops|7,400}} {{Sells|Blood Drops|413}} {{Sells|Boiled Egg|112}} {{Sells|Potion|650}} {{Sells|Eye Drops|1,463}} {{Sells|Grade 1 Dark Matter|50}} {{Sells|Grade 2 Dark Matter|300}} {{Sells|Grade 3 Dark Matter|700}} {{Sells|Grade 4 Dark Matter|1,500}} {{Sells|Grade 5 Dark Matter|3,500}}",ge-npc-pages
Nortmoen (1.0),471563,2012-04-22T00:13:37Z,0,Nortmoen,Roegadyn,Sea Wolves,Male,Merchant,Ul'dah,Ul'dah,Amajina & Sons Mineral Concern,6-6,,"{{Sells|Weathered Coif (Grey)|546}} {{Sells|Minium|210}} {{Sells|Obsidian|612}} {{Sells|Mudstone|1,638}}",ge-npc-pages
Notrelchamps,382465,2011-12-12T18:26:53Z,0,Notrelchamps,Elezen,Duskwight Elezen,Male,Guild Merchant,Limsa Lominsa,Limsa Lominsa,Naldiq & Vymelli's,7-7,,,ge-npc-pages
Nuala,502876,2011-04-26T04:41:37Z,0,Nuala,Hyur,Midlander,Female,,Gridania,Gridania,Wailing Barracks,8-2,,,ge-npc-pages
Nunuba,382539,2012-05-05T18:34:32Z,0,Nunuba,Lalafell,Dunesfolk,Female,,Limsa Lominsa,Limsa Lominsa,The Astalicia,7-4,,,ge-npc-pages
Nymiene,22488,2011-07-07T00:55:00Z,0,Nymiene,,,Female,,,Thanalan,Central Thanalan,22-29,,,ge-npc-pages
Nystbyrm,333367,2012-04-21T18:53:44Z,0,Nystbyrm,Roegadyn,Sea Wolves,Male,Merchant,Limsa Lominsa,Limsa Lominsa,West Hawkers' Alley,5-5,,{{Sells|Weathered Gladius|600}} {{Sells|Hempen Singlet|360}} {{Sells|Hempen Chestband|360}} {{Sells|Hempen Trunks|108}} {{Sells|Hempen Loinguard|108}} {{Sells|Copper Ore|72}} {{Sells|Zinc Ore|1008}},ge-npc-pages
Nyunoeya,447925,2012-04-27T21:49:33Z,0,Nyunoeya,Roegadyn,,Male,Guild Merchant,Ul'dah,Ul'dah,Arrzaneth Ossuary,4-5,,,ge-npc-pages
O-App-Pesi,502723,2012-06-07T04:01:53Z,0,O-App-Pesi,Padjal,,Male,Conjurer,Gridania,,,,Instance,,ge-npc-pages
O-Guna-Por,304618,2010-07-25T03:38:57Z,0,O-Guna-Por,,,,,Gridania,,,,Historical Figure,,ge-npc-pages
O'adebh,336087,2012-06-08T21:22:58Z,0,O'adebh,Miqote,Seekers of the Sun,Female,,Limsa Lominsa,Western La Noscea,Aleport,11-24,,,ge-npc-pages
O'dhinek,503302,2012-05-15T15:13:50Z,0,O'dhinek,Miqo'te,Seekers of the Sun,Female,,Gridania,Gridania,Quiver's Hold,8-5,,,ge-npc-pages
O'kalkaya,181995,2011-02-01T06:00:52Z,0,O'kalkaya,,,,,,,,,,,ge-npc-pages
O'pondhao,479953,2012-04-28T22:35:43Z,0,O'pondhao,Miqo'te,Seekers of the Sun,Female,,Ul'dah,Ul'dah,The Quicksand,4-6,,,ge-npc-pages
Obili Tambili,247132,2012-04-29T17:32:08Z,0,Obili Tambili,Lalafell,,Male,,Ul'dah,Ul'dah,Frondale's Phrontistery,5-6,,,ge-npc-pages
Ococo,481617,2012-04-28T19:34:16Z,0,Ococo,Lalafell,,Male,,Ul'dah,Ul'dah,Merchant Strip,7-3,,,ge-npc-pages
Odeve,58903,2010-09-18T19:13:24Z,0,Odeve,Elezen,,Female,,,,Owl's Nest,61-33,,,ge-npc-pages
Odibrand,148336,2012-05-15T20:05:14Z,0,Odibrand,Hyur,Midlander,Male,Merchant,Gridania,Armorfitters Den,Market Wards,1-1,,"{{Sells|Dodoskin Pot Helm|6,027}} {{Sells|Leather Pot Helm|14,397}} {{Sells|Hempen Acton|8,611}} {{Sells|Dodoskin Harness|16,156}} {{Sells|Cotton Tabard|15,590}} {{Sells|Cotton Acton|20,567}} {{Sells|Leather Jacket|26,250}} {{Sells|Bronze Mitt Gauntlets|5,654}} {{Sells|Leather Armguards|9,187}} {{Sells|Iron-plated Jackboots|7,862}}",ge-npc-pages
Odilie,470764,2010-09-03T23:13:14Z,0,Odilie,Elezen,Wildwood Elezen,Female,,Gridania,Gridania,Carline Canopy,6-6,,,ge-npc-pages
Oefyrblaet,170033,2012-04-29T17:45:38Z,0,Oefyrblaet,Roegadyn,,Male,,Ul'dah,Ul'dah,Frondale's Phrontistery,5-6,,,ge-npc-pages
Oha-Sok,367741,2012-06-16T23:00:22Z,0,Oha-Sok,Elemental,,,,,North Shroud,,,Cutscene,,ge-npc-pages
Olyffe,410402,2012-02-06T06:53:27Z,0,Olyffe,Hyur,Midlander,Female,Event NPC,,Gridania,The Knot,6-5,,,ge-npc-pages
Onguen,502251,2012-05-15T18:54:40Z,0,Onguen,Hyur,Midlander,Female,,Gridania,Gridania,Greatloam Growery,4-3,,,ge-npc-pages
Onyx-haired Adventurer,382644,2010-09-04T14:56:58Z,0,Onyx-haired Adventurer,Elezen,Wildwood Elezen,Female,,Limsa Lominsa,Limsa Lominsa,The Drowning Wench,5-7,Instance,,ge-npc-pages
Ophellia,410379,2012-02-06T06:51:04Z,0,Ophellia,Hyur,Midlander,Female,Event NPC,,Ul'dah,Merchant Strip,5-3,,,ge-npc-pages
Opyltyl,502168,2010-10-11T19:05:57Z,0,Opyltyl,Roegadyn,,Male,,Gridania,Gridania,Greatloam Growery,4-3,,,ge-npc-pages
Orrick,174710,2012-04-19T01:52:12Z,0,Orrick,Hyur,Midlander,Male,,,Ul'dah,Merchant Strip,5-3,,,ge-npc-pages
Orrick Ballard,103388,2010-07-22T15:17:07Z,0,Orrick Ballard,,,,,,,,,Historical Figure,,ge-npc-pages
Ortefauchel,35824,2012-04-30T23:54:42Z,0,Ortefauchel,Elezen,Duskwight Elezen,Male,Gatekeeper,Ishgard,Coerthas Central Highlands,Gates of Judgement,18-35,,,ge-npc-pages
Ortolf,383046,2010-10-02T20:21:44Z,0,Ortolf,Hyur,Highlander,Male,,Limsa Lominsa,Limsa Lominsa,Lower Decks,5-6,,,ge-npc-pages
Oscarlet (1.x),363330,2012-06-16T15:01:10Z,0,Oscarlet,Elezen,Wildwood Elezen,Male,Merchant,Gridania,North Shroud,Hyrstmill,,,{{Sells| Earth Cluster | 26250 }} {{Sells| Ice Cluster | 26250 }} {{Sells| Wind Cluster | 26250 }} {{Sells| Water Cluster | 26250 }} {{Sells| Fire Cluster | 26250 }} {{Sells| Lightning Cluster | 26250 }} {{Sells| Coke | 100000 }} {{Sells| Peacock Ore| 100000 }},ge-npc-pages
Osgar,475446,2012-05-09T17:28:59Z,0,Osgar,Hume,Highlander,Male,Merchant,Gridania,Gridania,The Oak Atrium,6-5,,"{{Sells|Weathered Cane|840}} {{Sells|Maple Log|1,260}} {{Sells|Elm Log|4,200}} {{Sells|Ash Log|2,822}} {{Sells|Walnut Log|6,300}} {{Sells|Maple Lumber|1,350}} {{Sells|Ash Lumber|3,024}} {{Sells|Elm Lumber|4,500}} {{Sells|Walnut Lumber|6,750}}",ge-npc-pages
Ositha,446912,2012-05-05T18:36:48Z,0,Ositha,Hyur,Midlander,Female,,Limsa Lominsa,Limsa Lominsa,The Astalicia,4-7,,,ge-npc-pages
Ossuary Almstaker (NPC),311346,2012-05-29T03:56:32Z,0,Ossuary Almstaker,Lalafell,Dunesfolk,Female,Almstaker,Ul'dah,Western Thanalan,Scorpion Keep,14-34,Cutscene,,ge-npc-pages
Otho,64147,2010-09-20T19:23:51Z,0,Otho,Hyur,Highlander,Male,,Ala Mhigo,Eastern Thanalan,Little Ala Mhigo,32-38,,,ge-npc-pages
Otopa Pottopa,472343,2012-04-28T22:08:20Z,0,Otopa Pottopa,Lalafell,Plainsfolk,Male,,Ul'dah,Ul'dah,The Hourglass,4-6,Instance,,ge-npc-pages
Ouvielle,290916,2010-10-04T13:01:45Z,0,Ouvielle,Elezen,,Female,,,Eastern Thanalan,The Golden Bazaar,,Cutscene,,ge-npc-pages
Over-eager Barracuda Knight,383080,2010-08-13T21:49:40Z,0,Over-eager Barracuda Knight,Roegadyn,Sea Wolves,Male,,Limsa Lominsa,Limsa Lominsa,Coral Tower,2-6,Instance,,ge-npc-pages
Over Competitive Adventurer,472407,2010-09-24T15:57:00Z,0,Over Competitive Adventurer,Hyur,Midlander,Female,,Ul'dah,Ul'dah,The Hourglass,4-6,Instance,,ge-npc-pages
Overweening Thaumaturge,57268,2012-09-09T22:33:39Z,0,Overweening Thaumaturge,Lalafell,,Female,,Ul'dah,Ul'dah,Arrzaneth Ossuary,4-5,Instance,,ge-npc-pages
Overweening Woman,383125,2010-10-02T16:29:37Z,0,Overweening Woman,Lalafell,,Female,,Limsa Lominsa,Limsa Lominsa,Upper Decks,6-3,,,ge-npc-pages
Owyne,465535,2012-05-15T19:44:45Z,0,Owyne,Hyur,Midlander,Male,Wood Wailer,Gridania,Gridania,Gridania Aetheryte Plaza,4-4,,,ge-npc-pages
Owyne Cosserand,169849,2010-07-22T15:17:25Z,0,Owyne Cosserand,,,,,,,,,Historical Figure,,ge-npc-pages
P'ndolobo,334951,2011-10-09T02:22:21Z,0,P'ndolobo,Miqo'te,Seekers of the Sun,Female,Merchant,Limsa Lominsa,Limsa Lominsa,West Hawkers' Alley,5-5,,"{{Sells|Weathered Pickaxe|600}} {{Sells|Bronze Sledgehammer|14,080}} {{Sells|Weathered Hatchet|636}} {{Sells|Bronze Scythe|14,784}} {{Sells|Bloodworm|4}} {{Sells|Grade 1 Dark Matter|50}} {{Sells|Grade 2 Dark Matter|300}} {{Sells|Grade 3 Dark Matter|700}} {{Sells|Grade 4 Dark Matter|1,500}} {{Sells|Grade 5 Dark Matter|3,500}}",ge-npc-pages
P'sonjha,470536,2012-03-25T15:31:04Z,0,P'sonjha,Miqo'te,Seekers of the Sun,Female,Merchant,Ul'dah,Ul'dah,Ruby Road Exchange,6-4,,{{Sells|Weathered Skillet|624}} {{Sells|Bronze Culinary Knife|13728}} {{Sells|Chicken Egg|32}} {{Sells|Mineral Water|60}} {{Sells|Sour Red|678}} {{Sells|Table Salt|11}} {{Sells|Aldgoat Milk|108}} {{Sells|Buffalo Milk|252}} {{Sells|Black Pepper|479}} {{Sells|Cinnamon|25}} {{Sells|Chanterelle|120}} {{Sells|Shriekshroom|158}} {{Sells|Kukuru Bean|202}},ge-npc-pages
P'tahjha,399343,2012-05-05T17:57:18Z,0,P'tahjha,Miqo'te,Seekers of the Sun,Female,,Limsa Lominsa,Limsa Lominsa,Mealvaan's Gate,4-5,,,ge-npc-pages
Pack Chocobo,325775,2012-06-04T22:26:25Z,0,Pack Chocobo,Chocobo,,,,,"South Shroud,North Shroud","Tranquil Paths, Treespeak","38-49,21-16",,,ge-npc-pages
Padaku Sondaku,508405,2012-05-29T03:39:31Z,0,Padaku Sondaku,Lalafell,,Male,,Ul'dah,Western Thanalan,The Silver Bazaar,35-13,,,ge-npc-pages
???,163795,2010-11-02T00:36:15Z,0,???,,,,,,Mor Dhona,,21-10,,,ge-npc-pages
Pahja Zhwan,22137,2012-08-01T11:44:47Z,0,Pahja Zhwan,Miqo'te,Keeper of the Moon,Female,,Ul'dah,Ul'dah,Amajina & Sons Mineral Concern,6-6,,,ge-npc-pages
Pamisolaux (1.x),471417,2012-04-29T03:50:59Z,0,Pamisolaux,Elezen,Wildwood Elezen,Male,Merchant,Ul'dah,Ul'dah,Eshtaime's Lapidaries,6-6,,"{{Sells|Copper Ore|72}} {{Sells|Zinc Ore|1,008}} {{Sells|Silver Ore|1,500}} {{Sells|Copper Ingot|500}} {{Sells|Brass Ingot|3,000}} {{Sells|Silver Ingot|7,500}} {{Sells|Copper Rings|400}} {{Sells|Brass Rings|2,400}} {{Sells|Silver Rings|6,000}} {{Sells|Marbled Eye|3,780}} {{Sells|Pearl|37,620}}",ge-npc-pages
Pandelion Brontard,103811,2010-07-22T15:17:45Z,0,Pandelion Brontard,,,,,,,,,Historical Figure,,ge-npc-pages
Panha Jaab,60766,2010-09-17T22:50:43Z,0,Panha Jaab,Miqo'te,,Female,Gatewarden,Ishgard,Coerthas Eastern Highlands,Camp Crooked Fork,48-9,,,ge-npc-pages
Papala,512375,2012-06-03T23:52:04Z,0,Papala,Lalafell,Plainsfolk,Female,,Ul'dah,Eastern Thanalan,The Golden Bazaar,19-37,,,ge-npc-pages
Papalymo,278303,2012-06-07T04:00:43Z,0,Papalymo,Lalafell,Plainsfolk,Male,Thaumaturge,Gridania,,,,Instance,,ge-npc-pages
Papatori,365733,2012-05-21T22:26:15Z,0,Papatori,Lalafell,Plainsfolk,Male,Repair Merchant,Ul'dah,Southern Thanalan,Broken Water,43-40,,,ge-npc-pages
Papawa,490955,2012-04-29T03:32:05Z,0,Papawa,Lalafell,,Female,,Ul'dah,Ul'dah,The Coliseum,5-5,,,ge-npc-pages
Papawazu,189950,2012-06-23T11:52:22Z,0,Papawazu,,,,Merchant,,Western La Noscea,Halfstone,7-20,,"{{Sells|Warped Arrow|2}} {{Sells|Lugworm|2}} {{Sells|Moth Pupa|2}} {{Sells|Mineral Water|60}} {{Sells|Orange Juice|168}} {{Sells|Salt Cod|84}} {{Sells|Eye Drops|1,463}} {{Sells|Boiled Egg|112}} {{Sells|Potion|650}} {{Sells|Throat Drops|7,400}} {{Sells|Dawn Drops|2,850}} {{Sells|Blood Drops|413}} {{Sells|Grade 1 Dark Matter|50}} {{Sells|Grade 2 Dark Matter|300}} {{Sells|Grade 3 Dark Matter|700}} {{Sells|Grade 4 Dark Matter|1,500}} {{Sells|Grade 5 Dark Matter|3500}}",ge-npc-pages
Pasty-faced Adventurer,399438,2012-05-05T17:41:46Z,0,Pasty-faced Adventurer,Lalafell,,Male,,Limsa Lominsa,Limsa Lominsa,Ferry Docks,3-5,,,ge-npc-pages
Patch,326466,2012-06-03T17:03:46Z,0,Patch,Chocobo,,Male,Caravan Chocobo,Gridania,North Shroud,Treespeak,21-16,,,ge-npc-pages
Path Companion,280301,2011-08-28T03:32:01Z,0,Path Companion,,,,,,,,,,,ge-npc-pages
Patrick (1.0),59929,2011-08-02T23:03:01Z,0,Patrick,Hyur,Midlander,Male,,,Coerthas Eastern Lowlands,Owl's Nest,63-35,,,ge-npc-pages
Paul,60892,2010-09-24T19:02:33Z,0,Paul,Hyur,Midlander,Male,,Ishgard,Coerthas Eastern Highlands,Camp Crooked Fork,48-9,,,ge-npc-pages
Pearly-toothed Porter,399488,2012-05-05T17:43:31Z,0,Pearly-toothed Porter,Hyur,Midlander,Male,,Limsa Lominsa,Limsa Lominsa,Ferry Docks,3-5,,,ge-npc-pages
Pelhi Epocan,367219,2012-04-28T01:56:41Z,0,Pelhi Epocan,Miqo'te,Keepers of the Moon,Female,,Ul'dah,Ul'dah,Airship Landing,2-1,,,ge-npc-pages
Pelmomo,345222,2010-08-11T20:40:14Z,0,Pelmomo,Lalafell,,,,,,,,,,ge-npc-pages
Peneli Zuneli,483478,2012-04-29T16:25:53Z,0,Peneli Zuneli,Lalafell,,Male,,Ul'dah,Ul'dah,Milvaneth Sacrarium,7-6,,,ge-npc-pages
Penelope,500957,2012-05-07T17:10:30Z,0,Penelope,Hyur,Midlander,Female,,Gridania,Gridania,Carline Canopy,6-6,,,ge-npc-pages
Pepeli,500625,2010-12-20T22:45:02Z,0,Pepeli,Lalafell,,Female,,Gridania,Central Shroud,Camp Bentbranch,32-34,,,ge-npc-pages
Perturbed Pugilist,322036,2012-06-01T03:24:30Z,0,Perturbed Pugilist,Roegadyn,,Male,,Ul'dah,Ul'dah,The Coliseum,5-5,Instance,,ge-npc-pages
Pfarahr,366452,2012-05-07T17:07:24Z,0,Pfarahr,Roegadyn,,Male,,Gridania,Gridania,Airship Landing,6-6,,,ge-npc-pages
Pfynhaemr,399536,2012-05-04T14:58:26Z,0,Pfynhaemr,Roegadyn,Sea Wolves,Male,,Limsa Lominsa,Limsa Lominsa,Naldiq & Vymelli's,7-7,,,ge-npc-pages
Pienne (1.x),241001,2012-05-06T18:33:18Z,0,Pienne,Elezen,Duskwight Elezen,Female,,Limsa Lominsa,Lominsan Mercantile House,Merchant Wards,1-1,,{{Sells|Weathered Gladius|600}} {{Sells|Hempen Singlet|360}} {{Sells|Hempen Chestband|360}} {{Sells|Hempen Trunks|108}} {{Sells|Hempen Loinguard|108}} {{Sells|Copper Ore|72}} {{Sells|Zinc Ore|1008}},ge-npc-pages
Pierriquet,484247,2012-04-29T15:29:39Z,0,Pierriquet,Elezen,Wildwood Elezen,Male,Miner,Ul'dah,Ul'dah,Amajina & Sons Mineral Concern,6-6,,,ge-npc-pages
Piers,503333,2010-09-24T19:02:25Z,0,Piers,Hyur,Midlander,male,,Gridania,Gridania,Quiver's Hold,5-8,,,ge-npc-pages
Pilfa Dalfa,201479,2010-07-22T15:18:02Z,0,Pilfa Dalfa,,,Male,,,,,,Historical Figure,,ge-npc-pages
Pimelle,470667,2012-04-21T23:52:41Z,0,Pimelle,Elezen,Wildwood Elezen,Female,Merchant,Ul'dah,Ul'dah,Romululu's Bric-a-Brac,5-4,,"{{Sells|Weathered Spear|840}} {{Sells|Weathered Scepter|696}} {{Sells|Weathered Culottes (Grey)|414}} {{Sells|Weathered Sarouel (Brown)|280}} {{Sells|Weathered Tights|295}} {{Sells|Dented Celata|105,000}} {{Sells|Bone Chip|216}} {{Sells|Soiled Femur|900}}",ge-npc-pages
Pine-scented Pirate,399564,2010-08-14T02:11:18Z,0,Pine-scented Pirate,Elezen,Wildwood Elezens,Female,,Limsa Lominsa,Limsa Lominsa,Coral Tower,2-6,Cutscene,,ge-npc-pages
Piralnaut,211031,2010-10-02T16:14:22Z,0,Piralnaut,Elezen,,Male,Regional Guildleve Master,Limsa Lominsa,Limsa Lominsa,The Drowning Wench,7-5,,,ge-npc-pages
Pissed Pirate,399608,2012-05-04T20:36:06Z,0,Pissed Pirate,Roegadyn,Sea Wolves,Male,,Limsa Lominsa,Limsa Lominsa,Upper Decks,6-3,,,ge-npc-pages
Plush Moogle,309651,2012-05-28T00:32:10Z,0,Plush Moogle,Moogle,,,,,West Shroud,Crimson Bark,15-38,,,ge-npc-pages
Pofufu,474267,2012-05-07T17:33:38Z,0,Pofufu,Lalafell,Plainsfolk,Male,,Gridania,Gridania,Carline Canopy,6-6,,,ge-npc-pages
Popoka,410296,2012-02-06T06:55:20Z,0,Popoka,Lalafell,Plainsfolk,Female,Event NPC,,Ul'dah,Merchant Strip,5-3,,,ge-npc-pages
Popokkuli,276157,2012-05-10T15:59:55Z,0,Popokkuli,Lalafell,Dunesfolk,Male,Miner,Ul'dah,"Ul'dah, Central Thanalan","Amajina & Sons Mineral Concern, Platinum Mirage",,Instance,,ge-npc-pages
Popori,511316,2012-04-28T02:18:39Z,0,Popori,Lalafell,,Female,,Ul'dah,Ul'dah,Platinum Mirage,5-4,,,ge-npc-pages
Positively Pungent Pirate,399636,2010-10-02T17:45:54Z,0,Positively Pungent Pirate,Roegadyn,Sea Wolves,Male,,Limsa Lominsa,Limsa Lominsa,Mealvaan's Gate,4-5,,,ge-npc-pages
Powle,501292,2012-05-09T17:19:34Z,0,Powle,Hyur,Midlander,Female,Youngling,Gridania,Gridania,Acorn Orchard,5-5,,,ge-npc-pages
Prattling Adventurer,399662,2010-08-25T01:54:28Z,0,Prattling Adventurer,Hyur,Midlander,Female,,,Limsa Lominsa Opening,,,Instance,,ge-npc-pages
Priorfaix,191356,2012-06-23T11:53:05Z,0,Priorfaix,,,,Merchant,,Mor Dhona,Camp Revenant's Toll,8-10,,"{{Sells|Warped Arrow|2}} {{Sells|Moth Pupa|2}} {{Sells|Lugworm|2}} {{Sells|Mineral Water|60}} {{Sells|Knight's Bread|4,411}} {{Sells|Mustard Eggs|2,227}} {{Sells|Grade 1 Dark Matter|50}} {{Sells|Grade 2 Dark Matter|300}} {{Sells|Grade 3 Dark Matter|700}} {{Sells|Grade 4 Dark Matter|1,500}} {{Sells|Grade 5 Dark Matter|3,500}}",ge-npc-pages
Proscen,512694,2011-08-01T00:18:30Z,0,Proscen,Hyur,Midlander,Female,,Gridania,North Shroud,Hyrstmill,25-13,,,ge-npc-pages
Prosperlain,497240,2010-10-11T18:47:00Z,0,Prosperlain,Elezen,Wildwood Elezen,Male,Officer at Arms,Gridania,Gridania,Gridania,6-2,,,ge-npc-pages
Prudentia,403046,2012-05-29T02:19:12Z,0,Prudentia,Hyur,Midlanders,Male,,Limsa Lominsa,Limsa Lominsa,The Bismarck,7-3,,,ge-npc-pages
Pukiki,503399,2012-05-15T15:56:45Z,0,Pukiki,Lalafell,,Female,,Gridania,Gridania,,6-4,,,ge-npc-pages
Pukni Pakk,367426,2012-06-16T22:30:14Z,0,Pukni Pakk,Moogle,,,,,North Shroud,Emerald Moss,15-22,,,ge-npc-pages
Pukno Poki,57277,2012-05-20T18:19:30Z,0,Pukno Poki,Moogle,,,,,South Shroud,Tranquil Paths,42-48,,,ge-npc-pages
Pukwa Pika,248304,2012-04-30T00:00:06Z,0,Pukwa Pika,Moogle,,,,,West Shroud,Turning Leaf,41-18,,,ge-npc-pages
Pulmia,403089,2012-05-04T20:12:43Z,0,Pulmia,Hyur,Midlanders,Female,,Limsa Lominsa,Limsa Lominsa,The Bismarck,7-3,,,ge-npc-pages
Pyha Jawantal,28838,2011-07-22T03:46:51Z,0,Pyha Jawantal,Miqo'te,Keepers of the Moon,Female,Stone Torches,,Eastern Thanalan,Mythril Pit T-8,40-28,,,ge-npc-pages
Q'kholbeh,98452,2012-03-13T15:44:59Z,0,Q'kholbeh,Miqo'te,Seekers of the Sun,Female,Event NPC,,Limsa Lominsa,,7-6,,,ge-npc-pages
Q'mhalawi,490340,2012-04-29T03:34:18Z,0,Q'mhalawi,Miqo'te,Seekers of the Sun,Female,,Ul'dah,Ul'dah,The Coliseum,5-5,,,ge-npc-pages
Q'molosi,57788,2011-08-02T00:27:54Z,0,Q'molosi,Miqo'te,Seekers of the Sun,Female,Botanist,,Western La Noscea,Halfstone,7-20,,,ge-npc-pages
Q'zamqo,254244,2012-05-07T16:44:55Z,0,Q'zamqo,Miqo'te,Seekers of the Sun,Female,Wood Wailer,Gridania,Gridania,Airship Landing,6-6,,,ge-npc-pages
Qaruru,481078,2010-10-02T19:59:54Z,0,Qaruru,Lalafell,,Male,,Ul'dah,Ul'dah,,7-4,,,ge-npc-pages
Qata Nelhah,492340,2012-04-27T21:40:05Z,0,Qata Nelhah,Miqo'te,,Female,,Ul'dah,Ul'dah,Merchant Strip,5-4,,,ge-npc-pages
Qhas Chalahko,403238,2012-05-04T15:06:38Z,0,Qhas Chalahko,Miqo'te,Keepers of the Moon,Female,Guild Merchant,Limsa Lominsa,Limsa Lominsa,Naldiq & Vymelli's,7-7,,,ge-npc-pages
Qhom Jinjhal,410463,2012-02-06T06:49:55Z,0,Qhom Jinjhal,Miqo'te,Seeker of the Sun,Female,Event NPC,,Ul'dah,Merchant Strip,5-3,,,ge-npc-pages
Qhon Chalahko,244155,2012-04-28T17:28:15Z,0,Qhon Chalahko,Miqote,Keepers of the Moon,Female,Repair Merchant,Ul'dah,Ul'dahn Mercantile House,Market Wards,1-1,,,ge-npc-pages
Qhota Nbolo,484282,2012-04-29T15:32:07Z,0,Qhota Nbolo,Miqo'te,Keepers of the Moon,Female,Dancer,Ul'dah,Ul'dah,Amajina & Sons Mineral Concern,6-6,,,ge-npc-pages
Qoqoba,352902,2010-10-18T14:51:27Z,0,Qoqoba,Lalafell,,Female,,Ul'dah,Ul'dah,,,,,ge-npc-pages
Qualmish Miner,506848,2010-09-24T16:00:52Z,0,Qualmish Miner,Miqo'te,Seekers of the Sun,Female,,,Ul'dah,,x-x,Instance,,ge-npc-pages
Quenburga,501888,2010-09-24T19:01:50Z,0,Quenburga,Hyur,Midlander,Female,,,,Falcon's Nest,,,,ge-npc-pages
Quiloud,473473,2012-04-28T19:51:21Z,0,Quiloud,Elezen,Wildwood Elezen,Male,Merchant,Ul'dah,Ul'dah,Sapphire Avenue Exchange,7-4,,"{{Sells|Meat Miq'abob|1,125}} {{Sells|Mugwort Carp|5,392}} {{Sells|Flatbread|97}} {{Sells|Dried Prunes|1,638}} {{Sells|Stone Soup|2,029}} {{Sells|Raisins|84}} {{Sells|Chamomile Tea|1,775}} {{Sells|Mineral Water|60}}",ge-npc-pages
Quimperain,180117,2012-04-29T17:24:31Z,0,Quimperain,Elezen,Duskwight Elezen,Male,Merchant,Ul'dah,Ul'dah,Frondale's Phrontistery,5-6,,"{{Sells|Weathered Alembic|612}} {{Sells|Brass Alembic|30,600}} {{Sells|Iron Alembic|65,688}} {{Sells|Mythril Alembic|175,032}} {{Sells|Bronze Mortar|14,784}} {{Sells|Steel Mortar|93,744}} {{Sells|Hempen Coif|546}} {{Sells|Cotton Scarf|13,104}} {{Sells|Cotton Sugarloaf Hat|73,180}} {{Sells|Velveteen Sugarloaf Hat|145,868}} {{Sells|Hempen Dalmatica|780}} {{Sells|Cotton Shepherd's Tunic|48,620}} {{Sells|Cotton Halfrobe|97,440}} {{Sells|Velveteen Robe|156,240}} {{Sells|Hempen Breeches|234}} {{Sells|Cotton Shepherd's Slops|17,952}} {{Sells|Velveteen Sarouel|35,100}} {{Sells|Linen Sarouel|65,520}} {{Sells|Hempen Halfgloves|315}} {{Sells|Cotton Halfgloves|15,750}} {{Sells|Fingerless Leather Gloves|40,950}} {{Sells|Fingerless Boarskin Gloves|76,440}} {{Sells|Sheepskin Shoes|192}} {{Sells|Dodoskin Shoes|5,632}} {{Sells|Leather Crakows|46,800}} {{Sells|Boarskin Crakows|87,360}}",ge-npc-pages
Ququmi,98101,2012-03-13T15:17:32Z,0,Ququmi,Lalafell,Plainsfolk,Female,Event NPC,,Ul'dah,,(5-3),,,ge-npc-pages
R'baharra,408952,2011-07-18T17:31:19Z,0,R'baharra,Miqo'te,Seekers of the Sun,Female,,Limsa Lominsa,Limsa Lominsa,Ferry Docks Limsa Lominsa,4-5,,,ge-npc-pages
R'djongo,502293,2012-05-15T16:42:14Z,0,R'djongo,Miqo'te,Seekers of the Sun,Female,,Gridania,Gridania,Stillglade Fane,3-1,,,ge-npc-pages
R'dyunbu,509635,2010-12-20T23:03:52Z,0,R'dyunbu,Miqo'te,Seekers of the Sun,Female,,Gridania,North Shroud,Camp Emerald Moss,20-20,,,ge-npc-pages
R'zalikko,142265,2012-04-29T00:00:38Z,0,R'zalikko,Miqo'te,Seekers of the Sun,Female,Merchant,Ul'dah,Spellcraft Row,Market Wards,1-1,,"{{Sells|Weathered Cane|840}} {{Sells|Maple Wand|2,940}} {{Sells|Budding Maple Wand|6,554}} {{Sells|Weathered Scepter|696}} {{Sells|Bone Staff|4,260}} {{Sells|Brass Cudgel|9,900}}",ge-npc-pages
Raaka Maaka,90306,2011-09-30T19:15:24Z,0,Raaka Maaka,Lalafell,,Male,,Limsa Lominsa,Limsa Lominsa,Ferry Docks,3-5,Instance,,ge-npc-pages
Radiant Tear,510047,2011-07-31T12:14:56Z,0,Radiant Tear,Roegadyn,Sea Wolves,Male,,Gridania,South Shroud,Quarrymill,44-47,,,ge-npc-pages
Radulf,64090,2011-08-01T05:31:01Z,0,Radulf,Hyur,Highlander,Male,,Ala Mhigo,Eastern Thanalan,Little Ala Mhigo,32-38,,,ge-npc-pages
Raenhyml,324540,2012-06-01T22:13:03Z,0,Raenhyml,Roegadyn,Hellsguard,Male,,Ishgard,Coerthas Central Highlands,Dragonhead,36-25,,,ge-npc-pages
Raging Bull,290420,2012-05-15T20:21:21Z,0,Raging Bull,Roegadyn,Hellsguard,Male,Repair Merchant,Gridania,Gridanian Mercantile House,Market Wards,1-1,,,ge-npc-pages
Raih Kaatapoh,190257,2012-05-20T15:58:55Z,0,Raih Kaatapoh,Miqo'te,Keepers of the Moon,Female,Merchant,Gridania,South Shroud,Buscarron's Fold,35-43,,"{{Sells|Warped Arrow|2}} {{Sells|Lugworm|2}} {{Sells|Moth Pupa|2}} {{Sells|Mineral Water|60}} {{Sells|Frumenty|64}} {{Sells|Dawn Drops|2,850}} {{Sells|Throat Drops|7,400}} {{Sells|Blood Drops|413}} {{Sells|Boiled Egg|112}} {{Sells|Potion|650}} {{Sells|Eye Drops|1,463}} {{Sells|Grade 1 Dark Matter|50}} {{Sells|Grade 2 Dark Matter|300}} {{Sells|Grade 3 Dark Matter|700}} {{Sells|Grade 4 Dark Matter|1,500}} {{Sells|Grade 5 Dark Matter|3,500}}",ge-npc-pages
Rammbroes,288823,2012-06-03T23:55:23Z,0,Rammbroes,Roegadyn,Hellsguard,Male,,Ul'dah,Eastern Thanalan,The Golden Bazaar,38-19,,,ge-npc-pages
Raplulu,252714,2012-05-01T01:39:43Z,0,Raplulu,Lalafell,,Female,,Limsa Lominsa,Limsa Lominsa,Airship Landing,1-1,,,ge-npc-pages
Raragun,409092,2012-05-04T20:44:04Z,0,Raragun,Lalafell,,Male,,Limsa Lominsa,Limsa Lominsa,Coral Tower,5-2,,,ge-npc-pages
Ratete,290779,2012-05-15T20:38:28Z,0,Ratete,Lalafell,Dunesfolk,Female,Mercantile House Representative,Gridania,Gridanian Mercantile House,Market Wards,1-1,,,ge-npc-pages
Raubahn,222347,2012-06-07T04:48:53Z,0,Raubahn Aldynn,Hyur,Highlander,Male,Company Leader,Ul'dah,Ul'dah,The Fragrant Chamber,1-1,Instance,,ge-npc-pages
Rauffe,325719,2012-06-02T16:53:00Z,0,Rauffe,Hyur,Midlander,Male,Merchant,Gridania,North Shroud,Treespeak,21-16,,{{Sells|Gysahl Greens|2250}},ge-npc-pages
Rawawa,501840,2010-09-06T19:48:37Z,0,Rawawa,Lalafell,,Female,,,,Falcon's Nest,,,,ge-npc-pages
Raya-O-Senna,367487,2012-09-02T15:27:43Z,0,Raya-O-Senna,Padjal,,Female,,Gridania,North Shroud,Emerald Moss,15-22,,,ge-npc-pages
Rebeccah,296309,2012-06-03T23:53:24Z,0,Rebeccah,Hyur,Midlander,Female,,Ul'dah,Eastern Thanalan,The Golden Bazaar,37-19,,,ge-npc-pages
Reinholdt,98571,2012-03-13T15:53:12Z,0,Reinholdt,Hyur,Midlander,Male,Event NPC,,Limsa Lominsa,,7-6,,{{Sells|Peach Confetti|10 gil}} {{Sells|Sweet Rice Cake|10 gil}},ge-npc-pages
Relaxing Adventurer,409168,2010-09-04T17:10:19Z,0,Relaxing Adventurer,Elezen,Wildwood Elezen,Male,,Limsa Lominsa,Limsa Lominsa,The Drowning Wench,5-7,Instance,,ge-npc-pages
Reluctant Boar,141893,2012-04-29T00:03:22Z,0,Reluctant Boar,Roegadyn,Sea Wolves,Male,Merchant,Ul'dah,Battlecraft Row,Market Wards,1-1,,"{{Sells|Weathered Gladius|600}} {{Sells|Bronze Dagger|2,700}} {{Sells|Bronze Spatha|7,956}} {{Sells|Weathered Hora|636}} {{Sells|Bone Hora|3,180}} {{Sells|Bronze Knuckles|8,665}} {{Sells|Weathered War Axe|840}} {{Sells|Bronze War Axe|4,200}} {{Sells|Bronze Labrys|11,456}} {{Sells|Weathered Shortbow|816}} {{Sells|Maple Shortbow|4,080}} {{Sells|Wrapped Maple Longbow|11,138}} {{Sells|Warped Arrow|2}} {{Sells|Weathered Spear|840}} {{Sells|Bone Harpoon|4,080}} {{Sells|Iron Spear|13,641}} {{Sells|Square Maple Shield|3,300}} {{Sells|Bronze Buckler|11,916}}",ge-npc-pages
Reremaki,177680,2012-05-04T20:31:08Z,0,Reremaki,Lalafell,,Male,Merchant,Limsa Lominsa,Limsa Lominsa,The Bismarck,6-3,,{{Sells|Weathered Skillet|624}} {{Sells|Iron Skillet|31200}} {{Sells|Iron Frypan|64400}} {{Sells|Steel Frypan|171600}} {{Sells|Bronze Culinary Knife|13728}} {{Sells|Steel Culinary Knife|87048}} {{Sells|Sheepskin Calot|432}} {{Sells|Cotton Scarf|13104}} {{Sells|Cotton Sugarloaf Hat|73180}} {{Sells|Velveteen Sugarloaf Hat|145868}} {{Sells|Hempen Dalmatica|780}} {{Sells|Cotton Shepherd's Tunic|48620}} {{Sells|Cotton Halfrobe|97440}} {{Sells|Velveteen Robe|156240}} {{Sells|Hempen Breeches|234}} {{Sells|Cotton Shepherd's Slops|17952}} {{Sells|Velveteen Sarouel|35100}} {{Sells|Linen Sarouel|65520}} {{Sells|Hempen Halfgloves|315}} {{Sells|Cotton Halfgloves|15750}} {{Sells|Fingerless Leather Gloves|40950}} {{Sells|Fingerless Boarskin Gloves|76440}} {{Sells|Maple Clogs|252}} {{Sells|Dodoskin Espadrilles|20944}} {{Sells|Leather Crakows|46800}} {{Sells|Boarskin Crakows|87360}},ge-npc-pages
Rerenasu,409209,2012-05-06T16:34:20Z,0,Rerenasu,Lalafell,Plainsfolk,Male,,Limsa Lominsa,Limsa Lominsa,Lower Decks,5-7,,,ge-npc-pages
Reyner,224313,2012-06-07T04:18:58Z,0,Reyner Hansred,Hyur,Midlander,Male,Guildmaster,Limsa Lominsa,Limsa Lominsa,Coral Tower,2-6,,,ge-npc-pages
Rhela Nbolo,410425,2012-02-06T06:54:07Z,0,Rhela Nbolo,Miqo'te,Seeker of the Sun,Female,Event NPC,,Limsa Lominsa,Upper Decks,7-6,,,ge-npc-pages
Rhoe Jakkya,240037,2012-05-06T18:29:50Z,0,Rhoe Jakkya,Miqo'te,Keepers of the moon,Female,Mercantile House Representative,Limsa Lominsa,Lominsan Mercantile House,Merchant Wards,1-1,,,ge-npc-pages
Rhoswen,408835,2011-02-01T06:01:30Z,0,Rhoswen,Hyur,,Female,,,,,,,,ge-npc-pages
Rhuya Nelhah,36314,2012-03-05T06:49:03Z,0,Rhuya Nelhah,Miqo'te,Keeper of the Moon,Female,Event NPC,Gridania,Gridania,,6-5,,,ge-npc-pages
Rhylsygg Bhirlonsyn,104656,2010-07-22T15:18:17Z,0,Rhylsygg Bhirlonsyn,,,,,,,,,Historical Figure,,ge-npc-pages
Richly Attired Maiden,321883,2012-06-01T03:19:46Z,0,Richly Attired Maiden,Lalafell,Dunesfolk,Female,,Ul'dah,Ul'dah,The Coliseum,5-5,Instance,,ge-npc-pages
Rickeman,501816,2010-09-24T19:05:52Z,0,Rickeman,Hyur,Midlander,Male,,,,Falcon's Nest,,,,ge-npc-pages
Rimomo,175563,2012-04-08T05:49:39Z,0,Rimomo,Lalafell,Dunesfolk,Female,,,North Shroud,,25-7,,,ge-npc-pages
Rinh Maimhov,482748,2012-04-28T21:21:12Z,0,Rinh Maimhov,Miqo'te,Keepers of the Moon,Female,,Ul'dah,Ul'dah,Sunsilk Tapestries,7-5,,,ge-npc-pages
Ririgeo,507257,2010-11-08T02:05:10Z,0,Ririgeo,Lalafell,Dunesfolk,Male,Gatewarden,Ul'dah,Western Thanalan,Camp Horizon,13-29,,,ge-npc-pages
Roarich,476057,2010-10-31T22:57:24Z,0,Roarich,Hyur,Midlander,Male,,Ul'dah,Ul'dah,Merchant Strip,7-4,,,ge-npc-pages
Robairlain,409262,2011-07-18T16:50:20Z,0,Robairlain,Elezen,Wildwood Elezens,Male,,Limsa Lominsa,Limsa Lominsa,Lower Decks,5-5,,,ge-npc-pages
Robyn (1.x),481051,2010-09-24T19:05:36Z,0,Robyn,Hyur,Midlander,Female,,Ul'dah,Ul'dah,,4-7,,,ge-npc-pages
Roderic,475079,2012-05-09T17:24:09Z,0,Roderic,Elezen,Wildwood Elezen,Male,Merchant,Gridania,Gridania,The Knot,6-5,,{{Sells|Belladonna|2995}} {{Sells|Marjoram|540}} {{Sells|Thyme|2009}} {{Sells|Pixie Plums|806}} {{Sells|Galago Mint|540}} {{Sells|Laurel|2131}} {{Sells|Midland Basil|1069}} {{Sells|Wild Onion|81}},ge-npc-pages
Roelle,290569,2012-05-15T20:32:37Z,0,Roelle,Elezen,Wildwood Elezen,Female,Merchant,Gridania,Gridanian Mercantile House,Market Wards,1-1,,"{{Sells|Weathered Spear|840}} {{Sells|Weathered Shortbow|816}} {{Sells|Bronze Arrow|6}} {{Sells|Alpine Parsnip|396}} {{Sells|Buffalo Beans|490}} {{Sells|Coerthas Carrot|284}} {{Sells|Rye|43}} {{Sells|Sunset Wheat|43}} {{Sells|Blood Currants|1,310}} {{Sells|Potion|650}} {{Sells|Blood Drops|413}}",ge-npc-pages
Ronan Kognan,380988,2012-05-09T17:14:57Z,0,Ronan Kognan,Lalafell,Plainsfolk,Male,Merchant,Gridania,Gridania,,5-5,,{{Sells| Earth Shard | 1 Deaspected Crystal | Quantity=10 }} {{Sells| Fire Shard | 1 Deaspected Crystal | Quantity=10 }} {{Sells| Wind Shard | 1 Deaspected Crystal | Quantity=10 }} {{Sells| Lightning Shard | 1 Deaspected Crystal | Quantity=10 }} {{Sells| Water Shard | 1 Deaspected Crystal | Quantity=10 }} {{Sells| Ice Shard | 1 Deaspected Crystal | Quantity=10 }} {{Sells| Peregrine Helm | 30 Deaspected Crystals }},ge-npc-pages
Ronthfohc,63894,2010-09-20T19:21:09Z,0,Ronthfohc,Roegadyn,,Male,,Ala Mhigo,Eastern Thanalan,Little Ala Mhigo,32-38,,,ge-npc-pages
Roosting Crow,446498,2010-10-02T16:18:50Z,0,Roosting Crow,Roegadyn,,Male,,,Limsa Lominsa,Upper Decks,7-2,,,ge-npc-pages
Rorojaru,21174,2012-04-28T19:54:38Z,0,Rorojaru,Lalafell,,Male,,Ul'dah,Ul'dah,Sapphire Avenue Exchange,7-4,,,ge-npc-pages
Rosalind,483556,2012-04-29T16:03:02Z,0,Rosalind,Hyur,Midlander,Female,,Ul'dah,Ul'dah,Milvaneth Sacrarium,7-6,,,ge-npc-pages
Rosamund,180006,2012-04-28T21:05:08Z,0,Rosamund,Hyur,Midlander,Female,Merchant,Ul'dah,Ul'dah,Sunsilk Tapestries,7-6,,"{{Sells|Rusty Needle|432}} {{Sells|Bat Fang Needle|21,504}} {{Sells|Silver Needle|66,528}} {{Sells|Mythril Needle|111,888}} {{Sells|Maple Spinning Wheel|16,896}} {{Sells|Walnut Spinning Wheel|113,664}} {{Sells|Hempen Coif|546}} {{Sells|Cotton Scarf|13,104}} {{Sells|Velveteen Wedge Cap|59,136}} {{Sells|Linen Wedge Cap|104,576}} {{Sells|Hempen Dalmatica|780}} {{Sells|Cotton Shepherd's Tunic|48,620}} {{Sells|Velveteen Coatee|110,880}} {{Sells|Linen Coatee|196,080}} {{Sells|Hempen Breeches|234}} {{Sells|Cotton Shepherd's Slops|17,952}} {{Sells|Velveteen Bottom|40,656}} {{Sells|Linen Bottom|71,896}} {{Sells|Hempen Halfgloves|315}} {{Sells|Cotton Halfgloves|15,750}} {{Sells|Velveteen Shortgloves|36,960}} {{Sells|Linen Shortgloves|65,360}} {{Sells|Sheepskin Shoes|192}} {{Sells|Dodoskin Shoes|5,632}} {{Sells|Velveteen Gaiters|48,048}} {{Sells|Linen Gaiters|84,968}}",ge-npc-pages
Roserette,470586,2011-10-06T11:18:09Z,0,Roserette,Elezen,Wildwood Elezen,Female,Merchant,Ul'dah,Ul'dah,Ruby Road Exchange,6-4,,{{Sells|Hempen Undershirt|360}} {{Sells|Hempen Breastcloth|360}} {{Sells|Hempen Camise|360}} {{Sells|Hempen Camisole|360}} {{Sells|Hempen Halftights|108}} {{Sells|Hempen Pagne|108}} {{Sells|Hempen Shorts|108}} {{Sells|Hempen Drawers|108}},ge-npc-pages
Rostnsthal,437950,2011-03-13T10:11:33Z,0,Rostnsthal,Roegadyn,,Male,,,,,,,,ge-npc-pages
Roustebant,178331,2012-05-15T16:20:43Z,0,Roustebant,Elezen,Wildwood Elezen,Male,Merchant,Gridania,Gridania,Wailing Barracks,7-2,,"{{Sells|Weathered Spear|840}} {{Sells|Feathered Harpoon|27,744}} {{Sells|Iron Guisarme|95,312}} {{Sells|Heavy Steel Lance|201,552}} {{Sells|Dodoskin Pot Helm|13,395}} {{Sells|Bronze Barbut|31,416}} {{Sells|Iron Elmo|99,792}} {{Sells|Steel Barbut|239,316}} {{Sells|Hempen Tunic|780}} {{Sells|Cotton Acton|76,176}} {{Sells|Iron Scale Mail|142,560}} {{Sells|Steel Chainmail|189,440}} {{Sells|Hempen Breeches|234}} {{Sells|Dodoskin Subligar|13,464}} {{Sells|Cotton Kecks|35,935}} {{Sells|Velveteen Trousers|119,340}} {{Sells|Sheepskin Mitts|6,697}} {{Sells|Bronze Mitt Gauntlets|15,708}} {{Sells|Iron Vambraces|33,264}} {{Sells|Steel Vambraces|66,304}} {{Sells|Sheepskin Shoes|192}} {{Sells|Leather Leggings|30,470}} {{Sells|Iron-plated Jackboots|31,449}} {{Sells|Steel-plated Jackboots|64,281}}",ge-npc-pages
Rowena,64066,2012-06-08T00:40:17Z,0,Rowena,Hyur,Midlander,Female,Oblation & Runestone Merchant,Ul'dah,Ul'dah,Merchant Strip,5-4,,"{{Sells|Templar's Chain Coif|Allagan Runestone - Byregot, Darksilver Buckles x 8, White Enamel x 2}} {{Sells|Templar's Haubergeon|Allagan Runestone - Rhalgr, Mythril Rings x 4, Electrum Rings x 3}} {{Sells|Templar's Sollerets|Allagan Runestone - Llymlaen, Raven-black Velveteen x 2, Mythril Wire x 3}} {{Sells|Templar's Tassets|Allagan Runestone - Halone, Toad Leather Strap (Brown) x 6, Iron Buckles x 22}} {{Sells|Buccaneer's Tricorne|Allagan Runestone - Azeyma, Red Ochre Buffalo Leather x 4, Shark Oil x 10}} {{Sells|Buccaneer's Shirt|Allagan Runestone - Althyk, Woolen Yarn x 10, Silver Buckles x 20}} {{Sells|Buccaneer's Boots|Allagan Runestone - Menphina, Desert-yellow Buffalo Leather x 4, Iron Poleyns x 1}} {{Sells|Buccaneer's Sash|Allagan Runestone - Thaliak, Undyed Linen x 2, Mythril Ingot x 1}} {{Sells|Harlequin's Cap|Allagan Runestone - Nophica, Wine-red Velveteen x 3, Darksilver Squares x 6}} {{Sells|Harlequin's Acton|Allagan Runestone - Nald'thal, Wolf Fur x 2, Undyed Linen x 2}} {{Sells|Harlequin's Tights|Allagan Runestone - Nymeia, Raven-black Velveteen x 3, Karakul Yarn x 9}} {{Sells|Harlequin's Belt|Allagan Runestone - Oschon, Peiste Leather x 3, Storm-blue Boar Leather x 2}} {{Sells|Ifrit's Claws|Inferno Totem x10}} {{Sells|Ifrit's Blade|Inferno Totem x10}} {{Sells|Ifrit's Battleaxe|Inferno Totem x10}} {{Sells|Ifrit's Bow|Inferno Totem x10}} {{Sells|Ifrit's Harpoon|Inferno Totem x10}} {{Sells|Ifrit's Cudgel|Inferno Totem x10}} {{Sells|Ifrit's Cane|Inferno Totem x10}} {{Sells|Murderous Mogfists|Kupo Nut Charm x10}} {{Sells|Morbid Mogblade|Kupo Nut Charm x10}} {{Sells|Malignant Mogaxe|Kupo Nut Charm x10}} {{Sells|Mischievous Mogbow|Kupo Nut Charm x10}} {{Sells|Melancholy Mogfork|Kupo Nut Charm x10}} {{Sells|Maleficent Mogstaff|Kupo Nut Charm x10}} {{Sells|Malevolent Mogwand|Kupo Nut Charm x10}} {{Sells|Garuda's Talons|Vortex Totem x40}} {{Sells|Garuda's Gaze|Vortex Totem x40}} {{Sells|Garuda's Scream|Vortex Totem x40}} {{Sells|Garuda's Spine|Vortex Totem x40}} {{Sells|Garuda's Beak|Vortex Totem x40}} {{Sells|Garuda's Van|Vortex Totem x40}} {{Sells|Garuda's Wile|Vortex Totem x40}}",ge-npc-pages
Roysia,253040,2012-06-06T16:50:08Z,0,Roysia,Hyur,Midlander,Female,,Limsa Lominsa,Lower La Noscea,Bearded Rock,25-29,,,ge-npc-pages
Rubh Epocan,409303,2012-05-05T17:59:27Z,0,Rubh Epocan,Miqo'te,,Female,,Limsa Lominsa,Limsa Lominsa,Mealvaan's Gate,4-5,,,ge-npc-pages
Ruminating Elezen,322534,2012-06-01T04:02:11Z,0,Ruminating Elezen,Elezen,Wildwood Elezen,Male,,Ala Mhigo,Western Thanalan,The Silver Bazaar,13-35,Instance,,ge-npc-pages
Rurubasa,181924,2011-02-01T05:37:03Z,0,Rurubasa,Lalafell,,Male,,,,,,,,ge-npc-pages
Rururaji,470708,2012-05-02T23:49:18Z,0,Rururaji,Lalafell,,Male,,Ul'dah,Ul'dah,Merchant Strip,6-3,,,ge-npc-pages
Ryd,501240,2012-05-09T17:17:18Z,0,Ryd,Hyur,Midlander,Female,Youngling,Gridania,Gridania,Acorn Orchard,5-5,,,ge-npc-pages
Ryssfloh,444569,2011-07-21T11:48:56Z,0,Ryssfloh,Roegadyn,,Male,,,Lower La Noscea,Camp Bearded Rock,25-29,,,ge-npc-pages
S'gnayak,336597,2012-05-06T17:22:49Z,0,S'gnayak,Miqo'te,Seekers of the Sun,Female,Merchant,Limsa Lominsa,Limsa Lominsa,East Hawkers' Alley,6-5,,"{{Sells|Maple Log|1,260}} {{Sells|Elm Log|4,200}} {{Sells|Ash Log|2,822}} {{Sells|Popoto|842}} {{Sells|Millioncorn|720}} {{Sells|Ogre Pumpkin|284}}",ge-npc-pages
S'laiboli (1.x),409603,2010-10-02T16:47:09Z,0,S'laiboli,Miqo'te,Seekers of the Sun,Female,,Limsa Lominsa,Limsa Lominsa,Coral Tower,6-2,,,ge-npc-pages
S'lyhhia,353148,2010-10-18T17:12:30Z,0,S'lyhhia,Miqo'te,,Female,,Ul'dah,Ul'dah,,,,,ge-npc-pages
S'raemha,409683,2011-12-12T18:27:14Z,0,S'raemha,Miqo'te,Seekers of the Sun,Female,Guild Merchant,Limsa Lominsa,Limsa Lominsa,The Astalicia,4-7,,,ge-npc-pages
Saelbmoht,346968,2012-06-07T05:49:27Z,0,Saelbmoht,Roegadyn,Sea Wolves,Male,,,Mor Dhona,Brittlebark,16-21,Instance,,ge-npc-pages
Safufu,483489,2012-04-29T16:24:46Z,0,Safufu,Lalafell,,Female,,Ul'dah,Ul'dah,Milvaneth Sacrarium,7-6,,,ge-npc-pages
Sahja Zhwan,208779,2011-10-17T02:59:43Z,0,Sahja Zhwan,Miqo'te,,Female,,,,,,,,ge-npc-pages
Saint Daniffen,123006,2010-08-11T18:54:56Z,0,Saint Daniffen,Elezen,,Male,Guardian,,,,,Historical Figure,,ge-npc-pages
Saint Moergynn,122163,2010-08-11T19:03:28Z,0,Saint Moergynn,Roegadyn,,Male,Guardian,,,,,Historical Figure,,ge-npc-pages
Saint Tothor,122477,2010-08-11T19:03:46Z,0,Saint Tothor the Ratcatcher,Lalafell,,Male,Guardian,,,,,Historical Figure,,ge-npc-pages
Saintrelmaux (1.x),254549,2012-06-06T16:50:02Z,0,Saintrelmaux,Elezen,Wildwood Elezen,Male,,Gridania,Gridania,,6-7,,,ge-npc-pages
Saiverin Vaireloque,169503,2010-07-22T15:20:27Z,0,Saiverin Vaireloque,,,,,,,,,Historical Figure,,ge-npc-pages
Salty,362162,2012-06-14T00:01:33Z,0,Salty,Chocobo,,,Caravan Chocobo,Ul'dah,Eastern Thanalan,Drybone,32-25,,,ge-npc-pages
Sami Gamduhla,508942,2010-11-22T22:42:54Z,0,Sami Gamduhla,Miqo'te,Seekers of the Sun,Female,,,Western Thanalan,Ferry Docks Western Thanalan,5-26,,,ge-npc-pages
Sandre,502236,2011-03-04T00:12:51Z,0,Sandre,Hyur,Midlander,Male,,Gridania,Gridania,Greatloam Growery,4-3,,,ge-npc-pages
Sansa,501383,2012-05-09T17:16:39Z,0,Sansa,Hyur,Midlander,Female,Youngling,Gridania,Gridania,Acorn Orchard,5-5,,,ge-npc-pages
Sarra,311302,2012-05-29T03:43:02Z,0,Sarra,Hyur,Midlander,Female,,Ul'dah,Western Thanalan,The Silver Bazaar,13-36,,,ge-npc-pages
Sasapano,512359,2012-06-03T23:57:40Z,0,Sasapano,Lalafell,Plainsfolk,Male,,Ul'dah,Eastern Thanalan,The Golden Bazaar,38-19,,,ge-npc-pages
Sasapiku,474059,2010-11-08T02:15:08Z,0,Sasapiku,Lalafell,Dunesfolk,Male,,,Western Thanalan,Ferry Docks Western Thanalan,5-26,,,ge-npc-pages
Sathzant,409713,2012-05-04T14:42:54Z,0,Sathzant Sixhammers,Roegadyn,Hellsguard,Male,,Limsa Lominsa,Limsa Lominsa,Upper Decks,7-7,,,ge-npc-pages
Satiated Shopkeep,409746,2010-10-02T16:31:35Z,0,Satiated Shopkeep,Miqo'te,Seekers of the Sun,Female,,Limsa Lominsa,Limsa Lominsa,Upper Decks,6-3,,,ge-npc-pages
Saulette (1.x),260627,2012-05-08T19:59:06Z,0,Saulette,Elezen,Wildwood Elezen,Female,,Ul'dah,,,,Cutscene,,ge-npc-pages
Sayer,245185,2012-04-29T01:33:44Z,0,Sayer,Hyur,Highlander,Male,Repair Merchant,Ul'dah,Mender's Row,Market Wards,1-1,,,ge-npc-pages
Seburga,148698,2012-05-15T20:57:10Z,0,Seburga,Hyur,Midlander,Female,Merchant,Gridania,Lower Tailors Den,Market Wards,1-1,,"{{Sells|Hempen Coif|546}} {{Sells|Straw Hat|3,600}} {{Sells|Cotton Scarf|4,455}} {{Sells|Dodoskin Skullcap|7,539}} {{Sells|Hempen Dalmatica|780}} {{Sells|Hempen Tunic|780}} {{Sells|Hempen Kurta|780}} {{Sells|Hempen Doublet Vest|11,016}} {{Sells|Cotton Shepherd's Tunic|13,613}}",ge-npc-pages
Second Flame Commander,346760,2012-06-07T04:39:47Z,0,Second Flame Commander,Lalafell,Dunesfolk,Male,Flame Commander,Ul'dah,Ul'dah,The Fragrant Chamber,1-1,Instance,,ge-npc-pages
Second Serpent Commander,347045,2012-06-07T06:03:46Z,0,Second Serpent Commander,Elezen,Wildwood Elezen,Male,Serpent Commander,Gridania,Gridania,The Lotus Stand,3-2,,,ge-npc-pages
Seda Garanjy,98631,2012-03-13T16:17:21Z,0,Seda Garanjy,Miqo'te,Keepers of the Moon,Female,Event NPC,,Gridania,,6-5,,,ge-npc-pages
Seemingly Calm Adventurer,472463,2010-09-24T15:58:16Z,0,Seemingly Calm Adventurer,Miqo'te,,Female,,Ul'dah,Ul'dah,The Hourglass,4-6,Instance,,ge-npc-pages
Seikfrae,470038,2010-09-06T15:09:10Z,0,Seikfrae,Roegadyn,,Male,,Gridania,Gridania,Carline Canopy,6-6,,,ge-npc-pages
Self-regarding Roegadyn,322614,2012-06-01T04:04:45Z,0,Self-regarding Roegadyn,Roegadyn,Sea Wolves,Male,,Ala Mhigo,Western Thanalan,The Silver Bazaar,13-35,Instance,,ge-npc-pages
Senah Chalahko,438999,2010-10-13T18:41:46Z,0,Senah Chalahko,Miqo'te,Seeker of the Sun,Female,,,Eastern La Noscea,Wineport,31-18,,,ge-npc-pages
Sence,202485,2012-05-10T00:35:13Z,0,Sence,Hyur,Midlander,Female,,Ul'dah,Ul'dah,,1-1,Instance,,ge-npc-pages
Seranelien,240982,2011-10-17T02:58:38Z,0,Seranelien,Hyur,Midlander,Male,,,Ul'dah,Merchant Wards,4-4,Cutscene,,ge-npc-pages
Serpent Captain Tall Oak,345728,2012-06-08T22:18:27Z,0,Serpent Captain Tall Oak,Roegadyn,Sea Wolves,Male,Serpent Captain,Gridania,Mor Dhona,Jagged Crest Cave,9-13,,,ge-npc-pages
Serpent Commander Flutaint,345798,2012-06-08T22:17:55Z,0,Serpent Commander Flutaint,Elezen,Duskwight Elezen,Male,Serpent Commander,Gridania,Mor Dhona,Jagged Crest Cave,9-13,,,ge-npc-pages
Serpent Commander Yarborough,345858,2012-06-08T22:19:09Z,0,Serpent Commander Yarborough,Hyur,Midlander,Female,Serpent Commander,Gridania,Mor Dhona,Jagged Crest Cave,9-13,,,ge-npc-pages
Serpent Lieutenant Fulke,54780,2012-05-15T19:40:33Z,0,Serpent Lieutenant Fulke,Hyur,Midlander,Male,Serpent Lieutenant,Gridania,Gridania,Adders' Nest,1-1,,,ge-npc-pages
Serpent Lieutenant Helbmoensyn,365804,2012-05-15T19:23:23Z,0,Serpent Lieutenant Helbmoensyn,Roegadyn,,Male,Serpent Lieutenant,Gridania,Gridania,Adders' Nest,1-1,,,ge-npc-pages
Serpent Lieutenant Sondraix,289943,2012-05-15T19:39:59Z,0,Serpent Lieutenant Soundraix,Elezen,Wildwood Elezen,Male,Serpent Lieutenant,Gridania,Gridania,Adder's Nest,1-1,,,ge-npc-pages
Serpent Marshal Brookstone,347080,2012-06-07T06:09:05Z,0,Serpent Marshal Brookstone,Hyur,Midlander,Male,Serpent Marshal,Gridania,Gridania,The Lotus Stand,3-2,,,ge-npc-pages
Serpent Patrol,327197,2012-06-03T18:32:01Z,0,Serpent Patrol,Elezen,Wildwood Elezen,Male,,Gridania,North Shroud,Treespeak,,,,ge-npc-pages
Serpent Private Carver,288840,2012-05-15T15:38:49Z,0,Serpent Private Carver,Hyur,Midlander,Male,Serpent Private,Gridania,Gridania,,6-4,,,ge-npc-pages
Serpent Private Ganathain,289870,2012-05-15T19:33:48Z,0,Serpent Private Ganathain,Elezen,Wildwood Elezen,Male,Serpent Private,Gridania,Gridania,Adder's Nest,1-1,,,ge-npc-pages
Serpent Private Hill,259862,2012-05-07T17:38:10Z,0,Serpent Private Hill,Hyur,Midlander,Female,Serpent Private,Gridania,Gridania,,7-6,,,ge-npc-pages
Serpent Private Hodder,26009,2012-07-26T01:41:10Z,0,Serpent Private Hodder,Hyur,Midlander,Male,Serpent Private,Gridania,Gridania,Airship Landing,6-6,,,ge-npc-pages
Serpent Private Holmes,262347,2012-05-09T17:56:50Z,0,Serpent Private Holmes,Hyur,Midlander,Male,Serpent Private,Gridania,Gridania,,8-5,,,ge-npc-pages
Serpent Private Kirk,289035,2012-05-15T16:15:51Z,0,Serpent Private Kirk,Hyur,Midlander,Female,Serpent Private,Gridania,Gridania,,7-2,,,ge-npc-pages
Serpent Private Larke,289827,2012-05-15T19:30:33Z,0,Serpent Private Larke,Hyur,Highlander,Male,Serpent Private,Gridania,Gridania,Adder's Nest,1-1,,,ge-npc-pages
Serpent Private Stone,289138,2012-05-15T16:35:54Z,0,Serpent Private Stone,Hyur,Midlander,Female,Serpent Private,Gridania,Gridania,,5-3,,,ge-npc-pages
Serpent Private White,288801,2012-05-15T15:05:24Z,0,Serpent Private White,Hyur,Midlander,Male,Serpent Private,Gridania,Gridania,Gridania Aetheryte Plaza,4-4,,,ge-npc-pages
Serpent Sergeant Brenaile,325686,2012-06-02T16:50:43Z,0,Serpent Sergeant Brenaile,Elezen,Wildwood Elezen,Female,Serpent Sergeant,Gridania,North Shroud,Treespeak,21-16,,,ge-npc-pages
Serpent Sergeant Cordwyk,102322,2012-05-24T19:46:14Z,0,Serpent Sergeant Cordwyk,Hyur,Midlander,Male,Serpent Sergeant,Gridania,The Mun-Tuy Cellars,,7-6,,,ge-npc-pages
Serpent Sergeant Haurtelle,54653,2012-06-21T04:15:13Z,0,Serpent Sergeant Haurtelle,Elezen,Wildwood Elezen,Female,Serpent Sergeant,Gridania,Gridania,Adders' Nest,1-1,,"{{Sells|Dried Prunes|Quantity=10|20 Serpent Seals}} {{Sells|Ginger Cookie|Quantity=10|30 Serpent Seals}} {{Sells|Kiss of the Morning Meadow|50 Serpent Seals}} {{Sells|Blood Drops|Quantity=20|10 Serpent Seals}} {{Sells|Dawn Drops|Quantity=10|15 Serpent Seals}} {{Sells|Throat Drops|Quantity=5|60 Serpent Seals}} {{Sells|Spine Drops|Quantity=5|100 Serpent Seals}} {{Sells|Hi-potion of Piety|Quantity=5|50 Serpent Seals}} {{Sells|Hi-potion of Vitality|Quantity=5|50 Serpent Seals}} {{Sells|Company-issue Expectorant|15 Serpent Seals}} {{Sells|Company-issue Tonic|200 Serpent Seals}} {{Sells|Company-issue Engineering Manual|200 Serpent Seals}} {{Sells|Company-issue Survival Manual|200 Serpent Seals}} {{Sells|Grade 1 Dark Matter|Quantity=20|5 Serpent Seals}} {{Sells|Grade 2 Dark Matter|Quantity=20|25 Serpent Seals}} {{Sells|Grade 3 Dark Matter|Quantity=20|45 Serpent Seals}} {{Sells|Grade 4 Dark Matter|Quantity=20|100 Serpent Seals}} {{Sells|Grade 5 Dark Matter|Quantity=20|150 Serpent Seals}} {{Sells|Iron Throwing Dagger|Quantity=99|85 Serpent Seals}} {{Sells|Iron Chakram|Quantity=99|120 Serpent Seals}} {{Sells|Iron Francisca|Quantity=99|120 Serpent Seals}} {{Sells|Bronze Azagai|Quantity=99|85 Serpent Seals}} {{Sells|Bronze Arrow|Quantity=999|25 Serpent Seals}} {{Sells|Iron Arrow|Quantity=999|70 Serpent Seals}} {{Sells|Steel Arrow|Quantity=999|115 Serpent Seals}} {{Sells|Levinstone|Quantity=99|75 Serpent Seals}} {{Sells|Firepot|Quantity=99|90 Serpent Seals}} {{Sells|Midge Basket|Quantity=20|20 Serpent Seals}} {{Sells|Rat Tail|Quantity=20|30 Serpent Seals}} {{Sells|Elm Cane|350 Serpent Seals}} {{Sells|Yew Crook|750 Serpent Seals}} {{Sells|Gridanian Crook|1,000 Serpent Seals}} {{Sells|Budding Yew Wand|1,500 Serpent Seals}} {{Sells|Wand of Tides|2,400 Serpent Seals}} {{Sells|Jade Crook|3,000 Serpent Seals}} {{Sells|Gridanian Wand|4,000 Serpent Seals}} {{Sells|Toadskin Cesti|800 Serpent Seals}} {{Sells|Gridanian Cesti|1,000 Serpent Seals}} {{Sells|Tortoiseshell Hora|2,200 Serpent Seals}} {{Sells|Gridanian Baghnakhs|4,000 Serpent Seals}} {{Sells|Gridanian Targe|1,000 Serpent Seals}} {{Sells|Gridanian Shield|4,000 Serpent Seals}} {{Sells|Gridanian Doublet|750 Serpent Seals}} {{Sells|Gridanian Jacket|750 Serpent Seals}} {{Sells|Gridanian Cowl|750 Serpent Seals}} {{Sells|Gridanian Coatee|750 Serpent Seals}} {{Sells|Silver Ring|900 Serpent Seals}} {{Sells|Pearl Ring|1,900 Serpent Seals}} {{Sells|Malachite Choker|950 Serpent Seals}} {{Sells|Mythril Gorget|1,500 Serpent Seals}} {{Sells|Serpent Tracer|Quantity=20|5 Serpent Seals}} {{Sells|Gridanian Soldier's Cap|1,000 Serpent Seals}} {{Sells|Gridanian Soldier's Overcoat|1,000 Serpent Seals}} {{Sells|Gridanian Soldier's Gloves|1,000 Serpent Seals}} {{Sells|Gridanian Soldier's Boots|1,000 Serpent Seals}} {{Sells|Gridanian Trousers|1,200 Serpent Seals}} {{Sells|Gridanian Breeches|1,200 Serpent Seals}} {{Sells|Gridanian Bottom|1,200 Serpent Seals}} {{Sells|Gridanian Slops|1,200 Serpent Seals}} {{Sells|Gridanian Sash|1,200 Serpent Seals}} {{Sells|Patriot's Choker|1,000 Serpent Seals}} {{Sells|Serpent Chocobo Issuance|3,000 Serpent Seals}} {{Sells|Gridanian Macuahuitl|2,500 Serpent Seals}} {{Sells|Gridanian Knuckles|2,500 Serpent Seals}} {{Sells|Gridanian Bill|2,500 Serpent Seals}} {{Sells|Gridanian Fork|2,500 Serpent Seals}} {{Sells|Gridanian Longbow|2,500 Serpent Seals}} {{Sells|Gridanian Cane|2,500 Serpent Seals}} {{Sells|Gridanian Scepter|2,500 Serpent Seals}} {{Sells|Gridanian Square Shield|2,000 Serpent Seals}} {{Sells|Company-issue Engineering Manual II|400 Serpent Seals}} {{Sells|Company-issue Survival Manual II|400 Serpent Seals}} {{Sells|Serpent Private's Coif|3,000 Serpent Seals}} {{Sells|Serpent Private's Tunic|3,000 Serpent Seals}} {{Sells|Serpent Private's Bracers|3,000 Serpent Seals}} {{Sells|Serpent Private's Kecks|3,000 Serpent Seals}} {{Sells|Serpent Private's Moccasins|3,000 Serpent Seals}} {{Sells|Gridanian Aetherpass|3,000 Serpent Seals}} {{Sells|Gridanian Spatha|4,500 Serpent Seals}} {{Sells|Gridanian Hora|4,500 Serpent Seals}} {{Sells|Gridanian Labrys|4,500 Serpent Seals}} {{Sells|Gridanian Harpoon|4,500 Serpent Seals}} {{Sells|Gridanian Shortbow|4,500 Serpent Seals}} {{Sells|Gridanian Radical|4,500 Serpent Seals}} {{Sells|Gridanian Staff|4,500 Serpent Seals}} {{Sells|Gridanian Buckler|4,000 Serpent Seals}} {{Sells|Serpent Sergeant's Coif|5,000 Serpent Seals}} {{Sells|Serpent Sergeant's Tunic|5,000 Serpent Seals}} {{Sells|Serpent Sergeant's Bracers|5,000 Serpent Seals}} {{Sells|Serpent Sergeant's Kecks|5,000 Serpent Seals}} {{Sells|Serpent Sergeant's Sarouel|5,000 Serpent Seals}} {{Sells|Serpent Sergeant's Moccasins|5,000 Serpent Seals}} {{Sells|Serpent Sergeant's Crakows|5,000 Serpent Seals}} {{Sells|Serpent Sergeant's Belt|5,000 Serpent Seals}} {{Sells|Serpentbringer's Ring|1,000 Serpent Seals}} {{Sells|Serpentcarrier's Ring|1,000 Serpent Seals}} {{Sells|Patriot's Bracelet|1,000 Serpent Seals}} {{Sells|Gridanian Half Barding|2,000 Serpent Seals}} {{Sells|Gridanian Barding|3,000 Serpent Seals}} {{Sells|Gridanian Crested Barding|4,000 Serpent Seals}} {{Sells|Serpent Sergeant's Targe|5,500 Serpent Seals}} {{Sells|Serpent Sergeant's Circlet|5,500 Serpent Seals}} {{Sells|Serpent Sergeant's Tabard|5,500 Serpent Seals}} {{Sells|Serpent Sergeant's Hose|5,500 Serpent Seals}} {{Sells|Serpent Sergeant's Mitts|5,500 Serpent Seals}} {{Sells|Serpent Sergeant's Earrings|5,500 Serpent Seals}} {{Sells|Serpent Sergeant's Ring|5,500 Serpent Seals}} {{Sells|Serpent Sergeant's Mask|6,000 Serpent Seals}} {{Sells|Serpent Sergeant's Beret|6,000 Serpent Seals}} {{Sells|Serpent Sergeant's Apron|6,000 Serpent Seals}} {{Sells|Serpent Sergeant's Shortgloves|6,000 Serpent Seals}} {{Sells|Serpent Sergeant's Jackboots|6,000 Serpent Seals}} {{Sells|Serpent Sergeant's Choker|6,000 Serpent Seals}} {{Sells|Serpent Sergeant's Bracelets|6,000 Serpent Seals}} {{Sells|Serpent Sergeant's Hoplon|6,000 Serpent Seals}} {{Sells|Serpent Sergeant's Patas|6,500 Serpent Seals}} {{Sells|Serpent Sergeant's Axe|6,500 Serpent Seals}} {{Sells|Serpent Sergeant's Spear|6,500 Serpent Seals}} {{Sells|Serpent Sergeant's Bow|6,500 Serpent Seals}} {{Sells|Serpent Sergeant's Radical|6,500 Serpent Seals}} {{Sells|Serpent Sergeant's Cudgel|6,500 Serpent Seals}} {{Sells|On the Properties of Beastmen|25,000 Serpent Seals}} {{Sells|Serpent Lieutenant's Claws|25,000 Serpent Seals}} {{Sells|Serpent Lieutenant's Longsword|25,000 Serpent Seals}} {{Sells|Serpent Lieutenant's Bardiche|25,000 Serpent Seals}} {{Sells|Serpent Lieutenant's Bow|25,000 Serpent Seals}} {{Sells|Serpent Lieutenant's Spear|25,000 Serpent Seals}} {{Sells|Serpent Lieutenant's Scepter|25,000 Serpent Seals}} {{Sells|Serpent Lieutenant's Wand|25,000 Serpent Seals}} {{Sells|Gridanian Officer's Cap|6,000 Serpent Seals}} {{Sells|Gridanian Officer's Overcoat|6,000 Serpent Seals}} {{Sells|Gridanian Officer's Gloves|6,000 Serpent Seals}} {{Sells|Gridanian Officer's Boots|6,000 Serpent Seals}}",ge-npc-pages
Serpent Sergeant Liflin Gulin,251761,2012-04-30T23:50:26Z,0,Serpent Sergeant Liflin Gulin,Lalafell,,Male,Serpent Sergeant,Gridania,Coerthas Central Highlands,Camp Dragonhead,39-19,,,ge-npc-pages
Serpent Sergeant Lodall,102531,2012-06-02T16:48:55Z,0,Serpent Sergeant Lodall,Hyur,Highlander,Male,Serpent Sergeant,Gridania,North Shroud,Treespeak,22-16,,,ge-npc-pages
Serpent Sergeant Marquaile,297620,2012-05-20T16:22:53Z,0,Serpent Sergeant Marquaile,Elezen,Wildwood Elezen,Female,Serpent Sergeant,Gridania,South Shroud,Tranquil Paths,38-49,,,ge-npc-pages
Sesebaru,477965,2012-04-28T21:57:20Z,0,Sesebaru,Lalafell,Plainsfolk,Male,Linkshell Merchant,Ul'dah,Ul'dah,The Quicksand,6-4,,{{Sells|Linkshell|}},ge-npc-pages
Seserikku,263321,2012-06-16T20:52:25Z,0,Seserikku,Lalafell,Dunesfolk,Male,Merchant,Ul'dah,Eastern Thanalan,The Golden Bazaar,38-19,,"{{Sells|Earth Cluster|21000}} {{Sells|Earth Cluster|26250}} {{Sells|Ice Cluster|21000}} {{Sells|Ice Cluster|26250}} {{Sells|Wind Cluster|21000}} {{Sells|Wind Cluster|26250}} {{Sells|Water Cluster|21000}} {{Sells|Water Cluster|26250}} {{Sells|Fire Cluster|21000}} {{Sells|Fire Cluster|26250}} {{Sells|Lightning Cluster|21000}} {{Sells|Lightning Cluster|26250}} {{Sells|Aqueous Whetstone|50,000}} {{Sells|Aqueous Whetstone|100,000}} {{Sells|Potash|50,000}} {{Sells|Potash|100,000}}",ge-npc-pages
Seserukka,275893,2012-05-10T16:00:33Z,0,Seserukka,Lalafell,Dunesfolk,Male,Miner,Ul'dah,"Ul'dah, Central Thanalan","Amajina & Sons Mineral Concern, Platinum Mirage",,Instance,,ge-npc-pages
Shadowy Traveler,409758,2010-08-14T04:20:52Z,0,Shadowy Traveler,Hyur,Midlanders,Male,,,Limsa Lominsa Opening,,,Instance,,ge-npc-pages
Shalala,208945,2011-03-30T00:42:33Z,0,Shalala,Lalafell,,Female,,,,,,,,ge-npc-pages
Shamani Lohmani,511268,2012-04-27T22:05:47Z,0,Shamani Lohmani,Lalafell,,Male,,Ul'dah,Ul'dah,Platinum Mirage,5-4,,,ge-npc-pages
Shanga Meshanga,406212,2012-06-01T23:49:28Z,0,Shanga Meshanga,Lalafell,,Male,,,Gridania,Peasants Ward,,Instance,,ge-npc-pages
Shaylee,149275,2012-05-06T18:20:50Z,0,Shaylee,Hyur,Midlander,Female,Merchant,Limsa Lominsa,Lower Tailors Ward,Market Wards,1-1,,"{{Sells|Hempen Breeches|234}} {{Sells|Hempen Shepherd's Slops|288}} {{Sells|Hempen Kecks|2,611}} {{Sells|Dodoskin Subligar|4,847}} {{Sells|Cotton Shepherd's Slops|5,026}} {{Sells|Sheepskin Duckbills|312}} {{Sells|Sheepskin Shoes|192}} {{Sells|Sheepskin Leggings|3,444}} {{Sells|Dodoskin Shoes|2,140}} {{Sells|Dodoskin Caligae|6,462}} {{Sells|Dodoskin Espadrilles|5,864}} {{Sells|Leather Leggings|8,226}}",ge-npc-pages
Shilgen,422399,2012-04-29T15:18:20Z,0,Shilgen,Hyur,Highlander,Male,Guild Merchant,Ul'dah,Ul'dah,Amajina & Sons Mineral Concern,6-6,,,ge-npc-pages
Sholno Ralno,297937,2012-05-20T16:45:23Z,0,Sholno Ralno,Lalafell,Plainsfolk,Male,Wood Wailer,Gridania,South Shroud,Silent Arbor,39-44,,,ge-npc-pages
Shoshoma,446874,2012-05-06T17:32:46Z,0,Shoshoma,Lalafell,Plainsfolk,Female,,Limsa Lominsa,Limsa Lominsa,Lower Decks,6-5,,,ge-npc-pages
Sibold,155356,2012-03-27T17:16:52Z,0,Sibold,Hyur,Highlander,Male,,Ul'dah,Ul'dah,Merchant Strip,6-4,,,ge-npc-pages
Sidonia,510834,2012-04-30T23:29:24Z,0,Sidonia,Elezen,,Female,Guard,,Coerthas Central Highlands,Camp Dragonhead,18-39,,,ge-npc-pages
Sinette,491942,2012-04-27T20:57:01Z,0,Sinette,Elezen,,Female,,Ul'dah,Ul'dah,Arrzaneth Ossuary,4-5,,,ge-npc-pages
Singleton,489771,2012-02-06T11:34:21Z,0,Singleton,Hyur,Midlander,Male,,Ul'dah,Ul'dah,The Coliseum,5-5,,,ge-npc-pages
Sisimuza Tetemuza,35949,2012-03-05T06:38:02Z,0,Sisimuza Tetemuza,Lalafell,Plainsfolk,Male,Event NPC,Ul'dah,Ul'dah,,5-3,,,ge-npc-pages
Sisipu,419073,2010-08-28T19:09:31Z,0,Sisipu,Lalafell,Dunesfolk,Female,Puller,,Limsa Lominsa,Fisherman's Bottom,6-6,,,ge-npc-pages
Sizha Epocan,21977,2012-07-27T19:54:05Z,0,Sizha Epocan,Miqo'te,Keepers of the Moon,Female,Sculptor,Limsa Lominsa,Eastern La Noscea,Wineport,31-18,,,ge-npc-pages
Skaetlorh,60821,2010-09-17T23:28:27Z,0,Skaetlorh,Roegadyn,,Male,,Ishgard,Coerthas Eastern Highlands,Camp Crooked Fork,48-9,,,ge-npc-pages
Skarnabyl,290028,2012-05-15T20:11:37Z,0,Skarnabyl,Roegadyn,,Male,Repair Merchant,Gridania,Menders Den,Market Wards,1-1,,,ge-npc-pages
Skarnwaen,409798,2012-05-06T17:17:25Z,0,Skarnwaen,Roegadyn,Sea Wolves,Male,,Limsa Lominsa,Limsa Lominsa,Lower Decks,6-6,,,ge-npc-pages
Skittish Adventurer,409823,2010-09-04T17:29:03Z,0,Skittish Adventurer,Hyur,Midlander,Female,,Limsa Lominsa,Limsa Lominsa,The Drowning Wench,5-7,Instance,,ge-npc-pages
Skoefmynd,446901,2010-10-02T20:24:31Z,0,Skoefmynd,Roegadyn,Sea Wolves,Male,,Limsa Lominsa,Limsa Lominsa,Lower Decks,6-7,,,ge-npc-pages
Skribskoef,483783,2012-06-08T21:15:54Z,0,Skribskoef,Roegadyn,Sea Wolves,Male,Yellowjacket,Limsa Lominsa,Western La Noscea,Aleport,11-23,,,ge-npc-pages
Skull Valley Battlewarden,458851,2012-06-01T17:42:34Z,0,Skull Valley Battlewarden,Miqo'te,,Female,Battlewarden,Limsa Lominsa,Western La Noscea,Camp Skull Valley,15-18,,,ge-npc-pages
Skyward Spriggan (Gridania),158874,2012-03-29T06:29:54Z,0,Skyward Spriggan,Spriggan,,,Event NPC,,Gridania,,7-6,,,ge-npc-pages
Skyward Spriggan (Limsa Lominsa),158965,2012-03-29T06:32:01Z,0,Skyward Spriggan,Spriggan,,,Event NPC,,Limsa Lominsa,,7-6,,,ge-npc-pages
Skyward Spriggan (Ul'dah),158923,2012-03-29T06:31:16Z,0,Skyward Spriggan,Spriggan,,,Event NPC,,Ul'dah,,(6-4),,,ge-npc-pages
Slafborn,491699,2012-06-08T21:56:36Z,0,Slafborn,Roegadyn,Hellsguard,Male,Gatewarden,Ishgard,Mor Dhona,Camp Brittlebark,20-17,,,ge-npc-pages
Slow-witted Miner,506854,2010-09-24T16:01:00Z,0,Slow-witted Miner,Lalafell,,Male,,,Ul'dah,,x-x,Instance,,ge-npc-pages
Slugger,362199,2012-06-14T00:13:26Z,0,Slugger,Chocobo,,,Caravan Chocobo,Ul'dah,Eastern Thanalan,Drybone,32-25,,,ge-npc-pages
Smirking Barracuda Knight,409839,2010-08-14T05:44:32Z,0,Smirking Barracuda Knight,Hyur,Midlander,Female,,Limsa Lominsa,Limsa Lominsa,Coral Tower,2-6,Instance,,ge-npc-pages
Smirking Sellsword,321967,2012-06-01T03:22:15Z,0,Smirking Sellsword,Roegadyn,Sea Wolves,Male,Mercenary,Ul'dah,Ul'dah,The Coliseum,5-5,Instance,,ge-npc-pages
Smydhaemr,331272,2012-05-04T15:04:04Z,0,Smydhaemr,Roegadyn,Sea Wolves,Male,Merchant,Limsa Lominsa,Limsa Lominsa,Naldiq & Vymelli's,7-7,,"{{Sells|Steel Baselard|72,540}} {{Sells|Spiked Steel Labrys|133,056}} {{Sells|Copper Ore|72}} {{Sells|Tin Ore|252}} {{Sells|Iron Ore|1,242}} {{Sells|Bronze Ingot|1,500}} {{Sells|Iron Ingot|5,000}} {{Sells|Steel Ingot|10,500}} {{Sells|Bronze Rivets|600}} {{Sells|Iron Rivets|2,000}} {{Sells|Steel Rivets|4,200}} {{Sells|Ragstone Whetstone|612}} {{Sells|Mudstone Whetstone|1,368}}",ge-npc-pages
Snobby Young Man,410159,2010-08-14T04:26:50Z,0,Snobby Young Man,Hyur,Midlander,Male,,Limsa Lominsa,Limsa Lominsa,The Bismarck,3-7,,,ge-npc-pages
Soileine,502387,2012-05-15T18:30:08Z,0,Soileine,Elezen,Wildwood Elezen,Female,,Gridania,Gridania,Stillglade Fane,2-1,,,ge-npc-pages
Solelle,423132,2010-08-25T02:51:17Z,0,Solelle,Elezen,,Female,,,Western La Noscea,Camp Skull Valley,15-18,,,ge-npc-pages
Solklinsyn,36514,2012-03-05T06:53:17Z,0,Solklinsyn,Roegadyn,Sea Wolves,Male,Event NPC,Limsa Lominsa,Limsa Lominsa,,7-6,,,ge-npc-pages
Solkzagyl,322768,2012-06-01T04:38:26Z,0,Solkzagyl,Roegadyn,Sea Wolves,Male,,Ul'dah,Western Thanalan,Horizon's Edge,8-30,Cutscene,,ge-npc-pages
Somber Meadow,35890,2012-03-05T06:36:36Z,0,Somber Meadow,Roegadyn,Sea Wolf,Male,Event NPC,Ul'dah,Ul'dah,,5-3,,,ge-npc-pages
Sosoze,423150,2010-09-05T02:53:41Z,0,Sosoze,Lalafell,Plainsfolk,Female,,Limsa Lominsa,Limsa Lominsa,Upper Decks,7-7,,,ge-npc-pages
Soulward Spriggan (Gridania),159062,2012-03-29T06:36:25Z,0,Soulward Spriggan,Spriggan,,,Event NPC,,Gridania,,5-5,,,ge-npc-pages
Spaerfedar,475674,2012-04-21T20:08:17Z,0,Spaerfedar,Roegadyn,Sea Wolves,Male,Merchant,Gridania,Gridania,Atelier Fen-Yll,7-3,,"{{Sells|Sheepskin Targe|23,664}} {{Sells|Leather Jacket|105,000}} {{Sells|Sheep Leather|1,200}} {{Sells|Dodo Leather|2,400}} {{Sells|Aldgoat Leather|4,000}} {{Sells|Toad Leather|6,000}} {{Sells|Mole Sinew|240}} {{Sells|Antelope Sinew|720}} {{Sells|Diremite Sinew|1,987}} {{Sells|Alumen|640}}",ge-npc-pages
Spiraling Path,474164,2010-11-08T02:19:43Z,0,Spiraling Path,Roegadyn,Hellsguard,Male,,,Western Thanalan,Ferry Docks Western Thanalan,5-26,,,ge-npc-pages
Sprightly Miner,437981,2012-05-09T04:58:09Z,0,Sprightly Miner,Elezen,Duskwight Elezen,Female,Miner,Ul'dah,Ul'dah,Amajina & Sons Mineral Concern,6-6,Instance,,ge-npc-pages
Spry Salesman,472662,2010-09-24T15:59:52Z,0,Spry Salesman,Hyur,Midlanders,Male,,Ul'dah,Ul'dah,The Hourglass,4-6,Instance,,ge-npc-pages
Sreda,179880,2012-04-29T03:53:28Z,0,Sreda,Hyur,Midlander,Female,Merchant,Ul'dah,Ul'dah,Merchant Strip,6-6,,"{{Sells|Weathered Chaser Hammer|636}} {{Sells|Bronze Ornamental Hammer|26,600}} {{Sells|Iron Ornamental Hammer|69,600}} {{Sells|Mythril Ornamental Hammer|163,400}} {{Sells|Ragstone Grinding Wheel|17,248}} {{Sells|Siltstone Grinding Wheel|122,892}} {{Sells|Hempen Coif|546}} {{Sells|Brass Circlet (Fluorite)|51,336}} {{Sells|Silver Circlet (Goshenite)|114,576}} {{Sells|Mythril Spectacles|137,200}} {{Sells|Hempen Dalmatica|780}} {{Sells|Cotton Shepherd's Tunic|48,620}} {{Sells|Cotton Dalmatica|70,980}} {{Sells|Linen Shirt|218,400}} {{Sells|Hempen Breeches|234}} {{Sells|Cotton Shepherd's Slops|17,952}} {{Sells|Cotton Breeches|21,294}} {{Sells|Linen Sarouel|65,520}} {{Sells|Hempen Halfgloves|315}} {{Sells|Cotton Halfgloves|15,750}} {{Sells|Fingerless Leather Gloves|40,950}} {{Sells|Fingerless Boarskin Gloves|76,440}} {{Sells|Sheepskin Shoes|192}} {{Sells|Dodoskin Shoes|5,632}} {{Sells|Padded Sheepskin Duckbills|28,392}} {{Sells|Boarskin Crakows|87,360}}",ge-npc-pages
Stangyth,242890,2012-04-28T01:53:07Z,0,Stangyth,Hyur,Midlander,Female,,Ul'dah,Ul'dah,Airship Landing,1-1,,,ge-npc-pages
Stanilde,475790,2012-07-13T04:21:54Z,0,Stanilde,Hyur,Midlander,Female,Merchant,Gridania,Gridania,Rosewood Stalls,8-4,,{{Sells|Weathered Skillet|624}} {{Sells|Bronze Culinary Knife|13728}} {{Sells|Chicken Egg|32}} {{Sells|Mineral Water|60}} {{Sells|Sour Red|678}} {{Sells|Table Salt|11}} {{Sells|Aldgoat Milk|108}} {{Sells|Buffalo Milk|252}} {{Sells|Kukuru Bean|202}},ge-npc-pages
Steamer,362314,2012-06-14T00:14:00Z,0,Steamer,Chocobo,,,Caravan Chocobo,Ul'dah,Eastern Thanalan,Drybone,32-25,,,ge-npc-pages
Stemn,102454,2011-10-06T16:23:19Z,0,Stemn,,,,,,,,,,,ge-npc-pages
Stephannot (1.0),423182,2012-05-04T18:59:25Z,0,Stephannot,Elezen,Wildwood Elezen,Male,,Limsa Lominsa,Limsa Lominsa,"The Drowning Wench, Mizzenmast Inn, Upper Decks",7-5,,,ge-npc-pages
Stern-faced Sea Wolf,321706,2012-06-01T03:18:07Z,0,Stern-faced Sea Wolf,Roegadyn,Sea Wolf,Male,,Ul'dah,Ul'dah,The Coliseum,5-5,,,ge-npc-pages
Sthalmann,423211,2010-08-23T19:24:06Z,0,Sthalmann,Roegadyn,Sea Wolves,Male,,Limsa Lominsa,Limsa Lominsa,Coral Tower,2-6,Cutscene,,ge-npc-pages
Stitch,326434,2012-06-03T17:03:00Z,0,Stitch,Chocobo,,Male,Caravan Chocobo,Gridania,North Shroud,Treespeak,21-16,,,ge-npc-pages
Storm Captain (1.x),346040,2012-06-07T04:17:24Z,0,Storm Captain,Hyur,Midlander,Male,Storm Captain,Limsa Lominsa,Limsa Lominsa,Stateroom,0-0,Instance,,ge-npc-pages
Storm Captain Loetahlsyn,31128,2012-07-30T01:24:28Z,0,Storm Captain Loetahlsyn,Roegadyn,Sea Wolves,Male,Storm Captain,Limsa Lominsa,Limsa Lominsa,Lower Decks,5-7,,,ge-npc-pages
Storm Captain Roemannsyn,354453,2012-06-08T22:12:40Z,0,Storm Captain Roemannsyn,Roegadyn,Sea Wolves,Male,Storm Captain,Limsa Lominsa,Mor Dhona,Jagged Crest Cave,9-13,,,ge-npc-pages
Storm Commander Bharbennsyn,259265,2012-05-06T18:50:19Z,0,Storm Lieutenant Bharbennsyn,Roegadyn,Sea Wolves,Male,Storm Lieutenant,Limsa Lominsa,Limsa Lominsa,Maelstrom Command,1-1,,,ge-npc-pages
Storm Commander Rhiki,354508,2012-06-08T22:14:31Z,0,Storm Commander Rhiki,Miqo'te,Keepers of the Moon,Female,Storm Commander,Limsa Lominsa,Mor Dhona,Jagged Crest Cave,9-13,,,ge-npc-pages
Storm Lieutenant Guincum,89254,2012-05-06T18:43:33Z,0,Guincum,Hyur,Midlander,Male,Storm Lieutenant,Limsa Lominsa,Limsa Lominsa,Maelstrom Command,,,,ge-npc-pages
Storm Lieutenant Hidden Sunset,354400,2012-06-08T22:10:22Z,0,Storm Lieutenant Hidden Sunset,Roegadyn,Sea Wolves,Male,Storm Private,Limsa Lominsa,Mor Dhona,Jagged Crest Cave,9-13,,,ge-npc-pages
Storm Lieutenant Taqa,259202,2012-05-06T18:44:23Z,0,Storm Lieutenant Taqa,Miqo'te,Keepers of the Moon,Female,Storm Lieutenant,Limsa Lominsa,Limsa Lominsa,Maelstrom Command,1-1,,,ge-npc-pages
Storm Marshal Slafyrsyn,353780,2012-06-08T20:39:02Z,0,Storm Marshal Slafyrsyn,Roegadyn,Sea Wolves,Male,Storm Marshal,Limsa Lominsa,Gridania,The Lotus Stand,3-2,Instance,,ge-npc-pages
Storm Private Abel,258710,2012-05-06T16:37:31Z,0,Storm Private Abel,Hyur,Midlander,Male,Storm Private,Limsa Lominsa,Limsa Lominsa,Lower Decks,5-6,,,ge-npc-pages
Storm Private Gardner,256345,2012-05-10T00:44:43Z,0,Storm Private Gardner,Hyur,Midlander,Male,Storm Private,Limsa Lominsa,Limsa Lominsa,Upper Decks,7-6,,,ge-npc-pages
Storm Private Holt,258830,2012-05-06T18:02:27Z,0,Storm Private Holt,Hyur,Midlander,Male,Storm Private,Limsa Lominsa,Limsa Lominsa,Lower Decks,9-5,,,ge-npc-pages
Storm Private Hunt,258209,2012-05-05T18:06:08Z,0,Storm Private Hunt,Hyur,Midlander,Female,Storm Private,Limsa Lominsa,Limsa Lominsa,Lower Decks,4-5,,,ge-npc-pages
Storm Private Klinmoersyn,259293,2012-05-06T18:52:38Z,0,Storm Private Klinmoersyn,Roegadyn,Sea Wolves,Male,Storm Private,Limsa Lominsa,Limsa Lominsa,Maelstrom Command,1-1,,,ge-npc-pages
Storm Private Potter,257877,2012-05-04T20:04:45Z,0,Storm Private Potter,Hyur,Midlander,Male,Storm Private,Limsa Lominsa,Limsa Lominsa,Upper Decks,7-3,,,ge-npc-pages
Storm Private Rhof,259243,2012-05-06T18:47:34Z,0,Storm Private Rhof,Miqo'te,Seekers of the Sun,Female,Storm Private,Limsa Lominsa,Limsa Lominsa,Maelstrom Command,1-1,,,ge-npc-pages
Storm Private Rich,256485,2012-05-04T18:54:11Z,0,Storm Private Rich,Hyur,Midlander,Female,Storm Private,Limsa Lominsa,Limsa Lominsa,Upper Decks,7-5,,,ge-npc-pages
Storm Private Stone,258807,2012-05-06T17:38:03Z,0,Storm Private Stone,Hyur,Midlander,Female,Storm Private,Limsa Lominsa,Limsa Lominsa,Lower Decks,6-4,,,ge-npc-pages
Storm Sergeant Grizzly Gnat,90626,2012-06-21T04:15:50Z,0,Storm Sergeant Grizzly Gnat,Roegadyn,Hellsguard,Male,Storm Sergeant,Limsa Lominsa,Limsa Lominsa,Maelstrom Command,1-1,,"{{Sells|Dried Prunes|Quantity=10|20 Storm Seals}} {{Sells|Ginger Cookie|Quantity=10|30 Storm Seals}} {{Sells|Kiss of the Morning Meadow|50 Storm Seals}} {{Sells|Blood Drops|Quantity=20|10 Storm Seals}} {{Sells|Dawn Drops|Quantity=10|15 Storm Seals}} {{Sells|Throat Drops|Quantity=5|60 Storm Seals}} {{Sells|Spine Drops|Quantity=5|100 Storm Seals}} {{Sells|Hi-potion of Piety|Quantity=5|50 Storm Seals}} {{Sells|Hi-potion of Vitality|Quantity=5|50 Storm Seals}} {{Sells|Company-issue Expectorant|15 Storm Seals}} {{Sells|Company-issue Tonic|200 Storm Seals}} {{Sells|Company-issue Engineering Manual|200 Storm Seals}} {{Sells|Company-issue Survival Manual|200 Storm Seals}} {{Sells|Grade 1 Dark Matter|Quantity=20|5 Storm Seals}} {{Sells|Grade 2 Dark Matter|Quantity=20|25 Storm Seals}} {{Sells|Grade 3 Dark Matter|Quantity=20|45 Storm Seals}} {{Sells|Grade 4 Dark Matter|Quantity=20|100 Storm Seals}} {{Sells|Grade 5 Dark Matter|Quantity=20|150 Storm Seals}} {{Sells|Iron Throwing Dagger|Quantity=99|85 Storm Seals}} {{Sells|Iron Chakram|Quantity=99|120 Storm Seals}} {{Sells|Iron Francisca|Quantity=99|120 Storm Seals}} {{Sells|Bronze Azagai|Quantity=99|85 Storm Seals}} {{Sells|Bronze Arrow|Quantity=999|25 Storm Seals}} {{Sells|Iron Arrow|Quantity=999|70 Storm Seals}} {{Sells|Steel Arrow|Quantity=999|115 Storm Seals}} {{Sells|Levinstone|Quantity=99|75 Storm Seals}} {{Sells|Firepot|Quantity=99|90 Storm Seals}} {{Sells|Midge Basket|Quantity=20|20 Storm Seals}} {{Sells|Rat Tail|Quantity=20|30 Storm Seals}} {{Sells|Inferno Axe|500 Storm Seals}} {{Sells|Lominsan Labrys|1,000 Storm Seals}} {{Sells|Steel Bhuj|1,400 Storm Seals}} {{Sells|Buccaneer's Bardiche|3,000 Storm Seals}} {{Sells|Lominsan Bhuj|4,000 Storm Seals}} {{Sells|Steel Halberd|950 Storm Seals}} {{Sells|Lominsan Spear|1,000 Storm Seals}} {{Sells|Mythril Lance|2,000 Storm Seals}} {{Sells|Lominsan Halberd|4,000 Storm Seals}} {{Sells|Silver Scepter|900 Storm Seals}} {{Sells|Lominsan Brand|1,000 Storm Seals}} {{Sells|Fire Brand|1,600 Storm Seals}} {{Sells|Lominsan Cudgel|4,000 Storm Seals}} {{Sells|Lominsan Chainmail|750 Storm Seals}} {{Sells|Lominsan Dalmatica|750 Storm Seals}} {{Sells|Lominsan Doublet Vest|750 Storm Seals}} {{Sells|Lominsan Apron|750 Storm Seals}} {{Sells|Silver Ring|900 Storm Seals}} {{Sells|Pearl Ring|1,900 Storm Seals}} {{Sells|Sunstone Choker|950 Storm Seals}} {{Sells|Mythril Gorget|1,500 Storm Seals}} {{Sells|Storm Tracer|Quantity=20|5 Storm Seals}} {{Sells|Lominsan Soldier's Cap|1,000 Storm Seals}} {{Sells|Lominsan Soldier's Overcoat|1,000 Storm Seals}} {{Sells|Lominsan Soldier's Gloves|1,000 Storm Seals}} {{Sells|Lominsan Soldier's Boots|1,000 Storm Seals}} {{Sells|Lominsan Kecks|1,200 Storm Seals}} {{Sells|Lominsan Breeches|1,200 Storm Seals}} {{Sells|Lominsan Chausses|1,200 Storm Seals}} {{Sells|Lominsan Slops|1,200 Storm Seals}} {{Sells|Lominsan Sash|1,200 Storm Seals}} {{Sells|Patriot's Choker|1,000 Storm Seals}} {{Sells|Storm Chocobo Issuance|3,000 Storm Seals}} {{Sells|Lominsan Shortsword|2,500 Storm Seals}} {{Sells|Lominsan Baghnakhs|2,500 Storm Seals}} {{Sells|Lominsan War Axe|2,500 Storm Seals}} {{Sells|Lominsan Guisarme|2,500 Storm Seals}} {{Sells|Lominsan Composite Bow|2,500 Storm Seals}} {{Sells|Lominsan Radical|2,500 Storm Seals}} {{Sells|Lominsan Staff|2,500 Storm Seals}} {{Sells|Lominsan Kite Shield|2,000 Storm Seals}} {{Sells|Company-issue Engineering Manual II|400 Storm Seals}} {{Sells|Company-issue Survival Manual II|400 Storm Seals}} {{Sells|Storm Private's Sallet|3,000 Storm Seals}} {{Sells|Storm Private's Bliaud|3,000 Storm Seals}} {{Sells|Storm Private's Wristguards|3,000 Storm Seals}} {{Sells|Storm Private's Trousers|3,000 Storm Seals}} {{Sells|Storm Private's Leggings|3,000 Storm Seals}} {{Sells|Lominsan Aetherpass|3,000 Storm Seals}} {{Sells|Lominsan Baselard|4,500 Storm Seals}} {{Sells|Lominsan Knuckles|4,500 Storm Seals}} {{Sells|Lominsan Bill|4,500 Storm Seals}} {{Sells|Lominsan Lance|4,500 Storm Seals}} {{Sells|Lominsan Bow|4,500 Storm Seals}} {{Sells|Lominsan Cane|4,500 Storm Seals}} {{Sells|Lominsan Scepter|4,500 Storm Seals}} {{Sells|Lominsan Lantern Shield|4,000 Storm Seals}} {{Sells|Storm Sergeant's Sallet|5,000 Storm Seals}} {{Sells|Storm Sergeant's Bliaud|5,000 Storm Seals}} {{Sells|Storm Sergeant's Wristguards|5,000 Storm Seals}} {{Sells|Storm Sergeant's Trousers|5,000 Storm Seals}} {{Sells|Storm Sergeant's Sarouel|5,000 Storm Seals}} {{Sells|Storm Sergeant's Leggings|5,000 Storm Seals}} {{Sells|Storm Sergeant's Crakows|5,000 Storm Seals}} {{Sells|Storm Sergeant's Belt|5,000 Storm Seals}} {{Sells|Stormbringer's Ring|1,000 Storm Seals}} {{Sells|Stormcarrier's Ring|1,000 Storm Seals}} {{Sells|Patriot's Bracelet|1,000 Storm Seals}} {{Sells|Lominsan Half Barding|2,000 Storm Seals}} {{Sells|Lominsan Barding|3,000 Storm Seals}} {{Sells|Lominsan Crested Barding|4,000 Storm Seals}} {{Sells|Storm Sergeant's Targe|5,500 Storm Seals}} {{Sells|Storm Sergeant's Circlet|5,500 Storm Seals}} {{Sells|Storm Sergeant's Tabard|5,500 Storm Seals}} {{Sells|Storm Sergeant's Hose|5,500 Storm Seals}} {{Sells|Storm Sergeant's Mitts|5,500 Storm Seals}} {{Sells|Storm Sergeant's Earrings|5,500 Storm Seals}} {{Sells|Storm Sergeant's Ring|5,500 Storm Seals}} {{Sells|Storm Sergeant's Mask|6,000 Storm Seals}} {{Sells|Storm Sergeant's Beret|6,000 Storm Seals}} {{Sells|Storm Sergeant's Apron|6,000 Storm Seals}} {{Sells|Storm Sergeant's Shortgloves|6,000 Storm Seals}} {{Sells|Storm Sergeant's Jackboots|6,000 Storm Seals}} {{Sells|Storm Sergeant's Choker|6,000 Storm Seals}} {{Sells|Storm Sergeant's Bracelets|6,000 Storm Seals}} {{Sells|Storm Sergeant's Hoplon|6,500 Storm Seals}} {{Sells|Storm Sergeant's Hooks|6,500 Storm Seals}} {{Sells|Storm Sergeant's Axe|6,500 Storm Seals}} {{Sells|Storm Sergeant's Spear|6,500 Storm Seals}} {{Sells|Storm Sergeant's Bow|6,500 Storm Seals}} {{Sells|Storm Sergeant's Radical|6,500 Storm Seals}} {{Sells|Storm Sergeant's Cudgel|6,500 Storm Seals}} {{Sells|On the Properties of Beastmen|25,000 Storm Seals}} {{Sells|Storm Lieutenant's Hooks|25,000 Storm Seals}} {{Sells|Storm Lieutenant's Cutlass|25,000 Storm Seals}} {{Sells|Storm Lieutenant's Labrys|25,000 Storm Seals}} {{Sells|Storm Lieutenant's Bow|25,000 Storm Seals}} {{Sells|Storm Lieutenant's Trident|25,000 Storm Seals}} {{Sells|Storm Lieutenant's Scepter|25,000 Storm Seals}} {{Sells|Storm Lieutenant's Wand|25,000 Storm Seals}} {{Sells|Lominsan Officer's Cap|6,000 Storm Seals}} {{Sells|Lominsan Officer's Overcoat|6,000 Storm Seals}} {{Sells|Lominsan Officer's Gloves|6,000 Storm Seals}} {{Sells|Lominsan Officer's Boots|6,000 Storm Seals}}",ge-npc-pages
Storm Sergeant Hammil,102233,2012-05-31T22:14:32Z,0,Storm Sergeant Hammil,Hyur,Highlander,Male,Storm Sergeant,Limsa Lominsa,Cassiopeia Hollow,Cerulean Garden,7-5,,,ge-npc-pages
Strapping Resistance Member,302116,2012-05-21T18:55:59Z,0,Strapping Resistance Member,Roegadyn,,Male,,Ala Mhigo,,,,Instance,,ge-npc-pages
Styrmoeya,480462,2010-11-08T01:39:34Z,0,Styrmoeya,Roegadyn,Sea Wolves,Male,,Ul'dah,Ul'dah,The Quicksand,6-4,,,ge-npc-pages
Sultry Strumpet,309240,2012-05-26T15:17:42Z,0,Sultry Strumpet,Elezen,Wildwood Elezen,Female,,Ul'dah,Ul'dah,Eshtaime's Lapidaries,6-6,Instance,,ge-npc-pages
Sundhimal,423243,2012-05-04T03:00:32Z,0,Sundhimal,Roegadyn,Sea Wolves,Male,,Limsa Lominsa,Limsa Lominsa,Aetheryte Plaza,8-6,,,ge-npc-pages
Sungi Kelungi,484671,2012-04-29T04:11:52Z,0,Sungi Kelungi,Lalafell,,Male,,Ul'dah,Ul'dah,Eshtaime's Lapidaries,6-6,,,ge-npc-pages
Sungyve,329867,2012-04-22T00:45:44Z,0,Sungyve,Hyur,Midlander,Female,Merchant,,Lower La Noscea,Camp Bearded Rock,25-29,,"{{Sells|Warped Arrow|2}} {{Sells|Lugworm|2}} {{Sells|Moth Pupa|2}} {{Sells|Mineral Water|60}} {{Sells|Orange Juice|168}} {{Sells|Salt Cod|84}} {{Sells|Eye Drops|1,463}} {{Sells|Boiled Egg|112}} {{Sells|Potion|650}} {{Sells|Throat Drops|7,400}} {{Sells|Dawn Drops|2,850}} {{Sells|Blood Drops|413}} {{Sells|Grade 1 Dark Matter|50}} {{Sells|Grade 2 Dark Matter|300}} {{Sells|Grade 3 Dark Matter|700}} {{Sells|Grade 4 Dark Matter|1,500}} {{Sells|Grade 5 Dark Matter|3500}}",ge-npc-pages
Sure-voiced Barracuda Knight,423284,2012-05-05T18:21:50Z,0,Sure-voiced Barracuda Knight,Elezen,Wildwood Elezen,Female,,Limsa Lominsa,Limsa Lominsa,Lower Decks,4-6,,,ge-npc-pages
Suspicious-looking Traveler,423294,2012-05-04T20:38:39Z,0,Suspicious-looking Traveler,Hyur,Midlanders,Male,,Limsa Lominsa,Limsa Lominsa,Upper Decks,6-3,,,ge-npc-pages
Swaenhylt,231004,2012-05-15T16:07:09Z,0,Swaenhylt,Roegadyn,Sea Wolf,Male,,Gridania,Gridania,,6-3,,,ge-npc-pages
Sweetnix Rosycheeks,232132,2012-01-14T12:44:26Z,0,Sweetnix Rosycheeks,Goblin,,,,,Limsa Lominsa,,7-4,,,ge-npc-pages
Swerdahrm,491497,2012-06-01T02:13:24Z,0,Swerdahrm,Roegadyn,Hellsguard,Male,,Ul'dah,Ul'dah,Coliseum,5-5,,,ge-npc-pages
Swethyna,5574,2012-05-10T16:00:27Z,0,Swethyna,Hyur,Midlander,Female,Wood Wailer,Gridania,,,,Instance,,ge-npc-pages
Swynbroes,413492,2012-05-08T21:45:39Z,0,Swynbroes,Roegadyn,,Male,Cauldron Carrier,,Central Thanalan,Black Brush,29-20,,,ge-npc-pages
Sybell,465522,2012-05-15T15:01:39Z,0,Sybell,Hyur,Midlander,Female,Wood Wailer,Gridania,Gridania,Gridania Aetheryte Plaza,4-4,,,ge-npc-pages
Syhrdaeg,423304,2010-10-02T16:36:20Z,0,Syhrdaeg,Roegadyn,Sea Wolves,Male,,Limsa Lominsa,Limsa Lominsa,Coral Tower,6-2,,,ge-npc-pages
Sylbyrt,484398,2010-09-04T19:39:29Z,0,Sylbyrt,Roegadyn,,Male,,Gridania,Gridania,Carline Canopy,6-6,,,ge-npc-pages
Sylskaetsyn,344596,2010-08-11T20:39:25Z,0,Sylskaetsyn,,,,,,,,,,,ge-npc-pages
Sylviel,509003,2010-11-08T02:17:50Z,0,Sylviel,Elezen,Wildwood Elezen,Male,,,Western Thanalan,Ferry Docks Western Thanalan,4-26,,,ge-npc-pages
Syneyhil,177976,2012-05-06T18:14:00Z,0,Syneyhil,Roegadyn,Sea Wolves,Male,Merchant,Limsa Lominsa,Limsa Lominsa,Fieldcraft Ward,1-1,,"{{Sells|Weathered Pickaxe|600}} {{Sells|Plumed Bronze Pickaxe|8,512}} {{Sells|Weathered Sledgehammer|480}} {{Sells|Weathered Hatchet|636}} {{Sells|Iron Hatchet|9,540}} {{Sells|Weathered Scythe|504}} {{Sells|Weathered Fishing Rod|660}} {{Sells|Elm Fishing Rod|9,900}} {{Sells|Weathered Gig|468}} {{Sells|Bloodworm|3}}",ge-npc-pages
Syngsmyd,423316,2012-05-04T14:50:13Z,0,Syngsmyd,Roegadyn,Sea Wolves,Male,,Limsa Lominsa,Limsa Lominsa,Upper Decks,7-7,,,ge-npc-pages
Synnove,191280,2012-06-23T11:53:35Z,0,Synnove,,,,Merchant,,Coerthas Western Highlands,Camp Riversmeet,19-19,,"{{Sells|Warped Arrow|2}} {{Sells|Moth Pupa|2}} {{Sells|Lugworm|2}} {{Sells|Mineral Water|60}} {{Sells|Knight's Bread|4,411}} {{Sells|Mustard Eggs|2,227}} {{Sells|Grade 1 Dark Matter|50}} {{Sells|Grade 2 Dark Matter|300}} {{Sells|Grade 3 Dark Matter|700}} {{Sells|Grade 4 Dark Matter|1,500}} {{Sells|Grade 5 Dark Matter|3,500}}",ge-npc-pages
Syntberk,447946,2012-05-06T17:58:28Z,0,Syntberk,Roegadyn,Sea Wolves,Male,Yellowjacket,Limsa Lominsa,Limsa Lominsa,Lower Decks,9-5,,,ge-npc-pages
Sysley,334625,2012-04-21T18:51:38Z,0,Sysley,Hyur,Midlander,Female,Merchant,Limsa Lominsa,Limsa Lominsa,West Hawkers' Alley,5-5,,{{Sells|Weathered Saw|660}} {{Sells|Bronze Claw Hammer|14784}} {{Sells|Maple Lumber|1350}} {{Sells|Ash Lumber|3024}} {{Sells|Elm Lumber|4500}} {{Sells|Walnut Lumber|6750}},ge-npc-pages
Syvinmhas,380518,2012-01-21T05:50:46Z,0,Syvinmhas,Roegadyn,Sea Wolf,Male,Repair Merchant,Limsa Lominsa,Eastern La Noscea,Red Rooster Stead,36-25,,,ge-npc-pages
Syzfrusk,449634,2012-02-07T10:44:09Z,0,Syzfrusk,Roegadyn,Sea Wolves,Male,,,Eastern La Noscea,Wineport,31-18,,,ge-npc-pages
T'mokkri,423337,2012-05-04T18:46:44Z,0,T'mokkri,Miqo'te,,Female,Local Guildleve Master,Limsa Lominsa,Limsa Lominsa,The Drowning Wench,7-5,,,ge-npc-pages
T'nbulea,502321,2012-05-15T16:44:03Z,0,T'nbulea,Miqo'te,Seekers of the Sun,Female,,Gridania,Gridania,Stillglade Fane,2-1,,,ge-npc-pages
T'noggya,169989,2012-05-01T01:36:07Z,0,T'noggya,Miqo'te,Seeker of the Sun,Female,Merchant,,Limsa Lominsa,Airship Landing,1-1,,{{Sells| La Noscean Lettuce|459}} {{Sells| Maiden Artichoke|2511 }} {{Sells| La Noscean Orange|120 }} {{Sells| Orange Juice|168 }} {{Sells| Grilled Dodo|660 }},ge-npc-pages
T'zanza,148903,2012-06-06T21:59:02Z,0,T'zanza,Miqo'te,Seekers of the Sun,Female,Merchant,Limsa Lominsa,Lower Tailors Ward,Merchant Wards,1-1,,"{{Sells|Hempen Halfgloves|315}} {{Sells|Sheepskin Wristguards|168}} {{Sells|Hempen Work Gloves|2,922}} {{Sells|Sheepskin Mitts|3,013}} {{Sells|Dodoskin Wristguards|1,872}} {{Sells|Cotton Halfgloves|4,725}} {{Sells|Dodoskin Ringbands|5,592}} {{Sells|Leather Mitts|7,198}} {{Sells|Merchant's Purse|192}} {{Sells|Dodoskin Hunting Belt|4,039}}",ge-npc-pages
Tanguistl,512622,2011-08-01T00:21:34Z,0,Tanguistl,Hyur,Midlander,Female,,Gridania,North Shroud,Hyrstmill,24-13,,,ge-npc-pages
Tarok Magurok,492243,2012-04-30T23:35:41Z,0,Deryk,Lalafell,,Male,,,Coerthas Central Highlands,Camp Dragonhead,18-39,,,ge-npc-pages
Tatagoi,503207,2010-10-11T18:22:35Z,0,Tatagoi,Lalafell,,Male,,Gridania,Gridania,Atelier Fen-Yll,7-3,,,ge-npc-pages
Tataroga,473064,2012-01-02T03:32:39Z,0,Tataroga,Lalafell,Dunesfolk,Male,Merchant,Ul'dah,Ul'dah,Sapphire Avenue Exchange,7-4,,"{{Sells|Weathered Fishing Rod|660}} {{Sells|Bronze Gig|13728}} {{Sells|Weathered Hatchet|636}} {{Sells|Bronze Scythe|14784}} {{Sells|Moth Pupa|2}} {{Sells|Lugworm|2}} {{Sells|Pill Bug|31}} {{Sells|Muddy Water|76}} {{Sells|Grade 1 Dark Matter|50}} {{Sells|Grade 2 Dark Matter|300}} {{Sells|Grade 3 Dark Matter|700}} {{Sells|Grade 4 Dark Matter|1,500}} {{Sells|Grade 5 Dark Matter|3,500}}",ge-npc-pages
Tataru,273500,2012-06-01T23:47:54Z,0,Tataru,Lalafell,Dunesfolk,Female,,Ul'dah,Ul'dah,Merchant Wards,4-4,Instance,,ge-npc-pages
Tatasako,423371,2010-10-02T20:22:52Z,0,Tatasako,Lalafell,Plainsfolk,Male,,Limsa Lominsa,Limsa Lominsa,Lower Decks,5-6,,,ge-npc-pages
Tatasha,485529,2012-04-29T03:15:47Z,0,Tatasha,Lalafell,,Female,,Ul'dah,Ul'dah,The Coliseum,5-5,,,ge-npc-pages
Taylor,474128,2011-07-22T08:55:04Z,0,Taylor,Hyur,Midlander,Male,Merchant,,Western Thanalan,Ferry Docks Western Thanalan,4-26,,,ge-npc-pages
Tefh Moshroca,423396,2010-10-02T16:40:25Z,0,Tefh Moshroca,Miqo'te,Keepers of the Moon,Female,,Limsa Lominsa,Limsa Lominsa,Coral Tower,5-2,,,ge-npc-pages
Tegogo,345964,2012-06-07T04:03:17Z,0,Tegogo,Lalafell,Plainsfolk,Female,,Gridania,Gridania,The Lotus Stand,3-2,Instance,,ge-npc-pages
Teledji Adeledji (1.x),346480,2012-06-07T04:33:32Z,0,Teledji Adeledji,Lalafell,Dunesfolk,Male,Syndicate Member,Ul'dah,Ul'dah,The Fragrant Chamber,1-1,Instance,,ge-npc-pages
Telent,502438,2012-05-15T18:42:16Z,0,Telent,Elezen,Wildwood Elezen,Male,,Gridania,Gridania,Stillglade Fane,2-1,,,ge-npc-pages
Templeton,179235,2012-05-15T20:03:51Z,0,Templeton,Hyur,Highlander,Male,Merchant,Gridania,Tradescraft Den,Market Wards,1-1,,"{{Sells|Weathered Saw|660}} {{Sells|Chocobotail Saw|9,744}} {{Sells|Weathered Cross-pein Hammer|600}} {{Sells|Birdsbeak Hammer|8,512}} {{Sells|Weathered Doming Hammer|624}} {{Sells|Bronze Raising Hammer|8,512}} {{Sells|Weathered Chaser Hammer|636}} {{Sells|Bronze Ornamental Hammer|8,512}} {{Sells|Weathered Head Knife|588}} {{Sells|Brass Head Knife|8,341}} {{Sells|Rusty Needle|432}} {{Sells|Bat Fang Needle|6,236}} {{Sells|Weathered Alembic|612}} {{Sells|Brass Alembic|9,180}} {{Sells|Weathered Skillet|624}} {{Sells|Iron Skillet|9,360}}",ge-npc-pages
Terremiaux,288969,2011-12-22T04:57:46Z,0,Terremiaux,Elezen,,Male,,,North Shroud,Hyrstmill,24-14,,,ge-npc-pages
Tetetoka,180473,2012-04-29T00:12:27Z,0,Tetetoka,Lalafell,,Male,Merchant,Ul'dah,Fieldcraft Row,Market Wards,1-1,,"{{Sells|Weathered Pickaxe|600}} {{Sells|Plumed Bronze Pickaxe|8,512}} {{Sells|Weathered Sledgehammer|480}} {{Sells|Weathered Hatchet|636}} {{Sells|Iron Hatchet|9,540}} {{Sells|Weathered Scythe|504}} {{Sells|Weathered Fishing Rod|660}} {{Sells|Elm Fishing Rod|9,900}} {{Sells|Weathered Gig|468}} {{Sells|Bloodworm|3}}",ge-npc-pages
Teteu,331824,2012-04-21T18:52:48Z,0,Teteu,Lalafell,Plainsfolk,Male,Merchant,Limsa Lominsa,Limsa Lominsa,West Hawkers' Alley,5-5,,"{{Sells|Weathered Chaser Hammer|636}} {{Sells|Mudstone Grinding Wheel|53508}} {{Sells|Copper Ingot|500}} {{Sells|Brass Ingot|3,000}} {{Sells|Silver Ingot|7,500}} {{Sells|Copper Rings|400}} {{Sells|Brass Rings|2,400}} {{Sells|Silver Rings|6,000}} {{Sells|Marbled Eye|3,780}} {{Sells|Pearl|37,620}}",ge-npc-pages
Thaisie,478047,2012-04-28T22:27:27Z,0,Thaisie,Elezen,Wildwood Elezen,Female,,Ul'dah,Ul'dah,The Hourglass,6-4,,{{Sells|Retainer|}},ge-npc-pages
Thancred,472512,2010-09-24T16:08:23Z,0,Thancred,Hyur,Midlander,Male,,Ul'dah,Ul'dah,The Hourglass,4-6,Instance,,ge-npc-pages
Thata Khamazom,446532,2012-05-04T03:16:56Z,0,Thata Khamazom,Miqo'te,Keepers of the Moon,Female,Yellowjacket,Limsa Lominsa,Limsa Lominsa,Upper Decks,8-7,,,ge-npc-pages
Thierremont,240338,2012-05-06T18:31:42Z,0,Thierremont,Elezen,Wildwood Elezen,Male,Repair Merchant,Limsa Lominsa,Lominsan Mercantile House,Merchant Wards,1-1,,,ge-npc-pages
Thimm,481249,2011-06-26T10:12:20Z,0,Thimm,Hyur,Highlander,Male,,Ala Mhigo,Ul'dah,,7-4,,,ge-npc-pages
Thomas (1.0),491769,2010-09-24T19:20:51Z,0,Thomas,Hyur,Midlander,Male,Quartermaster,Ishgard,Mor Dhona,Camp Brittlebark,20-17,,,ge-npc-pages
Thora,178235,2012-05-06T18:16:38Z,0,Thora,Hyur,Midlander,Female,Merchant,Limsa Lominsa,Limsa Lominsa,Tradescraft Ward,1-1,,"{{Sells|Weathered Saw|660}} {{Sells|Chocobotail Saw|9,744}} {{Sells|Weathered Cross-pein Hammer|600}} {{Sells|Birdsbeak Hammer|8,512}} {{Sells|Weathered Doming Hammer|624}} {{Sells|Bronze Raising Hammer|8,512}} {{Sells|Weathered Chaser Hammer|636}} {{Sells|Bronze Ornamental Hammer|8,512}} {{Sells|Weathered Head Knife|588}} {{Sells|Brass Head Knife|8,341}} {{Sells|Rusty Needle|432}} {{Sells|Bat Fang Needle|6,236}} {{Sells|Weathered Alembic|612}} {{Sells|Brass Alembic|9,180}} {{Sells|Weathered Skillet|624}} {{Sells|Iron Skillet|9,360}}",ge-npc-pages
Thosinbaen,423426,2012-05-05T17:50:09Z,0,Thosinbaen,Roegadyn,Sea Wolves,Male,,Limsa Lominsa,Limsa Lominsa,Mealvaan's Gate,4-5,,,ge-npc-pages
Thrydwulf,179573,2012-04-29T03:44:41Z,0,Thrydwulf,Hyur,Midlander,Male,Merchant,Ul'dah,Ul'dah,Merchant Strip,5-5,,"{{Sells|Weathered Gladius|600}} {{Sells|Bronze Spatha|23,400}} {{Sells|Iron Shortsword|56,784}} {{Sells|Steel Falchion|122,760}} {{Sells|Square Maple Shield|5,500}} {{Sells|Bronze Buckler|37,240}} {{Sells|Iron Scutum|96,600}} {{Sells|Dodoskin Pot Helm|13,395}} {{Sells|Bronze Barbut|31,416}} {{Sells|Iron Elmo|99,792}} {{Sells|Steel Celata|360,360}} {{Sells|Hempen Tunic|780}} {{Sells|Cotton Tabard|53,760}} {{Sells|Iron Scale Mail|142,560}} {{Sells|Steel Cuirass|514,800}} {{Sells|Hempen Breeches|234}} {{Sells|Dodoskin Subligar|13,464}} {{Sells|Cotton Kecks|35,935}} {{Sells|Velveteen Trousers|119,340}} {{Sells|Sheepskin Mitts|6,697}} {{Sells|Bronze Mitt Gauntlets|15,708}} {{Sells|Iron Vambraces|33,264}} {{Sells|Steel Gauntlets|180,180}} {{Sells|Sheepskin Shoes|192}} {{Sells|Leather Leggings|30,470}} {{Sells|Iron-plated Jackboots|31,449}} {{Sells|Steel Sabatons|205,920}}",ge-npc-pages
Tierney,483800,2010-11-14T13:20:33Z,0,Tierney,Hyur,Midlander,Female,Local Guildleve Master,Gridania,Gridania,Carline Canopy,6-6,Instance,,ge-npc-pages
Tiphane,290830,2012-05-15T20:39:52Z,0,Tiphane,Elezen,Duskwight Elezen,Female,Mercantile House Representative,Gridania,Gridanian Mercantile House,Market Wards,1-1,,,ge-npc-pages
Tiphina,276256,2012-05-05T18:09:51Z,0,Tiphina,Hyur,Midlander,Female,Merchant,Limsa Lominsa,Limsa Lominsa,West Hawkers' Alley,5-5,,{{Sells|Cotton Singlet|32760}} {{Sells|Cotton Chestband|32760}} {{Sells|Cotton Trunks|9828}} {{Sells|Cotton Loinguard|9828}},ge-npc-pages
Tipsy Adventurer,423443,2010-09-04T18:18:13Z,0,Tipsy Adventurer,Hyur,Midlander,Male,,,Limsa Lominsa Opening,,,Instance,,ge-npc-pages
Tirauland,423483,2012-05-04T19:54:37Z,0,Tirauland,Elezen,,Male,,Limsa Lominsa,Limsa Lominsa,"The Drowning Wench, Mizzenmast Inn, Upper Decks",7-5,,,ge-npc-pages
Titinin,58792,2012-05-26T07:30:45Z,0,Titinin,Lalafell,Dunesfolk,Male,,Ul'dah,Ul'dah,Platinum Mirage,5-4,,,ge-npc-pages
Tittering Traveler,423530,2010-10-02T16:33:40Z,0,Tittering Traveler,Miqo'te,Seekers of the Sun,Female,,Limsa Lominsa,Limsa Lominsa,Upper Decks,6-3,,,ge-npc-pages
Torsefers,205912,2012-05-07T17:34:38Z,0,Torsefers,Elezen,Duskwight Elezen,Male,Mercantile House Representative,Gridania,Gridania,,7-6,,,ge-npc-pages
Totonawa,467894,2012-04-28T21:35:29Z,0,Totonawa,Lalafell,Plainsfolk,Male,Regional Guildleve Master,Ul'dah,Ul'dah,The Quicksand,6-4,,,ge-npc-pages
Totono,491924,2012-04-27T22:13:50Z,0,Totono,Lalafell,,Female,,Ul'dah,Ul'dah,Arrzaneth Ossuary,4-5,,,ge-npc-pages
Totoruto,423564,2010-10-02T16:37:34Z,0,Totoruto,Lalafell,,Male,,Limsa Lominsa,Limsa Lominsa,Coral Tower,6-2,,,ge-npc-pages
Tourney Gladiator,505457,2011-07-13T22:18:58Z,0,Tourney Gladiator,Hyur,Midlander,Male,,Ul'dah,Ul'dah,,5-5,Cutscene,,ge-npc-pages
Tranquil Battlewarden,13889,2011-05-21T19:57:21Z,0,Tranquil Battlewarden,Miqo'te,Seekers of the Sun,Female,Battlewarden,Gridania,South Shroud,Camp Tranquil,38-49,,,ge-npc-pages
Travanchet,423578,2010-08-28T19:10:23Z,0,Travanchet,,,,,,Lower La Noscea,,,Cutscene,,ge-npc-pages
Treespeak Battlewarden,325616,2012-06-02T16:33:35Z,0,Treespeak Battlewarden,Lalafell,Plainsfolk,Male,Battlewarden,Gridania,North Shroud,Treespeak,22-16,,,ge-npc-pages
Triaine,446949,2012-05-05T18:40:48Z,0,Triaine,Elezen,Wildwood Elezen,Female,,Limsa Lominsa,Limsa Lominsa,The Astalicia,4-7,,,ge-npc-pages
Trinne,423607,2010-09-05T03:00:08Z,0,Trinne,Elezen,Wildwood Elezen,Female,,Limsa Lominsa,Limsa Lominsa,Upper Decks,7-7,,,ge-npc-pages
Tristechambel,330736,2012-06-06T20:41:31Z,0,Tristechambel,Elezen,Duskwight Elezen,Male,,Ishgard,Coerthas Central Highlands,Ever Lakes,33-35,,,ge-npc-pages
Tristelle,36247,2012-03-05T06:42:46Z,0,Tristelle,Elezen,Wildwood Elezen,Male,Event NPC,Gridania,Gridania,,6-5,,,ge-npc-pages
Troegmoer,505256,2010-12-20T22:48:26Z,0,Troegmoer,Roegadyn,,Male,,Gridania,East Shroud,Camp Nine Ivies,29-47,,,ge-npc-pages
Troxia,406271,2012-06-01T23:47:38Z,0,Troxia,Sylph,,Female,,,Gridania,Peasants Ward,,Instance,,ge-npc-pages
Tseh Panipahr,510166,2012-05-20T18:17:03Z,0,Tseh Panipahr,Miqo'te,Keepers of the Moon,Female,,Gridania,South Shroud,Quarrymill,45-47,,,ge-npc-pages
Tsimh Panipahr,58377,2012-06-08T21:14:48Z,0,Tsimh Panipahr,Miqo'te,Keepers of the Moon,Female,,Limsa Lominsa,Western La Noscea,Aleport,11-23,,,ge-npc-pages
Tuatkk,297997,2012-05-20T16:48:58Z,0,Tuatkk,Hyur,Midlander,Male,Wood Wailer,Gridania,South Shroud,Silent Arbor,39-44,,,ge-npc-pages
Tutubuki,491881,2012-04-27T20:53:44Z,0,Tutubuki,Lalafell,,Male,,Ul'dah,Ul'dah,Arrzaneth Ossuary,5-4,,,ge-npc-pages
Tutumoko (1.x),47257,2011-08-12T00:58:36Z,0,Tutumoko,Lalafell,Dunesfolk,Male,,Limsa Lominsa,Eastern La Noscea,Red Rooster Stead,36-25,,,ge-npc-pages
Twiggy,37840,2012-03-28T12:52:16Z,0,Twiggy,,,,Event NPC,,"Gridania, Central Shroud",,"6-5, 29-30",,,ge-npc-pages
Twittering Tomboy,471495,2010-09-24T16:06:12Z,0,Twittering Tomboy,Lalafell,Plainsfolk,Female,,Ul'dah,Ul'dah Opening,Sapphire Avenue Exchange,4-7,Instance,,ge-npc-pages
Twyrmoht,477125,2012-04-21T19:48:44Z,0,Twyrmoht,Roegadyn,Sea Wolves,Male,Merchant,Gridania,Gridania,The Centaur's Eye,7-2,,"{{Sells|Weathered Spear|840}} {{Sells|Weathered Shortbow|816}} {{Sells|Maple Longbow|14,560}} {{Sells|Warped Arrow|2}} {{Sells|Bronze Arrow|6}} {{Sells|Iron Arrow|24}} {{Sells|Bronze Javelin|102}}",ge-npc-pages
Tyago Moui,484344,2012-04-29T15:39:27Z,0,Tyago Moui,Miqo'te,Keepers of the Moon,Female,Bartender,Ul'dah,Ul'dah,Amajina & Sons Mineral Concern,6-6,,,ge-npc-pages
Tylswaen,337704,2012-05-04T19:32:55Z,0,Tylswaen,Roegadyn,Sea Wolves,Male,Merchant,Limsa Lominsa,Limsa Lominsa,Mizzenmast Inn,7-5,,"{{Sells|Weathered Gladius|600}} {{Sells|Bronze Dagger|2,700}} {{Sells|Bronze Spatha|7,956}} {{Sells|Weathered Hora|636}} {{Sells|Bone Hora|3,180}} {{Sells|Bronze Knuckles|8,665}} {{Sells|Weathered War Axe|840}} {{Sells|Bronze War Axe|4,200}} {{Sells|Bronze Labrys|11,456}} {{Sells|Weathered Shortbow|816}} {{Sells|Maple Shortbow|4,080}} {{Sells|Wrapped Maple Longbow|11,138}} {{Sells|Warped Arrow|2}} {{Sells|Weathered Spear|840}} {{Sells|Bone Harpoon|4,080}} {{Sells|Iron Spear|13641}} {{Sells|Square Maple Shield|3,300}} {{Sells|Bronze Buckler|11,916}} {{Sells|Weathered Cane|840}} {{Sells|Maple Wand|2,940}} {{Sells|Budding Maple Wand|6,554}} {{Sells|Weathered Scepter|696}} {{Sells|Bone Staff|4,260}} {{Sells|Brass Cudgel|9,900}} {{Sells|Weathered Pickaxe|600}} {{Sells|Plumed Bronze Pickaxe|8,512}} {{Sells|Weathered Sledgehammer|480}} {{Sells|Weathered Hatchet|636}} {{Sells|Iron Hatchet|9,540}} {{Sells|Weathered Scythe|504}} {{Sells|Weathered Fishing Rod|660}} {{Sells|Elm Fishing Rod|9,900}} {{Sells|Weathered Gig|468}} {{Sells|Bloodworm|3}} {{Sells|Weathered Saw|660}} {{Sells|Chocobotail Saw|9,744}} {{Sells|Weathered Cross-pein Hammer|600}} {{Sells|Birdsbeak Hammer|8,512}} {{Sells|Weathered Doming Hammer|624}} {{Sells|Bronze Raising Hammer|8,512}} {{Sells|Weathered Chaser Hammer|636}} {{Sells|Bronze Ornamental Hammer|8,512}} {{Sells|Weathered Head Knife|588}} {{Sells|Brass Head Knife|8,341}} {{Sells|Rusty Needle|432}} {{Sells|Bat Fang Needle|6,236}} {{Sells|Weathered Alembic|612}} {{Sells|Brass Alembic|9,180}} {{Sells|Weathered Skillet|624}} {{Sells|Iron Skillet|9,360}}",ge-npc-pages
Tymbryss,310934,2012-05-29T01:35:38Z,0,Tymbryss,Roegadyn,Sea Wolves,Male,Pirate,Limsa Lominsa,,,,Instance,,ge-npc-pages
Tyon,480637,2012-04-28T22:32:04Z,0,Tyon,Hyur,Highlander,Male,,Ul'dah,Ul'dah,The Quicksand,6-4,,,ge-npc-pages
U'bokhn,491603,2012-04-29T03:14:39Z,0,U'bokhn,Miqo'te,Seekers of the Sun,Female,,Ul'dah,Ul'dah,The Coliseum,5-5,,,ge-npc-pages
U'mallibo,487100,2012-05-29T01:23:11Z,0,U'mallibo,Miqo'te,Seekers of the Sun,Female,Pirate,Limsa Lominsa,,,,Instance,,ge-npc-pages
Uchtred,263213,2012-06-08T21:36:50Z,0,Uchtred,Hyur,Midlander,Male,Merchant,Limsa Lominsa,Western La Noscea,Aleport,12-23,,"{{Sells|Earth Cluster|21,000}} {{Sells|Ice Cluster|21,000}} {{Sells|Wind Cluster|21,000}} {{Sells|Water Cluster|21,000}} {{Sells|Fire Cluster|21,000}} {{Sells|Lightning Cluster|21,000}} {{Sells| Coeurl Skin|21,000}} {{Sells| Coeurl Skin|27,000}} {{Sells| Coeurl Skin +1|180,000}} {{Sells| Animal Fat|50,000}} {{Sells| Animal Fat|100,000}} {{Sells| Hardened Sap|50,000}} {{Sells| Hardened Sap|100,000}} {{Sells| Lime Sulfur |50,000}} {{Sells| Lime Sulfur |100,000}}",ge-npc-pages
Ulala,190973,2012-07-27T19:04:11Z,0,Ulala,Lalafell,,Female,Merchant,Ul'dah,Western Thanalan,The Coffer & Coffin,9-27,,"{{Sells|Warped Arrow|2}} {{Sells|Lugworm|2}} {{Sells|Moth Pupa|2}} {{Sells|Mineral Water|60}} {{Sells|Eye Drops|1,463}} {{Sells|Throat Drops|7,400}} {{Sells|Dawn Drops|2,850}} {{Sells|Blood Drops|413}} {{Sells|Marmot Steak|216}} {{Sells|Boiled Egg|112}} {{Sells|Potion|650}} {{Sells|Grade 1 Dark Matter|50}} {{Sells|Grade 2 Dark Matter|300}} {{Sells|Grade 3 Dark Matter|700}} {{Sells|Grade 4 Dark Matter|1,500}} {{Sells|Grade 5 Dark Matter|3,500}}",ge-npc-pages
Ulmhylt,499963,2010-10-11T19:35:03Z,0,Ulmhylt,Roegadyn,,Male,,Gridania,Gridania,The Oak Atrium,6-5,,,ge-npc-pages
Uloine,290365,2012-05-15T20:18:31Z,0,Uloine,Elezen,Duskwight Elezen,Female,Mercantile House Representative,Gridania,Gridanian Mercantile House,Market Wards,1-1,,,ge-npc-pages
Ulric,178736,2012-05-09T17:40:45Z,0,Ulric,Hyur,Highlander,Male,Merchant,Gridania,Gridania,The Oak Atrium,6-5,,"{{Sells|Weathered Saw|660}} {{Sells|Chocobotail Saw|33,600}} {{Sells|Bas-relief Iron Saw|70,840}} {{Sells|Mythril Saw|188,760}} {{Sells|Bronze Claw Hammer|14,784}} {{Sells|Steel Claw Hammer|93,744}} {{Sells|Sheepskin Calot|432}} {{Sells|Dodoskin Skullcap|26,928}} {{Sells|Velveteen Bandana|50,778}} {{Sells|Steel Goggles|112,492}} {{Sells|Hempen Kurta|780}} {{Sells|Hempen Doublet Vest|30,600}} {{Sells|Cotton Doublet Vest|89,100}} {{Sells|Velveteen Doublet Vest|177,600}} {{Sells|Hempen Shepherd's Slops|288}} {{Sells|Cotton Shepherd's Slops|17,952}} {{Sells|Cotton Kecks|35,935}} {{Sells|Linen Sarouel|65,520}} {{Sells|Sheepskin Wristguards|168}} {{Sells|Dodoskin Wristguards|4,928}} {{Sells|Velveteen Shortgloves|36,960}} {{Sells|Linen Shortgloves|65,360}} {{Sells|Maple Clogs|252}} {{Sells|Dodoskin Espadrilles|20,944}} {{Sells|Velveteen Gaiters|48,048}} {{Sells|Linen Gaiters|84,968}}",ge-npc-pages
Ulta (1.x),473392,2012-05-07T17:45:07Z,0,Ulta,Hyur,Highlander,Male,Wood Wailer,Gridania,Gridania,,6-7,,,ge-npc-pages
Unconscious Adventurer,423627,2012-05-05T18:25:37Z,0,Unconscious Adventurer,Lalafell,,Male,Adventurer,Limsa Lominsa,Limsa Lominsa,Lower Decks,4-6,,,ge-npc-pages
Undaunted Adventurer,472646,2010-09-24T15:59:46Z,0,Undaunted Adventurer,,,,,Ul'dah,Ul'dah,The Hourglass,4-6,Instance,,ge-npc-pages
Undignified Adventurer,423654,2010-09-04T02:50:48Z,0,Undignified Adventurer,Hyur,Midlander,Female,,,"Limsa Lominsa Opening, Limsa Lominsa",,"Boat, 5-3",Instance,,ge-npc-pages
Undsatz,441516,2012-05-06T17:11:29Z,0,Undsatz,Roegadyn,Hellsguard,Male,,Limsa Lominsa,Limsa Lominsa,Fisherman's Bottom,6-6,,,ge-npc-pages
Unsynwilf,177824,2012-05-06T17:08:04Z,0,Unsynwilf,Roegadyn,Sea Wolves,Male,Merchant,Limsa Lominsa,Limsa Lominsa,Fisherman's Bottom,5-6,,{{Sells|Weathered Fishing Rod|660}} {{Sells|Elm Fishing Rod|33000}} {{Sells|Yew Fishing Rod|82500}} {{Sells|Horn Fishing Rod|155400}} {{Sells|Weathered Gig|468}} {{Sells|Iron Gig|39000}} {{Sells|Straw Hat|9000}} {{Sells|Cotton Scarf|13104}} {{Sells|Velveteen Wedge Cap|59136}} {{Sells|Angler's Hat|88560}} {{Sells|Hempen Kurta|780}} {{Sells|Hempen Doublet Vest|30600}} {{Sells|Velveteen Coatee|110880}} {{Sells|Velveteen Doublet Vest|177600}} {{Sells|Hempen Shepherd's Slops|288}} {{Sells|Cotton Shepherd's Slops|17952}} {{Sells|Velveteen Bottom|40656}} {{Sells|Linen Sarouel|65520}} {{Sells|Hempen Work Gloves|5313}} {{Sells|Dodoskin Wristguard|4928}} {{Sells|Velveteen Shortgloves|36960}} {{Sells|Fingerless Boarskin Gloves|76440}} {{Sells|Sheepskin Duckbills|312}} {{Sells|Dodoskin Shoes|5632}} {{Sells|Velveteen Gaiters|48048}} {{Sells|Boarskin Crakows|87360}},ge-npc-pages
Upbeat Adventurer,472439,2010-09-24T15:57:20Z,0,Upbeat Adventurer,Lalafell,,Male,,Ul'dah,Ul'dah,The Hourglass,4-6,Instance,,ge-npc-pages
Urianger,56086,2011-09-30T13:06:05Z,0,Urianger Augerelt,Elezen,,Male,,,,,,Cutscene,,ge-npc-pages
Urith,149380,2012-05-15T20:08:27Z,0,Urith,Hyur,Midlander,Female,Merchant,Gridania,Lower Tailors Den,Market Wards,1-1,,"{{Sells|Hempen Breeches|234}} {{Sells|Hempen Shepherd's Slops|288}} {{Sells|Hempen Kecks|2,611}} {{Sells|Dodoskin Subligar|4,847}} {{Sells|Cotton Shepherd's Slops|5,026}} {{Sells|Sheepskin Duckbills|312}} {{Sells|Sheepskin Shoes|192}} {{Sells|Sheepskin Leggings|3,444}} {{Sells|Dodoskin Shoes|2,140}} {{Sells|Dodoskin Caligae|6,462}} {{Sells|Dodoskin Espadrilles|5,864}} {{Sells|Leather Leggings|8,226}}",ge-npc-pages
Ursielle,35024,2012-03-05T05:18:41Z,0,Ursielle,Elezen,Wildwood Elezen,Female,Event NPC,Limsa Lominsa,Limsa Lominsa,,7-6,,,ge-npc-pages
Ursulie,441572,2012-05-04T19:38:42Z,0,Ursulie,Elezen,Wildwood Elezen,Female,Retainer Agent,Limsa Lominsa,Limsa Lominsa,"The Drowning Wench, Upper Decks",7-5,,,ge-npc-pages
Uwilsyng,476726,2012-02-15T18:55:23Z,0,Uwilsyng Rhotguldsyn,Roegadyn,,Male,,Ul'dah,Ul'dah,Merchant Strip,5-5,,,ge-npc-pages
V'hynho,441602,2012-05-04T20:50:50Z,0,V'hynho,Miqo'te,Seekers of the Sun,Female,,Limsa Lominsa,Limsa Lominsa,Coral Tower,2-6,,,ge-npc-pages
V'korolon,471441,2012-05-07T17:20:09Z,0,V'korolon,Miqo'te,Seekers of the Sun,Female,,Gridania,Gridania,Carline Canopy,6-6,,,ge-npc-pages
V'nabyano,501763,2012-05-15T18:59:14Z,0,V'nabyano,Miqo'te,Seekers of the Sun,Female,,Gridania,Gridania,Greatloam Growery,4-3,,,ge-npc-pages
V'olhmyn,3666,2012-06-01T23:46:35Z,0,V'olhmyn,Miqo'te,Seekers of the Sun,Female,,Gridania,West Shroud,Camp Crimson Bark,32-15,,,ge-npc-pages
Vaincannet,240447,2012-05-06T18:32:30Z,0,Vaincannet,Elezen,Wildwood Elezen,Male,Mercantile House Representative,Limsa Lominsa,Lominsan Mercantile House,Merchant Wards,1-1,,,ge-npc-pages
Vanicie,505539,2012-05-21T22:24:31Z,0,Vanicie,Elezen,Wildwood Elezen,Female,,Ul'dah,Southern Thanalan,Broken Water,40-43,,,ge-npc-pages
Vannes (1.x),491572,2012-04-29T03:14:01Z,0,Vannes,Hyur,Highlander,Male,,Ul'dah,Ul'dah,The Coliseum,5-5,,,ge-npc-pages
Vavaki,481030,2012-04-28T21:31:45Z,0,Vavaki,Lalafell,Dunesfolk,Female,,Ul'dah,Ul'dah,Merchant Strip,7-4,,,ge-npc-pages
Vielle,478463,2012-05-10T16:01:33Z,0,Vielle,Elezen,Duskwight Elezen,Female,Bandit,,Coerthas,,"60, 28",Instance,,ge-npc-pages
Violenne (1.x),367178,2012-04-28T01:57:31Z,0,Violenne,Elezen,Wildwood Elezen,Female,,Ul'dah,Ul'dah,Airship Landing,2-1,,,ge-npc-pages
Voluptuous Vixen,441635,2010-09-04T02:39:14Z,0,Voluptuous Vixen,Hyur,Midlanders,Female,,,"Limsa Lominsa Opening, Limsa Lominsa",,"Boat,5-3",Instance,,ge-npc-pages
Voyce,178837,2012-05-15T16:00:10Z,0,Voyce,Hyur,Midlander,Male,Merchant,Gridania,Gridania,Atelier Fen-Yll,7-3,,"{{Sells|Weathered Head Knife|588}} {{Sells|Brass Head Knife|26,068}} {{Sells|Iron Round Knife|64,400}} {{Sells|Mythril Head Knife|160,132}} {{Sells|Bronze Awl|15,840}} {{Sells|Steel Awl|100,440}} {{Sells|Sheepskin Calot|432}} {{Sells|Dodoskin Skullcap|26,928}} {{Sells|Velveteen Wedge Cap|59,136}} {{Sells|Linen Wedge Cap|104,576}} {{Sells|Hempen Kurta|780}} {{Sells|Cotton Shepherd's Tunic|48,620}} {{Sells|Velveteen Coatee|110,880}} {{Sells|Linen Coatee|196,080}} {{Sells|Hempen Shepherd's Slops|288}} {{Sells|Cotton Shepherd's Slops|17,952}} {{Sells|Velveteen Bottom|40,656}} {{Sells|Linen Bottom|71,896}} {{Sells|Sheepskin Wristguards|168}} {{Sells|Dodoskin Wristguards|4,928}} {{Sells|Fingerless Leather Gloves|40,950}} {{Sells|Fingerless Boarskin Gloves|76,440}} {{Sells|Sheepskin Duckbills|312}} {{Sells|Dodoskin Shoes|5,632}} {{Sells|Padded Sheepskin Duckbills|28,392}} {{Sells|Boarskin Crakows|87,360}}",ge-npc-pages
W'doyagha,244395,2012-05-12T04:04:34Z,0,W'doyagha,Miqo'te,Seekers of the Sun,Female,Merchant,Ul'dah,Ul'dahn Mercantile House,Market Wards,1-1,,{{Sells|Weathered Spear|840}} {{Sells|Weathered Shortbow|816}} {{Sells|Bronze Arrow|6}} {{Sells|Alpine Parsnip|396}} {{Sells|Buffalo Beans|490}} {{Sells|Coerthas Carrot|284}} {{Sells|Rye|43}} {{Sells|Sunset Wheat|43}} {{Sells|Blood Currants|1310}} {{Sells|Potion|650}} {{Sells|Blood Drops|413}},ge-npc-pages
W'hahtoa,441662,2012-05-05T18:27:16Z,0,W'hahtoa,Miqo'te,Seekers of the Sun,Female,,Limsa Lominsa,Limsa Lominsa,The Astalicia,4-7,,,ge-npc-pages
W'jhimei,290300,2012-05-15T20:16:58Z,0,W'jhimei,Miqo'te,Seekers of the Sun,Female,Merchant,Gridania,Gridanian Mercantile House,Market Wards,1-1,,"{{Sells|Weathered War Axe|840}} {{Sells|Bronze Dagger|4,500}} {{Sells|Salt Cod|84}} {{Sells|Fish Soup|6,502}} {{Sells|Potion|650}} {{Sells|Blood Drops|413}}",ge-npc-pages
W'mhelgo Hena,339975,2010-11-02T04:00:13Z,0,W'mhelgo Hena,,,,,,,,,,,ge-npc-pages
W'nhalki,471232,2012-05-10T00:58:54Z,0,W'nhalki,Miqo'te,Seekers of the Sun,Female,Merchant,Ul'dah,Ul'dah,Eshtaime's Aesthetics,5-5,,"{{Sells|Copper Earrings|6,552}} {{Sells|Brass Earrings|29,172}} {{Sells|Copper Choker|8,568}} {{Sells|Brass Choker|31,008}} {{Sells|Copper Ring|5,376}} {{Sells|Brass Ring|23,936}} {{Sells|Copper Wristlets|5,280}} {{Sells|Brass Wristlets|26,880}}",ge-npc-pages
Wadard,37328,2012-03-31T04:08:56Z,0,Wadard,Hyur,Midlander,Male,Event NPC,Ul'dah,Ul'dah,,5-3,,,ge-npc-pages
Waebahct,337914,2012-06-06T21:59:49Z,0,Waebahct,Roegadyn,Sea Wolves,Male,Merchant,Limsa Lominsa,Limsa Lominsa,Mizzenmast Inn,7-5,,"{{Sells|Hempen Coif|546}} {{Sells|Straw Hat|3,600}} {{Sells|Cotton Scarf|4,455}} {{Sells|Dodoskin Skullcap|7,539}} {{Sells|Hempen Dalmatica|780}} {{Sells|Hempen Tunic|780}} {{Sells|Hempen Kurta|780}} {{Sells|Hempen Doublet Vest|11,016}} {{Sells|Cotton Shepherd's Tunic|13,613}} {{Sells|Hempen Halfgloves|315}} {{Sells|Sheepskin Wristguards|168}} {{Sells|Hempen Work Gloves|2,922}} {{Sells|Sheepskin Mitts|3,013}} {{Sells|Dodoskin Wristguards|1,872}} {{Sells|Cotton Halfgloves|4,725}} {{Sells|Dodoskin Ringbands|5,592}} {{Sells|Leather Mitts|7,198}} {{Sells|Merchant's Purse|192}} {{Sells|Dodoskin Hunting Belt|4,039}} {{Sells|Hempen Breeches|234}} {{Sells|Hempen Shepherd's Slops|288}} {{Sells|Hempen Kecks|2,611}} {{Sells|Dodoskin Subligar|4,847}} {{Sells|Cotton Shepherd's Slops|5,026}} {{Sells|Sheepskin Duckbills|312}} {{Sells|Sheepskin Shoes|192}} {{Sells|Sheepskin Leggings|3,444}} {{Sells|Dodoskin Shoes|2,140}} {{Sells|Dodoskin Caligae|6,462}} {{Sells|Dodoskin Espadrilles|5,864}} {{Sells|Leather Leggings|8,226}} {{Sells|Dodoskin Pot Helm|6,027}} {{Sells|Leather Pot Helm|14,397}} {{Sells|Hempen Acton|8,611}} {{Sells|Dodoskin Harness|16,156}} {{Sells|Cotton Tabard|15,590}} {{Sells|Cotton Acton|20,567}} {{Sells|Leather Jacket|26,250}} {{Sells|Bronze Mitt Gauntlets|5,654}} {{Sells|Leather Armguards|9,187}} {{Sells|Iron-plated Jackboots|7,862}}",ge-npc-pages
Waekbyrt,437860,2012-05-05T18:30:51Z,0,Waekbyrt,Roegadyn,Sea Wolves,Male,,Limsa Lominsa,Limsa Lominsa,The Astalicia,4-7,,,ge-npc-pages
Waeksatz,240825,2012-04-22T00:17:05Z,0,Waeksatz,Roegadyn,,Male,,,Ul'dah,Airship Landing,,,"{{Sells|Ramhorn Zucchini|527}} {{Sells|Rolanberry|4,526}} {{Sells|Thanalan Tea Leaves|3,881}} {{Sells|Chamomile Tea|1,775}}",ge-npc-pages
Wahlbert,474035,2010-11-22T22:43:52Z,0,Wahlbert,Hyur,Midlander,Male,,,Western Thanalan,Ferry Docks Western Thanalan,5-26,,,ge-npc-pages
Walcher,58947,2011-08-02T20:34:37Z,0,Walcher,Hyur,Midlander,Male,Reporter,,Eastern La Noscea,Wineport,31-18,,,ge-npc-pages
Waldhere,149497,2012-04-29T00:21:59Z,0,{{PAGENAME}},Hyur,Highlander,Male,Merchant,Ul'dah,Lower Tailors Row,Market Wards,1-1,,"{{Sells|Hempen Breeches|234}} {{Sells|Hempen Shepherd's Slops|288}} {{Sells|Hempen Kecks|2,611}} {{Sells|Dodoskin Subligar|4,847}} {{Sells|Cotton Shepherd's Slops|5,026}} {{Sells|Sheepskin Duckbills|312}} {{Sells|Sheepskin Shoes|192}} {{Sells|Sheepskin Leggings|3,444}} {{Sells|Dodoskin Shoes|2,140}} {{Sells|Dodoskin Caligae|6,462}} {{Sells|Dodoskin Espadrilles|5,864}} {{Sells|Leather Leggings|8,226}}",ge-npc-pages
Waldibert,449539,2010-10-13T18:42:50Z,0,Waldibert,Hyur,Highlander,Male,,,Eastern La Noscea,Wineport,31-18,,,ge-npc-pages
Waldomar,33422,2012-02-29T06:00:22Z,0,Waldomar,Hyur,Highlander,Male,Event NPC,,North Shroud,Hyrstmill,25-13,,,ge-npc-pages
Walhbert,281431,2010-10-04T19:21:25Z,0,Walhbert,Hume,,Male,,,Western Thanalan,Ferry Docks,4-26,,,ge-npc-pages
Wandering Minstrel,379253,2012-08-15T21:12:41Z,0,Wandering Minstrel,Hyur,Midlander,Male,,,Limsa Lominsa,Coral Tower,,,,ge-npc-pages
Wannore,491454,2012-04-29T03:28:33Z,0,Wannore,Hyur,Midlander,Female,,Ul'dah,Ul'dah,Coliseum,5-5,,,ge-npc-pages
War Wolf,364866,2011-08-01T15:35:04Z,0,War Wolf,Roegadyn,,Male,,,"South Shroud, Western La Noscea, Eastern La Noscea",,,,,ge-npc-pages
Warburton,470984,2010-09-24T16:05:15Z,0,Warburton,Hyur,Midlander,Male,,Ul'dah,Ul'dah Opening,Sapphire Avenue Exchange,4-7,Instance,,ge-npc-pages
Wastnagl,240283,2012-05-06T18:31:08Z,0,Wastnagl,Roegadyn,,Male,Mercantile House Representative,Limsa Lominsa,Lominsan Mercantile House,Merchant Wards,1-1,,,ge-npc-pages
Wawalago,224870,2010-09-05T23:58:41Z,0,Wawalago Momolago,Lalafell,Dunesfolk,Male,,Limsa Lominsa,Limsa Lominsa,Fisherman's Bottom,6-6,,,ge-npc-pages
Wawapo,179363,2012-04-28T22:51:00Z,0,Wawapo,Lalafell,,Female,Merchant,Ul'dah,Ul'dah,Merchant Strip,6-4,,"{{Sells|Cotton Undershirt|32,760}} {{Sells|Cotton Breastcloth|32,760}} {{Sells|Cotton Camise|32,760}} {{Sells|Cotton Camisole|32,760}} {{Sells|Cotton Halftights|9,828}} {{Sells|Cotton Pagne|9,828}} {{Sells|Cotton Shorts|9,828}} {{Sells|Cotton Drawers|9,828}}",ge-npc-pages
Wawaramu,53003,2012-05-20T15:54:40Z,0,Wawaramu,Lalafell,Dunesfolk,Male,Farmer,Gridania,South Shroud,Buscarron's Fold,35-43,,,ge-npc-pages
Wawaton (1.x),491824,2012-04-27T20:53:37Z,0,Wawaton,Lalafell,,Male,,Ul'dah,Ul'dah,Arrzaneth Ossuary,5-3,,,ge-npc-pages
Weeping Hill,98212,2012-03-13T15:28:13Z,0,Weeping Hill,Roegadyn,Sea Wolves,Male,Event NPC,,Ul'dah,,5-3,,{{Sells|Peach Confetti|10 gil}} {{Sells|Sweet Rice Cake|10 gil}},ge-npc-pages
Well-traveled Merchant,441686,2010-09-04T02:43:37Z,0,Well-traveled Merchant,Hyur,Midlanders,Male,,,"Limsa Lominsa Opening, Limsa Lominsa",,"Boat,5-3",Instance,,ge-npc-pages
Wenefreda,481576,2012-04-28T20:20:03Z,0,Wenefreda,Hyur,Midlander,Female,,Ul'dah,Ul'dah,Merchant Strip,7-5,,,ge-npc-pages
Whispering Adventurer,437824,2010-08-17T21:22:43Z,0,Whispering Adventurer,,,,,Limsa Lominsa,,,,,,ge-npc-pages
Widargelt,169702,2012-05-29T04:14:35Z,0,Widargelt,Hyur,Midlander,Male,,Ala Mhigo,Eastern Thanalan,Little Ala Mhigo,39-31,,,ge-npc-pages
Widigast,59024,2011-08-02T22:54:08Z,0,Widigast,Hyur,Highlander,Male,,Ishgard,Coerthas Eastern Lowlands,Owl's Nest,62-34,,,ge-npc-pages
Wiggy,37528,2012-03-28T19:44:34Z,0,Wiggy,,,,Event NPC,,Limsa Lominsa,,7-6,,,ge-npc-pages
Willelda,502783,2012-05-15T16:22:09Z,0,Willelda,Hyur,Midlander,Female,,Gridania,Gridania,Wailing Barracks,7-2,,,ge-npc-pages
Willielmus,366855,2012-05-07T17:01:05Z,0,Willielmus,Hyur,Midlander,Male,,Gridania,Gridania,Airship Landing,6-6,,,ge-npc-pages
Wind-worn Corpse,441700,2010-08-19T12:47:47Z,0,Wind-worn Corpse,,,,,,,,,Instance,,ge-npc-pages
Wineburg,252741,2012-05-01T01:50:12Z,0,Wineburg,Hyur,Midlander,Male,Highwind Skyways Representative,Limsa Lominsa,Limsa Lominsa,Airship Landing,1-1,,,ge-npc-pages
Wise Moon,483444,2012-04-29T15:58:00Z,0,Wise Moon,Roegadyn,,Male,Priest,Ul'dah,Ul'dah,Milvaneth Sacrarium,7-6,,,ge-npc-pages
Wistsunn,190872,2012-07-27T19:13:40Z,0,Wistsunn,Roegadyn,,Male,Merchant,Ul'dah,Western Thanalan,Camp Horizon,13-29,,"{{Sells|Warped Arrow|2}} {{Sells|Lugworm|2}} {{Sells|Moth Pupa|2}} {{Sells|Mineral Water|60}} {{Sells|Eye Drops|1,463}} {{Sells|Throat Drops|7,400}} {{Sells|Dawn Drops|2,850}} {{Sells|Blood Drops|413}} {{Sells|Marmot Steak|216}} {{Sells|Boiled Egg|112}} {{Sells|Potion|650}} {{Sells|Grade 1 Dark Matter|50}} {{Sells|Grade 2 Dark Matter|300}} {{Sells|Grade 3 Dark Matter|700}} {{Sells|Grade 4 Dark Matter|1,500}} {{Sells|Grade 5 Dark Matter|3,500}}",ge-npc-pages
Worrisome Assistant,506860,2010-09-24T16:01:45Z,0,Worrisome Assistant,Hyur,Midlander,Male,,,Ul'dah,,x-x,Instance,,ge-npc-pages
Wracwulf,481231,2010-10-02T19:57:59Z,0,Wracwulf,Hyur,Highlander,Male,,Ul'dah,Ul'dah,,7-4,,,ge-npc-pages
Wulfthryth,477384,2011-10-20T22:02:41Z,0,Wulfthryth,Hyur,Midlander,Female,Merchant,Gridania,Gridania,Ebony Stalls,8-3,,"{{Sells|Weathered Hora|636}} {{Sells|Weathered Gladius|600}} {{Sells|Weathered Scepter|696}} {{Sells|Copper Ore|72}} {{Sells|Yellow Copper Ore|450}} {{Sells|Zinc Ore|1,008}}",ge-npc-pages
Wunthyml,365653,2012-05-22T16:24:55Z,0,Wunthyml,Roegadyn,Sea Wolves,Male,Merchant,Ul'dah,Southern Thanalan,Broken Water,43-40,,"{{Sells|Warped Arrow|2}} {{Sells|Lugworm|2}} {{Sells|Moth Pupa|2}} {{Sells|Mineral Water|60}} {{Sells|Eye Drops|1,463}} {{Sells|Throat Drops|7,400}} {{Sells|Dawn Drops|2,850}} {{Sells|Blood Drops|413}} {{Sells|Marmot Steak|216}} {{Sells|Boiled Egg|112}} {{Sells|Potion|650}} {{Sells|Grade 1 Dark Matter|50}} {{Sells|Grade 2 Dark Matter|300}} {{Sells|Grade 3 Dark Matter|700}} {{Sells|Grade 4 Dark Matter|1,500}} {{Sells|Grade 5 Dark Matter|3,500}}",ge-npc-pages
Wybir,510000,2012-05-20T18:07:47Z,0,Wybir,Hyur,Midlanders,Female,,Gridania,South Shroud,Quarrymill,44-47,,,ge-npc-pages
Wymar,514604,2011-07-29T15:25:30Z,0,Wymar,Hyur,Highlander,Male,Quartermaster,,Upper La Noscea,Camp Iron Lake,22-7,,,ge-npc-pages
Wyra Khamazom,446963,2012-05-05T18:41:54Z,0,Wyra Khamazom,Miqo'te,Keepers of the Moon,Female,,Limsa Lominsa,Limsa Lominsa,The Astalicia,4-7,,,ge-npc-pages
Wyrstmann,441723,2012-05-04T20:34:34Z,0,Wyrstmann,Roegadyn,Sea Wolves,Male,,Limsa Lominsa,Limsa Lominsa,Upper Decks,6-3,,,ge-npc-pages
Wysskoen,33844,2012-02-29T05:59:58Z,0,Wysskoen,Roegadyn,Sea Wolves,Male,Event NPC,,Ul'dah,,5-3,,,ge-npc-pages
Wysslorh,470318,2012-03-25T17:25:34Z,0,Wysslorh,Roegadyn,Sea Wolf,Male,Merchant,Ul'dah,Ul'dah,Ruby Road Exchange,6-4,,{{Sells|Aloe|1229}} {{Sells|Nopales|806}} {{Sells|Prickly Pineapple|4526}} {{Sells|Alligator Pear|2218}} {{Sells|Thanalan Tea Leaves|3881}} {{Sells|Paprika|675}} {{Sells|Ala Mhigan Mustard|983}} {{Sells|Ogre Pumpkin|284}} {{Sells|Gil Bun|720}} {{Sells|Maiden Artichoke|2511}},ge-npc-pages
Wyznguld,483463,2012-04-29T15:57:04Z,0,Wyznguld,Roegadyn,,Male,,Ul'dah,Ul'dah,Milvaneth Sacrarium,7-6,,,ge-npc-pages
X'bhowaqi,52856,2012-05-20T16:03:56Z,0,X'bhowaqi,Miqo'te,Seekers of the Sun,Female,Tanner,Gridania,South Shroud,Buscarron's Fold,35-43,,,ge-npc-pages
X'dhilogo,491528,2012-04-29T03:12:06Z,0,X'dhilogo,Miqo'te,,Female,,Ul'dah,Ul'dah,The Coliseum,5-5,,,ge-npc-pages
Xau Nbolo,247200,2012-04-29T17:41:00Z,0,Xau Nbolo,Miqo'te,Keepers of the Moon,Female,,Ul'dah,Ul'dah,Frondale's Phrontistery,5-6,,,ge-npc-pages
Xavalien,441743,2012-05-06T17:14:26Z,0,Xavalien,Elezen,Wildwood Elezen,Male,,Limsa Lominsa,Limsa Lominsa,Fisherman's Bottom,6-6,,,ge-npc-pages
Y'alabali,444641,2012-06-08T21:11:37Z,0,Y'alabali,Miqo'te,Seekers of the Sun,Female,Yellowjacket,Limsa Lominsa,Western La Noscea,Aleport,12-23,,,ge-npc-pages
Y'shtola,409380,2012-06-08T01:43:25Z,0,Y'shtola,Miqo'te,Seekers of the Sun,Female,Conjurer,,Limsa Lominsa,The Drowning Wench,5-7,,,ge-npc-pages
Yayake,491997,2012-04-27T20:59:45Z,0,Yayake,Lalafell,,Female,,Ul'dah,Ul'dah,Arrzaneth Ossuary,4-5,,,ge-npc-pages
Yayamo,3445,2012-05-10T03:47:50Z,0,Yayamo,Lalafell,,Female,Gatewarden,Gridania,West Shroud,Camp Crimson Bark,32-15,,,ge-npc-pages
Yayatoki,471871,2011-08-26T16:04:48Z,0,Yayatoki,Lalafell,,Female,,Ul'dah,Ul'dah,Merchant Strip,7-4,Instance,,ge-npc-pages
Yayatu,237707,2011-04-27T01:25:33Z,0,Yayatu,Lalafell,,Male,,,Central Shroud,,33-37,Instance,,ge-npc-pages
Yda,282096,2012-03-13T16:39:16Z,0,Yda,Hyur,Midlander,Female,,,Gridania,,6-3,,,ge-npc-pages
Yhah Amariyo,479930,2010-11-08T01:48:01Z,0,Yhah Amariyo,Miqo'te,Keepers of the Moon,Female,,Ul'dah,Ul'dah,The Quicksand,4-6,,,ge-npc-pages
Ylessa,288981,2012-05-15T16:11:49Z,0,Ylessa,Hyur,Midlander,Female,Wood Wailer,Gridania,Gridania,,6-1,,,ge-npc-pages
Yloise,176416,2012-04-09T03:57:03Z,0,Yloise,Elvaan,,Female,,,Northern Thanalan,Camp Bluefog,25-13,,,ge-npc-pages
Yolaine,475198,2011-11-12T12:50:19Z,0,Yolaine,Elezen,Duskwight Elezen,Female,Merchant,Gridania,Gridania,,6-4,,{{Sells|Hempen Undersleeves|360}} {{Sells|Hempen Bodice|360}} {{Sells|Hempen Halftop|360}} {{Sells|Hempen Braies|108}} {{Sells|Hempen Stockings|108}} {{Sells|Hempen Pantalettes|108}},ge-npc-pages
Yoyobina,321479,2012-06-01T03:09:03Z,0,Yoyobina,Lalafell,Dunesfolk,Male,,Ul'dah,Ul'dah,The Coliseum,5-5,Instance,,ge-npc-pages
Yujaja,190438,2012-06-23T11:55:15Z,0,Yujaja,,,,Merchant,Gridania,East Shroud,The Hawthorne Hut,50-32,,"{{Sells|Warped Arrow|2}} {{Sells|Lugworm|2}} {{Sells|Moth Pupa|2}} {{Sells|Mineral Water|60}} {{Sells|Frumenty|64}} {{Sells|Dawn Drops|2,850}} {{Sells|Throat Drops|7,400}} {{Sells|Blood Drops|413}} {{Sells|Boiled Egg|112}} {{Sells|Potion|650}} {{Sells|Eye Drops|1,463}} {{Sells|Grade 1 Dark Matter|50}} {{Sells|Grade 2 Dark Matter|300}} {{Sells|Grade 3 Dark Matter|700}} {{Sells|Grade 4 Dark Matter|1,500}} {{Sells|Grade 5 Dark Matter|3,500}}",ge-npc-pages
Yuyubaya (1.x),240845,2012-05-06T18:37:32Z,0,Yuyubaya,Lalafell,,Female,Mercantile House Representative,Limsa Lominsa,Lominsan Mercantile House,Merchant Wards,1-1,,,ge-npc-pages
Yuyubesu,484217,2012-04-29T15:27:05Z,0,Yuyubesu,Lalafell,Plainsfolk,Male,Miner,Ul'dah,Ul'dah,Amajina & Sons Mineral Concern,6-6,,,ge-npc-pages
Yuyuhase (1.x),492548,2012-04-28T18:11:08Z,0,Yuyuhase,Lalafell,,Male,,Ul'dah,Ul'dah,Merchant Strip,5-3,,,ge-npc-pages
Yvane,35086,2012-03-05T05:18:18Z,0,Yvane,Hyur,Midlander,Female,Event NPC,Ul'dah,Ul'dah,,5-3,,,ge-npc-pages
Yvelont,324569,2012-06-01T22:13:58Z,0,Yvelont,Elezen,Wildwood Elezen,Male,,Ishgard,Coerthas Central Highlands,Dragonhead,36-15,,,ge-npc-pages
Z'onggo,446889,2012-05-06T16:58:34Z,0,Z'onggo,Miqo'te,Seekers of the Sun,Female,,Limsa Lominsa,Limsa Lominsa,Lower Decks,6-7,,,ge-npc-pages
Z'pahtalo,502953,2010-10-11T18:35:49Z,0,Z'pahtalo,Miqo'te,,Female,,Gridania,Gridania,Wailing Barracks,8-2,,,ge-npc-pages
Z'ranmaia,330834,2012-03-17T03:24:06Z,0,Z'ranmaia,Miqo'te,Seekers of the Sun,Female,Merchant,Limsa Lominsa,Limsa Lominsa,The Seventh Sage,7-3,,{{Sells|Cloves|479}} {{Sells|Mandrake|10714}} {{Sells|Garlean Garlic|65}} {{Sells|Nutmeg|2387}} {{Sells|Pearl Ginger|43}} {{Sells|Cinnamon|25}} {{Sells|Vanilla Beans|540}} {{Sells|Sagolii Sage|3395}},ge-npc-pages
Z'ssapa,495611,2012-05-21T21:18:45Z,0,Z'ssapa,Miqo'te,Seekers of the Sun,Female,Miner,Ul'dah,Central Thanalan,Black Brush,27-20,,,ge-npc-pages
Zabinie,444349,2010-12-25T01:58:40Z,0,Zabinie,Elezen,,Female,Quartermaster,,Western La Noscea,Camp Bald Knoll,6-16,,,ge-npc-pages
Zaeshanth,330820,2012-06-06T20:45:50Z,0,Zaeshanth,Roegadyn,Sea Wolves,Male,Chocobo Caravan Leader,Gridania,South Shroud,Tranquil Paths,40-49,,,ge-npc-pages
Zaesoeya,494571,2011-10-20T05:08:21Z,0,Zaesoeya,Roegadyn,Hellsguard,Male,Merchant,Gridania,Gridania,,6-4,,"{{Sells|Sheepskin|1,080}} {{Sells|Dodo Skin|2,160}} {{Sells|Aldgoat Skin|3,600}} {{Sells|Gigantoad Skin|5,400}}",ge-npc-pages
Zagylhaemr,189482,2012-05-07T17:18:02Z,0,Zagylhaemr,Roegadyn,Sea Wolf,Male,Merchant,,Gridania,The Roost,6-8,,"{{Sells|Weathered Gladius|600}} {{Sells|Bronze Dagger|2,700}} {{Sells|Bronze Spatha|7,956}} {{Sells|Weathered Hora|636}} {{Sells|Bone Hora|3,180}} {{Sells|Bronze Knuckles|8,665}} {{Sells|Weathered War Axe|840}} {{Sells|Bronze War Axe|4,200}} {{Sells|Bronze Labrys|11,456}} {{Sells|Weathered Shortbow|816}} {{Sells|Maple Shortbow|4,080}} {{Sells|Wrapped Maple Longbow|11,138}} {{Sells|Warped Arrow|2}} {{Sells|Weathered Spear|840}} {{Sells|Bone Harpoon|4,080}} {{Sells|Iron Spear|13,641}} {{Sells|Square Maple Shield|3,300}} {{Sells|Bronze Buckler|11,916}} {{Sells|Weathered Cane|840}} {{Sells|Maple Wand|2,940}} {{Sells|Budding Maple Wand|6,554}} {{Sells|Weathered Scepter|696}} {{Sells|Bone Staff|4,260}} {{Sells|Brass Cudgel|9,900}} {{Sells|Weathered Pickaxe|600}} {{Sells|Plumed Bronze Pickaxe|8,512}} {{Sells|Weathered Sledgehammer|480}} {{Sells|Weathered Hatchet|636}} {{Sells|Iron Hatchet|9,540}} {{Sells|Weathered Scythe|504}} {{Sells|Weathered Fishing Rod|660}} {{Sells|Elm Fishing Rod|9,900}} {{Sells|Weathered Gig|468}} {{Sells|Bloodworm|3}} {{Sells|Weathered Saw|660}} {{Sells|Chocobotail Saw|9,744}} {{Sells|Weathered Cross-pein Hammer|600}} {{Sells|Birdsbeak Hammer|8,512}} {{Sells|Weathered Doming Hammer|624}} {{Sells|Bronze Raising Hammer|8,512}} {{Sells|Weathered Chaser Hammer|636}} {{Sells|Bronze Ornamental Hammer|8,512}} {{Sells|Weathered Head Knife|588}} {{Sells|Brass Head Knife|8,341}} {{Sells|Rusty Needle|432}} {{Sells|Bat Fang Needle|6,236}} {{Sells|Weathered Alembic|612}} {{Sells|Brass Alembic|9,180}} {{Sells|Weathered Skillet|624}} {{Sells|Iron Skillet|9,360}}",ge-npc-pages
Zagylswerd,468133,2011-11-26T18:55:55Z,0,Zagylswerd,Roegadyn,Sea Wolves,Male,Merchant,Ul'dah,Ul'dah,The Rudius,4-5,,"{{Sells|Weathered Hora|636}} {{Sells|Dodoskin Cesti|43,776}} {{Sells|Weathered Gladius|600}} {{Sells|Bronze Spatha|23,400}} {{Sells|Wrapped Maple Longbow|32,760}} {{Sells|Iron Scutum|96,600}} {{Sells|Warped Arrow|2}} {{Sells|Bronze Chakram|81}}",ge-npc-pages
Zanthael,447538,2012-05-06T17:56:12Z,0,Zanthael,Roegadyn,Sea Wolves,Male,,Limsa Lominsa,Limsa Lominsa,Bulwark Hall,4-7,,,ge-npc-pages
Zawawa,243878,2012-04-28T16:52:44Z,0,Zawawa,Lalafell,,Female,Merchant,Ul'dah,Ul'dahn Mercantile House,Market Wards,1-1,,{{Sells|Weathered Gladius|600}} {{Sells|Hempen Singlet|360}} {{Sells|Hempen Chestband|360}} {{Sells|Hempen Trunks|108}} {{Sells|Hempen Loinguard|108}} {{Sells|Copper Ore|72}} {{Sells|Zinc Ore|1008}},ge-npc-pages
Zehkrepf,190347,2012-06-23T11:55:52Z,0,Zehkrepf,,,,Merchant,Gridania,East Shroud,Camp Nine Ivies,47-29,,"{{Sells|Warped Arrow|2}} {{Sells|Lugworm|2}} {{Sells|Moth Pupa|2}} {{Sells|Mineral Water|60}} {{Sells|Frumenty|64}} {{Sells|Dawn Drops|2,850}} {{Sells|Throat Drops|7,400}} {{Sells|Blood Drops|413}} {{Sells|Boiled Egg|112}} {{Sells|Potion|650}} {{Sells|Eye Drops|1,463}} {{Sells|Grade 1 Dark Matter|50}} {{Sells|Grade 2 Dark Matter|300}} {{Sells|Grade 3 Dark Matter|700}} {{Sells|Grade 4 Dark Matter|1,500}} {{Sells|Grade 5 Dark Matter|3,500}}",ge-npc-pages
Zehrymm,459924,2012-05-04T18:56:10Z,0,Zehrymm,Roegadyn,Sea Wolves,Male,,,Limsa Lominsa,Upper Decks,7-5,,,ge-npc-pages
Zelia,475933,2012-05-15T15:23:52Z,0,Zelia,Elezen,Duskwight Elezen,Female,Merchant,Gridania,Gridania,Rosewood Stalls,4-7,,"{{Sells|Weathered War Axe|840}} {{Sells|Bronze Dagger|4,500}} {{Sells|Salt Cod|84}} {{Sells|Fish Soup|6,502}} {{Sells|Potion|650}} {{Sells|Blood Drops|413}}",ge-npc-pages
Zerig,502414,2012-05-15T18:45:04Z,0,Zerig,Hyur,Midlander,Male,,Gridania,Gridania,Stillglade Fane,2-1,,,ge-npc-pages
Zezeragi,191456,2012-06-08T22:00:40Z,0,Zezeragi,Lalafell,Dunesfolk,Male,Merchant,Ishgard,Mor Dhona,Camp Brittlebark,17-20,,"{{Sells|Warped Arrow|2}} {{Sells|Moth Pupa|2}} {{Sells|Lugworm|2}} {{Sells|Mineral Water|60}} {{Sells|Knight's Bread|4,411}} {{Sells|Mustard Eggs|2,227}} {{Sells|Grade 1 Dark Matter|50}} {{Sells|Grade 2 Dark Matter|300}} {{Sells|Grade 3 Dark Matter|700}} {{Sells|Grade 4 Dark Matter|1,500}} {{Sells|Grade 5 Dark Matter|3,500}}",ge-npc-pages
Ziggy,37981,2012-03-06T05:57:12Z,0,Ziggy,,,,Event NPC,,Ul'dah,,5-3,,,ge-npc-pages
Zilili,512385,2012-06-03T23:51:26Z,0,Zilili,Lalafell,Plainsfolk,Female,,Ul'dah,Eastern Thanalan,The Golden Bazaar,19-37,,,ge-npc-pages
Zirnbyrt,428501,2010-11-12T23:37:24Z,0,Zirnbyrt,Roegadyn,,Male,,Ul'dah,Eastern Thanalan,,45-35,,,ge-npc-pages
Ziuz Amariyo,188207,2012-06-22T03:55:10Z,0,Ziuz Amariyo,Miqo'te,Keepers of the Moon,Female,,,"Gridania, Ul'dah, Limsa Lominsa",,"6-5, 6-3, 7-4",,,ge-npc-pages
Zoengterbin,480039,2012-04-28T22:39:30Z,0,Zoengterbin,Roegadyn,Sea Wolves,Male,,Ul'dah,Ul'dah,The Quicksand,6-4,,,ge-npc-pages
Zoxio,424560,2010-11-11T05:24:02Z,0,Zoxio,Sylph,,,,,Merchants Ward,,,Instance,,ge-npc-pages
Zuzudesu,334788,2012-04-21T18:57:19Z,0,Zuzudesu,Lalafell,Plainsfolk,Male,Merchant,Limsa Lominsa,Limsa Lominsa,East Hawkers' Alley,6-5,,"{{Sells|Weathered Alembic|612}} {{Sells|Bronze Mortar|14,784}} {{Sells|Fish Oil|998}} {{Sells|Clove Oil|479}} {{Sells|Crab Oil|7,200}} {{Sells|Distilled Water|15}} {{Sells|Natron|216}} {{Sells|Animal Glue|998}} {{Sells|Quicksilver|844}} {{Sells|Rock Salt|210}} {{Sells|Silex|1331}} {{Sells|Effervescent Water|179}} {{Sells|Rubber|58}} {{Sells|Yellow Ginseng|461}}",ge-npc-pages
Zuzule,446376,2010-10-02T16:44:56Z,0,Zuzule,Lalafell,,Female,,,Limsa Lominsa,Coral Tower,6-2,,,ge-npc-pages
Zuzupoja,499872,2010-10-11T19:34:00Z,0,Zuzupoja,Lalafell,Dunesfolk,Male,,Gridania,Gridania,The Oak Atrium,6-5,,,ge-npc-pages
Zwyntyl,243904,2012-04-28T16:57:32Z,0,Zwyntyl,Roegadyn,,Male,Repair Merchant,Ul'dah,Ul'dahn Mercantile House,Market Wards,1-1,,,ge-npc-pages
