capture,direction,lane_index,frame_index,subevent_index,subevent_offset,opcode,subpacket_size,application_length,transport_source_actor_id,field_u64_0,field_u64_8,group_type_candidate,member_count
combat_autoattack.pcapng,s2c,0,1,0,0,0x017A,176,144,43723073,2774217370460229305,173508149446676,,
combat_autoattack.pcapng,s2c,0,19,0,0,0x0187,96,64,43723073,2774217370460235254,10002,,
combat_autoattack.pcapng,s2c,0,19,1,96,0x0187,96,64,43723073,2774217370460235254,10002,,
combat_autoattack.pcapng,s2c,0,47,7,800,0x017C,152,120,43723073,154,23316767392801,10002,
combat_autoattack.pcapng,s2c,0,47,8,952,0x017D,64,32,43723073,154,23316767392801,,
combat_autoattack.pcapng,s2c,0,47,9,1016,0x0183,152,120,43723073,154,23316767392801,,1
combat_autoattack.pcapng,s2c,0,47,10,1168,0x017E,56,24,43723073,154,23316767392801,,
combat_autoattack.pcapng,s2c,0,50,1,64,0x017A,176,144,43723073,2774217370460237796,173508149446676,,
combat_autoattack.pcapng,s2c,0,83,0,0,0x018B,88,56,43723073,9223372036862634412,18446744069458307393,,
combat_autoattack.pcapng,s2c,0,123,7,800,0x017C,152,120,43723073,154,23316788114810,10002,
combat_autoattack.pcapng,s2c,0,123,8,952,0x017D,64,32,43723073,154,23316788114810,,
combat_autoattack.pcapng,s2c,0,123,9,1016,0x0183,152,120,43723073,154,23316788114810,,1
combat_autoattack.pcapng,s2c,0,123,10,1168,0x017E,56,24,43723073,154,23316788114810,,
combat_autoattack.pcapng,s2c,0,123,25,2720,0x017C,152,120,43723073,154,23316788115278,10002,
combat_autoattack.pcapng,s2c,0,123,26,2872,0x017D,64,32,43723073,154,23316788115278,,
combat_autoattack.pcapng,s2c,0,123,27,2936,0x0183,152,120,43723073,154,23316788115278,,1
combat_autoattack.pcapng,s2c,0,123,28,3088,0x017E,56,24,43723073,154,23316788115278,,
combat_autoattack.pcapng,s2c,0,124,5,688,0x017C,152,120,43723073,154,23316788115722,10002,
combat_autoattack.pcapng,s2c,0,124,6,840,0x017D,64,32,43723073,154,23316788115722,,
combat_autoattack.pcapng,s2c,0,124,7,904,0x0183,152,120,43723073,154,23316788115722,,1
combat_autoattack.pcapng,s2c,0,124,8,1056,0x017E,56,24,43723073,154,23316788115722,,
combat_autoattack.pcapng,s2c,0,124,23,2608,0x017C,152,120,43723073,154,23316788116164,10002,
combat_autoattack.pcapng,s2c,0,124,24,2760,0x017D,64,32,43723073,154,23316788116164,,
combat_autoattack.pcapng,s2c,0,124,25,2824,0x0183,152,120,43723073,154,23316788116164,,1
combat_autoattack.pcapng,s2c,0,124,26,2976,0x017E,56,24,43723073,154,23316788116164,,
combat_autoattack.pcapng,s2c,0,127,1,64,0x017A,176,144,43723073,2774217370460237795,173508149446676,,
combat_autoattack.pcapng,s2c,0,134,27,3576,0x017A,176,144,43723073,2774217370460226635,173508149446676,,
combat_autoattack.pcapng,s2c,0,134,28,3752,0x017A,176,144,43723073,2774217370460237796,173508149446676,,
combat_autoattack.pcapng,s2c,0,135,0,0,0x017A,176,144,43723073,2774217370460229305,173508149446676,,
combat_skills.pcapng,s2c,0,8,1,64,0x018B,88,56,43723073,9223372036862634412,18446744069458307393,,
combat_skills.pcapng,s2c,0,26,0,0,0x0187,96,64,43723073,2774217370460235259,10002,,
combat_skills.pcapng,s2c,0,26,1,96,0x0187,96,64,43723073,2774217370460235259,10002,,
from_gridania_to_blackshroud.pcapng,s2c,0,15,0,0,0x018B,88,56,43723073,9223372036862634412,18446744069458307393,,
from_gridania_to_blackshroud.pcapng,s2c,0,18,0,0,0x018B,88,56,43723073,9223372036862634412,18446744069458307393,,
from_gridania_to_blackshroud.pcapng,s2c,0,35,0,0,0x018B,88,56,43723073,9223372036862634412,18446744069458307393,,
from_gridania_to_blackshroud.pcapng,s2c,0,56,0,0,0x018B,88,56,43723073,9223372036862634412,18446744069458307393,,
from_gridania_to_blackshroud.pcapng,s2c,0,82,0,0,0x018B,88,56,43723073,9223372036862634412,18446744069458307393,,
from_gridania_to_blackshroud.pcapng,s2c,0,96,0,0,0x018B,88,56,43723073,9223372036862634412,18446744069458307393,,
from_gridania_to_blackshroud.pcapng,s2c,0,106,0,0,0x018B,88,56,43723073,9223372036862634412,18446744069458307393,,
from_gridania_to_blackshroud.pcapng,s2c,0,117,1,696,0x018B,88,56,43723073,9223372036862634412,18446744069458307393,,
from_gridania_to_blackshroud.pcapng,s2c,0,129,0,0,0x018B,88,56,43723073,9223372036862634412,18446744069458307393,,
from_gridania_to_blackshroud.pcapng,s2c,0,147,0,0,0x018B,88,56,43723073,9223372036862634412,18446744069458307393,,
from_gridania_to_blackshroud.pcapng,s2c,0,163,0,0,0x018B,88,56,43723073,9223372036862634412,18446744069458307393,,
from_gridania_to_blackshroud.pcapng,s2c,0,174,0,0,0x018B,88,56,43723073,9223372036862634412,18446744069458307393,,
from_gridania_to_blackshroud.pcapng,s2c,0,184,0,0,0x018B,88,56,43723073,9223372036862634412,18446744069458307393,,
from_gridania_to_blackshroud.pcapng,s2c,0,199,0,0,0x018B,88,56,43723073,9223372036862634412,18446744069458307393,,
from_gridania_to_blackshroud.pcapng,s2c,0,216,0,0,0x018B,88,56,43723073,9223372036862634412,18446744069458307393,,
from_gridania_to_blackshroud.pcapng,s2c,0,216,1,88,0x018B,88,56,43723073,9223372036862634412,18446744069458307393,,
from_gridania_to_blackshroud.pcapng,s2c,0,234,0,0,0x0187,96,64,43723073,9223372036862634412,10001,,
from_gridania_to_blackshroud.pcapng,s2c,0,236,0,0,0x0187,96,64,43723073,9223372036862634412,10001,,
from_gridania_to_blackshroud.pcapng,s2c,0,237,14,1280,0x017C,152,120,43723073,150,23317296965514,80001,
from_gridania_to_blackshroud.pcapng,s2c,0,237,15,1432,0x017D,64,32,43723073,150,23317296965514,,
from_gridania_to_blackshroud.pcapng,s2c,0,237,16,1496,0x017F,440,408,43723073,150,23317296965514,,2
from_gridania_to_blackshroud.pcapng,s2c,0,237,17,1936,0x017E,56,24,43723073,150,23317296965514,,
from_gridania_to_blackshroud.pcapng,s2c,0,237,18,1992,0x017C,152,120,43723073,150,23317296965529,10001,
from_gridania_to_blackshroud.pcapng,s2c,0,237,19,2144,0x017D,64,32,43723073,150,23317296965529,,
from_gridania_to_blackshroud.pcapng,s2c,0,237,20,2208,0x017F,440,408,43723073,150,23317296965529,,1
from_gridania_to_blackshroud.pcapng,s2c,0,237,21,2648,0x017E,56,24,43723073,150,23317296965529,,
from_gridania_to_blackshroud.pcapng,s2c,0,248,1,64,0x017A,176,144,43723073,9223372036861349901,566602513334862381,,
from_gridania_to_blackshroud.pcapng,s2c,0,250,0,0,0x018B,88,56,43723073,9223372036862634412,18446744069458307393,,
from_gridania_to_blackshroud.pcapng,s2c,0,261,0,0,0x018B,88,56,43723073,9223372036862634412,18446744069458307393,,
from_gridania_to_blackshroud.pcapng,s2c,0,273,0,0,0x018B,88,56,43723073,9223372036862634412,18446744069458307393,,
from_gridania_to_blackshroud.pcapng,s2c,0,282,0,0,0x018B,88,56,43723073,9223372036862634412,18446744069458307393,,
gather_wood.pcapng,s2c,0,196,4,520,0x017C,152,120,43723073,150,23323263970813,10002,
gather_wood.pcapng,s2c,0,196,5,672,0x017D,64,32,43723073,150,23323263970813,,
gather_wood.pcapng,s2c,0,196,6,736,0x0183,152,120,43723073,150,23323263970813,,1
gather_wood.pcapng,s2c,0,196,7,888,0x017E,56,24,43723073,150,23323263970813,,
gather_wood.pcapng,s2c,0,200,0,0,0x017A,176,144,43723073,2702159776422300021,173508149446676,,
gather_wood.pcapng,s2c,0,210,7,800,0x017C,152,120,43723073,150,23323267064459,10002,
gather_wood.pcapng,s2c,0,210,8,952,0x017D,64,32,43723073,150,23323267064459,,
gather_wood.pcapng,s2c,0,210,9,1016,0x0183,152,120,43723073,150,23323267064459,,1
gather_wood.pcapng,s2c,0,210,10,1168,0x017E,56,24,43723073,150,23323267064459,,
gather_wood.pcapng,s2c,0,213,0,0,0x017A,176,144,43723073,2702159776422299549,173508149446676,,
gridania_to_coerthas.pcapng,s2c,0,7,0,0,0x018B,88,56,43723073,9223372036862634412,18446744069458307393,,
gridania_to_coerthas.pcapng,s2c,0,28,0,0,0x018B,88,56,43723073,9223372036862634412,18446744069458307393,,
gridania_to_coerthas.pcapng,s2c,0,42,0,0,0x018B,88,56,43723073,9223372036862634412,18446744069458307393,,
gridania_to_coerthas.pcapng,s2c,0,53,0,0,0x018B,88,56,43723073,9223372036862634412,18446744069458307393,,
gridania_to_coerthas.pcapng,s2c,0,64,0,0,0x018B,88,56,43723073,9223372036862634412,18446744069458307393,,
gridania_to_coerthas.pcapng,s2c,0,75,0,0,0x018B,88,56,43723073,9223372036862634412,18446744069458307393,,
gridania_to_coerthas.pcapng,s2c,0,95,0,0,0x018B,88,56,43723073,9223372036862634412,18446744069458307393,,
gridania_to_coerthas.pcapng,s2c,0,110,0,0,0x018B,88,56,43723073,9223372036862634412,18446744069458307393,,
gridania_to_coerthas.pcapng,s2c,0,119,0,0,0x018B,88,56,43723073,9223372036862634412,18446744069458307393,,
gridania_to_coerthas.pcapng,s2c,0,130,0,0,0x018B,88,56,43723073,9223372036862634412,18446744069458307393,,
gridania_to_coerthas.pcapng,s2c,0,146,0,0,0x018B,88,56,43723073,9223372036862634412,18446744069458307393,,
gridania_to_coerthas.pcapng,s2c,0,156,1,64,0x018B,88,56,43723073,9223372036862634412,18446744069458307393,,
gridania_to_coerthas.pcapng,s2c,0,163,0,0,0x018B,88,56,43723073,9223372036862634412,18446744069458307393,,
gridania_to_coerthas.pcapng,s2c,0,173,2,80,0x017C,152,120,43723073,150,23319491342892,80001,
gridania_to_coerthas.pcapng,s2c,0,173,3,232,0x017D,64,32,43723073,150,23319491342892,,
gridania_to_coerthas.pcapng,s2c,0,173,4,296,0x017F,440,408,43723073,150,23319491342892,,2
gridania_to_coerthas.pcapng,s2c,0,173,5,736,0x017E,56,24,43723073,150,23319491342892,,
gridania_to_coerthas.pcapng,s2c,0,173,6,792,0x017C,152,120,43723073,150,23319491342908,10001,
gridania_to_coerthas.pcapng,s2c,0,173,7,944,0x017D,64,32,43723073,150,23319491342908,,
gridania_to_coerthas.pcapng,s2c,0,173,8,1008,0x017F,440,408,43723073,150,23319491342908,,1
gridania_to_coerthas.pcapng,s2c,0,173,9,1448,0x017E,56,24,43723073,150,23319491342908,,
gridania_to_coerthas.pcapng,s2c,0,174,0,0,0x0187,96,64,43723073,9223372036862634412,10001,,
gridania_to_coerthas.pcapng,s2c,0,186,40,3712,0x0187,96,64,43723073,9223372036862634412,10001,,
gridania_to_coerthas.pcapng,s2c,0,189,0,0,0x017A,176,144,43723073,9223372036861349901,566602513334862381,,
gridania_to_coerthas.pcapng,s2c,0,190,1,64,0x018B,88,56,43723073,9223372036862634412,18446744069458307393,,
gridania_to_coerthas.pcapng,s2c,0,200,0,0,0x018B,88,56,43723073,9223372036862634412,18446744069458307393,,
gridania_to_coerthas.pcapng,s2c,0,213,0,0,0x018B,88,56,43723073,9223372036862634412,18446744069458307393,,
gridania_to_coerthas.pcapng,s2c,0,223,0,0,0x018B,88,56,43723073,9223372036862634412,18446744069458307393,,
gridania_to_coerthas.pcapng,s2c,0,233,0,0,0x018B,88,56,43723073,9223372036862634412,18446744069458307393,,
gridania_to_coerthas.pcapng,s2c,0,242,7,800,0x017C,152,120,43723073,150,23319521161102,10002,
gridania_to_coerthas.pcapng,s2c,0,242,8,952,0x017D,64,32,43723073,150,23319521161102,,
gridania_to_coerthas.pcapng,s2c,0,242,9,1016,0x0183,152,120,43723073,150,23319521161102,,1
gridania_to_coerthas.pcapng,s2c,0,242,10,1168,0x017E,56,24,43723073,150,23319521161102,,
gridania_to_coerthas.pcapng,s2c,0,244,0,0,0x017A,176,144,43723073,2702159776422300063,173508149446676,,
gridania_to_coerthas.pcapng,s2c,0,247,0,0,0x018B,88,56,43723073,9223372036862634412,18446744069458307393,,
gridania_to_coerthas.pcapng,s2c,0,250,7,800,0x017C,152,120,43723073,150,23319524330814,10002,
gridania_to_coerthas.pcapng,s2c,0,250,8,952,0x017D,64,32,43723073,150,23319524330814,,
gridania_to_coerthas.pcapng,s2c,0,250,9,1016,0x0183,152,120,43723073,150,23319524330814,,1
gridania_to_coerthas.pcapng,s2c,0,250,10,1168,0x017E,56,24,43723073,150,23319524330814,,
gridania_to_coerthas.pcapng,s2c,0,252,0,0,0x017A,176,144,43723073,2702159776422300030,173508149446676,,
gridania_to_coerthas.pcapng,s2c,0,255,25,2616,0x017C,152,120,43723073,150,23319525441553,10002,
gridania_to_coerthas.pcapng,s2c,0,255,26,2768,0x017D,64,32,43723073,150,23319525441553,,
gridania_to_coerthas.pcapng,s2c,0,255,27,2832,0x0183,152,120,43723073,150,23319525441553,,1
gridania_to_coerthas.pcapng,s2c,0,255,28,2984,0x017E,56,24,43723073,150,23319525441553,,
gridania_to_coerthas.pcapng,s2c,0,257,0,0,0x017A,176,144,43723073,2702159776422300062,173508149446676,,
gridania_to_coerthas.pcapng,s2c,0,265,0,0,0x018B,88,56,43723073,9223372036862634412,18446744069458307393,,
gridania_to_coerthas.pcapng,s2c,0,277,4,520,0x017C,152,120,43723073,150,23319532300885,10002,
gridania_to_coerthas.pcapng,s2c,0,277,5,672,0x017D,64,32,43723073,150,23319532300885,,
gridania_to_coerthas.pcapng,s2c,0,277,6,736,0x0183,152,120,43723073,150,23319532300885,,1
gridania_to_coerthas.pcapng,s2c,0,277,7,888,0x017E,56,24,43723073,150,23319532300885,,
gridania_to_coerthas.pcapng,s2c,0,277,22,2440,0x017C,152,120,43723073,150,23319532301341,10002,
gridania_to_coerthas.pcapng,s2c,0,277,23,2592,0x017D,64,32,43723073,150,23319532301341,,
gridania_to_coerthas.pcapng,s2c,0,277,24,2656,0x0183,152,120,43723073,150,23319532301341,,1
gridania_to_coerthas.pcapng,s2c,0,277,25,2808,0x017E,56,24,43723073,150,23319532301341,,
gridania_to_coerthas.pcapng,s2c,0,278,0,0,0x017A,176,144,43723073,2702159776422299971,173508149446676,,
gridania_to_coerthas.pcapng,s2c,0,280,0,0,0x017A,176,144,43723073,2702159776422299975,173508149446676,,
gridania_to_coerthas.pcapng,s2c,0,281,7,800,0x017C,152,120,43723073,150,23319533340619,10002,
gridania_to_coerthas.pcapng,s2c,0,281,8,952,0x017D,64,32,43723073,150,23319533340619,,
gridania_to_coerthas.pcapng,s2c,0,281,9,1016,0x0183,152,120,43723073,150,23319533340619,,1
gridania_to_coerthas.pcapng,s2c,0,281,10,1168,0x017E,56,24,43723073,150,23319533340619,,
gridania_to_coerthas.pcapng,s2c,0,283,0,0,0x017A,176,144,43723073,2702159776422299980,173508149446676,,
gridania_to_coerthas.pcapng,s2c,0,285,0,0,0x018B,88,56,43723073,9223372036862634412,18446744069458307393,,
gridania_to_coerthas.pcapng,s2c,0,290,7,800,0x017C,152,120,43723073,150,23319536551168,10002,
gridania_to_coerthas.pcapng,s2c,0,290,8,952,0x017D,64,32,43723073,150,23319536551168,,
gridania_to_coerthas.pcapng,s2c,0,290,9,1016,0x0183,152,120,43723073,150,23319536551168,,1
gridania_to_coerthas.pcapng,s2c,0,290,10,1168,0x017E,56,24,43723073,150,23319536551168,,
gridania_to_coerthas.pcapng,s2c,0,290,25,2720,0x017C,152,120,43723073,150,23319536551639,10002,
gridania_to_coerthas.pcapng,s2c,0,290,26,2872,0x017D,64,32,43723073,150,23319536551639,,
gridania_to_coerthas.pcapng,s2c,0,290,27,2936,0x0183,152,120,43723073,150,23319536551639,,1
gridania_to_coerthas.pcapng,s2c,0,290,28,3088,0x017E,56,24,43723073,150,23319536551639,,
gridania_to_coerthas.pcapng,s2c,0,293,0,0,0x017A,176,144,43723073,2702159776422299974,173508149446676,,
gridania_to_coerthas.pcapng,s2c,0,293,1,176,0x017A,176,144,43723073,2702159776422299266,173508149446676,,
gridania_to_coerthas.pcapng,s2c,0,295,7,800,0x017C,152,120,43723073,150,23319537671220,10002,
gridania_to_coerthas.pcapng,s2c,0,295,8,952,0x017D,64,32,43723073,150,23319537671220,,
gridania_to_coerthas.pcapng,s2c,0,295,9,1016,0x0183,152,120,43723073,150,23319537671220,,1
gridania_to_coerthas.pcapng,s2c,0,295,10,1168,0x017E,56,24,43723073,150,23319537671220,,
gridania_to_coerthas.pcapng,s2c,0,297,1,64,0x017A,176,144,43723073,2702159776422299967,173508149446676,,
gridania_to_coerthas.pcapng,s2c,0,298,7,800,0x017C,152,120,43723073,150,23319538701717,10002,
gridania_to_coerthas.pcapng,s2c,0,298,8,952,0x017D,64,32,43723073,150,23319538701717,,
gridania_to_coerthas.pcapng,s2c,0,298,9,1016,0x0183,152,120,43723073,150,23319538701717,,1
gridania_to_coerthas.pcapng,s2c,0,298,10,1168,0x017E,56,24,43723073,150,23319538701717,,
gridania_to_coerthas.pcapng,s2c,0,300,1,64,0x017A,176,144,43723073,2702159776422298789,173508149446676,,
gridania_to_coerthas.pcapng,s2c,0,304,0,0,0x018B,88,56,43723073,9223372036862634412,18446744069458307393,,
gridania_to_coerthas.pcapng,s2c,0,305,7,800,0x017C,152,120,43723073,150,23319540871124,10002,
gridania_to_coerthas.pcapng,s2c,0,305,8,952,0x017D,64,32,43723073,150,23319540871124,,
gridania_to_coerthas.pcapng,s2c,0,305,9,1016,0x0183,152,120,43723073,150,23319540871124,,1
gridania_to_coerthas.pcapng,s2c,0,305,10,1168,0x017E,56,24,43723073,150,23319540871124,,
gridania_to_coerthas.pcapng,s2c,0,309,0,0,0x017A,176,144,43723073,2702159776422299973,173508149446676,,
gridania_to_coerthas.pcapng,s2c,0,316,7,800,0x017C,152,120,43723073,150,23319544131286,10002,
gridania_to_coerthas.pcapng,s2c,0,316,8,952,0x017D,64,32,43723073,150,23319544131286,,
gridania_to_coerthas.pcapng,s2c,0,316,9,1016,0x0183,152,120,43723073,150,23319544131286,,1
gridania_to_coerthas.pcapng,s2c,0,316,10,1168,0x017E,56,24,43723073,150,23319544131286,,
gridania_to_coerthas.pcapng,s2c,0,319,0,0,0x017A,176,144,43723073,2702159776422299738,173508149446676,,
gridania_to_coerthas.pcapng,s2c,0,323,7,800,0x017C,152,120,43723073,150,23319545260796,10002,
gridania_to_coerthas.pcapng,s2c,0,323,8,952,0x017D,64,32,43723073,150,23319545260796,,
gridania_to_coerthas.pcapng,s2c,0,323,9,1016,0x0183,152,120,43723073,150,23319545260796,,1
gridania_to_coerthas.pcapng,s2c,0,323,10,1168,0x017E,56,24,43723073,150,23319545260796,,
gridania_to_coerthas.pcapng,s2c,0,325,0,0,0x017A,176,144,43723073,2702159776422298694,173508149446676,,
gridania_to_coerthas.pcapng,s2c,0,327,0,0,0x018B,88,56,43723073,9223372036862634412,18446744069458307393,,
gridania_to_coerthas.pcapng,s2c,0,330,7,800,0x017C,152,120,43723073,150,23319547431374,10002,
gridania_to_coerthas.pcapng,s2c,0,330,8,952,0x017D,64,32,43723073,150,23319547431374,,
gridania_to_coerthas.pcapng,s2c,0,330,9,1016,0x0183,152,120,43723073,150,23319547431374,,1
gridania_to_coerthas.pcapng,s2c,0,330,10,1168,0x017E,56,24,43723073,150,23319547431374,,
gridania_to_coerthas.pcapng,s2c,0,331,0,0,0x017A,176,144,43723073,2702159776422299265,173508149446676,,
gridania_to_coerthas.pcapng,s2c,0,334,7,800,0x017C,152,120,43723073,150,23319548461270,10002,
gridania_to_coerthas.pcapng,s2c,0,334,8,952,0x017D,64,32,43723073,150,23319548461270,,
gridania_to_coerthas.pcapng,s2c,0,334,9,1016,0x0183,152,120,43723073,150,23319548461270,,1
gridania_to_coerthas.pcapng,s2c,0,334,10,1168,0x017E,56,24,43723073,150,23319548461270,,
gridania_to_coerthas.pcapng,s2c,0,335,0,0,0x017A,176,144,43723073,2702159776422298718,173508149446676,,
gridania_to_coerthas.pcapng,s2c,0,346,0,0,0x018B,88,56,43723073,9223372036862634412,18446744069458307393,,
gridania_to_coerthas.pcapng,s2c,0,355,25,2616,0x017C,152,120,43723073,150,23319557141425,10002,
gridania_to_coerthas.pcapng,s2c,0,355,26,2768,0x017D,64,32,43723073,150,23319557141425,,
gridania_to_coerthas.pcapng,s2c,0,355,27,2832,0x0183,152,120,43723073,150,23319557141425,,1
gridania_to_coerthas.pcapng,s2c,0,355,28,2984,0x017E,56,24,43723073,150,23319557141425,,
gridania_to_coerthas.pcapng,s2c,0,356,4,520,0x017C,152,120,43723073,150,23319557141872,10002,
gridania_to_coerthas.pcapng,s2c,0,356,5,672,0x017D,64,32,43723073,150,23319557141872,,
gridania_to_coerthas.pcapng,s2c,0,356,6,736,0x0183,152,120,43723073,150,23319557141872,,1
gridania_to_coerthas.pcapng,s2c,0,356,7,888,0x017E,56,24,43723073,150,23319557141872,,
gridania_to_coerthas.pcapng,s2c,0,359,0,0,0x017A,176,144,43723073,2702159776422300027,173508149446676,,
gridania_to_coerthas.pcapng,s2c,0,359,1,176,0x017A,176,144,43723073,2702159776422300026,173508149446676,,
gridania_to_coerthas.pcapng,s2c,0,362,0,0,0x018B,88,56,43723073,9223372036862634412,18446744069458307393,,
gridania_to_coerthas.pcapng,s2c,0,370,7,800,0x017C,152,120,43723073,150,23319561471491,10002,
gridania_to_coerthas.pcapng,s2c,0,370,8,952,0x017D,64,32,43723073,150,23319561471491,,
gridania_to_coerthas.pcapng,s2c,0,370,9,1016,0x0183,152,120,43723073,150,23319561471491,,1
gridania_to_coerthas.pcapng,s2c,0,370,10,1168,0x017E,56,24,43723073,150,23319561471491,,
gridania_to_coerthas.pcapng,s2c,0,370,25,2720,0x017C,152,120,43723073,150,23319561471941,10002,
gridania_to_coerthas.pcapng,s2c,0,370,26,2872,0x017D,64,32,43723073,150,23319561471941,,
gridania_to_coerthas.pcapng,s2c,0,370,27,2936,0x0183,152,120,43723073,150,23319561471941,,1
gridania_to_coerthas.pcapng,s2c,0,370,28,3088,0x017E,56,24,43723073,150,23319561471941,,
gridania_to_coerthas.pcapng,s2c,0,371,5,688,0x017C,152,120,43723073,150,23319561472380,10002,
gridania_to_coerthas.pcapng,s2c,0,371,6,840,0x017D,64,32,43723073,150,23319561472380,,
gridania_to_coerthas.pcapng,s2c,0,371,7,904,0x0183,152,120,43723073,150,23319561472380,,1
gridania_to_coerthas.pcapng,s2c,0,371,8,1056,0x017E,56,24,43723073,150,23319561472380,,
gridania_to_coerthas.pcapng,s2c,0,373,0,0,0x017A,176,144,43723073,2702159776422299890,173508149446676,,
gridania_to_coerthas.pcapng,s2c,0,373,1,176,0x017A,176,144,43723073,2702159776422299891,173508149446676,,
gridania_to_coerthas.pcapng,s2c,0,373,2,352,0x017A,176,144,43723073,2702159776422299893,173508149446676,,
gridania_to_coerthas.pcapng,s2c,0,380,7,800,0x017C,152,120,43723073,150,23319563631386,10002,
gridania_to_coerthas.pcapng,s2c,0,380,8,952,0x017D,64,32,43723073,150,23319563631386,,
gridania_to_coerthas.pcapng,s2c,0,380,9,1016,0x0183,152,120,43723073,150,23319563631386,,1
gridania_to_coerthas.pcapng,s2c,0,380,10,1168,0x017E,56,24,43723073,150,23319563631386,,
gridania_to_coerthas.pcapng,s2c,0,382,1,64,0x017A,176,144,43723073,2702159776422298731,173508149446676,,
gridania_to_coerthas.pcapng,s2c,0,383,0,0,0x018B,88,56,43723073,9223372036862634412,18446744069458307393,,
gridania_to_coerthas.pcapng,s2c,0,384,7,800,0x017C,152,120,43723073,150,23319564731165,10002,
gridania_to_coerthas.pcapng,s2c,0,384,8,952,0x017D,64,32,43723073,150,23319564731165,,
gridania_to_coerthas.pcapng,s2c,0,384,9,1016,0x0183,152,120,43723073,150,23319564731165,,1
gridania_to_coerthas.pcapng,s2c,0,384,10,1168,0x017E,56,24,43723073,150,23319564731165,,
gridania_to_coerthas.pcapng,s2c,0,385,1,64,0x017A,176,144,43723073,2702159776422299889,173508149446676,,
gridania_to_coerthas.pcapng,s2c,0,400,0,0,0x018B,88,56,43723073,9223372036862634412,18446744069458307393,,
gridania_to_coerthas.pcapng,s2c,0,412,0,0,0x018B,88,56,43723073,9223372036862634412,18446744069458307393,,
gridania_to_coerthas.pcapng,s2c,0,420,7,800,0x017C,152,120,43723073,150,23319579911356,10002,
gridania_to_coerthas.pcapng,s2c,0,420,8,952,0x017D,64,32,43723073,150,23319579911356,,
gridania_to_coerthas.pcapng,s2c,0,420,9,1016,0x0183,152,120,43723073,150,23319579911356,,1
gridania_to_coerthas.pcapng,s2c,0,420,10,1168,0x017E,56,24,43723073,150,23319579911356,,
gridania_to_coerthas.pcapng,s2c,0,423,0,0,0x017A,176,144,43723073,2702159776422299978,173508149446676,,
gridania_to_coerthas.pcapng,s2c,0,431,0,0,0x018B,88,56,43723073,9223372036862634412,18446744069458307393,,
gridania_to_coerthas.pcapng,s2c,0,433,7,800,0x017C,152,120,43723073,150,23319583181436,10002,
gridania_to_coerthas.pcapng,s2c,0,433,8,952,0x017D,64,32,43723073,150,23319583181436,,
gridania_to_coerthas.pcapng,s2c,0,433,9,1016,0x0183,152,120,43723073,150,23319583181436,,1
gridania_to_coerthas.pcapng,s2c,0,433,10,1168,0x017E,56,24,43723073,150,23319583181436,,
gridania_to_coerthas.pcapng,s2c,0,433,25,2720,0x017C,152,120,43723073,150,23319583181889,10002,
gridania_to_coerthas.pcapng,s2c,0,433,26,2872,0x017D,64,32,43723073,150,23319583181889,,
gridania_to_coerthas.pcapng,s2c,0,433,27,2936,0x0183,152,120,43723073,150,23319583181889,,1
gridania_to_coerthas.pcapng,s2c,0,433,28,3088,0x017E,56,24,43723073,150,23319583181889,,
gridania_to_coerthas.pcapng,s2c,0,435,0,0,0x017A,176,144,43723073,2702159776422299488,173508149446676,,
gridania_to_coerthas.pcapng,s2c,0,435,1,176,0x017A,176,144,43723073,2702159776422298709,173508149446676,,
gridania_to_coerthas.pcapng,s2c,0,447,0,0,0x018B,88,56,43723073,9223372036862634412,18446744069458307393,,
gridania_to_coerthas.pcapng,s2c,0,457,4,520,0x017C,152,120,43723073,150,23319594080797,10002,
gridania_to_coerthas.pcapng,s2c,0,457,5,672,0x017D,64,32,43723073,150,23319594080797,,
gridania_to_coerthas.pcapng,s2c,0,457,6,736,0x0183,152,120,43723073,150,23319594080797,,1
gridania_to_coerthas.pcapng,s2c,0,457,7,888,0x017E,56,24,43723073,150,23319594080797,,
gridania_to_coerthas.pcapng,s2c,0,460,0,0,0x018B,88,56,43723073,9223372036862634412,18446744069458307393,,
gridania_to_coerthas.pcapng,s2c,0,461,0,0,0x017A,176,144,43723073,2702159776422300025,173508149446676,,
gridania_to_coerthas.pcapng,s2c,0,462,7,800,0x017C,152,120,43723073,150,23319595121188,10002,
gridania_to_coerthas.pcapng,s2c,0,462,8,952,0x017D,64,32,43723073,150,23319595121188,,
gridania_to_coerthas.pcapng,s2c,0,462,9,1016,0x0183,152,120,43723073,150,23319595121188,,1
gridania_to_coerthas.pcapng,s2c,0,462,10,1168,0x017E,56,24,43723073,150,23319595121188,,
gridania_to_coerthas.pcapng,s2c,0,464,0,0,0x017A,176,144,43723073,2702159776422299931,173508149446676,,
gridania_to_coerthas.pcapng,s2c,0,466,7,800,0x017C,152,120,43723073,150,23319596151877,10002,
gridania_to_coerthas.pcapng,s2c,0,466,8,952,0x017D,64,32,43723073,150,23319596151877,,
gridania_to_coerthas.pcapng,s2c,0,466,9,1016,0x0183,152,120,43723073,150,23319596151877,,1
gridania_to_coerthas.pcapng,s2c,0,466,10,1168,0x017E,56,24,43723073,150,23319596151877,,
gridania_to_coerthas.pcapng,s2c,0,469,0,0,0x017A,176,144,43723073,2702159776422299423,173508149446676,,
gridania_to_coerthas.pcapng,s2c,0,470,7,800,0x017C,152,120,43723073,150,23319597281729,10002,
gridania_to_coerthas.pcapng,s2c,0,470,8,952,0x017D,64,32,43723073,150,23319597281729,,
gridania_to_coerthas.pcapng,s2c,0,470,9,1016,0x0183,152,120,43723073,150,23319597281729,,1
gridania_to_coerthas.pcapng,s2c,0,470,10,1168,0x017E,56,24,43723073,150,23319597281729,,
gridania_to_coerthas.pcapng,s2c,0,470,25,2720,0x017C,152,120,43723073,150,23319597282194,10002,
gridania_to_coerthas.pcapng,s2c,0,470,26,2872,0x017D,64,32,43723073,150,23319597282194,,
gridania_to_coerthas.pcapng,s2c,0,470,27,2936,0x0183,152,120,43723073,150,23319597282194,,1
gridania_to_coerthas.pcapng,s2c,0,470,28,3088,0x017E,56,24,43723073,150,23319597282194,,
gridania_to_coerthas.pcapng,s2c,0,471,0,0,0x017A,176,144,43723073,2702159776422299422,173508149446676,,
gridania_to_coerthas.pcapng,s2c,0,472,0,0,0x017A,176,144,43723073,2702159776422299321,173508149446676,,
gridania_to_coerthas.pcapng,s2c,0,474,7,800,0x017C,152,120,43723073,150,23319598321326,10002,
gridania_to_coerthas.pcapng,s2c,0,474,8,952,0x017D,64,32,43723073,150,23319598321326,,
gridania_to_coerthas.pcapng,s2c,0,474,9,1016,0x0183,152,120,43723073,150,23319598321326,,1
gridania_to_coerthas.pcapng,s2c,0,474,10,1168,0x017E,56,24,43723073,150,23319598321326,,
gridania_to_coerthas.pcapng,s2c,0,475,0,0,0x017A,176,144,43723073,2702159776422299424,173508149446676,,
gridania_to_coerthas.pcapng,s2c,0,478,0,0,0x018B,88,56,43723073,9223372036862634412,18446744069458307393,,
gridania_to_coerthas.pcapng,s2c,0,487,7,800,0x017C,152,120,43723073,150,23319603791274,10002,
gridania_to_coerthas.pcapng,s2c,0,487,8,952,0x017D,64,32,43723073,150,23319603791274,,
gridania_to_coerthas.pcapng,s2c,0,487,9,1016,0x0183,152,120,43723073,150,23319603791274,,1
gridania_to_coerthas.pcapng,s2c,0,487,10,1168,0x017E,56,24,43723073,150,23319603791274,,
gridania_to_coerthas.pcapng,s2c,0,490,0,0,0x017A,176,144,43723073,2702159776422300041,173508149446676,,
gridania_to_coerthas.pcapng,s2c,0,496,0,0,0x018B,88,56,43723073,9223372036862634412,18446744069458307393,,
gridania_to_coerthas.pcapng,s2c,0,507,7,800,0x017C,152,120,43723073,150,23319611582477,10002,
gridania_to_coerthas.pcapng,s2c,0,507,8,952,0x017D,64,32,43723073,150,23319611582477,,
gridania_to_coerthas.pcapng,s2c,0,507,9,1016,0x0183,152,120,43723073,150,23319611582477,,1
gridania_to_coerthas.pcapng,s2c,0,507,10,1168,0x017E,56,24,43723073,150,23319611582477,,
gridania_to_coerthas.pcapng,s2c,0,509,0,0,0x017A,176,144,43723073,2702159776422298668,173508149446676,,
gridania_to_coerthas.pcapng,s2c,0,512,0,0,0x018B,88,56,43723073,9223372036862634412,18446744069458307393,,
gridania_to_coerthas.pcapng,s2c,0,515,7,800,0x017C,152,120,43723073,150,23319613821300,10002,
gridania_to_coerthas.pcapng,s2c,0,515,8,952,0x017D,64,32,43723073,150,23319613821300,,
gridania_to_coerthas.pcapng,s2c,0,515,9,1016,0x0183,152,120,43723073,150,23319613821300,,1
gridania_to_coerthas.pcapng,s2c,0,515,10,1168,0x017E,56,24,43723073,150,23319613821300,,
gridania_to_coerthas.pcapng,s2c,0,515,25,2720,0x017C,152,120,43723073,150,23319613821759,10002,
gridania_to_coerthas.pcapng,s2c,0,515,26,2872,0x017D,64,32,43723073,150,23319613821759,,
gridania_to_coerthas.pcapng,s2c,0,515,27,2936,0x0183,152,120,43723073,150,23319613821759,,1
gridania_to_coerthas.pcapng,s2c,0,515,28,3088,0x017E,56,24,43723073,150,23319613821759,,
gridania_to_coerthas.pcapng,s2c,0,516,5,688,0x017C,152,120,43723073,150,23319613822204,10002,
gridania_to_coerthas.pcapng,s2c,0,516,6,840,0x017D,64,32,43723073,150,23319613822204,,
gridania_to_coerthas.pcapng,s2c,0,516,7,904,0x0183,152,120,43723073,150,23319613822204,,1
gridania_to_coerthas.pcapng,s2c,0,516,8,1056,0x017E,56,24,43723073,150,23319613822204,,
gridania_to_coerthas.pcapng,s2c,0,518,0,0,0x017A,176,144,43723073,2702159776422299408,173508149446676,,
gridania_to_coerthas.pcapng,s2c,0,518,1,176,0x017A,176,144,43723073,2702159776422299450,173508149446676,,
gridania_to_coerthas.pcapng,s2c,0,518,2,352,0x017A,176,144,43723073,2702159776422299766,173508149446676,,
gridania_to_coerthas.pcapng,s2c,0,520,7,800,0x017C,152,120,43723073,150,23319614881599,10002,
gridania_to_coerthas.pcapng,s2c,0,520,8,952,0x017D,64,32,43723073,150,23319614881599,,
gridania_to_coerthas.pcapng,s2c,0,520,9,1016,0x0183,152,120,43723073,150,23319614881599,,1
gridania_to_coerthas.pcapng,s2c,0,520,10,1168,0x017E,56,24,43723073,150,23319614881599,,
gridania_to_coerthas.pcapng,s2c,0,520,25,2720,0x017C,152,120,43723073,150,23319614882082,10002,
gridania_to_coerthas.pcapng,s2c,0,520,26,2872,0x017D,64,32,43723073,150,23319614882082,,
gridania_to_coerthas.pcapng,s2c,0,520,27,2936,0x0183,152,120,43723073,150,23319614882082,,1
gridania_to_coerthas.pcapng,s2c,0,520,28,3088,0x017E,56,24,43723073,150,23319614882082,,
gridania_to_coerthas.pcapng,s2c,0,521,5,688,0x017C,152,120,43723073,150,23319614882528,10002,
gridania_to_coerthas.pcapng,s2c,0,521,6,840,0x017D,64,32,43723073,150,23319614882528,,
gridania_to_coerthas.pcapng,s2c,0,521,7,904,0x0183,152,120,43723073,150,23319614882528,,1
gridania_to_coerthas.pcapng,s2c,0,521,8,1056,0x017E,56,24,43723073,150,23319614882528,,
gridania_to_coerthas.pcapng,s2c,0,523,0,0,0x017A,176,144,43723073,2702159776422299764,173508149446676,,
gridania_to_coerthas.pcapng,s2c,0,523,1,176,0x017A,176,144,43723073,2702159776422299407,173508149446676,,
gridania_to_coerthas.pcapng,s2c,0,523,2,352,0x017A,176,144,43723073,2702159776422299767,173508149446676,,
gridania_to_coerthas.pcapng,s2c,0,525,7,800,0x017C,152,120,43723073,150,23319615910973,10002,
gridania_to_coerthas.pcapng,s2c,0,525,8,952,0x017D,64,32,43723073,150,23319615910973,,
gridania_to_coerthas.pcapng,s2c,0,525,9,1016,0x0183,152,120,43723073,150,23319615910973,,1
gridania_to_coerthas.pcapng,s2c,0,526,0,0,0x017E,56,24,43723073,150,23319615910973,,
gridania_to_coerthas.pcapng,s2c,0,526,15,1552,0x017C,152,120,43723073,150,23319615911516,10002,
gridania_to_coerthas.pcapng,s2c,0,526,16,1704,0x017D,64,32,43723073,150,23319615911516,,
gridania_to_coerthas.pcapng,s2c,0,526,17,1768,0x0183,152,120,43723073,150,23319615911516,,1
gridania_to_coerthas.pcapng,s2c,0,526,18,1920,0x017E,56,24,43723073,150,23319615911516,,
gridania_to_coerthas.pcapng,s2c,0,526,33,3472,0x017C,152,120,43723073,150,23319615911954,10002,
gridania_to_coerthas.pcapng,s2c,0,526,34,3624,0x017D,64,32,43723073,150,23319615911954,,
gridania_to_coerthas.pcapng,s2c,0,526,35,3688,0x0183,152,120,43723073,150,23319615911954,,1
gridania_to_coerthas.pcapng,s2c,0,526,36,3840,0x017E,56,24,43723073,150,23319615911954,,
gridania_to_coerthas.pcapng,s2c,0,527,11,1344,0x017C,152,120,43723073,150,23319615912391,10002,
gridania_to_coerthas.pcapng,s2c,0,527,12,1496,0x017D,64,32,43723073,150,23319615912391,,
gridania_to_coerthas.pcapng,s2c,0,527,13,1560,0x0183,152,120,43723073,150,23319615912391,,1
gridania_to_coerthas.pcapng,s2c,0,527,14,1712,0x017E,56,24,43723073,150,23319615912391,,
gridania_to_coerthas.pcapng,s2c,0,529,0,0,0x017A,176,144,43723073,2702159776422299447,173508149446676,,
gridania_to_coerthas.pcapng,s2c,0,529,1,176,0x017A,176,144,43723073,2702159776422299451,173508149446676,,
gridania_to_coerthas.pcapng,s2c,0,529,2,352,0x017A,176,144,43723073,2702159776422299445,173508149446676,,
gridania_to_coerthas.pcapng,s2c,0,529,3,528,0x017A,176,144,43723073,2702159776422299765,173508149446676,,
gridania_to_coerthas.pcapng,s2c,0,530,7,800,0x017C,152,120,43723073,150,23319616951178,10002,
gridania_to_coerthas.pcapng,s2c,0,530,8,952,0x017D,64,32,43723073,150,23319616951178,,
gridania_to_coerthas.pcapng,s2c,0,530,9,1016,0x0183,152,120,43723073,150,23319616951178,,1
gridania_to_coerthas.pcapng,s2c,0,530,10,1168,0x017E,56,24,43723073,150,23319616951178,,
gridania_to_coerthas.pcapng,s2c,0,532,0,0,0x017A,176,144,43723073,2702159776422299442,173508149446676,,
gridania_to_coerthas.pcapng,s2c,0,534,0,0,0x018B,88,56,43723073,9223372036862634412,18446744069458307393,,
gridania_to_coerthas.pcapng,s2c,0,547,7,800,0x017C,152,120,43723073,150,23319623471565,10002,
gridania_to_coerthas.pcapng,s2c,0,547,8,952,0x017D,64,32,43723073,150,23319623471565,,
gridania_to_coerthas.pcapng,s2c,0,547,9,1016,0x0183,152,120,43723073,150,23319623471565,,1
gridania_to_coerthas.pcapng,s2c,0,547,10,1168,0x017E,56,24,43723073,150,23319623471565,,
gridania_to_coerthas.pcapng,s2c,0,548,0,0,0x017A,176,144,43723073,2702159776422299298,173508149446676,,
gridania_to_coerthas.pcapng,s2c,0,549,0,0,0x018B,88,56,43723073,9223372036862634412,18446744069458307393,,
gridania_to_coerthas.pcapng,s2c,0,562,0,0,0x018B,88,56,43723073,9223372036862634412,18446744069458307393,,
gridania_to_coerthas.pcapng,s2c,0,575,7,800,0x017C,152,120,43723073,150,23319635754721,10002,
gridania_to_coerthas.pcapng,s2c,0,575,8,952,0x017D,64,32,43723073,150,23319635754721,,
gridania_to_coerthas.pcapng,s2c,0,575,9,1016,0x0183,152,120,43723073,150,23319635754721,,1
gridania_to_coerthas.pcapng,s2c,0,575,10,1168,0x017E,56,24,43723073,150,23319635754721,,
gridania_to_coerthas.pcapng,s2c,0,578,0,0,0x018B,88,56,43723073,9223372036862634412,18446744069458307393,,
gridania_to_coerthas.pcapng,s2c,0,578,1,88,0x017A,176,144,43723073,2702159776422299400,173508149446676,,
gridania_to_coerthas.pcapng,s2c,0,581,4,520,0x017C,152,120,43723073,150,23319636870792,10002,
gridania_to_coerthas.pcapng,s2c,0,581,5,672,0x017D,64,32,43723073,150,23319636870792,,
gridania_to_coerthas.pcapng,s2c,0,581,6,736,0x0183,152,120,43723073,150,23319636870792,,1
gridania_to_coerthas.pcapng,s2c,0,581,7,888,0x017E,56,24,43723073,150,23319636870792,,
gridania_to_coerthas.pcapng,s2c,0,584,0,0,0x017A,176,144,43723073,2702159776422299592,173508149446676,,
gridania_to_coerthas.pcapng,s2c,0,587,7,800,0x017C,152,120,43723073,150,23319639051452,10002,
gridania_to_coerthas.pcapng,s2c,0,587,8,952,0x017D,64,32,43723073,150,23319639051452,,
gridania_to_coerthas.pcapng,s2c,0,587,9,1016,0x0183,152,120,43723073,150,23319639051452,,1
gridania_to_coerthas.pcapng,s2c,0,587,10,1168,0x017E,56,24,43723073,150,23319639051452,,
gridania_to_coerthas.pcapng,s2c,0,587,25,2720,0x017C,152,120,43723073,150,23319639051908,10002,
gridania_to_coerthas.pcapng,s2c,0,587,26,2872,0x017D,64,32,43723073,150,23319639051908,,
gridania_to_coerthas.pcapng,s2c,0,587,27,2936,0x0183,152,120,43723073,150,23319639051908,,1
gridania_to_coerthas.pcapng,s2c,0,587,28,3088,0x017E,56,24,43723073,150,23319639051908,,
gridania_to_coerthas.pcapng,s2c,0,590,0,0,0x017A,176,144,43723073,2702159776422299598,173508149446676,,
gridania_to_coerthas.pcapng,s2c,0,591,0,0,0x017A,176,144,43723073,2702159776422299779,173508149446676,,
gridania_to_coerthas.pcapng,s2c,0,592,7,800,0x017C,152,120,43723073,150,23319640073847,10002,
gridania_to_coerthas.pcapng,s2c,0,592,8,952,0x017D,64,32,43723073,150,23319640073847,,
gridania_to_coerthas.pcapng,s2c,0,592,9,1016,0x0183,152,120,43723073,150,23319640073847,,1
gridania_to_coerthas.pcapng,s2c,0,592,10,1168,0x017E,56,24,43723073,150,23319640073847,,
gridania_to_coerthas.pcapng,s2c,0,592,25,2720,0x017C,152,120,43723073,150,23319640074302,10002,
gridania_to_coerthas.pcapng,s2c,0,592,26,2872,0x017D,64,32,43723073,150,23319640074302,,
gridania_to_coerthas.pcapng,s2c,0,592,27,2936,0x0183,152,120,43723073,150,23319640074302,,1
gridania_to_coerthas.pcapng,s2c,0,592,28,3088,0x017E,56,24,43723073,150,23319640074302,,
gridania_to_coerthas.pcapng,s2c,0,593,5,688,0x017C,152,120,43723073,150,23319640074741,10002,
gridania_to_coerthas.pcapng,s2c,0,593,6,840,0x017D,64,32,43723073,150,23319640074741,,
gridania_to_coerthas.pcapng,s2c,0,593,7,904,0x0183,152,120,43723073,150,23319640074741,,1
gridania_to_coerthas.pcapng,s2c,0,593,8,1056,0x017E,56,24,43723073,150,23319640074741,,
gridania_to_coerthas.pcapng,s2c,0,595,0,0,0x017A,176,144,43723073,2702159776422299613,173508149446676,,
gridania_to_coerthas.pcapng,s2c,0,595,1,176,0x017A,176,144,43723073,2702159776422299768,173508149446676,,
gridania_to_coerthas.pcapng,s2c,0,595,2,352,0x017A,176,144,43723073,2702159776422299789,173508149446676,,
gridania_to_coerthas.pcapng,s2c,0,597,7,800,0x017C,152,120,43723073,150,23319641221374,10002,
gridania_to_coerthas.pcapng,s2c,0,597,8,952,0x017D,64,32,43723073,150,23319641221374,,
gridania_to_coerthas.pcapng,s2c,0,597,9,1016,0x0183,152,120,43723073,150,23319641221374,,1
gridania_to_coerthas.pcapng,s2c,0,597,10,1168,0x017E,56,24,43723073,150,23319641221374,,
gridania_to_coerthas.pcapng,s2c,0,597,25,2720,0x017C,152,120,43723073,150,23319641221845,10002,
gridania_to_coerthas.pcapng,s2c,0,597,26,2872,0x017D,64,32,43723073,150,23319641221845,,
gridania_to_coerthas.pcapng,s2c,0,597,27,2936,0x0183,152,120,43723073,150,23319641221845,,1
gridania_to_coerthas.pcapng,s2c,0,597,28,3088,0x017E,56,24,43723073,150,23319641221845,,
gridania_to_coerthas.pcapng,s2c,0,600,0,0,0x017A,176,144,43723073,2702159776422299788,173508149446676,,
gridania_to_coerthas.pcapng,s2c,0,600,1,176,0x017A,176,144,43723073,2702159776422299787,173508149446676,,
gridania_to_coerthas.pcapng,s2c,0,603,7,800,0x017C,152,120,43723073,150,23319642251572,10002,
gridania_to_coerthas.pcapng,s2c,0,603,8,952,0x017D,64,32,43723073,150,23319642251572,,
gridania_to_coerthas.pcapng,s2c,0,603,9,1016,0x0183,152,120,43723073,150,23319642251572,,1
gridania_to_coerthas.pcapng,s2c,0,603,10,1168,0x017E,56,24,43723073,150,23319642251572,,
gridania_to_coerthas.pcapng,s2c,0,603,25,2720,0x017C,152,120,43723073,150,23319642252033,10002,
gridania_to_coerthas.pcapng,s2c,0,603,26,2872,0x017D,64,32,43723073,150,23319642252033,,
gridania_to_coerthas.pcapng,s2c,0,603,27,2936,0x0183,152,120,43723073,150,23319642252033,,1
gridania_to_coerthas.pcapng,s2c,0,603,28,3088,0x017E,56,24,43723073,150,23319642252033,,
gridania_to_coerthas.pcapng,s2c,0,604,0,0,0x018B,88,56,43723073,9223372036862634412,18446744069458307393,,
gridania_to_coerthas.pcapng,s2c,0,604,1,88,0x017A,176,144,43723073,2702159776422299617,173508149446676,,
gridania_to_coerthas.pcapng,s2c,0,604,2,264,0x017A,176,144,43723073,2702159776422299785,173508149446676,,
gridania_to_coerthas.pcapng,s2c,0,606,8,840,0x017C,152,120,43723073,150,23319643276055,10002,
gridania_to_coerthas.pcapng,s2c,0,606,9,992,0x017D,64,32,43723073,150,23319643276055,,
gridania_to_coerthas.pcapng,s2c,0,606,10,1056,0x0183,152,120,43723073,150,23319643276055,,1
gridania_to_coerthas.pcapng,s2c,0,606,11,1208,0x017E,56,24,43723073,150,23319643276055,,
gridania_to_coerthas.pcapng,s2c,0,606,26,2760,0x017C,152,120,43723073,150,23319643276506,10002,
gridania_to_coerthas.pcapng,s2c,0,606,27,2912,0x017D,64,32,43723073,150,23319643276506,,
gridania_to_coerthas.pcapng,s2c,0,606,28,2976,0x0183,152,120,43723073,150,23319643276506,,1
gridania_to_coerthas.pcapng,s2c,0,606,29,3128,0x017E,56,24,43723073,150,23319643276506,,
gridania_to_coerthas.pcapng,s2c,0,607,5,688,0x017C,152,120,43723073,150,23319643276938,10002,
gridania_to_coerthas.pcapng,s2c,0,607,6,840,0x017D,64,32,43723073,150,23319643276938,,
gridania_to_coerthas.pcapng,s2c,0,607,7,904,0x0183,152,120,43723073,150,23319643276938,,1
gridania_to_coerthas.pcapng,s2c,0,607,8,1056,0x017E,56,24,43723073,150,23319643276938,,
gridania_to_coerthas.pcapng,s2c,0,609,0,0,0x017A,176,144,43723073,2702159776422299615,173508149446676,,
gridania_to_coerthas.pcapng,s2c,0,609,1,176,0x017A,176,144,43723073,2702159776422299616,173508149446676,,
gridania_to_coerthas.pcapng,s2c,0,610,0,0,0x017A,176,144,43723073,2702159776422299783,173508149446676,,
gridania_to_coerthas.pcapng,s2c,0,619,0,0,0x018B,88,56,43723073,9223372036862634412,18446744069458307393,,
gridania_to_coerthas.pcapng,s2c,0,631,0,0,0x018B,88,56,43723073,9223372036862634412,18446744069458307393,,
gridania_to_coerthas.pcapng,s2c,0,648,0,0,0x018B,88,56,43723073,9223372036862634412,18446744069458307393,,
gridania_to_coerthas.pcapng,s2c,0,663,0,0,0x018B,88,56,43723073,9223372036862634412,18446744069458307393,,
gridania_to_coerthas.pcapng,s2c,0,676,0,0,0x018B,88,56,43723073,9223372036862634412,18446744069458307393,,
gridania_to_coerthas.pcapng,s2c,0,677,7,800,0x017C,152,120,43723073,150,23319673091442,10002,
gridania_to_coerthas.pcapng,s2c,0,677,8,952,0x017D,64,32,43723073,150,23319673091442,,
gridania_to_coerthas.pcapng,s2c,0,677,9,1016,0x0183,152,120,43723073,150,23319673091442,,1
gridania_to_coerthas.pcapng,s2c,0,677,10,1168,0x017E,56,24,43723073,150,23319673091442,,
gridania_to_coerthas.pcapng,s2c,0,679,0,0,0x017A,176,144,43723073,2702159776422300040,173508149446676,,
gridania_to_coerthas.pcapng,s2c,0,680,7,800,0x017C,152,120,43723073,150,23319674211389,10002,
gridania_to_coerthas.pcapng,s2c,0,680,8,952,0x017D,64,32,43723073,150,23319674211389,,
gridania_to_coerthas.pcapng,s2c,0,680,9,1016,0x0183,152,120,43723073,150,23319674211389,,1
gridania_to_coerthas.pcapng,s2c,0,680,10,1168,0x017E,56,24,43723073,150,23319674211389,,
gridania_to_coerthas.pcapng,s2c,0,682,0,0,0x017A,176,144,43723073,2702159776422299504,173508149446676,,
gridania_to_coerthas.pcapng,s2c,0,687,7,800,0x017C,152,120,43723073,150,23319676371799,10002,
gridania_to_coerthas.pcapng,s2c,0,687,8,952,0x017D,64,32,43723073,150,23319676371799,,
gridania_to_coerthas.pcapng,s2c,0,687,9,1016,0x0183,152,120,43723073,150,23319676371799,,1
gridania_to_coerthas.pcapng,s2c,0,687,10,1168,0x017E,56,24,43723073,150,23319676371799,,
gridania_to_coerthas.pcapng,s2c,0,688,0,0,0x017A,176,144,43723073,2702159776422298702,173508149446676,,
gridania_to_coerthas.pcapng,s2c,0,690,7,800,0x017C,152,120,43723073,150,23319677775921,10002,
gridania_to_coerthas.pcapng,s2c,0,690,8,952,0x017D,64,32,43723073,150,23319677775921,,
gridania_to_coerthas.pcapng,s2c,0,690,9,1016,0x0183,152,120,43723073,150,23319677775921,,1
gridania_to_coerthas.pcapng,s2c,0,690,10,1168,0x017E,56,24,43723073,150,23319677775921,,
gridania_to_coerthas.pcapng,s2c,0,692,1,64,0x017A,176,144,43723073,2702159776422300039,173508149446676,,
gridania_to_coerthas.pcapng,s2c,0,693,0,0,0x018B,88,56,43723073,9223372036862634412,18446744069458307393,,
gridania_to_coerthas.pcapng,s2c,0,694,7,800,0x017C,152,120,43723073,150,23319678870772,10002,
gridania_to_coerthas.pcapng,s2c,0,694,8,952,0x017D,64,32,43723073,150,23319678870772,,
gridania_to_coerthas.pcapng,s2c,0,694,9,1016,0x0183,152,120,43723073,150,23319678870772,,1
gridania_to_coerthas.pcapng,s2c,0,694,10,1168,0x017E,56,24,43723073,150,23319678870772,,
gridania_to_coerthas.pcapng,s2c,0,698,0,0,0x017A,176,144,43723073,2702159776422299502,173508149446676,,
gridania_to_coerthas.pcapng,s2c,0,701,7,800,0x017C,152,120,43723073,150,23319681041603,10002,
gridania_to_coerthas.pcapng,s2c,0,701,8,952,0x017D,64,32,43723073,150,23319681041603,,
gridania_to_coerthas.pcapng,s2c,0,701,9,1016,0x0183,152,120,43723073,150,23319681041603,,1
gridania_to_coerthas.pcapng,s2c,0,701,10,1168,0x017E,56,24,43723073,150,23319681041603,,
gridania_to_coerthas.pcapng,s2c,0,705,0,0,0x017A,176,144,43723073,2702159776422298670,173508149446676,,
gridania_to_coerthas.pcapng,s2c,0,710,4,520,0x017C,152,120,43723073,150,23319683280717,10002,
gridania_to_coerthas.pcapng,s2c,0,710,5,672,0x017D,64,32,43723073,150,23319683280717,,
gridania_to_coerthas.pcapng,s2c,0,710,6,736,0x0183,152,120,43723073,150,23319683280717,,1
gridania_to_coerthas.pcapng,s2c,0,710,7,888,0x017E,56,24,43723073,150,23319683280717,,
gridania_to_coerthas.pcapng,s2c,0,712,0,0,0x017A,176,144,43723073,2702159776422300038,173508149446676,,
gridania_to_coerthas.pcapng,s2c,0,715,0,0,0x018B,88,56,43723073,9223372036862634412,18446744069458307393,,
gridania_to_coerthas.pcapng,s2c,0,730,0,0,0x018B,88,56,43723073,9223372036862634412,18446744069458307393,,
gridania_to_coerthas.pcapng,s2c,0,738,7,800,0x017C,152,120,43723073,150,23319694331452,10002,
gridania_to_coerthas.pcapng,s2c,0,738,8,952,0x017D,64,32,43723073,150,23319694331452,,
gridania_to_coerthas.pcapng,s2c,0,738,9,1016,0x0183,152,120,43723073,150,23319694331452,,1
gridania_to_coerthas.pcapng,s2c,0,738,10,1168,0x017E,56,24,43723073,150,23319694331452,,
gridania_to_coerthas.pcapng,s2c,0,738,25,2720,0x017C,152,120,43723073,150,23319694331912,10002,
gridania_to_coerthas.pcapng,s2c,0,738,26,2872,0x017D,64,32,43723073,150,23319694331912,,
gridania_to_coerthas.pcapng,s2c,0,738,27,2936,0x0183,152,120,43723073,150,23319694331912,,1
gridania_to_coerthas.pcapng,s2c,0,738,28,3088,0x017E,56,24,43723073,150,23319694331912,,
gridania_to_coerthas.pcapng,s2c,0,740,0,0,0x017A,176,144,43723073,2702159776422298676,173508149446676,,
gridania_to_coerthas.pcapng,s2c,0,741,0,0,0x017A,176,144,43723073,2702159776422300037,173508149446676,,
gridania_to_coerthas.pcapng,s2c,0,745,0,0,0x018B,88,56,43723073,9223372036862634412,18446744069458307393,,
gridania_to_coerthas.pcapng,s2c,0,758,0,0,0x018B,88,56,43723073,9223372036862634412,18446744069458307393,,
gridania_to_coerthas.pcapng,s2c,0,769,4,520,0x017C,152,120,43723073,150,23319707640730,10002,
gridania_to_coerthas.pcapng,s2c,0,769,5,672,0x017D,64,32,43723073,150,23319707640730,,
gridania_to_coerthas.pcapng,s2c,0,769,6,736,0x0183,152,120,43723073,150,23319707640730,,1
gridania_to_coerthas.pcapng,s2c,0,769,7,888,0x017E,56,24,43723073,150,23319707640730,,
gridania_to_coerthas.pcapng,s2c,0,770,1,64,0x017A,176,144,43723073,2702159776422298677,173508149446676,,
gridania_to_coerthas.pcapng,s2c,0,771,0,0,0x018B,88,56,43723073,9223372036862634412,18446744069458307393,,
gridania_to_coerthas.pcapng,s2c,0,772,7,800,0x017C,152,120,43723073,150,23319708760901,10002,
gridania_to_coerthas.pcapng,s2c,0,772,8,952,0x017D,64,32,43723073,150,23319708760901,,
gridania_to_coerthas.pcapng,s2c,0,772,9,1016,0x0183,152,120,43723073,150,23319708760901,,1
gridania_to_coerthas.pcapng,s2c,0,772,10,1168,0x017E,56,24,43723073,150,23319708760901,,
gridania_to_coerthas.pcapng,s2c,0,774,1,64,0x017A,176,144,43723073,2702159776422298645,173508149446676,,
gridania_to_coerthas.pcapng,s2c,0,784,0,0,0x018B,88,56,43723073,9223372036862634412,18446744069458307393,,
gridania_to_coerthas.pcapng,s2c,0,797,0,0,0x018B,88,56,43723073,9223372036862634412,18446744069458307393,,
gridania_to_coerthas.pcapng,s2c,0,808,0,0,0x018B,88,56,43723073,9223372036862634412,18446744069458307393,,
gridania_to_coerthas.pcapng,s2c,0,819,0,0,0x018B,88,56,43723073,9223372036862634412,18446744069458307393,,
gridania_to_coerthas.pcapng,s2c,0,830,0,0,0x018B,88,56,43723073,9223372036862634412,18446744069458307393,,
gridania_to_coerthas.pcapng,s2c,0,837,0,0,0x018B,88,56,43723073,9223372036862634412,18446744069458307393,,
gridania_to_coerthas.pcapng,s2c,0,845,0,0,0x0187,96,64,43723073,9223372036862634412,10001,,
gridania_to_coerthas.pcapng,s2c,0,846,14,1280,0x017C,152,120,43723073,152,23318936174014,80001,
gridania_to_coerthas.pcapng,s2c,0,846,15,1432,0x017D,64,32,43723073,152,23318936174014,,
gridania_to_coerthas.pcapng,s2c,0,846,16,1496,0x017F,440,408,43723073,152,23318936174014,,2
gridania_to_coerthas.pcapng,s2c,0,846,17,1936,0x017E,56,24,43723073,152,23318936174014,,
gridania_to_coerthas.pcapng,s2c,0,846,18,1992,0x017C,152,120,43723073,152,23318936174030,10001,
gridania_to_coerthas.pcapng,s2c,0,846,19,2144,0x017D,64,32,43723073,152,23318936174030,,
gridania_to_coerthas.pcapng,s2c,0,846,20,2208,0x017F,440,408,43723073,152,23318936174030,,1
gridania_to_coerthas.pcapng,s2c,0,846,21,2648,0x017E,56,24,43723073,152,23318936174030,,
gridania_to_coerthas.pcapng,s2c,0,858,0,0,0x018B,88,56,43723073,9223372036862634412,18446744069458307393,,
gridania_to_coerthas.pcapng,s2c,0,858,1,88,0x017A,176,144,43723073,9223372036861349901,566602513334862381,,
gridania_to_coerthas.pcapng,s2c,0,866,0,0,0x018B,88,56,43723073,9223372036862634412,18446744069458307393,,
gridania_to_coerthas.pcapng,s2c,0,874,0,0,0x018B,88,56,43723073,9223372036862634412,18446744069458307393,,
gridania_to_coerthas.pcapng,s2c,0,883,0,0,0x018B,88,56,43723073,9223372036862634412,18446744069458307393,,
gridania_to_coerthas.pcapng,s2c,0,884,7,800,0x017C,152,120,43723073,152,23318955531186,10002,
gridania_to_coerthas.pcapng,s2c,0,884,8,952,0x017D,64,32,43723073,152,23318955531186,,
gridania_to_coerthas.pcapng,s2c,0,884,9,1016,0x0183,152,120,43723073,152,23318955531186,,1
gridania_to_coerthas.pcapng,s2c,0,884,10,1168,0x017E,56,24,43723073,152,23318955531186,,
gridania_to_coerthas.pcapng,s2c,0,886,0,0,0x017A,176,144,43723073,2738188573441268781,173508149446676,,
gridania_to_coerthas.pcapng,s2c,0,892,7,800,0x017C,152,120,43723073,152,23318959880715,10002,
gridania_to_coerthas.pcapng,s2c,0,892,8,952,0x017D,64,32,43723073,152,23318959880715,,
gridania_to_coerthas.pcapng,s2c,0,892,9,1016,0x0183,152,120,43723073,152,23318959880715,,1
gridania_to_coerthas.pcapng,s2c,0,892,10,1168,0x017E,56,24,43723073,152,23318959880715,,
gridania_to_coerthas.pcapng,s2c,0,896,0,0,0x017A,176,144,43723073,2738188573441262737,173508149446676,,
gridania_to_coerthas.pcapng,s2c,0,897,7,800,0x017C,152,120,43723073,152,23318960890712,10002,
gridania_to_coerthas.pcapng,s2c,0,897,8,952,0x017D,64,32,43723073,152,23318960890712,,
gridania_to_coerthas.pcapng,s2c,0,897,9,1016,0x0183,152,120,43723073,152,23318960890712,,1
gridania_to_coerthas.pcapng,s2c,0,897,10,1168,0x017E,56,24,43723073,152,23318960890712,,
gridania_to_coerthas.pcapng,s2c,0,898,4,520,0x017C,152,120,43723073,152,23318960891182,10002,
gridania_to_coerthas.pcapng,s2c,0,898,5,672,0x017D,64,32,43723073,152,23318960891182,,
gridania_to_coerthas.pcapng,s2c,0,898,6,736,0x0183,152,120,43723073,152,23318960891182,,1
gridania_to_coerthas.pcapng,s2c,0,898,7,888,0x017E,56,24,43723073,152,23318960891182,,
gridania_to_coerthas.pcapng,s2c,0,899,0,0,0x018B,88,56,43723073,9223372036862634412,18446744069458307393,,
gridania_to_coerthas.pcapng,s2c,0,900,0,0,0x017A,176,144,43723073,2738188573441267333,173508149446676,,
gridania_to_coerthas.pcapng,s2c,0,900,1,176,0x017A,176,144,43723073,2738188573441267330,173508149446676,,
gridania_to_coerthas.pcapng,s2c,0,904,7,800,0x017C,152,120,43723073,152,23318963041677,10002,
gridania_to_coerthas.pcapng,s2c,0,904,8,952,0x017D,64,32,43723073,152,23318963041677,,
gridania_to_coerthas.pcapng,s2c,0,904,9,1016,0x0183,152,120,43723073,152,23318963041677,,1
gridania_to_coerthas.pcapng,s2c,0,904,10,1168,0x017E,56,24,43723073,152,23318963041677,,
gridania_to_coerthas.pcapng,s2c,0,905,1,64,0x017A,176,144,43723073,2738188573441262694,173508149446676,,
gridania_to_coerthas.pcapng,s2c,0,906,7,800,0x017C,152,120,43723073,152,23318964171288,10002,
gridania_to_coerthas.pcapng,s2c,0,906,8,952,0x017D,64,32,43723073,152,23318964171288,,
gridania_to_coerthas.pcapng,s2c,0,906,9,1016,0x0183,152,120,43723073,152,23318964171288,,1
gridania_to_coerthas.pcapng,s2c,0,906,10,1168,0x017E,56,24,43723073,152,23318964171288,,
gridania_to_coerthas.pcapng,s2c,0,906,25,2720,0x017C,152,120,43723073,152,23318964171742,10002,
gridania_to_coerthas.pcapng,s2c,0,906,26,2872,0x017D,64,32,43723073,152,23318964171742,,
gridania_to_coerthas.pcapng,s2c,0,906,27,2936,0x0183,152,120,43723073,152,23318964171742,,1
gridania_to_coerthas.pcapng,s2c,0,906,28,3088,0x017E,56,24,43723073,152,23318964171742,,
gridania_to_coerthas.pcapng,s2c,0,907,5,688,0x017C,152,120,43723073,152,23318964172190,10002,
gridania_to_coerthas.pcapng,s2c,0,907,6,840,0x017D,64,32,43723073,152,23318964172190,,
gridania_to_coerthas.pcapng,s2c,0,907,7,904,0x0183,152,120,43723073,152,23318964172190,,1
gridania_to_coerthas.pcapng,s2c,0,907,8,1056,0x017E,56,24,43723073,152,23318964172190,,
gridania_to_coerthas.pcapng,s2c,0,909,1,64,0x017A,176,144,43723073,2738188573441262678,173508149446676,,
gridania_to_coerthas.pcapng,s2c,0,909,2,240,0x017A,176,144,43723073,2738188573441262686,173508149446676,,
gridania_to_coerthas.pcapng,s2c,0,910,0,0,0x017A,176,144,43723073,2738188573441268521,173508149446676,,
gridania_to_coerthas.pcapng,s2c,0,911,25,2616,0x017C,152,120,43723073,152,23318965301568,10002,
gridania_to_coerthas.pcapng,s2c,0,911,26,2768,0x017D,64,32,43723073,152,23318965301568,,
gridania_to_coerthas.pcapng,s2c,0,911,27,2832,0x0183,152,120,43723073,152,23318965301568,,1
gridania_to_coerthas.pcapng,s2c,0,911,28,2984,0x017E,56,24,43723073,152,23318965301568,,
gridania_to_coerthas.pcapng,s2c,0,912,4,520,0x017C,152,120,43723073,152,23318965302035,10002,
gridania_to_coerthas.pcapng,s2c,0,912,5,672,0x017D,64,32,43723073,152,23318965302035,,
gridania_to_coerthas.pcapng,s2c,0,912,6,736,0x0183,152,120,43723073,152,23318965302035,,1
gridania_to_coerthas.pcapng,s2c,0,912,7,888,0x017E,56,24,43723073,152,23318965302035,,
gridania_to_coerthas.pcapng,s2c,0,915,1,64,0x017A,176,144,43723073,2738188573441262641,173508149446676,,
gridania_to_coerthas.pcapng,s2c,0,915,2,240,0x017A,176,144,43723073,2738188573441268520,173508149446676,,
gridania_to_coerthas.pcapng,s2c,0,916,7,800,0x017C,152,120,43723073,152,23318966351104,10002,
gridania_to_coerthas.pcapng,s2c,0,916,8,952,0x017D,64,32,43723073,152,23318966351104,,
gridania_to_coerthas.pcapng,s2c,0,916,9,1016,0x0183,152,120,43723073,152,23318966351104,,1
gridania_to_coerthas.pcapng,s2c,0,916,10,1168,0x017E,56,24,43723073,152,23318966351104,,
gridania_to_coerthas.pcapng,s2c,0,918,1,64,0x017A,176,144,43723073,2738188573441267332,173508149446676,,
gridania_to_coerthas.pcapng,s2c,0,919,0,0,0x018B,88,56,43723073,9223372036862634412,18446744069458307393,,
gridania_to_coerthas.pcapng,s2c,0,922,4,520,0x017C,152,120,43723073,152,23318967690757,10002,
gridania_to_coerthas.pcapng,s2c,0,922,5,672,0x017D,64,32,43723073,152,23318967690757,,
gridania_to_coerthas.pcapng,s2c,0,922,6,736,0x0183,152,120,43723073,152,23318967690757,,1
gridania_to_coerthas.pcapng,s2c,0,922,7,888,0x017E,56,24,43723073,152,23318967690757,,
gridania_to_coerthas.pcapng,s2c,0,922,22,2440,0x017C,152,120,43723073,152,23318967691217,10002,
gridania_to_coerthas.pcapng,s2c,0,922,23,2592,0x017D,64,32,43723073,152,23318967691217,,
gridania_to_coerthas.pcapng,s2c,0,922,24,2656,0x0183,152,120,43723073,152,23318967691217,,1
gridania_to_coerthas.pcapng,s2c,0,922,25,2808,0x017E,56,24,43723073,152,23318967691217,,
gridania_to_coerthas.pcapng,s2c,0,923,2,368,0x017C,152,120,43723073,152,23318967691648,10002,
gridania_to_coerthas.pcapng,s2c,0,923,3,520,0x017D,64,32,43723073,152,23318967691648,,
gridania_to_coerthas.pcapng,s2c,0,923,4,584,0x0183,152,120,43723073,152,23318967691648,,1
gridania_to_coerthas.pcapng,s2c,0,923,5,736,0x017E,56,24,43723073,152,23318967691648,,
gridania_to_coerthas.pcapng,s2c,0,924,0,0,0x017A,176,144,43723073,2738188573441267334,173508149446676,,
gridania_to_coerthas.pcapng,s2c,0,924,1,176,0x017A,176,144,43723073,2738188573441262702,173508149446676,,
gridania_to_coerthas.pcapng,s2c,0,924,2,352,0x017A,176,144,43723073,2738188573441262725,173508149446676,,
gridania_to_coerthas.pcapng,s2c,0,936,0,0,0x018B,88,56,43723073,9223372036862634412,18446744069458307393,,
gridania_to_coerthas.pcapng,s2c,0,940,18,2016,0x017C,152,120,43723073,152,23318974251138,10002,
gridania_to_coerthas.pcapng,s2c,0,940,19,2168,0x017D,64,32,43723073,152,23318974251138,,
gridania_to_coerthas.pcapng,s2c,0,940,20,2232,0x0183,152,120,43723073,152,23318974251138,,1
gridania_to_coerthas.pcapng,s2c,0,940,21,2384,0x017E,56,24,43723073,152,23318974251138,,
gridania_to_coerthas.pcapng,s2c,0,944,0,0,0x017A,176,144,43723073,2738188573441262762,173508149446676,,
gridania_to_coerthas.pcapng,s2c,0,946,7,800,0x017C,152,120,43723073,152,23318975401599,10002,
gridania_to_coerthas.pcapng,s2c,0,946,8,952,0x017D,64,32,43723073,152,23318975401599,,
gridania_to_coerthas.pcapng,s2c,0,946,9,1016,0x0183,152,120,43723073,152,23318975401599,,1
gridania_to_coerthas.pcapng,s2c,0,946,10,1168,0x017E,56,24,43723073,152,23318975401599,,
gridania_to_coerthas.pcapng,s2c,0,950,0,0,0x017A,176,144,43723073,2738188573441262756,173508149446676,,
gridania_to_coerthas.pcapng,s2c,0,951,7,800,0x017C,152,120,43723073,152,23318976441498,10002,
gridania_to_coerthas.pcapng,s2c,0,951,8,952,0x017D,64,32,43723073,152,23318976441498,,
gridania_to_coerthas.pcapng,s2c,0,951,9,1016,0x0183,152,120,43723073,152,23318976441498,,1
gridania_to_coerthas.pcapng,s2c,0,951,10,1168,0x017E,56,24,43723073,152,23318976441498,,
gridania_to_coerthas.pcapng,s2c,0,954,0,0,0x017A,176,144,43723073,2738188573441262750,173508149446676,,
gridania_to_coerthas.pcapng,s2c,0,962,0,0,0x018B,88,56,43723073,9223372036862634412,18446744069458307393,,
gridania_to_coerthas.pcapng,s2c,0,964,7,800,0x017C,152,120,43723073,152,23318979700787,10002,
gridania_to_coerthas.pcapng,s2c,0,964,8,952,0x017D,64,32,43723073,152,23318979700787,,
gridania_to_coerthas.pcapng,s2c,0,964,9,1016,0x0183,152,120,43723073,152,23318979700787,,1
gridania_to_coerthas.pcapng,s2c,0,964,10,1168,0x017E,56,24,43723073,152,23318979700787,,
gridania_to_coerthas.pcapng,s2c,0,966,0,0,0x017A,176,144,43723073,2738188573441267154,173508149446676,,
gridania_to_coerthas.pcapng,s2c,0,987,0,0,0x018B,88,56,43723073,9223372036862634412,18446744069458307393,,
gridania_to_coerthas.pcapng,s2c,0,995,7,800,0x017C,152,120,43723073,152,23318988161267,10002,
gridania_to_coerthas.pcapng,s2c,0,995,8,952,0x017D,64,32,43723073,152,23318988161267,,
gridania_to_coerthas.pcapng,s2c,0,995,9,1016,0x0183,152,120,43723073,152,23318988161267,,1
gridania_to_coerthas.pcapng,s2c,0,995,10,1168,0x017E,56,24,43723073,152,23318988161267,,
gridania_to_coerthas.pcapng,s2c,0,995,25,2720,0x017C,152,120,43723073,152,23318988161717,10002,
gridania_to_coerthas.pcapng,s2c,0,995,26,2872,0x017D,64,32,43723073,152,23318988161717,,
gridania_to_coerthas.pcapng,s2c,0,995,27,2936,0x0183,152,120,43723073,152,23318988161717,,1
gridania_to_coerthas.pcapng,s2c,0,995,28,3088,0x017E,56,24,43723073,152,23318988161717,,
gridania_to_coerthas.pcapng,s2c,0,997,0,0,0x017A,176,144,43723073,2738188573441262756,173508149446676,,
gridania_to_coerthas.pcapng,s2c,0,997,1,176,0x017A,176,144,43723073,2738188573441262750,173508149446676,,
gridania_to_coerthas.pcapng,s2c,0,1000,7,800,0x017C,152,120,43723073,152,23318989271281,10002,
gridania_to_coerthas.pcapng,s2c,0,1000,8,952,0x017D,64,32,43723073,152,23318989271281,,
gridania_to_coerthas.pcapng,s2c,0,1000,9,1016,0x0183,152,120,43723073,152,23318989271281,,1
gridania_to_coerthas.pcapng,s2c,0,1000,10,1168,0x017E,56,24,43723073,152,23318989271281,,
gridania_to_coerthas.pcapng,s2c,0,1000,25,2720,0x017C,152,120,43723073,152,23318989271741,10002,
gridania_to_coerthas.pcapng,s2c,0,1000,26,2872,0x017D,64,32,43723073,152,23318989271741,,
gridania_to_coerthas.pcapng,s2c,0,1000,27,2936,0x0183,152,120,43723073,152,23318989271741,,1
gridania_to_coerthas.pcapng,s2c,0,1000,28,3088,0x017E,56,24,43723073,152,23318989271741,,
gridania_to_coerthas.pcapng,s2c,0,1002,0,0,0x017A,176,144,43723073,2738188573441262687,173508149446676,,
gridania_to_coerthas.pcapng,s2c,0,1002,1,176,0x017A,176,144,43723073,2738188573441262762,173508149446676,,
gridania_to_coerthas.pcapng,s2c,0,1006,0,0,0x018B,88,56,43723073,9223372036862634412,18446744069458307393,,
gridania_to_coerthas.pcapng,s2c,0,1008,7,800,0x017C,152,120,43723073,152,23318991461304,10002,
gridania_to_coerthas.pcapng,s2c,0,1008,8,952,0x017D,64,32,43723073,152,23318991461304,,
gridania_to_coerthas.pcapng,s2c,0,1008,9,1016,0x0183,152,120,43723073,152,23318991461304,,1
gridania_to_coerthas.pcapng,s2c,0,1008,10,1168,0x017E,56,24,43723073,152,23318991461304,,
gridania_to_coerthas.pcapng,s2c,0,1010,0,0,0x017A,176,144,43723073,2738188573441265934,173508149446676,,
gridania_to_coerthas.pcapng,s2c,0,1015,7,800,0x017C,152,120,43723073,152,23318993624612,10002,
gridania_to_coerthas.pcapng,s2c,0,1015,8,952,0x017D,64,32,43723073,152,23318993624612,,
gridania_to_coerthas.pcapng,s2c,0,1015,9,1016,0x0183,152,120,43723073,152,23318993624612,,1
gridania_to_coerthas.pcapng,s2c,0,1015,10,1168,0x017E,56,24,43723073,152,23318993624612,,
gridania_to_coerthas.pcapng,s2c,0,1015,25,2720,0x017C,152,120,43723073,152,23318993625075,10002,
gridania_to_coerthas.pcapng,s2c,0,1015,26,2872,0x017D,64,32,43723073,152,23318993625075,,
gridania_to_coerthas.pcapng,s2c,0,1015,27,2936,0x0183,152,120,43723073,152,23318993625075,,1
gridania_to_coerthas.pcapng,s2c,0,1015,28,3088,0x017E,56,24,43723073,152,23318993625075,,
gridania_to_coerthas.pcapng,s2c,0,1016,5,688,0x017C,152,120,43723073,152,23318993625525,10002,
gridania_to_coerthas.pcapng,s2c,0,1016,6,840,0x017D,64,32,43723073,152,23318993625525,,
gridania_to_coerthas.pcapng,s2c,0,1016,7,904,0x0183,152,120,43723073,152,23318993625525,,1
gridania_to_coerthas.pcapng,s2c,0,1016,8,1056,0x017E,56,24,43723073,152,23318993625525,,
gridania_to_coerthas.pcapng,s2c,0,1016,23,2608,0x017C,152,120,43723073,152,23318993625960,10002,
gridania_to_coerthas.pcapng,s2c,0,1016,24,2760,0x017D,64,32,43723073,152,23318993625960,,
gridania_to_coerthas.pcapng,s2c,0,1016,25,2824,0x0183,152,120,43723073,152,23318993625960,,1
gridania_to_coerthas.pcapng,s2c,0,1016,26,2976,0x017E,56,24,43723073,152,23318993625960,,
gridania_to_coerthas.pcapng,s2c,0,1017,4,520,0x017C,152,120,43723073,152,23318993626389,10002,
gridania_to_coerthas.pcapng,s2c,0,1017,5,672,0x017D,64,32,43723073,152,23318993626389,,
gridania_to_coerthas.pcapng,s2c,0,1017,6,736,0x0183,152,120,43723073,152,23318993626389,,1
gridania_to_coerthas.pcapng,s2c,0,1017,7,888,0x017E,56,24,43723073,152,23318993626389,,
gridania_to_coerthas.pcapng,s2c,0,1017,22,2440,0x017C,152,120,43723073,152,23318993626813,10002,
gridania_to_coerthas.pcapng,s2c,0,1017,23,2592,0x017D,64,32,43723073,152,23318993626813,,
gridania_to_coerthas.pcapng,s2c,0,1017,24,2656,0x0183,152,120,43723073,152,23318993626813,,1
gridania_to_coerthas.pcapng,s2c,0,1017,25,2808,0x017E,56,24,43723073,152,23318993626813,,
gridania_to_coerthas.pcapng,s2c,0,1018,2,368,0x017C,152,120,43723073,152,23318993627236,10002,
gridania_to_coerthas.pcapng,s2c,0,1018,3,520,0x017D,64,32,43723073,152,23318993627236,,
gridania_to_coerthas.pcapng,s2c,0,1018,4,584,0x0183,152,120,43723073,152,23318993627236,,1
gridania_to_coerthas.pcapng,s2c,0,1018,5,736,0x017E,56,24,43723073,152,23318993627236,,
gridania_to_coerthas.pcapng,s2c,0,1019,0,0,0x017A,176,144,43723073,2738188573441262679,173508149446676,,
gridania_to_coerthas.pcapng,s2c,0,1019,1,176,0x017A,176,144,43723073,2738188573441262642,173508149446676,,
gridania_to_coerthas.pcapng,s2c,0,1019,2,352,0x017A,176,144,43723073,2738188573441265887,173508149446676,,
gridania_to_coerthas.pcapng,s2c,0,1020,0,0,0x017A,176,144,43723073,2738188573441268884,173508149446676,,
gridania_to_coerthas.pcapng,s2c,0,1020,1,176,0x017A,176,144,43723073,2738188573441262662,173508149446676,,
gridania_to_coerthas.pcapng,s2c,0,1020,2,352,0x017A,176,144,43723073,2738188573441268885,173508149446676,,
gridania_to_coerthas.pcapng,s2c,0,1020,3,528,0x017A,176,144,43723073,2738188573441262619,173508149446676,,
gridania_to_coerthas.pcapng,s2c,0,1022,7,800,0x017C,152,120,43723073,152,23318994641144,10002,
gridania_to_coerthas.pcapng,s2c,0,1022,8,952,0x017D,64,32,43723073,152,23318994641144,,
gridania_to_coerthas.pcapng,s2c,0,1022,9,1016,0x0183,152,120,43723073,152,23318994641144,,1
gridania_to_coerthas.pcapng,s2c,0,1022,10,1168,0x017E,56,24,43723073,152,23318994641144,,
gridania_to_coerthas.pcapng,s2c,0,1024,0,0,0x017A,176,144,43723073,2738188573441268886,173508149446676,,
gridania_to_coerthas.pcapng,s2c,0,1029,7,800,0x017C,152,120,43723073,152,23318995771363,10002,
gridania_to_coerthas.pcapng,s2c,0,1029,8,952,0x017D,64,32,43723073,152,23318995771363,,
gridania_to_coerthas.pcapng,s2c,0,1029,9,1016,0x0183,152,120,43723073,152,23318995771363,,1
gridania_to_coerthas.pcapng,s2c,0,1029,10,1168,0x017E,56,24,43723073,152,23318995771363,,
gridania_to_coerthas.pcapng,s2c,0,1029,25,2720,0x017C,152,120,43723073,152,23318995771821,10002,
gridania_to_coerthas.pcapng,s2c,0,1029,26,2872,0x017D,64,32,43723073,152,23318995771821,,
gridania_to_coerthas.pcapng,s2c,0,1029,27,2936,0x0183,152,120,43723073,152,23318995771821,,1
gridania_to_coerthas.pcapng,s2c,0,1029,28,3088,0x017E,56,24,43723073,152,23318995771821,,
gridania_to_coerthas.pcapng,s2c,0,1030,5,688,0x017C,152,120,43723073,152,23318995772261,10002,
gridania_to_coerthas.pcapng,s2c,0,1030,6,840,0x017D,64,32,43723073,152,23318995772261,,
gridania_to_coerthas.pcapng,s2c,0,1030,7,904,0x0183,152,120,43723073,152,23318995772261,,1
gridania_to_coerthas.pcapng,s2c,0,1030,8,1056,0x017E,56,24,43723073,152,23318995772261,,
gridania_to_coerthas.pcapng,s2c,0,1032,0,0,0x017A,176,144,43723073,2738188573441268821,173508149446676,,
gridania_to_coerthas.pcapng,s2c,0,1032,1,176,0x017A,176,144,43723073,2738188573441262768,173508149446676,,
gridania_to_coerthas.pcapng,s2c,0,1032,2,352,0x017A,176,144,43723073,2738188573441265937,173508149446676,,
gridania_to_coerthas.pcapng,s2c,0,1035,7,800,0x017C,152,120,43723073,152,23318996913742,10002,
gridania_to_coerthas.pcapng,s2c,0,1035,8,952,0x017D,64,32,43723073,152,23318996913742,,
gridania_to_coerthas.pcapng,s2c,0,1035,9,1016,0x0183,152,120,43723073,152,23318996913742,,1
gridania_to_coerthas.pcapng,s2c,0,1035,10,1168,0x017E,56,24,43723073,152,23318996913742,,
gridania_to_coerthas.pcapng,s2c,0,1036,0,0,0x018B,88,56,43723073,9223372036862634412,18446744069458307393,,
gridania_to_coerthas.pcapng,s2c,0,1038,1,64,0x017A,176,144,43723073,2738188573441262668,173508149446676,,
gridania_to_coerthas.pcapng,s2c,0,1040,7,800,0x017C,152,120,43723073,152,23318997951390,10002,
gridania_to_coerthas.pcapng,s2c,0,1040,8,952,0x017D,64,32,43723073,152,23318997951390,,
gridania_to_coerthas.pcapng,s2c,0,1040,9,1016,0x0183,152,120,43723073,152,23318997951390,,1
gridania_to_coerthas.pcapng,s2c,0,1040,10,1168,0x017E,56,24,43723073,152,23318997951390,,
gridania_to_coerthas.pcapng,s2c,0,1042,0,0,0x017A,176,144,43723073,2738188573441268887,173508149446676,,
gridania_to_coerthas.pcapng,s2c,0,1045,7,800,0x017C,152,120,43723073,152,23318998970890,10002,
gridania_to_coerthas.pcapng,s2c,0,1045,8,952,0x017D,64,32,43723073,152,23318998970890,,
gridania_to_coerthas.pcapng,s2c,0,1045,9,1016,0x0183,152,120,43723073,152,23318998970890,,1
gridania_to_coerthas.pcapng,s2c,0,1045,10,1168,0x017E,56,24,43723073,152,23318998970890,,
gridania_to_coerthas.pcapng,s2c,0,1047,1,64,0x017A,176,144,43723073,2738188573441268911,173508149446676,,
gridania_to_coerthas.pcapng,s2c,0,1052,7,800,0x017C,152,120,43723073,152,23319001151085,10002,
gridania_to_coerthas.pcapng,s2c,0,1052,8,952,0x017D,64,32,43723073,152,23319001151085,,
gridania_to_coerthas.pcapng,s2c,0,1052,9,1016,0x0183,152,120,43723073,152,23319001151085,,1
gridania_to_coerthas.pcapng,s2c,0,1052,10,1168,0x017E,56,24,43723073,152,23319001151085,,
gridania_to_coerthas.pcapng,s2c,0,1052,25,2720,0x017C,152,120,43723073,152,23319001151540,10002,
gridania_to_coerthas.pcapng,s2c,0,1052,26,2872,0x017D,64,32,43723073,152,23319001151540,,
gridania_to_coerthas.pcapng,s2c,0,1052,27,2936,0x0183,152,120,43723073,152,23319001151540,,1
gridania_to_coerthas.pcapng,s2c,0,1052,28,3088,0x017E,56,24,43723073,152,23319001151540,,
gridania_to_coerthas.pcapng,s2c,0,1055,0,0,0x017A,176,144,43723073,2738188573441268909,173508149446676,,
gridania_to_coerthas.pcapng,s2c,0,1055,1,176,0x017A,176,144,43723073,2738188573441268908,173508149446676,,
gridania_to_coerthas.pcapng,s2c,0,1057,7,800,0x017C,152,120,43723073,152,23319002261154,10002,
gridania_to_coerthas.pcapng,s2c,0,1057,8,952,0x017D,64,32,43723073,152,23319002261154,,
gridania_to_coerthas.pcapng,s2c,0,1057,9,1016,0x0183,152,120,43723073,152,23319002261154,,1
gridania_to_coerthas.pcapng,s2c,0,1057,10,1168,0x017E,56,24,43723073,152,23319002261154,,
gridania_to_coerthas.pcapng,s2c,0,1057,25,2720,0x017C,152,120,43723073,152,23319002261614,10002,
gridania_to_coerthas.pcapng,s2c,0,1057,26,2872,0x017D,64,32,43723073,152,23319002261614,,
gridania_to_coerthas.pcapng,s2c,0,1057,27,2936,0x0183,152,120,43723073,152,23319002261614,,1
gridania_to_coerthas.pcapng,s2c,0,1057,28,3088,0x017E,56,24,43723073,152,23319002261614,,
gridania_to_coerthas.pcapng,s2c,0,1058,5,688,0x017C,152,120,43723073,152,23319002262048,10002,
gridania_to_coerthas.pcapng,s2c,0,1058,6,840,0x017D,64,32,43723073,152,23319002262048,,
gridania_to_coerthas.pcapng,s2c,0,1058,7,904,0x0183,152,120,43723073,152,23319002262048,,1
gridania_to_coerthas.pcapng,s2c,0,1058,8,1056,0x017E,56,24,43723073,152,23319002262048,,
gridania_to_coerthas.pcapng,s2c,0,1060,0,0,0x018B,88,56,43723073,9223372036862634412,18446744069458307393,,
gridania_to_coerthas.pcapng,s2c,0,1061,0,0,0x017A,176,144,43723073,2738188573441266161,173508149446676,,
gridania_to_coerthas.pcapng,s2c,0,1061,1,176,0x017A,176,144,43723073,2738188573441268914,173508149446676,,
gridania_to_coerthas.pcapng,s2c,0,1061,2,352,0x017A,176,144,43723073,2738188573441268912,173508149446676,,
gridania_to_coerthas.pcapng,s2c,0,1064,7,800,0x017C,152,120,43723073,152,23319003671431,10002,
gridania_to_coerthas.pcapng,s2c,0,1064,8,952,0x017D,64,32,43723073,152,23319003671431,,
gridania_to_coerthas.pcapng,s2c,0,1064,9,1016,0x0183,152,120,43723073,152,23319003671431,,1
gridania_to_coerthas.pcapng,s2c,0,1064,10,1168,0x017E,56,24,43723073,152,23319003671431,,
gridania_to_coerthas.pcapng,s2c,0,1064,25,2720,0x017C,152,120,43723073,152,23319003671884,10002,
gridania_to_coerthas.pcapng,s2c,0,1064,26,2872,0x017D,64,32,43723073,152,23319003671884,,
gridania_to_coerthas.pcapng,s2c,0,1064,27,2936,0x0183,152,120,43723073,152,23319003671884,,1
gridania_to_coerthas.pcapng,s2c,0,1064,28,3088,0x017E,56,24,43723073,152,23319003671884,,
gridania_to_coerthas.pcapng,s2c,0,1065,5,688,0x017C,152,120,43723073,152,23319003672316,10002,
gridania_to_coerthas.pcapng,s2c,0,1065,6,840,0x017D,64,32,43723073,152,23319003672316,,
gridania_to_coerthas.pcapng,s2c,0,1065,7,904,0x0183,152,120,43723073,152,23319003672316,,1
gridania_to_coerthas.pcapng,s2c,0,1065,8,1056,0x017E,56,24,43723073,152,23319003672316,,
gridania_to_coerthas.pcapng,s2c,0,1068,0,0,0x017A,176,144,43723073,2738188573441268910,173508149446676,,
gridania_to_coerthas.pcapng,s2c,0,1068,1,176,0x017A,176,144,43723073,2738188573441268915,173508149446676,,
gridania_to_coerthas.pcapng,s2c,0,1068,2,352,0x017A,176,144,43723073,2738188573441268913,173508149446676,,
gridania_to_coerthas.pcapng,s2c,0,1084,0,0,0x018B,88,56,43723073,9223372036862634412,18446744069458307393,,
gridania_to_coerthas.pcapng,s2c,0,1091,7,800,0x017C,152,120,43723073,152,23319011151190,10002,
gridania_to_coerthas.pcapng,s2c,0,1091,8,952,0x017D,64,32,43723073,152,23319011151190,,
gridania_to_coerthas.pcapng,s2c,0,1091,9,1016,0x0183,152,120,43723073,152,23319011151190,,1
gridania_to_coerthas.pcapng,s2c,0,1091,10,1168,0x017E,56,24,43723073,152,23319011151190,,
gridania_to_coerthas.pcapng,s2c,0,1093,1,64,0x017A,176,144,43723073,2738188573441262651,173508149446676,,
gridania_to_coerthas.pcapng,s2c,0,1095,7,800,0x017C,152,120,43723073,152,23319012241128,10002,
gridania_to_coerthas.pcapng,s2c,0,1095,8,952,0x017D,64,32,43723073,152,23319012241128,,
gridania_to_coerthas.pcapng,s2c,0,1095,9,1016,0x0183,152,120,43723073,152,23319012241128,,1
gridania_to_coerthas.pcapng,s2c,0,1095,10,1168,0x017E,56,24,43723073,152,23319012241128,,
gridania_to_coerthas.pcapng,s2c,0,1095,25,2720,0x017C,152,120,43723073,152,23319012241600,10002,
gridania_to_coerthas.pcapng,s2c,0,1095,26,2872,0x017D,64,32,43723073,152,23319012241600,,
gridania_to_coerthas.pcapng,s2c,0,1095,27,2936,0x0183,152,120,43723073,152,23319012241600,,1
gridania_to_coerthas.pcapng,s2c,0,1095,28,3088,0x017E,56,24,43723073,152,23319012241600,,
gridania_to_coerthas.pcapng,s2c,0,1096,1,64,0x017A,176,144,43723073,2738188573441262616,173508149446676,,
gridania_to_coerthas.pcapng,s2c,0,1096,2,240,0x017A,176,144,43723073,2738188573441268889,173508149446676,,
gridania_to_coerthas.pcapng,s2c,0,1098,7,800,0x017C,152,120,43723073,152,23319013441195,10002,
gridania_to_coerthas.pcapng,s2c,0,1098,8,952,0x017D,64,32,43723073,152,23319013441195,,
gridania_to_coerthas.pcapng,s2c,0,1098,9,1016,0x0183,152,120,43723073,152,23319013441195,,1
gridania_to_coerthas.pcapng,s2c,0,1098,10,1168,0x017E,56,24,43723073,152,23319013441195,,
gridania_to_coerthas.pcapng,s2c,0,1098,25,2720,0x017C,152,120,43723073,152,23319013441657,10002,
gridania_to_coerthas.pcapng,s2c,0,1098,26,2872,0x017D,64,32,43723073,152,23319013441657,,
gridania_to_coerthas.pcapng,s2c,0,1098,27,2936,0x0183,152,120,43723073,152,23319013441657,,1
gridania_to_coerthas.pcapng,s2c,0,1098,28,3088,0x017E,56,24,43723073,152,23319013441657,,
gridania_to_coerthas.pcapng,s2c,0,1099,5,688,0x017C,152,120,43723073,152,23319013442094,10002,
gridania_to_coerthas.pcapng,s2c,0,1099,6,840,0x017D,64,32,43723073,152,23319013442094,,
gridania_to_coerthas.pcapng,s2c,0,1099,7,904,0x0183,152,120,43723073,152,23319013442094,,1
gridania_to_coerthas.pcapng,s2c,0,1099,8,1056,0x017E,56,24,43723073,152,23319013442094,,
gridania_to_coerthas.pcapng,s2c,0,1099,23,2608,0x017C,152,120,43723073,152,23319013442531,10002,
gridania_to_coerthas.pcapng,s2c,0,1099,24,2760,0x017D,64,32,43723073,152,23319013442531,,
gridania_to_coerthas.pcapng,s2c,0,1099,25,2824,0x0183,152,120,43723073,152,23319013442531,,1
gridania_to_coerthas.pcapng,s2c,0,1099,26,2976,0x017E,56,24,43723073,152,23319013442531,,
gridania_to_coerthas.pcapng,s2c,0,1100,4,520,0x017C,152,120,43723073,152,23319013442969,10002,
gridania_to_coerthas.pcapng,s2c,0,1100,5,672,0x017D,64,32,43723073,152,23319013442969,,
gridania_to_coerthas.pcapng,s2c,0,1100,6,736,0x0183,152,120,43723073,152,23319013442969,,1
gridania_to_coerthas.pcapng,s2c,0,1100,7,888,0x017E,56,24,43723073,152,23319013442969,,
gridania_to_coerthas.pcapng,s2c,0,1100,22,2440,0x017C,152,120,43723073,152,23319013443397,10002,
gridania_to_coerthas.pcapng,s2c,0,1100,23,2592,0x017D,64,32,43723073,152,23319013443397,,
gridania_to_coerthas.pcapng,s2c,0,1100,24,2656,0x0183,152,120,43723073,152,23319013443397,,1
gridania_to_coerthas.pcapng,s2c,0,1100,25,2808,0x017E,56,24,43723073,152,23319013443397,,
gridania_to_coerthas.pcapng,s2c,0,1103,0,0,0x017A,176,144,43723073,2738188573441262760,173508149446676,,
gridania_to_coerthas.pcapng,s2c,0,1103,1,176,0x017A,176,144,43723073,2738188573441262628,173508149446676,,
gridania_to_coerthas.pcapng,s2c,0,1103,2,352,0x017A,176,144,43723073,2738188573441262754,173508149446676,,
gridania_to_coerthas.pcapng,s2c,0,1103,3,528,0x017A,176,144,43723073,2738188573441262639,173508149446676,,
gridania_to_coerthas.pcapng,s2c,0,1104,0,0,0x017A,176,144,43723073,2738188573441262681,173508149446676,,
gridania_to_coerthas.pcapng,s2c,0,1104,1,176,0x017A,176,144,43723073,2738188573441262766,173508149446676,,
gridania_to_coerthas.pcapng,s2c,0,1106,7,800,0x017C,152,120,43723073,152,23319014711074,10002,
gridania_to_coerthas.pcapng,s2c,0,1106,8,952,0x017D,64,32,43723073,152,23319014711074,,
gridania_to_coerthas.pcapng,s2c,0,1106,9,1016,0x0183,152,120,43723073,152,23319014711074,,1
gridania_to_coerthas.pcapng,s2c,0,1106,10,1168,0x017E,56,24,43723073,152,23319014711074,,
gridania_to_coerthas.pcapng,s2c,0,1106,25,2720,0x017C,152,120,43723073,152,23319014711525,10002,
gridania_to_coerthas.pcapng,s2c,0,1106,26,2872,0x017D,64,32,43723073,152,23319014711525,,
gridania_to_coerthas.pcapng,s2c,0,1106,27,2936,0x0183,152,120,43723073,152,23319014711525,,1
gridania_to_coerthas.pcapng,s2c,0,1106,28,3088,0x017E,56,24,43723073,152,23319014711525,,
gridania_to_coerthas.pcapng,s2c,0,1108,0,0,0x018B,88,56,43723073,9223372036862634412,18446744069458307393,,
gridania_to_coerthas.pcapng,s2c,0,1109,0,0,0x017A,176,144,43723073,2738188573441262689,173508149446676,,
gridania_to_coerthas.pcapng,s2c,0,1109,1,176,0x017A,176,144,43723073,2738188573441262644,173508149446676,,
gridania_to_coerthas.pcapng,s2c,0,1112,7,800,0x017C,152,120,43723073,152,23319015771451,10002,
gridania_to_coerthas.pcapng,s2c,0,1112,8,952,0x017D,64,32,43723073,152,23319015771451,,
gridania_to_coerthas.pcapng,s2c,0,1112,9,1016,0x0183,152,120,43723073,152,23319015771451,,1
gridania_to_coerthas.pcapng,s2c,0,1112,10,1168,0x017E,56,24,43723073,152,23319015771451,,
gridania_to_coerthas.pcapng,s2c,0,1112,25,2720,0x017C,152,120,43723073,152,23319015771936,10002,
gridania_to_coerthas.pcapng,s2c,0,1112,26,2872,0x017D,64,32,43723073,152,23319015771936,,
gridania_to_coerthas.pcapng,s2c,0,1112,27,2936,0x0183,152,120,43723073,152,23319015771936,,1
gridania_to_coerthas.pcapng,s2c,0,1112,28,3088,0x017E,56,24,43723073,152,23319015771936,,
gridania_to_coerthas.pcapng,s2c,0,1114,0,0,0x017A,176,144,43723073,2738188573441262697,173508149446676,,
gridania_to_coerthas.pcapng,s2c,0,1114,1,176,0x017A,176,144,43723073,2738188573441268890,173508149446676,,
gridania_to_coerthas.pcapng,s2c,0,1115,25,2616,0x017C,152,120,43723073,152,23319016891516,10002,
gridania_to_coerthas.pcapng,s2c,0,1115,26,2768,0x017D,64,32,43723073,152,23319016891516,,
gridania_to_coerthas.pcapng,s2c,0,1115,27,2832,0x0183,152,120,43723073,152,23319016891516,,1
gridania_to_coerthas.pcapng,s2c,0,1115,28,2984,0x017E,56,24,43723073,152,23319016891516,,
gridania_to_coerthas.pcapng,s2c,0,1116,21,2360,0x017C,152,120,43723073,152,23319016892162,10002,
gridania_to_coerthas.pcapng,s2c,0,1116,22,2512,0x017D,64,32,43723073,152,23319016892162,,
gridania_to_coerthas.pcapng,s2c,0,1116,23,2576,0x0183,152,120,43723073,152,23319016892162,,1
gridania_to_coerthas.pcapng,s2c,0,1116,24,2728,0x017E,56,24,43723073,152,23319016892162,,
gridania_to_coerthas.pcapng,s2c,0,1118,0,0,0x017A,176,144,43723073,2738188573441262713,173508149446676,,
gridania_to_coerthas.pcapng,s2c,0,1118,1,176,0x017A,176,144,43723073,2738188573441262721,173508149446676,,
gridania_to_coerthas.pcapng,s2c,0,1121,7,800,0x017C,152,120,43723073,152,23319017941204,10002,
gridania_to_coerthas.pcapng,s2c,0,1121,8,952,0x017D,64,32,43723073,152,23319017941204,,
gridania_to_coerthas.pcapng,s2c,0,1121,9,1016,0x0183,152,120,43723073,152,23319017941204,,1
gridania_to_coerthas.pcapng,s2c,0,1121,10,1168,0x017E,56,24,43723073,152,23319017941204,,
gridania_to_coerthas.pcapng,s2c,0,1121,25,2720,0x017C,152,120,43723073,152,23319017941661,10002,
gridania_to_coerthas.pcapng,s2c,0,1121,26,2872,0x017D,64,32,43723073,152,23319017941661,,
gridania_to_coerthas.pcapng,s2c,0,1121,27,2936,0x0183,152,120,43723073,152,23319017941661,,1
gridania_to_coerthas.pcapng,s2c,0,1121,28,3088,0x017E,56,24,43723073,152,23319017941661,,
gridania_to_coerthas.pcapng,s2c,0,1123,1,64,0x017A,176,144,43723073,2738188573441262739,173508149446676,,
gridania_to_coerthas.pcapng,s2c,0,1123,2,240,0x017A,176,144,43723073,2738188573441262705,173508149446676,,
gridania_to_coerthas.pcapng,s2c,0,1127,7,800,0x017C,152,120,43723073,152,23319020105379,10002,
gridania_to_coerthas.pcapng,s2c,0,1127,8,952,0x017D,64,32,43723073,152,23319020105379,,
gridania_to_coerthas.pcapng,s2c,0,1127,9,1016,0x0183,152,120,43723073,152,23319020105379,,1
gridania_to_coerthas.pcapng,s2c,0,1127,10,1168,0x017E,56,24,43723073,152,23319020105379,,
gridania_to_coerthas.pcapng,s2c,0,1127,25,2720,0x017C,152,120,43723073,152,23319020105829,10002,
gridania_to_coerthas.pcapng,s2c,0,1127,26,2872,0x017D,64,32,43723073,152,23319020105829,,
gridania_to_coerthas.pcapng,s2c,0,1127,27,2936,0x0183,152,120,43723073,152,23319020105829,,1
gridania_to_coerthas.pcapng,s2c,0,1127,28,3088,0x017E,56,24,43723073,152,23319020105829,,
gridania_to_coerthas.pcapng,s2c,0,1128,5,688,0x017C,152,120,43723073,152,23319020106268,10002,
gridania_to_coerthas.pcapng,s2c,0,1128,6,840,0x017D,64,32,43723073,152,23319020106268,,
gridania_to_coerthas.pcapng,s2c,0,1128,7,904,0x0183,152,120,43723073,152,23319020106268,,1
gridania_to_coerthas.pcapng,s2c,0,1128,8,1056,0x017E,56,24,43723073,152,23319020106268,,
gridania_to_coerthas.pcapng,s2c,0,1130,1,64,0x017A,176,144,43723073,2738188573441262664,173508149446676,,
gridania_to_coerthas.pcapng,s2c,0,1130,2,240,0x017A,176,144,43723073,2738188573441262734,173508149446676,,
gridania_to_coerthas.pcapng,s2c,0,1132,0,0,0x018B,88,56,43723073,9223372036862634412,18446744069458307393,,
gridania_to_coerthas.pcapng,s2c,0,1132,1,88,0x017A,176,144,43723073,2738188573441262615,173508149446676,,
gridania_to_coerthas.pcapng,s2c,0,1133,7,800,0x017C,152,120,43723073,152,23319021231255,10002,
gridania_to_coerthas.pcapng,s2c,0,1133,8,952,0x017D,64,32,43723073,152,23319021231255,,
gridania_to_coerthas.pcapng,s2c,0,1133,9,1016,0x0183,152,120,43723073,152,23319021231255,,1
gridania_to_coerthas.pcapng,s2c,0,1133,10,1168,0x017E,56,24,43723073,152,23319021231255,,
gridania_to_coerthas.pcapng,s2c,0,1135,1,64,0x017A,176,144,43723073,2738188573441262621,173508149446676,,
gridania_to_coerthas.pcapng,s2c,0,1137,7,800,0x017C,152,120,43723073,152,23319022291239,10002,
gridania_to_coerthas.pcapng,s2c,0,1137,8,952,0x017D,64,32,43723073,152,23319022291239,,
gridania_to_coerthas.pcapng,s2c,0,1137,9,1016,0x0183,152,120,43723073,152,23319022291239,,1
gridania_to_coerthas.pcapng,s2c,0,1137,10,1168,0x017E,56,24,43723073,152,23319022291239,,
gridania_to_coerthas.pcapng,s2c,0,1138,1,64,0x017A,176,144,43723073,2738188573441262727,173508149446676,,
gridania_to_coerthas.pcapng,s2c,0,1139,7,800,0x017C,152,120,43723073,152,23319023311117,10002,
gridania_to_coerthas.pcapng,s2c,0,1139,8,952,0x017D,64,32,43723073,152,23319023311117,,
gridania_to_coerthas.pcapng,s2c,0,1139,9,1016,0x0183,152,120,43723073,152,23319023311117,,1
gridania_to_coerthas.pcapng,s2c,0,1139,10,1168,0x017E,56,24,43723073,152,23319023311117,,
gridania_to_coerthas.pcapng,s2c,0,1140,1,64,0x017A,176,144,43723073,2738188573441266185,173508149446676,,
gridania_to_coerthas.pcapng,s2c,0,1142,7,800,0x017C,152,120,43723073,152,23319024471178,10002,
gridania_to_coerthas.pcapng,s2c,0,1142,8,952,0x017D,64,32,43723073,152,23319024471178,,
gridania_to_coerthas.pcapng,s2c,0,1142,9,1016,0x0183,152,120,43723073,152,23319024471178,,1
gridania_to_coerthas.pcapng,s2c,0,1142,10,1168,0x017E,56,24,43723073,152,23319024471178,,
gridania_to_coerthas.pcapng,s2c,0,1144,0,0,0x017A,176,144,43723073,2738188573441268891,173508149446676,,
gridania_to_coerthas.pcapng,s2c,0,1151,0,0,0x018B,88,56,43723073,9223372036862634412,18446744069458307393,,
gridania_to_coerthas.pcapng,s2c,0,1152,7,800,0x017C,152,120,43723073,152,23319027760859,10002,
gridania_to_coerthas.pcapng,s2c,0,1152,8,952,0x017D,64,32,43723073,152,23319027760859,,
gridania_to_coerthas.pcapng,s2c,0,1152,9,1016,0x0183,152,120,43723073,152,23319027760859,,1
gridania_to_coerthas.pcapng,s2c,0,1152,10,1168,0x017E,56,24,43723073,152,23319027760859,,
gridania_to_coerthas.pcapng,s2c,0,1155,0,0,0x017A,176,144,43723073,2738188573441262637,173508149446676,,
gridania_to_coerthas.pcapng,s2c,0,1166,7,800,0x017C,152,120,43723073,152,23319030961257,10002,
gridania_to_coerthas.pcapng,s2c,0,1166,8,952,0x017D,64,32,43723073,152,23319030961257,,
gridania_to_coerthas.pcapng,s2c,0,1166,9,1016,0x0183,152,120,43723073,152,23319030961257,,1
gridania_to_coerthas.pcapng,s2c,0,1166,10,1168,0x017E,56,24,43723073,152,23319030961257,,
gridania_to_coerthas.pcapng,s2c,0,1167,0,0,0x017A,176,144,43723073,2738188573441265872,173508149446676,,
gridania_to_coerthas.pcapng,s2c,0,1170,22,2112,0x017C,152,120,43723073,152,23319031983936,10002,
gridania_to_coerthas.pcapng,s2c,0,1170,23,2264,0x017D,64,32,43723073,152,23319031983936,,
gridania_to_coerthas.pcapng,s2c,0,1170,24,2328,0x0183,152,120,43723073,152,23319031983936,,1
gridania_to_coerthas.pcapng,s2c,0,1170,25,2480,0x017E,56,24,43723073,152,23319031983936,,
gridania_to_coerthas.pcapng,s2c,0,1173,1,64,0x017A,176,144,43723073,2738188573441264220,173508149446676,,
gridania_to_coerthas.pcapng,s2c,0,1175,0,0,0x018B,88,56,43723073,9223372036862634412,18446744069458307393,,
gridania_to_coerthas.pcapng,s2c,0,1180,7,800,0x017C,152,120,43723073,152,23319034471500,10002,
gridania_to_coerthas.pcapng,s2c,0,1180,8,952,0x017D,64,32,43723073,152,23319034471500,,
gridania_to_coerthas.pcapng,s2c,0,1180,9,1016,0x0183,152,120,43723073,152,23319034471500,,1
gridania_to_coerthas.pcapng,s2c,0,1180,10,1168,0x017E,56,24,43723073,152,23319034471500,,
gridania_to_coerthas.pcapng,s2c,0,1180,25,2720,0x017C,152,120,43723073,152,23319034471968,10002,
gridania_to_coerthas.pcapng,s2c,0,1180,26,2872,0x017D,64,32,43723073,152,23319034471968,,
gridania_to_coerthas.pcapng,s2c,0,1180,27,2936,0x0183,152,120,43723073,152,23319034471968,,1
gridania_to_coerthas.pcapng,s2c,0,1180,28,3088,0x017E,56,24,43723073,152,23319034471968,,
gridania_to_coerthas.pcapng,s2c,0,1182,0,0,0x017A,176,144,43723073,2738188573441266129,173508149446676,,
gridania_to_coerthas.pcapng,s2c,0,1182,1,176,0x017A,176,144,43723073,2738188573441262700,173508149446676,,
gridania_to_coerthas.pcapng,s2c,0,1185,4,520,0x017C,152,120,43723073,152,23319035580853,10002,
gridania_to_coerthas.pcapng,s2c,0,1185,5,672,0x017D,64,32,43723073,152,23319035580853,,
gridania_to_coerthas.pcapng,s2c,0,1185,6,736,0x0183,152,120,43723073,152,23319035580853,,1
gridania_to_coerthas.pcapng,s2c,0,1185,7,888,0x017E,56,24,43723073,152,23319035580853,,
gridania_to_coerthas.pcapng,s2c,0,1185,22,2440,0x017C,152,120,43723073,152,23319035581301,10002,
gridania_to_coerthas.pcapng,s2c,0,1185,23,2592,0x017D,64,32,43723073,152,23319035581301,,
gridania_to_coerthas.pcapng,s2c,0,1185,24,2656,0x0183,152,120,43723073,152,23319035581301,,1
gridania_to_coerthas.pcapng,s2c,0,1185,25,2808,0x017E,56,24,43723073,152,23319035581301,,
gridania_to_coerthas.pcapng,s2c,0,1190,0,0,0x017A,176,144,43723073,2738188573441265872,173508149446676,,
gridania_to_coerthas.pcapng,s2c,0,1190,1,176,0x017A,176,144,43723073,2738188573441262613,173508149446676,,
gridania_to_coerthas.pcapng,s2c,0,1198,0,0,0x018B,88,56,43723073,9223372036862634412,18446744069458307393,,
gridania_to_coerthas.pcapng,s2c,0,1202,4,520,0x017C,152,120,43723073,152,23319039940713,10002,
gridania_to_coerthas.pcapng,s2c,0,1202,5,672,0x017D,64,32,43723073,152,23319039940713,,
gridania_to_coerthas.pcapng,s2c,0,1202,6,736,0x0183,152,120,43723073,152,23319039940713,,1
gridania_to_coerthas.pcapng,s2c,0,1202,7,888,0x017E,56,24,43723073,152,23319039940713,,
gridania_to_coerthas.pcapng,s2c,0,1202,22,2440,0x017C,152,120,43723073,152,23319039941179,10002,
gridania_to_coerthas.pcapng,s2c,0,1202,23,2592,0x017D,64,32,43723073,152,23319039941179,,
gridania_to_coerthas.pcapng,s2c,0,1202,24,2656,0x0183,152,120,43723073,152,23319039941179,,1
gridania_to_coerthas.pcapng,s2c,0,1202,25,2808,0x017E,56,24,43723073,152,23319039941179,,
gridania_to_coerthas.pcapng,s2c,0,1203,2,368,0x017C,152,120,43723073,152,23319039941624,10002,
gridania_to_coerthas.pcapng,s2c,0,1203,3,520,0x017D,64,32,43723073,152,23319039941624,,
gridania_to_coerthas.pcapng,s2c,0,1203,4,584,0x0183,152,120,43723073,152,23319039941624,,1
gridania_to_coerthas.pcapng,s2c,0,1203,5,736,0x017E,56,24,43723073,152,23319039941624,,
gridania_to_coerthas.pcapng,s2c,0,1205,0,0,0x017A,176,144,43723073,2738188573441262638,173508149446676,,
gridania_to_coerthas.pcapng,s2c,0,1205,1,176,0x017A,176,144,43723073,2738188573441262614,173508149446676,,
gridania_to_coerthas.pcapng,s2c,0,1205,3,416,0x017A,176,144,43723073,2738188573441262708,173508149446676,,
gridania_to_coerthas.pcapng,s2c,0,1209,0,0,0x017C,152,120,43723073,152,23319041020857,10002,
gridania_to_coerthas.pcapng,s2c,0,1209,1,152,0x017D,64,32,43723073,152,23319041020857,,
gridania_to_coerthas.pcapng,s2c,0,1209,2,216,0x0183,152,120,43723073,152,23319041020857,,1
gridania_to_coerthas.pcapng,s2c,0,1209,3,368,0x017E,56,24,43723073,152,23319041020857,,
gridania_to_coerthas.pcapng,s2c,0,1210,1,64,0x017A,176,144,43723073,2738188573441262667,173508149446676,,
gridania_to_coerthas.pcapng,s2c,0,1213,7,800,0x017C,152,120,43723073,152,23319042421645,10002,
gridania_to_coerthas.pcapng,s2c,0,1213,8,952,0x017D,64,32,43723073,152,23319042421645,,
gridania_to_coerthas.pcapng,s2c,0,1213,9,1016,0x0183,152,120,43723073,152,23319042421645,,1
gridania_to_coerthas.pcapng,s2c,0,1213,10,1168,0x017E,56,24,43723073,152,23319042421645,,
gridania_to_coerthas.pcapng,s2c,0,1213,25,2720,0x017C,152,120,43723073,152,23319042422115,10002,
gridania_to_coerthas.pcapng,s2c,0,1213,26,2872,0x017D,64,32,43723073,152,23319042422115,,
gridania_to_coerthas.pcapng,s2c,0,1213,27,2936,0x0183,152,120,43723073,152,23319042422115,,1
gridania_to_coerthas.pcapng,s2c,0,1213,28,3088,0x017E,56,24,43723073,152,23319042422115,,
gridania_to_coerthas.pcapng,s2c,0,1218,0,0,0x017A,176,144,43723073,2738188573441262740,173508149446676,,
gridania_to_coerthas.pcapng,s2c,0,1219,0,0,0x017A,176,144,43723073,2738188573441263225,173508149446676,,
gridania_to_coerthas.pcapng,s2c,0,1225,0,0,0x018B,88,56,43723073,9223372036862634412,18446744069458307393,,
gridania_to_coerthas.pcapng,s2c,0,1241,4,520,0x017C,152,120,43723073,152,23319050700859,10002,
gridania_to_coerthas.pcapng,s2c,0,1241,5,672,0x017D,64,32,43723073,152,23319050700859,,
gridania_to_coerthas.pcapng,s2c,0,1241,6,736,0x0183,152,120,43723073,152,23319050700859,,1
gridania_to_coerthas.pcapng,s2c,0,1241,7,888,0x017E,56,24,43723073,152,23319050700859,,
gridania_to_coerthas.pcapng,s2c,0,1243,0,0,0x018B,88,56,43723073,9223372036862634412,18446744069458307393,,
gridania_to_coerthas.pcapng,s2c,0,1244,0,0,0x017A,176,144,43723073,2738188573441262708,173508149446676,,
gridania_to_coerthas.pcapng,s2c,0,1247,4,520,0x017C,152,120,43723073,152,23319051840901,10002,
gridania_to_coerthas.pcapng,s2c,0,1247,5,672,0x017D,64,32,43723073,152,23319051840901,,
gridania_to_coerthas.pcapng,s2c,0,1247,6,736,0x0183,152,120,43723073,152,23319051840901,,1
gridania_to_coerthas.pcapng,s2c,0,1247,7,888,0x017E,56,24,43723073,152,23319051840901,,
gridania_to_coerthas.pcapng,s2c,0,1247,22,2440,0x017C,152,120,43723073,152,23319051841388,10002,
gridania_to_coerthas.pcapng,s2c,0,1247,23,2592,0x017D,64,32,43723073,152,23319051841388,,
gridania_to_coerthas.pcapng,s2c,0,1247,24,2656,0x0183,152,120,43723073,152,23319051841388,,1
gridania_to_coerthas.pcapng,s2c,0,1247,25,2808,0x017E,56,24,43723073,152,23319051841388,,
gridania_to_coerthas.pcapng,s2c,0,1248,0,0,0x017A,176,144,43723073,2738188573441262638,173508149446676,,
gridania_to_coerthas.pcapng,s2c,0,1248,1,176,0x017A,176,144,43723073,2738188573441262700,173508149446676,,
gridania_to_coerthas.pcapng,s2c,0,1251,7,800,0x017C,152,120,43723073,152,23319052894314,10002,
gridania_to_coerthas.pcapng,s2c,0,1251,8,952,0x017D,64,32,43723073,152,23319052894314,,
gridania_to_coerthas.pcapng,s2c,0,1251,9,1016,0x0183,152,120,43723073,152,23319052894314,,1
gridania_to_coerthas.pcapng,s2c,0,1251,10,1168,0x017E,56,24,43723073,152,23319052894314,,
gridania_to_coerthas.pcapng,s2c,0,1251,25,2720,0x017C,152,120,43723073,152,23319052894779,10002,
gridania_to_coerthas.pcapng,s2c,0,1251,26,2872,0x017D,64,32,43723073,152,23319052894779,,
gridania_to_coerthas.pcapng,s2c,0,1251,27,2936,0x0183,152,120,43723073,152,23319052894779,,1
gridania_to_coerthas.pcapng,s2c,0,1251,28,3088,0x017E,56,24,43723073,152,23319052894779,,
gridania_to_coerthas.pcapng,s2c,0,1252,5,688,0x017C,152,120,43723073,152,23319052895420,10002,
gridania_to_coerthas.pcapng,s2c,0,1252,6,840,0x017D,64,32,43723073,152,23319052895420,,
gridania_to_coerthas.pcapng,s2c,0,1252,7,904,0x0183,152,120,43723073,152,23319052895420,,1
gridania_to_coerthas.pcapng,s2c,0,1252,8,1056,0x017E,56,24,43723073,152,23319052895420,,
gridania_to_coerthas.pcapng,s2c,0,1252,23,2608,0x017C,152,120,43723073,152,23319052895870,10002,
gridania_to_coerthas.pcapng,s2c,0,1252,24,2760,0x017D,64,32,43723073,152,23319052895870,,
gridania_to_coerthas.pcapng,s2c,0,1252,25,2824,0x0183,152,120,43723073,152,23319052895870,,1
gridania_to_coerthas.pcapng,s2c,0,1252,26,2976,0x017E,56,24,43723073,152,23319052895870,,
gridania_to_coerthas.pcapng,s2c,0,1253,0,0,0x017A,176,144,43723073,2738188573441262735,173508149446676,,
gridania_to_coerthas.pcapng,s2c,0,1253,1,176,0x017A,176,144,43723073,2738188573441262614,173508149446676,,
gridania_to_coerthas.pcapng,s2c,0,1253,2,352,0x017A,176,144,43723073,2738188573441262667,173508149446676,,
gridania_to_coerthas.pcapng,s2c,0,1253,3,528,0x017A,176,144,43723073,2738188573441262723,173508149446676,,
gridania_to_coerthas.pcapng,s2c,0,1255,7,800,0x017C,152,120,43723073,152,23319054651316,10002,
gridania_to_coerthas.pcapng,s2c,0,1255,8,952,0x017D,64,32,43723073,152,23319054651316,,
gridania_to_coerthas.pcapng,s2c,0,1255,9,1016,0x0183,152,120,43723073,152,23319054651316,,1
gridania_to_coerthas.pcapng,s2c,0,1255,10,1168,0x017E,56,24,43723073,152,23319054651316,,
gridania_to_coerthas.pcapng,s2c,0,1255,25,2720,0x017C,152,120,43723073,152,23319054651785,10002,
gridania_to_coerthas.pcapng,s2c,0,1255,26,2872,0x017D,64,32,43723073,152,23319054651785,,
gridania_to_coerthas.pcapng,s2c,0,1255,27,2936,0x0183,152,120,43723073,152,23319054651785,,1
gridania_to_coerthas.pcapng,s2c,0,1255,28,3088,0x017E,56,24,43723073,152,23319054651785,,
gridania_to_coerthas.pcapng,s2c,0,1256,5,688,0x017C,152,120,43723073,152,23319054652226,10002,
gridania_to_coerthas.pcapng,s2c,0,1256,6,840,0x017D,64,32,43723073,152,23319054652226,,
gridania_to_coerthas.pcapng,s2c,0,1256,7,904,0x0183,152,120,43723073,152,23319054652226,,1
gridania_to_coerthas.pcapng,s2c,0,1256,8,1056,0x017E,56,24,43723073,152,23319054652226,,
gridania_to_coerthas.pcapng,s2c,0,1256,23,2608,0x017C,152,120,43723073,152,23319054652652,10002,
gridania_to_coerthas.pcapng,s2c,0,1256,24,2760,0x017D,64,32,43723073,152,23319054652652,,
gridania_to_coerthas.pcapng,s2c,0,1256,25,2824,0x0183,152,120,43723073,152,23319054652652,,1
gridania_to_coerthas.pcapng,s2c,0,1256,26,2976,0x017E,56,24,43723073,152,23319054652652,,
gridania_to_coerthas.pcapng,s2c,0,1257,4,520,0x017C,152,120,43723073,152,23319054653086,10002,
gridania_to_coerthas.pcapng,s2c,0,1257,5,672,0x017D,64,32,43723073,152,23319054653086,,
gridania_to_coerthas.pcapng,s2c,0,1257,6,736,0x0183,152,120,43723073,152,23319054653086,,1
gridania_to_coerthas.pcapng,s2c,0,1257,7,888,0x017E,56,24,43723073,152,23319054653086,,
gridania_to_coerthas.pcapng,s2c,0,1259,0,0,0x017A,176,144,43723073,2738188573441262692,173508149446676,,
gridania_to_coerthas.pcapng,s2c,0,1259,1,176,0x017A,176,144,43723073,2738188573441262624,173508149446676,,
gridania_to_coerthas.pcapng,s2c,0,1261,0,0,0x017A,176,144,43723073,2738188573441262647,173508149446676,,
gridania_to_coerthas.pcapng,s2c,0,1261,1,176,0x017A,176,144,43723073,2738188573441262716,173508149446676,,
gridania_to_coerthas.pcapng,s2c,0,1261,2,352,0x017A,176,144,43723073,2738188573441266129,173508149446676,,
gridania_to_coerthas.pcapng,s2c,0,1263,7,800,0x017C,152,120,43723073,152,23319055701163,10002,
gridania_to_coerthas.pcapng,s2c,0,1263,8,952,0x017D,64,32,43723073,152,23319055701163,,
gridania_to_coerthas.pcapng,s2c,0,1263,9,1016,0x0183,152,120,43723073,152,23319055701163,,1
gridania_to_coerthas.pcapng,s2c,0,1263,10,1168,0x017E,56,24,43723073,152,23319055701163,,
gridania_to_coerthas.pcapng,s2c,0,1263,25,2720,0x017C,152,120,43723073,152,23319055701617,10002,
gridania_to_coerthas.pcapng,s2c,0,1263,26,2872,0x017D,64,32,43723073,152,23319055701617,,
gridania_to_coerthas.pcapng,s2c,0,1263,27,2936,0x0183,152,120,43723073,152,23319055701617,,1
gridania_to_coerthas.pcapng,s2c,0,1263,28,3088,0x017E,56,24,43723073,152,23319055701617,,
gridania_to_coerthas.pcapng,s2c,0,1268,7,800,0x017C,152,120,43723073,152,23319056061934,10002,
gridania_to_coerthas.pcapng,s2c,0,1268,8,952,0x017D,64,32,43723073,152,23319056061934,,
gridania_to_coerthas.pcapng,s2c,0,1268,9,1016,0x0183,152,120,43723073,152,23319056061934,,1
gridania_to_coerthas.pcapng,s2c,0,1268,10,1168,0x017E,56,24,43723073,152,23319056061934,,
gridania_to_coerthas.pcapng,s2c,0,1269,0,0,0x017A,176,144,43723073,2738188573441262684,173508149446676,,
gridania_to_coerthas.pcapng,s2c,0,1269,1,176,0x017A,176,144,43723073,2738188573441262729,173508149446676,,
gridania_to_coerthas.pcapng,s2c,0,1269,2,352,0x017A,176,144,43723073,2738188573441266129,173508149446676,,
gridania_to_coerthas.pcapng,s2c,0,1271,0,0,0x018B,88,56,43723073,9223372036862634412,18446744069458307393,,
gridania_to_coerthas.pcapng,s2c,0,1285,0,0,0x018B,88,56,43723073,9223372036862634412,18446744069458307393,,
gridania_to_coerthas.pcapng,s2c,0,1318,0,0,0x0187,96,64,43723073,9223372036862634412,10001,,
gridania_to_coerthas.pcapng,s2c,0,1320,14,1280,0x017C,152,120,43723073,145,23317847861680,80001,
gridania_to_coerthas.pcapng,s2c,0,1320,15,1432,0x017D,64,32,43723073,145,23317847861680,,
gridania_to_coerthas.pcapng,s2c,0,1320,16,1496,0x017F,440,408,43723073,145,23317847861680,,2
gridania_to_coerthas.pcapng,s2c,0,1320,17,1936,0x017E,56,24,43723073,145,23317847861680,,
gridania_to_coerthas.pcapng,s2c,0,1320,18,1992,0x017C,152,120,43723073,145,23317847861695,10001,
gridania_to_coerthas.pcapng,s2c,0,1320,19,2144,0x017D,64,32,43723073,145,23317847861695,,
gridania_to_coerthas.pcapng,s2c,0,1320,20,2208,0x017F,440,408,43723073,145,23317847861695,,1
gridania_to_coerthas.pcapng,s2c,0,1320,21,2648,0x017E,56,24,43723073,145,23317847861695,,
gridania_to_coerthas.pcapng,s2c,0,1330,28,2680,0x017C,152,120,43723073,145,23317847863836,10002,
gridania_to_coerthas.pcapng,s2c,0,1330,29,2832,0x017D,64,32,43723073,145,23317847863836,,
gridania_to_coerthas.pcapng,s2c,0,1330,30,2896,0x0183,152,120,43723073,145,23317847863836,,1
gridania_to_coerthas.pcapng,s2c,0,1330,31,3048,0x017E,56,24,43723073,145,23317847863836,,
gridania_to_coerthas.pcapng,s2c,0,1331,5,688,0x017C,152,120,43723073,145,23317847864271,10002,
gridania_to_coerthas.pcapng,s2c,0,1331,6,840,0x017D,64,32,43723073,145,23317847864271,,
gridania_to_coerthas.pcapng,s2c,0,1331,7,904,0x0183,152,120,43723073,145,23317847864271,,1
gridania_to_coerthas.pcapng,s2c,0,1331,8,1056,0x017E,56,24,43723073,145,23317847864271,,
gridania_to_coerthas.pcapng,s2c,0,1331,23,2608,0x017C,152,120,43723073,145,23317847864696,10002,
gridania_to_coerthas.pcapng,s2c,0,1331,24,2760,0x017D,64,32,43723073,145,23317847864696,,
gridania_to_coerthas.pcapng,s2c,0,1331,25,2824,0x0183,152,120,43723073,145,23317847864696,,1
gridania_to_coerthas.pcapng,s2c,0,1331,26,2976,0x017E,56,24,43723073,145,23317847864696,,
gridania_to_coerthas.pcapng,s2c,0,1332,2,336,0x0187,96,64,43723073,9223372036862634412,10001,,
gridania_to_coerthas.pcapng,s2c,0,1334,0,0,0x017A,176,144,43723073,9223372036861349901,566602513334862381,,
gridania_to_coerthas.pcapng,s2c,0,1335,0,0,0x017A,176,144,43723073,2612087783874888887,173508149446676,,
gridania_to_coerthas.pcapng,s2c,0,1335,2,240,0x017A,176,144,43723073,2612087783874888742,173508149446676,,
gridania_to_coerthas.pcapng,s2c,0,1335,3,416,0x017A,176,144,43723073,2612087783874888795,173508149446676,,
gridania_to_coerthas.pcapng,s2c,0,1352,0,0,0x018B,88,56,43723073,9223372036862634412,18446744069458307393,,
invite_join_party.pcapng,s2c,0,17,0,0,0x017C,152,120,43723073,155,23328433100316,50001,
invite_join_party.pcapng,s2c,0,17,1,152,0x017D,64,32,43723073,155,23328433100316,,
invite_join_party.pcapng,s2c,0,17,2,216,0x017F,440,408,43723073,155,23328433100316,,1
invite_join_party.pcapng,s2c,0,17,3,656,0x017E,56,24,43723073,155,23328433100316,,
invite_join_party.pcapng,s2c,0,18,0,0,0x0187,96,64,43723073,9223372036862619984,50001,,
invite_join_party.pcapng,s2c,0,20,0,0,0x017C,152,120,43723073,155,23328433200816,50001,
invite_join_party.pcapng,s2c,0,20,1,152,0x017D,64,32,43723073,155,23328433200816,,
invite_join_party.pcapng,s2c,0,20,2,216,0x017F,440,408,43723073,155,23328433200816,,2
invite_join_party.pcapng,s2c,0,20,3,656,0x017E,56,24,43723073,155,23328433200816,,
invite_join_party.pcapng,s2c,0,22,0,0,0x0187,96,64,43723073,9223372036862619984,50001,,
invite_join_party.pcapng,s2c,0,23,0,0,0x017A,176,144,43723073,9223372036862619984,8721547992580032541,,
invite_join_party.pcapng,s2c,0,27,0,0,0x017A,176,144,43723073,9223372036862619984,8721547992580032559,,
invite_join_party.pcapng,s2c,0,29,0,0,0x017A,176,144,43723073,9223372036862619984,8721547992580032559,,
invite_join_party.pcapng,s2c,0,92,1,64,0x017C,152,120,43723073,155,23328471411235,10001,
invite_join_party.pcapng,s2c,0,92,2,216,0x017D,64,32,43723073,155,23328471411235,,
invite_join_party.pcapng,s2c,0,92,3,280,0x017F,440,408,43723073,155,23328471411235,,2
invite_join_party.pcapng,s2c,0,92,4,720,0x017E,56,24,43723073,155,23328471411235,,
local_leve_complete.pcapng,s2c,0,38,0,0,0x018B,88,56,43723073,9223372036862634412,18446744069458307393,,
local_leve_complete.pcapng,s2c,0,52,7,800,0x017C,152,120,43723073,150,23322046691434,10002,
local_leve_complete.pcapng,s2c,0,52,8,952,0x017D,64,32,43723073,150,23322046691434,,
local_leve_complete.pcapng,s2c,0,52,9,1016,0x0183,152,120,43723073,150,23322046691434,,1
local_leve_complete.pcapng,s2c,0,52,10,1168,0x017E,56,24,43723073,150,23322046691434,,
local_leve_complete.pcapng,s2c,0,56,0,0,0x017A,176,144,43723073,2702159776422300061,173508149446676,,
local_leve_complete.pcapng,s2c,0,292,19,1728,0x017C,152,120,43723073,150,23322150016162,10002,
local_leve_complete.pcapng,s2c,0,292,20,1880,0x017D,64,32,43723073,150,23322150016162,,
local_leve_complete.pcapng,s2c,0,292,21,1944,0x0183,152,120,43723073,150,23322150016162,,1
local_leve_complete.pcapng,s2c,0,292,22,2096,0x017E,56,24,43723073,150,23322150016162,,
local_leve_complete.pcapng,s2c,0,295,0,0,0x017A,176,144,43723073,2702159776422300018,173508149446676,,
login.pcapng,s2c,0,6,0,0,0x017C,152,120,43723073,244,23315771470361,80001,
login.pcapng,s2c,0,6,1,152,0x017D,64,32,43723073,244,23315771470361,,
login.pcapng,s2c,0,6,2,216,0x017F,440,408,43723073,244,23315771470361,,1
login.pcapng,s2c,0,6,3,656,0x017E,56,24,43723073,244,23315771470361,,
login.pcapng,s2c,0,6,4,712,0x0187,96,64,43723073,9223372036861349901,80001,,
login.pcapng,s2c,0,7,0,0,0x017C,152,120,43723073,244,23315771681186,10001,
login.pcapng,s2c,0,7,1,152,0x017D,64,32,43723073,244,23315771681186,,
login.pcapng,s2c,0,7,2,216,0x017F,440,408,43723073,244,23315771681186,,1
login.pcapng,s2c,0,7,3,656,0x017E,56,24,43723073,244,23315771681186,,
login.pcapng,s2c,0,9,14,1280,0x017C,152,120,43723073,244,23315772031369,80001,
login.pcapng,s2c,0,9,15,1432,0x017D,64,32,43723073,244,23315772031369,,
login.pcapng,s2c,0,9,16,1496,0x017F,440,408,43723073,244,23315772031369,,2
login.pcapng,s2c,0,9,17,1936,0x017E,56,24,43723073,244,23315772031369,,
login.pcapng,s2c,0,9,18,1992,0x017C,152,120,43723073,244,23315772031384,10001,
login.pcapng,s2c,0,9,19,2144,0x017D,64,32,43723073,244,23315772031384,,
login.pcapng,s2c,0,9,20,2208,0x017F,440,408,43723073,244,23315772031384,,1
login.pcapng,s2c,0,9,21,2648,0x017E,56,24,43723073,244,23315772031384,,
login.pcapng,s2c,0,26,0,0,0x0187,96,64,43723073,9223372036862634412,10001,,
login.pcapng,s2c,0,29,1,64,0x017A,176,144,43723073,9223372036862634412,8721675661529122851,,
login.pcapng,s2c,0,53,0,0,0x017A,176,144,43723073,9223372036862634412,8721675661529122836,,
login.pcapng,s2c,0,54,0,0,0x017A,176,144,43723073,9223372036861349901,566602513334862381,,
mount_unmount_chocobo.pcapng,s2c,0,8,1,64,0x018B,88,56,43723073,9223372036862634412,18446744069458307393,,
move_around_gridania.pcapng,s2c,0,7,0,0,0x018B,88,56,43723073,9223372036862634412,18446744069458307393,,
move_around_gridania.pcapng,s2c,0,18,0,0,0x018B,88,56,43723073,9223372036862634412,18446744069458307393,,
move_around_gridania.pcapng,s2c,0,34,0,0,0x018B,88,56,43723073,9223372036862634412,18446744069458307393,,
move_around_gridania.pcapng,s2c,0,53,0,0,0x018B,88,56,43723073,9223372036862634412,18446744069458307393,,
move_around_gridania.pcapng,s2c,0,76,0,0,0x018B,88,56,43723073,9223372036862634412,18446744069458307393,,
move_around_gridania.pcapng,s2c,0,93,0,0,0x018B,88,56,43723073,9223372036862634412,18446744069458307393,,
move_around_gridania.pcapng,s2c,0,117,0,0,0x018B,88,56,43723073,9223372036862634412,18446744069458307393,,
move_around_gridania.pcapng,s2c,0,136,0,0,0x018B,88,56,43723073,9223372036862634412,18446744069458307393,,
move_around_gridania.pcapng,s2c,0,150,0,0,0x018B,88,56,43723073,9223372036862634412,18446744069458307393,,
move_around_gridania.pcapng,s2c,0,161,0,0,0x018B,88,56,43723073,9223372036862634412,18446744069458307393,,
move_around_gridania.pcapng,s2c,0,168,0,0,0x018B,88,56,43723073,9223372036862634412,18446744069458307393,,
move_around_gridania.pcapng,s2c,0,177,1,64,0x018B,88,56,43723073,9223372036862634412,18446744069458307393,,
move_around_gridania.pcapng,s2c,0,180,1,64,0x018B,88,56,43723073,9223372036862634412,18446744069458307393,,
move_around_gridania.pcapng,s2c,0,196,0,0,0x018B,88,56,43723073,9223372036862634412,18446744069458307393,,
move_around_gridania.pcapng,s2c,0,212,0,0,0x018B,88,56,43723073,9223372036862634412,18446744069458307393,,
move_around_gridania.pcapng,s2c,0,225,0,0,0x018B,88,56,43723073,9223372036862634412,18446744069458307393,,
move_around_gridania.pcapng,s2c,0,242,0,0,0x018B,88,56,43723073,9223372036862634412,18446744069458307393,,
move_around_gridania.pcapng,s2c,0,255,0,0,0x018B,88,56,43723073,9223372036862634412,18446744069458307393,,
move_out_of_room.pcapng,s2c,0,30,2,136,0x0187,96,64,43723073,9223372036862634412,10001,,
move_out_of_room.pcapng,s2c,0,32,15,1344,0x017C,152,120,43723073,155,23317130992190,80001,
move_out_of_room.pcapng,s2c,0,32,16,1496,0x017D,64,32,43723073,155,23317130992190,,
move_out_of_room.pcapng,s2c,0,32,17,1560,0x017F,440,408,43723073,155,23317130992190,,2
move_out_of_room.pcapng,s2c,0,32,18,2000,0x017E,56,24,43723073,155,23317130992190,,
move_out_of_room.pcapng,s2c,0,32,19,2056,0x017C,152,120,43723073,155,23317130992205,10001,
move_out_of_room.pcapng,s2c,0,32,20,2208,0x017D,64,32,43723073,155,23317130992205,,
move_out_of_room.pcapng,s2c,0,32,21,2272,0x017F,440,408,43723073,155,23317130992205,,1
move_out_of_room.pcapng,s2c,0,32,22,2712,0x017E,56,24,43723073,155,23317130992205,,
move_out_of_room.pcapng,s2c,0,60,0,0,0x017A,176,144,43723073,9223372036861349901,566602513334862381,,
move_out_of_room.pcapng,s2c,0,96,0,0,0x018B,88,56,43723073,9223372036862634412,18446744069458307393,,
moving_around_gridania.pcapng,s2c,0,16,0,0,0x018B,88,56,43723073,9223372036862634412,18446744069458307393,,
moving_around_gridania.pcapng,s2c,0,39,0,0,0x018B,88,56,43723073,9223372036862634412,18446744069458307393,,
moving_around_gridania.pcapng,s2c,0,60,0,0,0x018B,88,56,43723073,9223372036862634412,18446744069458307393,,
moving_around_gridania.pcapng,s2c,0,87,0,0,0x018B,88,56,43723073,9223372036862634412,18446744069458307393,,
moving_around_gridania.pcapng,s2c,0,107,0,0,0x018B,88,56,43723073,9223372036862634412,18446744069458307393,,
moving_around_gridania.pcapng,s2c,0,129,1,64,0x018B,88,56,43723073,9223372036862634412,18446744069458307393,,
moving_around_gridania.pcapng,s2c,0,134,1,64,0x018B,88,56,43723073,9223372036862634412,18446744069458307393,,
moving_around_gridania.pcapng,s2c,0,154,0,0,0x018B,88,56,43723073,9223372036862634412,18446744069458307393,,
moving_around_gridania.pcapng,s2c,0,173,0,0,0x018B,88,56,43723073,9223372036862634412,18446744069458307393,,
moving_around_gridania.pcapng,s2c,0,198,0,0,0x018B,88,56,43723073,9223372036862634412,18446744069458307393,,
moving_around_gridania.pcapng,s2c,0,202,0,0,0x0187,96,64,43723073,9223372036862634412,10001,,
moving_around_gridania.pcapng,s2c,0,203,15,1328,0x017C,152,120,43723073,206,23318959001229,80001,
moving_around_gridania.pcapng,s2c,0,203,16,1480,0x017D,64,32,43723073,206,23318959001229,,
moving_around_gridania.pcapng,s2c,0,203,17,1544,0x017F,440,408,43723073,206,23318959001229,,2
moving_around_gridania.pcapng,s2c,0,203,18,1984,0x017E,56,24,43723073,206,23318959001229,,
moving_around_gridania.pcapng,s2c,0,203,19,2040,0x017C,152,120,43723073,206,23318959001244,10001,
moving_around_gridania.pcapng,s2c,0,203,20,2192,0x017D,64,32,43723073,206,23318959001244,,
moving_around_gridania.pcapng,s2c,0,203,21,2256,0x017F,440,408,43723073,206,23318959001244,,1
moving_around_gridania.pcapng,s2c,0,203,22,2696,0x017E,56,24,43723073,206,23318959001244,,
moving_around_gridania.pcapng,s2c,0,220,36,3656,0x0187,96,64,43723073,9223372036862634412,10001,,
moving_around_gridania.pcapng,s2c,0,221,15,1264,0x018B,88,56,43723073,9223372036862634412,18446744069458307393,,
moving_around_gridania.pcapng,s2c,0,222,1,64,0x017A,176,144,43723073,9223372036861349901,566602513334862381,,
moving_around_gridania.pcapng,s2c,0,234,0,0,0x018B,88,56,43723073,9223372036862634412,18446744069458307393,,
moving_around_gridania.pcapng,s2c,0,251,0,0,0x018B,88,56,43723073,9223372036862634412,18446744069458307393,,
moving_around_gridania.pcapng,s2c,0,267,0,0,0x018B,88,56,43723073,9223372036862634412,18446744069458307393,,
moving_around_gridania.pcapng,s2c,0,287,0,0,0x018B,88,56,43723073,9223372036862634412,18446744069458307393,,
moving_around_gridania.pcapng,s2c,0,307,0,0,0x018B,88,56,43723073,9223372036862634412,18446744069458307393,,
moving_around_gridania.pcapng,s2c,0,326,0,0,0x018B,88,56,43723073,9223372036862634412,18446744069458307393,,
moving_around_gridania.pcapng,s2c,0,329,0,0,0x018B,88,56,43723073,9223372036862634412,18446744069458307393,,
moving_around_gridania.pcapng,s2c,0,344,0,0,0x018B,88,56,43723073,9223372036862634412,18446744069458307393,,
moving_around_gridania.pcapng,s2c,0,356,0,0,0x018B,88,56,43723073,9223372036862634412,18446744069458307393,,
moving_around_gridania.pcapng,s2c,0,368,0,0,0x018B,88,56,43723073,9223372036862634412,18446744069458307393,,
moving_around_gridania.pcapng,s2c,0,373,0,0,0x018B,88,56,43723073,9223372036862634412,18446744069458307393,,
moving_around_gridania.pcapng,s2c,0,394,0,0,0x018B,88,56,43723073,9223372036862634412,18446744069458307393,,
moving_around_gridania.pcapng,s2c,0,419,0,0,0x018B,88,56,43723073,9223372036862634412,18446744069458307393,,
moving_around_gridania.pcapng,s2c,0,453,0,0,0x018B,88,56,43723073,9223372036862634412,18446744069458307393,,
moving_around_gridania.pcapng,s2c,0,465,0,0,0x018B,88,56,43723073,9223372036862634412,18446744069458307393,,
moving_around_gridania.pcapng,s2c,0,481,0,0,0x018B,88,56,43723073,9223372036862634412,18446744069458307393,,
moving_around_gridania.pcapng,s2c,0,483,0,0,0x018B,88,56,43723073,9223372036862634412,18446744069458307393,,
moving_around_gridania.pcapng,s2c,0,493,0,0,0x018B,88,56,43723073,9223372036862634412,18446744069458307393,,
moving_around_gridania.pcapng,s2c,0,504,0,0,0x018B,88,56,43723073,9223372036862634412,18446744069458307393,,
moving_around_gridania.pcapng,s2c,0,512,0,0,0x018B,88,56,43723073,9223372036862634412,18446744069458307393,,
moving_around_gridania.pcapng,s2c,0,526,0,0,0x018B,88,56,43723073,9223372036862634412,18446744069458307393,,
moving_around_gridania.pcapng,s2c,0,537,0,0,0x018B,88,56,43723073,9223372036862634412,18446744069458307393,,
moving_around_gridania.pcapng,s2c,0,548,0,0,0x018B,88,56,43723073,9223372036862634412,18446744069458307393,,
moving_around_gridania.pcapng,s2c,0,561,1,696,0x018B,88,56,43723073,9223372036862634412,18446744069458307393,,
moving_around_gridania.pcapng,s2c,0,584,0,0,0x018B,88,56,43723073,9223372036862634412,18446744069458307393,,
moving_around_gridania.pcapng,s2c,0,600,0,0,0x018B,88,56,43723073,9223372036862634412,18446744069458307393,,
moving_around_gridania.pcapng,s2c,0,622,0,0,0x018B,88,56,43723073,9223372036862634412,18446744069458307393,,
moving_around_gridania.pcapng,s2c,0,635,0,0,0x018B,88,56,43723073,9223372036862634412,18446744069458307393,,
moving_around_gridania.pcapng,s2c,0,647,0,0,0x018B,88,56,43723073,9223372036862634412,18446744069458307393,,
moving_around_gridania.pcapng,s2c,0,665,0,0,0x018B,88,56,43723073,9223372036862634412,18446744069458307393,,
moving_around_gridania.pcapng,s2c,0,676,0,0,0x018B,88,56,43723073,9223372036862634412,18446744069458307393,,
moving_around_gridania.pcapng,s2c,0,694,0,0,0x018B,88,56,43723073,9223372036862634412,18446744069458307393,,
moving_around_gridania.pcapng,s2c,0,710,0,0,0x018B,88,56,43723073,9223372036862634412,18446744069458307393,,
moving_around_gridania.pcapng,s2c,0,725,0,0,0x018B,88,56,43723073,9223372036862634412,18446744069458307393,,
moving_around_gridania.pcapng,s2c,0,747,0,0,0x018B,88,56,43723073,9223372036862634412,18446744069458307393,,
moving_around_gridania.pcapng,s2c,0,769,0,0,0x018B,88,56,43723073,9223372036862634412,18446744069458307393,,
moving_around_gridania.pcapng,s2c,0,785,0,0,0x018B,88,56,43723073,9223372036862634412,18446744069458307393,,
moving_around_gridania.pcapng,s2c,0,804,0,0,0x018B,88,56,43723073,9223372036862634412,18446744069458307393,,
moving_around_gridania.pcapng,s2c,0,825,0,0,0x018B,88,56,43723073,9223372036862634412,18446744069458307393,,
moving_around_gridania.pcapng,s2c,0,843,1,696,0x018B,88,56,43723073,9223372036862634412,18446744069458307393,,
moving_around_gridania.pcapng,s2c,0,856,0,0,0x018B,88,56,43723073,9223372036862634412,18446744069458307393,,
moving_around_gridania.pcapng,s2c,0,862,0,0,0x018B,88,56,43723073,9223372036862634412,18446744069458307393,,
moving_around_gridania.pcapng,s2c,0,875,0,0,0x018B,88,56,43723073,9223372036862634412,18446744069458307393,,
moving_around_gridania.pcapng,s2c,0,882,0,0,0x018B,88,56,43723073,9223372036862634412,18446744069458307393,,
moving_around_gridania.pcapng,s2c,0,890,0,0,0x018B,88,56,43723073,9223372036862634412,18446744069458307393,,
moving_around_gridania.pcapng,s2c,0,908,0,0,0x018B,88,56,43723073,9223372036862634412,18446744069458307393,,
moving_around_gridania.pcapng,s2c,0,925,0,0,0x018B,88,56,43723073,9223372036862634412,18446744069458307393,,
moving_around_gridania.pcapng,s2c,0,943,0,0,0x018B,88,56,43723073,9223372036862634412,18446744069458307393,,
moving_around_gridania.pcapng,s2c,0,958,0,0,0x018B,88,56,43723073,9223372036862634412,18446744069458307393,,
moving_around_gridania.pcapng,s2c,0,965,1,64,0x018B,88,56,43723073,9223372036862634412,18446744069458307393,,
moving_around_gridania.pcapng,s2c,0,977,0,0,0x018B,88,56,43723073,9223372036862634412,18446744069458307393,,
moving_around_gridania.pcapng,s2c,0,987,0,0,0x018B,88,56,43723073,9223372036862634412,18446744069458307393,,
moving_around_gridania.pcapng,s2c,0,1006,0,0,0x018B,88,56,43723073,9223372036862634412,18446744069458307393,,
moving_around_gridania.pcapng,s2c,0,1029,0,0,0x018B,88,56,43723073,9223372036862634412,18446744069458307393,,
moving_around_gridania.pcapng,s2c,0,1040,0,0,0x018B,88,56,43723073,9223372036862634412,18446744069458307393,,
moving_around_gridania.pcapng,s2c,0,1045,1,64,0x018B,88,56,43723073,9223372036862634412,18446744069458307393,,
moving_around_gridania.pcapng,s2c,0,1054,0,0,0x018B,88,56,43723073,9223372036862634412,18446744069458307393,,
moving_around_gridania.pcapng,s2c,0,1067,0,0,0x018B,88,56,43723073,9223372036862634412,18446744069458307393,,
moving_around_gridania.pcapng,s2c,0,1073,0,0,0x018B,88,56,43723073,9223372036862634412,18446744069458307393,,
moving_around_gridania.pcapng,s2c,0,1084,0,0,0x018B,88,56,43723073,9223372036862634412,18446744069458307393,,
moving_around_gridania.pcapng,s2c,0,1099,0,0,0x018B,88,56,43723073,9223372036862634412,18446744069458307393,,
moving_around_gridania.pcapng,s2c,0,1109,0,0,0x018B,88,56,43723073,9223372036862634412,18446744069458307393,,
moving_around_gridania.pcapng,s2c,0,1117,0,0,0x018B,88,56,43723073,9223372036862634412,18446744069458307393,,
moving_around_gridania.pcapng,s2c,0,1127,0,0,0x018B,88,56,43723073,9223372036862634412,18446744069458307393,,
moving_around_gridania.pcapng,s2c,0,1142,0,0,0x018B,88,56,43723073,9223372036862634412,18446744069458307393,,
moving_around_gridania.pcapng,s2c,0,1158,0,0,0x018B,88,56,43723073,9223372036862634412,18446744069458307393,,
moving_around_gridania.pcapng,s2c,0,1179,0,0,0x018B,88,56,43723073,9223372036862634412,18446744069458307393,,
moving_around_gridania.pcapng,s2c,0,1195,0,0,0x018B,88,56,43723073,9223372036862634412,18446744069458307393,,
moving_around_gridania.pcapng,s2c,0,1218,0,0,0x018B,88,56,43723073,9223372036862634412,18446744069458307393,,
moving_around_gridania.pcapng,s2c,0,1223,0,0,0x018B,88,56,43723073,9223372036862634412,18446744069458307393,,
moving_around_gridania.pcapng,s2c,0,1237,0,0,0x018B,88,56,43723073,9223372036862634412,18446744069458307393,,
moving_around_gridania.pcapng,s2c,0,1249,2,336,0x0187,96,64,43723073,9223372036862634412,10001,,
moving_around_gridania.pcapng,s2c,0,1250,1,48,0x0187,96,64,43723073,9223372036862634412,10001,,
moving_around_gridania.pcapng,s2c,0,1251,14,1280,0x017C,152,120,43723073,155,23319317065852,80001,
moving_around_gridania.pcapng,s2c,0,1251,15,1432,0x017D,64,32,43723073,155,23319317065852,,
moving_around_gridania.pcapng,s2c,0,1251,16,1496,0x017F,440,408,43723073,155,23319317065852,,2
moving_around_gridania.pcapng,s2c,0,1251,17,1936,0x017E,56,24,43723073,155,23319317065852,,
moving_around_gridania.pcapng,s2c,0,1251,18,1992,0x017C,152,120,43723073,155,23319317065866,10001,
moving_around_gridania.pcapng,s2c,0,1251,19,2144,0x017D,64,32,43723073,155,23319317065866,,
moving_around_gridania.pcapng,s2c,0,1251,20,2208,0x017F,440,408,43723073,155,23319317065866,,1
moving_around_gridania.pcapng,s2c,0,1251,21,2648,0x017E,56,24,43723073,155,23319317065866,,
moving_around_gridania.pcapng,s2c,0,1280,0,0,0x018B,88,56,43723073,9223372036862634412,18446744069458307393,,
moving_around_gridania.pcapng,s2c,0,1284,0,0,0x017A,176,144,43723073,9223372036861349901,566602513334862381,,
moving_around_gridania.pcapng,s2c,0,1300,0,0,0x018B,88,56,43723073,9223372036862634412,18446744069458307393,,
moving_around_gridania.pcapng,s2c,0,1304,0,0,0x018B,88,56,43723073,9223372036862634412,18446744069458307393,,
party_battle_leve.pcapng,s2c,0,50,8,648,0x017C,152,120,43723073,162,23329123931086,30001,
party_battle_leve.pcapng,s2c,0,50,9,800,0x017D,64,32,43723073,162,23329123931086,,
party_battle_leve.pcapng,s2c,0,50,10,864,0x0183,152,120,43723073,162,23329123931086,,3
party_battle_leve.pcapng,s2c,0,50,11,1016,0x017E,56,24,43723073,162,23329123931086,,
party_battle_leve.pcapng,s2c,0,54,0,0,0x017A,176,144,43723073,2918332558536083490,56980215105575,,
party_battle_leve.pcapng,s2c,0,58,0,0,0x017A,176,144,43723073,2918332558536083490,56980215105556,,
party_battle_leve.pcapng,s2c,0,65,0,0,0x0187,96,64,43723073,9223372036862634412,10001,,
party_battle_leve.pcapng,s2c,0,74,7,800,0x017C,152,120,43723073,162,23329128070927,10002,
party_battle_leve.pcapng,s2c,0,74,8,952,0x017D,64,32,43723073,162,23329128070927,,
party_battle_leve.pcapng,s2c,0,74,9,1016,0x0183,152,120,43723073,162,23329128070927,,1
party_battle_leve.pcapng,s2c,0,74,10,1168,0x017E,56,24,43723073,162,23329128070927,,
party_battle_leve.pcapng,s2c,0,76,0,0,0x017A,176,144,43723073,2918332558536083073,173508149446676,,
party_battle_leve.pcapng,s2c,0,78,0,0,0x017C,152,120,43723073,162,23329129314462,30001,
party_battle_leve.pcapng,s2c,0,78,1,152,0x017D,64,32,43723073,162,23329129314462,,
party_battle_leve.pcapng,s2c,0,78,2,216,0x0183,152,120,43723073,162,23329129314462,,4
party_battle_leve.pcapng,s2c,0,78,3,368,0x017E,56,24,43723073,162,23329129314462,,
party_battle_leve.pcapng,s2c,0,79,1,64,0x017C,152,120,43723073,162,23329129324845,30001,
party_battle_leve.pcapng,s2c,0,79,2,216,0x017D,64,32,43723073,162,23329129324845,,
party_battle_leve.pcapng,s2c,0,79,3,280,0x0183,152,120,43723073,162,23329129324845,,4
party_battle_leve.pcapng,s2c,0,79,4,432,0x017E,56,24,43723073,162,23329129324845,,
party_battle_leve.pcapng,s2c,0,80,0,0,0x017C,152,120,43723073,162,23329129779745,30001,
party_battle_leve.pcapng,s2c,0,80,1,152,0x017D,64,32,43723073,162,23329129779745,,
party_battle_leve.pcapng,s2c,0,80,2,216,0x0183,152,120,43723073,162,23329129779745,,5
party_battle_leve.pcapng,s2c,0,80,3,368,0x017E,56,24,43723073,162,23329129779745,,
party_battle_leve.pcapng,s2c,0,84,0,0,0x017C,152,120,43723073,162,23329130041993,30001,
party_battle_leve.pcapng,s2c,0,84,1,152,0x017D,64,32,43723073,162,23329130041993,,
party_battle_leve.pcapng,s2c,0,84,2,216,0x0183,152,120,43723073,162,23329130041993,,5
party_battle_leve.pcapng,s2c,0,84,3,368,0x017E,56,24,43723073,162,23329130041993,,
party_battle_leve.pcapng,s2c,0,85,0,0,0x017C,152,120,43723073,162,23329130255618,30001,
party_battle_leve.pcapng,s2c,0,85,1,152,0x017D,64,32,43723073,162,23329130255618,,
party_battle_leve.pcapng,s2c,0,85,2,216,0x0183,152,120,43723073,162,23329130255618,,6
party_battle_leve.pcapng,s2c,0,85,3,368,0x017E,56,24,43723073,162,23329130255618,,
party_battle_leve.pcapng,s2c,0,86,0,0,0x017C,152,120,43723073,162,23329130698785,30001,
party_battle_leve.pcapng,s2c,0,86,1,152,0x017D,64,32,43723073,162,23329130698785,,
party_battle_leve.pcapng,s2c,0,86,2,216,0x0183,152,120,43723073,162,23329130698785,,7
party_battle_leve.pcapng,s2c,0,86,3,368,0x017E,56,24,43723073,162,23329130698785,,
party_battle_leve.pcapng,s2c,0,89,0,0,0x017C,152,120,43723073,162,23329131150447,30001,
party_battle_leve.pcapng,s2c,0,89,1,152,0x017D,64,32,43723073,162,23329131150447,,
party_battle_leve.pcapng,s2c,0,89,2,216,0x0183,152,120,43723073,162,23329131150447,,8
party_battle_leve.pcapng,s2c,0,89,3,368,0x017E,56,24,43723073,162,23329131150447,,
party_battle_leve.pcapng,s2c,0,89,5,1120,0x017C,152,120,43723073,162,23329131157274,30001,
party_battle_leve.pcapng,s2c,0,89,6,1272,0x017D,64,32,43723073,162,23329131157274,,
party_battle_leve.pcapng,s2c,0,89,7,1336,0x0183,152,120,43723073,162,23329131157274,,8
party_battle_leve.pcapng,s2c,0,89,8,1488,0x017E,56,24,43723073,162,23329131157274,,
party_battle_leve.pcapng,s2c,0,92,0,0,0x017C,152,120,43723073,162,23329131614938,30001,
party_battle_leve.pcapng,s2c,0,92,1,152,0x017D,64,32,43723073,162,23329131614938,,
party_battle_leve.pcapng,s2c,0,92,2,216,0x0183,152,120,43723073,162,23329131614938,,8
party_battle_leve.pcapng,s2c,0,92,3,368,0x0183,152,120,43723073,162,23329131614938,,1
party_battle_leve.pcapng,s2c,0,92,4,520,0x017E,56,24,43723073,162,23329131614938,,
party_battle_leve.pcapng,s2c,0,95,0,0,0x017C,152,120,43723073,162,23329132082051,30001,
party_battle_leve.pcapng,s2c,0,95,1,152,0x017D,64,32,43723073,162,23329132082051,,
party_battle_leve.pcapng,s2c,0,95,2,216,0x0183,152,120,43723073,162,23329132082051,,8
party_battle_leve.pcapng,s2c,0,95,3,368,0x0183,152,120,43723073,162,23329132082051,,2
party_battle_leve.pcapng,s2c,0,95,4,520,0x017E,56,24,43723073,162,23329132082051,,
party_battle_leve.pcapng,s2c,0,97,0,0,0x017C,152,120,43723073,162,23329132300181,30001,
party_battle_leve.pcapng,s2c,0,97,1,152,0x017D,64,32,43723073,162,23329132300181,,
party_battle_leve.pcapng,s2c,0,97,2,216,0x0183,152,120,43723073,162,23329132300181,,8
party_battle_leve.pcapng,s2c,0,97,3,368,0x0183,152,120,43723073,162,23329132300181,,2
party_battle_leve.pcapng,s2c,0,97,4,520,0x017E,56,24,43723073,162,23329132300181,,
party_battle_leve.pcapng,s2c,0,98,0,0,0x017C,152,120,43723073,162,23329132554220,30001,
party_battle_leve.pcapng,s2c,0,98,1,152,0x017D,64,32,43723073,162,23329132554220,,
party_battle_leve.pcapng,s2c,0,98,2,216,0x0183,152,120,43723073,162,23329132554220,,8
party_battle_leve.pcapng,s2c,0,98,3,368,0x0183,152,120,43723073,162,23329132554220,,3
party_battle_leve.pcapng,s2c,0,98,4,520,0x017E,56,24,43723073,162,23329132554220,,
party_battle_leve.pcapng,s2c,0,102,0,0,0x017C,152,120,43723073,162,23329133014184,30001,
party_battle_leve.pcapng,s2c,0,102,1,152,0x017D,64,32,43723073,162,23329133014184,,
party_battle_leve.pcapng,s2c,0,102,2,216,0x0183,152,120,43723073,162,23329133014184,,8
party_battle_leve.pcapng,s2c,0,102,3,368,0x0183,152,120,43723073,162,23329133014184,,4
party_battle_leve.pcapng,s2c,0,102,4,520,0x017E,56,24,43723073,162,23329133014184,,
party_battle_leve.pcapng,s2c,0,104,1,80,0x018B,88,56,43723073,9223372036862634412,18446744069458307027,,
party_battle_leve.pcapng,s2c,0,104,4,312,0x017C,152,120,43723073,162,23329133264881,30001,
party_battle_leve.pcapng,s2c,0,104,5,464,0x017D,64,32,43723073,162,23329133264881,,
party_battle_leve.pcapng,s2c,0,104,6,528,0x0183,152,120,43723073,162,23329133264881,,8
party_battle_leve.pcapng,s2c,0,104,7,680,0x0183,152,120,43723073,162,23329133264881,,4
party_battle_leve.pcapng,s2c,0,104,8,832,0x017E,56,24,43723073,162,23329133264881,,
party_battle_leve.pcapng,s2c,0,105,0,0,0x017C,152,120,43723073,162,23329133482316,30001,
party_battle_leve.pcapng,s2c,0,105,1,152,0x017D,64,32,43723073,162,23329133482316,,
party_battle_leve.pcapng,s2c,0,105,2,216,0x0183,152,120,43723073,162,23329133482316,,8
party_battle_leve.pcapng,s2c,0,105,3,368,0x0183,152,120,43723073,162,23329133482316,,5
party_battle_leve.pcapng,s2c,0,105,4,520,0x017E,56,24,43723073,162,23329133482316,,
party_battle_leve.pcapng,s2c,0,107,0,0,0x017C,152,120,43723073,162,23329133940412,30001,
party_battle_leve.pcapng,s2c,0,107,1,152,0x017D,64,32,43723073,162,23329133940412,,
party_battle_leve.pcapng,s2c,0,107,2,216,0x0183,152,120,43723073,162,23329133940412,,8
party_battle_leve.pcapng,s2c,0,107,3,368,0x0183,152,120,43723073,162,23329133940412,,6
party_battle_leve.pcapng,s2c,0,107,4,520,0x017E,56,24,43723073,162,23329133940412,,
party_battle_leve.pcapng,s2c,0,108,3,224,0x017C,152,120,43723073,162,23329133962942,30001,
party_battle_leve.pcapng,s2c,0,108,4,376,0x017D,64,32,43723073,162,23329133962942,,
party_battle_leve.pcapng,s2c,0,108,5,440,0x0183,152,120,43723073,162,23329133962942,,8
party_battle_leve.pcapng,s2c,0,108,6,592,0x0183,152,120,43723073,162,23329133962942,,6
party_battle_leve.pcapng,s2c,0,108,7,744,0x017E,56,24,43723073,162,23329133962942,,
party_battle_leve.pcapng,s2c,0,111,0,0,0x017C,152,120,43723073,162,23329134386173,30001,
party_battle_leve.pcapng,s2c,0,111,1,152,0x017D,64,32,43723073,162,23329134386173,,
party_battle_leve.pcapng,s2c,0,111,2,216,0x0183,152,120,43723073,162,23329134386173,,8
party_battle_leve.pcapng,s2c,0,111,3,368,0x0183,152,120,43723073,162,23329134386173,,7
party_battle_leve.pcapng,s2c,0,111,4,520,0x017E,56,24,43723073,162,23329134386173,,
party_battle_leve.pcapng,s2c,0,118,4,520,0x017C,152,120,43723073,162,23329134840779,10002,
party_battle_leve.pcapng,s2c,0,118,5,672,0x017D,64,32,43723073,162,23329134840779,,
party_battle_leve.pcapng,s2c,0,118,6,736,0x0183,152,120,43723073,162,23329134840779,,1
party_battle_leve.pcapng,s2c,0,118,7,888,0x017E,56,24,43723073,162,23329134840779,,
party_battle_leve.pcapng,s2c,0,118,22,2440,0x017C,152,120,43723073,162,23329134841239,10002,
party_battle_leve.pcapng,s2c,0,118,23,2592,0x017D,64,32,43723073,162,23329134841239,,
party_battle_leve.pcapng,s2c,0,118,24,2656,0x0183,152,120,43723073,162,23329134841239,,1
party_battle_leve.pcapng,s2c,0,118,25,2808,0x017E,56,24,43723073,162,23329134841239,,
party_battle_leve.pcapng,s2c,0,120,1,64,0x018B,88,56,43723073,9223372036862634412,18446744069458307393,,
party_battle_leve.pcapng,s2c,0,121,0,0,0x017C,152,120,43723073,162,23329135060265,30001,
party_battle_leve.pcapng,s2c,0,121,1,152,0x017D,64,32,43723073,162,23329135060265,,
party_battle_leve.pcapng,s2c,0,121,2,216,0x0183,152,120,43723073,162,23329135060265,,8
party_battle_leve.pcapng,s2c,0,121,3,368,0x0183,152,120,43723073,162,23329135060265,,7
party_battle_leve.pcapng,s2c,0,121,4,520,0x017E,56,24,43723073,162,23329135060265,,
party_battle_leve.pcapng,s2c,0,124,0,0,0x017A,176,144,43723073,2918332558536082984,173508149446676,,
party_battle_leve.pcapng,s2c,0,124,1,176,0x017A,176,144,43723073,2918332558536082986,173508149446676,,
party_battle_leve.pcapng,s2c,0,139,0,0,0x018B,88,56,43723073,9223372036862634412,18446744069458307027,,
party_battle_leve.pcapng,s2c,0,143,7,800,0x017C,152,120,43723073,162,23329139350995,10002,
party_battle_leve.pcapng,s2c,0,143,8,952,0x017D,64,32,43723073,162,23329139350995,,
party_battle_leve.pcapng,s2c,0,143,9,1016,0x0183,152,120,43723073,162,23329139350995,,1
party_battle_leve.pcapng,s2c,0,143,10,1168,0x017E,56,24,43723073,162,23329139350995,,
party_battle_leve.pcapng,s2c,0,147,0,0,0x017A,176,144,43723073,2918332558536083479,173508149446676,,
party_battle_leve.pcapng,s2c,0,150,0,0,0x018B,88,56,43723073,9223372036862634412,18446744069458307393,,
party_battle_leve.pcapng,s2c,0,162,7,800,0x017C,152,120,43723073,162,23329142531029,10002,
party_battle_leve.pcapng,s2c,0,162,8,952,0x017D,64,32,43723073,162,23329142531029,,
party_battle_leve.pcapng,s2c,0,162,9,1016,0x0183,152,120,43723073,162,23329142531029,,1
party_battle_leve.pcapng,s2c,0,162,10,1168,0x017E,56,24,43723073,162,23329142531029,,
party_battle_leve.pcapng,s2c,0,162,25,2720,0x017C,152,120,43723073,162,23329142531509,10002,
party_battle_leve.pcapng,s2c,0,162,26,2872,0x017D,64,32,43723073,162,23329142531509,,
party_battle_leve.pcapng,s2c,0,162,27,2936,0x0183,152,120,43723073,162,23329142531509,,1
party_battle_leve.pcapng,s2c,0,162,28,3088,0x017E,56,24,43723073,162,23329142531509,,
party_battle_leve.pcapng,s2c,0,163,5,688,0x017C,152,120,43723073,162,23329142531970,10002,
party_battle_leve.pcapng,s2c,0,163,6,840,0x017D,64,32,43723073,162,23329142531970,,
party_battle_leve.pcapng,s2c,0,163,7,904,0x0183,152,120,43723073,162,23329142531970,,1
party_battle_leve.pcapng,s2c,0,163,8,1056,0x017E,56,24,43723073,162,23329142531970,,
party_battle_leve.pcapng,s2c,0,166,1,64,0x017A,176,144,43723073,2918332558536082949,173508149446676,,
party_battle_leve.pcapng,s2c,0,168,0,0,0x017A,176,144,43723073,2918332558536083489,173508149446676,,
party_battle_leve.pcapng,s2c,0,168,1,176,0x017A,176,144,43723073,2918332558536083481,173508149446676,,
party_battle_leve.pcapng,s2c,0,174,0,0,0x018B,88,56,43723073,9223372036862634412,18446744069458307027,,
party_battle_leve.pcapng,s2c,0,188,0,0,0x018B,88,56,43723073,9223372036862634412,18446744069458307393,,
party_battle_leve.pcapng,s2c,0,211,0,0,0x018B,88,56,43723073,9223372036862634412,18446744069458307027,,
party_battle_leve.pcapng,s2c,0,224,0,0,0x018B,88,56,43723073,9223372036862634412,18446744069458307393,,
party_battle_leve.pcapng,s2c,0,228,7,800,0x017C,152,120,43723073,162,23329153231206,10002,
party_battle_leve.pcapng,s2c,0,228,8,952,0x017D,64,32,43723073,162,23329153231206,,
party_battle_leve.pcapng,s2c,0,228,9,1016,0x0183,152,120,43723073,162,23329153231206,,1
party_battle_leve.pcapng,s2c,0,228,10,1168,0x017E,56,24,43723073,162,23329153231206,,
party_battle_leve.pcapng,s2c,0,231,0,0,0x017A,176,144,43723073,2918332558536083475,173508149446676,,
party_battle_leve.pcapng,s2c,0,250,0,0,0x018B,88,56,43723073,9223372036862634412,18446744069458307027,,
party_battle_leve.pcapng,s2c,0,262,0,0,0x017C,152,120,43723073,162,23329158280470,30001,
party_battle_leve.pcapng,s2c,0,262,1,152,0x017D,64,32,43723073,162,23329158280470,,
party_battle_leve.pcapng,s2c,0,262,2,216,0x0183,152,120,43723073,162,23329158280470,,8
party_battle_leve.pcapng,s2c,0,262,3,368,0x0183,152,120,43723073,162,23329158280470,,7
party_battle_leve.pcapng,s2c,0,262,4,520,0x017E,56,24,43723073,162,23329158280470,,
party_battle_leve.pcapng,s2c,0,264,2,160,0x018B,88,56,43723073,9223372036862634412,18446744069458307393,,
party_battle_leve.pcapng,s2c,0,276,25,2616,0x017C,152,120,43723073,162,23329162051177,10002,
party_battle_leve.pcapng,s2c,0,276,26,2768,0x017D,64,32,43723073,162,23329162051177,,
party_battle_leve.pcapng,s2c,0,276,27,2832,0x0183,152,120,43723073,162,23329162051177,,1
party_battle_leve.pcapng,s2c,0,276,28,2984,0x017E,56,24,43723073,162,23329162051177,,
party_battle_leve.pcapng,s2c,0,277,4,520,0x017C,152,120,43723073,162,23329162051626,10002,
party_battle_leve.pcapng,s2c,0,277,5,672,0x017D,64,32,43723073,162,23329162051626,,
party_battle_leve.pcapng,s2c,0,277,6,736,0x0183,152,120,43723073,162,23329162051626,,1
party_battle_leve.pcapng,s2c,0,277,7,888,0x017E,56,24,43723073,162,23329162051626,,
party_battle_leve.pcapng,s2c,0,279,0,0,0x017A,176,144,43723073,2918332558536083008,173508149446676,,
party_battle_leve.pcapng,s2c,0,281,0,0,0x017A,176,144,43723073,2918332558536083330,173508149446676,,
party_battle_leve.pcapng,s2c,0,288,0,0,0x018B,88,56,43723073,9223372036862634412,18446744069458307393,,
party_battle_leve.pcapng,s2c,0,294,0,0,0x018B,88,56,43723073,9223372036862634412,18446744069458307027,,
party_battle_leve.pcapng,s2c,0,312,7,800,0x017C,152,120,43723073,162,23329170691019,10002,
party_battle_leve.pcapng,s2c,0,312,8,952,0x017D,64,32,43723073,162,23329170691019,,
party_battle_leve.pcapng,s2c,0,312,9,1016,0x0183,152,120,43723073,162,23329170691019,,1
party_battle_leve.pcapng,s2c,0,312,10,1168,0x017E,56,24,43723073,162,23329170691019,,
party_battle_leve.pcapng,s2c,0,314,1,64,0x017A,176,144,43723073,2918332558536083008,173508149446676,,
party_battle_leve.pcapng,s2c,0,319,7,800,0x017C,152,120,43723073,162,23329171720917,10002,
party_battle_leve.pcapng,s2c,0,319,8,952,0x017D,64,32,43723073,162,23329171720917,,
party_battle_leve.pcapng,s2c,0,319,9,1016,0x0183,152,120,43723073,162,23329171720917,,1
party_battle_leve.pcapng,s2c,0,319,10,1168,0x017E,56,24,43723073,162,23329171720917,,
party_battle_leve.pcapng,s2c,0,324,0,0,0x017A,176,144,43723073,2918332558536083330,173508149446676,,
party_battle_leve.pcapng,s2c,0,326,0,0,0x018B,88,56,43723073,9223372036862634412,18446744069458307027,,
party_battle_leve.pcapng,s2c,0,334,1,64,0x018B,88,56,43723073,9223372036862634412,18446744069458307393,,
party_battle_leve.pcapng,s2c,0,345,0,0,0x017C,152,120,43723073,162,23329175230265,30001,
party_battle_leve.pcapng,s2c,0,345,1,152,0x017D,64,32,43723073,162,23329175230265,,
party_battle_leve.pcapng,s2c,0,345,2,216,0x0183,152,120,43723073,162,23329175230265,,8
party_battle_leve.pcapng,s2c,0,345,3,368,0x0183,152,120,43723073,162,23329175230265,,6
party_battle_leve.pcapng,s2c,0,345,4,520,0x017E,56,24,43723073,162,23329175230265,,
party_battle_leve.pcapng,s2c,0,359,4,264,0x017C,152,120,43723073,162,23329177364878,30001,
party_battle_leve.pcapng,s2c,0,359,5,416,0x017D,64,32,43723073,162,23329177364878,,
party_battle_leve.pcapng,s2c,0,359,6,480,0x0183,152,120,43723073,162,23329177364878,,8
party_battle_leve.pcapng,s2c,0,359,7,632,0x0183,152,120,43723073,162,23329177364878,,6
party_battle_leve.pcapng,s2c,0,359,8,784,0x017E,56,24,43723073,162,23329177364878,,
party_battle_leve.pcapng,s2c,0,363,0,0,0x018B,88,56,43723073,9223372036862634412,18446744069458307027,,
party_battle_leve.pcapng,s2c,0,371,0,0,0x018B,88,56,43723073,9223372036862634412,18446744069458307393,,
party_battle_leve.pcapng,s2c,0,372,0,0,0x017C,152,120,43723073,162,23329179528379,30001,
party_battle_leve.pcapng,s2c,0,372,1,152,0x017D,64,32,43723073,162,23329179528379,,
party_battle_leve.pcapng,s2c,0,372,2,216,0x0183,152,120,43723073,162,23329179528379,,8
party_battle_leve.pcapng,s2c,0,372,3,368,0x0183,152,120,43723073,162,23329179528379,,7
party_battle_leve.pcapng,s2c,0,372,4,520,0x017E,56,24,43723073,162,23329179528379,,
party_battle_leve.pcapng,s2c,0,373,0,0,0x0187,96,64,43723073,2918332558536083491,10002,,
party_battle_leve.pcapng,s2c,0,373,1,96,0x0187,96,64,43723073,2918332558536083491,10002,,
party_battle_leve.pcapng,s2c,0,374,7,800,0x017C,152,120,43723073,162,23329179740936,10002,
party_battle_leve.pcapng,s2c,0,374,8,952,0x017D,64,32,43723073,162,23329179740936,,
party_battle_leve.pcapng,s2c,0,374,9,1016,0x0183,152,120,43723073,162,23329179740936,,1
party_battle_leve.pcapng,s2c,0,374,10,1168,0x017E,56,24,43723073,162,23329179740936,,
party_battle_leve.pcapng,s2c,0,374,11,1224,0x017C,152,120,43723073,162,23329179740953,30001,
party_battle_leve.pcapng,s2c,0,374,12,1376,0x017D,64,32,43723073,162,23329179740953,,
party_battle_leve.pcapng,s2c,0,374,13,1440,0x0183,152,120,43723073,162,23329179740953,,8
party_battle_leve.pcapng,s2c,0,374,14,1592,0x0183,152,120,43723073,162,23329179740953,,7
party_battle_leve.pcapng,s2c,0,374,15,1744,0x017E,56,24,43723073,162,23329179740953,,
party_battle_leve.pcapng,s2c,0,378,0,0,0x017C,152,120,43723073,162,23329180093839,30001,
party_battle_leve.pcapng,s2c,0,378,1,152,0x017D,64,32,43723073,162,23329180093839,,
party_battle_leve.pcapng,s2c,0,378,2,216,0x0183,152,120,43723073,162,23329180093839,,8
party_battle_leve.pcapng,s2c,0,378,3,368,0x0183,152,120,43723073,162,23329180093839,,7
party_battle_leve.pcapng,s2c,0,378,4,520,0x017E,56,24,43723073,162,23329180093839,,
party_battle_leve.pcapng,s2c,0,381,1,64,0x017C,152,120,43723073,162,23329180194780,30001,
party_battle_leve.pcapng,s2c,0,381,2,216,0x017D,64,32,43723073,162,23329180194780,,
party_battle_leve.pcapng,s2c,0,381,3,280,0x0183,152,120,43723073,162,23329180194780,,8
party_battle_leve.pcapng,s2c,0,381,4,432,0x0183,152,120,43723073,162,23329180194780,,7
party_battle_leve.pcapng,s2c,0,381,5,584,0x017E,56,24,43723073,162,23329180194780,,
party_battle_leve.pcapng,s2c,0,381,6,640,0x017C,152,120,43723073,162,23329180194807,10002,
party_battle_leve.pcapng,s2c,0,381,7,792,0x017D,64,32,43723073,162,23329180194807,,
party_battle_leve.pcapng,s2c,0,381,8,856,0x0183,152,120,43723073,162,23329180194807,,2
party_battle_leve.pcapng,s2c,0,381,9,1008,0x017E,56,24,43723073,162,23329180194807,,
party_battle_leve.pcapng,s2c,0,386,0,0,0x017A,176,144,43723073,2918332558536083491,8388357179801831431,,
party_battle_leve.pcapng,s2c,0,425,1,64,0x017C,152,120,43723073,162,23329185284874,30001,
party_battle_leve.pcapng,s2c,0,425,2,216,0x017D,64,32,43723073,162,23329185284874,,
party_battle_leve.pcapng,s2c,0,425,3,280,0x0183,152,120,43723073,162,23329185284874,,8
party_battle_leve.pcapng,s2c,0,425,4,432,0x0183,152,120,43723073,162,23329185284874,,6
party_battle_leve.pcapng,s2c,0,425,5,584,0x017E,56,24,43723073,162,23329185284874,,
party_battle_leve.pcapng,s2c,0,723,2,152,0x017C,152,120,43723073,162,23329235034860,30001,
party_battle_leve.pcapng,s2c,0,723,3,304,0x017D,64,32,43723073,162,23329235034860,,
party_battle_leve.pcapng,s2c,0,723,4,368,0x0183,152,120,43723073,162,23329235034860,,8
party_battle_leve.pcapng,s2c,0,723,5,520,0x0183,152,120,43723073,162,23329235034860,,5
party_battle_leve.pcapng,s2c,0,723,6,672,0x017E,56,24,43723073,162,23329235034860,,
party_battle_leve.pcapng,s2c,0,723,7,728,0x017C,152,120,43723073,162,23329235034884,10002,
party_battle_leve.pcapng,s2c,0,723,8,880,0x017D,64,32,43723073,162,23329235034884,,
party_battle_leve.pcapng,s2c,0,723,9,944,0x0183,152,120,43723073,162,23329235034884,,1
party_battle_leve.pcapng,s2c,0,723,10,1096,0x017E,56,24,43723073,162,23329235034884,,
party_battle_leve.pcapng,s2c,0,767,0,0,0x018B,88,56,43723073,9223372036862634412,18446744069458307027,,
party_battle_leve.pcapng,s2c,0,771,1,64,0x018B,88,56,43723073,9223372036862634412,18446744069458307393,,
party_battle_leve.pcapng,s2c,0,794,0,0,0x017C,152,120,43723073,162,23329248330492,30001,
party_battle_leve.pcapng,s2c,0,794,1,152,0x017D,64,32,43723073,162,23329248330492,,
party_battle_leve.pcapng,s2c,0,794,2,216,0x0183,152,120,43723073,162,23329248330492,,8
party_battle_leve.pcapng,s2c,0,794,3,368,0x0183,152,120,43723073,162,23329248330492,,4
party_battle_leve.pcapng,s2c,0,794,4,520,0x017E,56,24,43723073,162,23329248330492,,
party_battle_leve.pcapng,s2c,0,806,0,0,0x018B,88,56,43723073,9223372036862634412,18446744069458307393,,
party_battle_leve.pcapng,s2c,0,821,0,0,0x018B,88,56,43723073,9223372036862634412,18446744069458307027,,
party_battle_leve.pcapng,s2c,0,846,3,224,0x018B,88,56,43723073,9223372036862634412,18446744069458307393,,
party_battle_leve.pcapng,s2c,0,851,3,224,0x017C,152,120,43723073,162,23329260015128,30001,
party_battle_leve.pcapng,s2c,0,851,4,376,0x017D,64,32,43723073,162,23329260015128,,
party_battle_leve.pcapng,s2c,0,851,5,440,0x0183,152,120,43723073,162,23329260015128,,8
party_battle_leve.pcapng,s2c,0,851,6,592,0x0183,152,120,43723073,162,23329260015128,,3
party_battle_leve.pcapng,s2c,0,851,7,744,0x017E,56,24,43723073,162,23329260015128,,
party_battle_leve.pcapng,s2c,0,854,0,0,0x018B,88,56,43723073,9223372036862634412,18446744069458307027,,
party_battle_leve.pcapng,s2c,0,876,0,0,0x018B,88,56,43723073,9223372036862634412,18446744069458307393,,
party_battle_leve.pcapng,s2c,0,888,0,0,0x018B,88,56,43723073,9223372036862634412,18446744069458307027,,
party_battle_leve.pcapng,s2c,0,910,2,160,0x018B,88,56,43723073,9223372036862634412,18446744069458307393,,
party_battle_leve.pcapng,s2c,0,918,0,0,0x018B,88,56,43723073,9223372036862634412,18446744069458307027,,
party_battle_leve.pcapng,s2c,0,927,7,800,0x017C,152,120,43723073,162,23329274530960,10002,
party_battle_leve.pcapng,s2c,0,927,8,952,0x017D,64,32,43723073,162,23329274530960,,
party_battle_leve.pcapng,s2c,0,927,9,1016,0x0183,152,120,43723073,162,23329274530960,,1
party_battle_leve.pcapng,s2c,0,927,10,1168,0x017E,56,24,43723073,162,23329274530960,,
party_battle_leve.pcapng,s2c,0,930,1,64,0x017A,176,144,43723073,2918332558536083366,173508149446676,,
party_battle_leve.pcapng,s2c,0,937,0,0,0x018B,88,56,43723073,9223372036862634412,18446744069458307393,,
party_battle_leve.pcapng,s2c,0,953,25,2616,0x017C,152,120,43723073,162,23329277981439,10002,
party_battle_leve.pcapng,s2c,0,953,26,2768,0x017D,64,32,43723073,162,23329277981439,,
party_battle_leve.pcapng,s2c,0,953,27,2832,0x0183,152,120,43723073,162,23329277981439,,1
party_battle_leve.pcapng,s2c,0,953,28,2984,0x017E,56,24,43723073,162,23329277981439,,
party_battle_leve.pcapng,s2c,0,957,0,0,0x018B,88,56,43723073,9223372036862634412,18446744069458307027,,
party_battle_leve.pcapng,s2c,0,959,0,0,0x017A,176,144,43723073,2918332558536083483,173508149446676,,
party_battle_leve.pcapng,s2c,0,982,0,0,0x017C,152,120,43723073,162,23329282300549,30001,
party_battle_leve.pcapng,s2c,0,982,1,152,0x017D,64,32,43723073,162,23329282300549,,
party_battle_leve.pcapng,s2c,0,982,2,216,0x0183,152,120,43723073,162,23329282300549,,8
party_battle_leve.pcapng,s2c,0,982,3,368,0x0183,152,120,43723073,162,23329282300549,,3
party_battle_leve.pcapng,s2c,0,982,4,520,0x017E,56,24,43723073,162,23329282300549,,
party_battle_leve.pcapng,s2c,0,985,0,0,0x018B,88,56,43723073,9223372036862634412,18446744069458307393,,
party_battle_leve.pcapng,s2c,0,993,7,800,0x017C,152,120,43723073,162,23329283811868,10002,
party_battle_leve.pcapng,s2c,0,993,8,952,0x017D,64,32,43723073,162,23329283811868,,
party_battle_leve.pcapng,s2c,0,993,9,1016,0x0183,152,120,43723073,162,23329283811868,,1
party_battle_leve.pcapng,s2c,0,993,10,1168,0x017E,56,24,43723073,162,23329283811868,,
party_battle_leve.pcapng,s2c,0,995,3,224,0x017A,176,144,43723073,2918332558536083082,173508149446676,,
party_battle_leve.pcapng,s2c,0,996,0,0,0x018B,88,56,43723073,9223372036862634412,18446744069458307027,,
party_battle_leve.pcapng,s2c,0,1004,7,800,0x017C,152,120,43723073,162,23329285961377,10002,
party_battle_leve.pcapng,s2c,0,1004,8,952,0x017D,64,32,43723073,162,23329285961377,,
party_battle_leve.pcapng,s2c,0,1004,9,1016,0x0183,152,120,43723073,162,23329285961377,,1
party_battle_leve.pcapng,s2c,0,1004,10,1168,0x017E,56,24,43723073,162,23329285961377,,
party_battle_leve.pcapng,s2c,0,1009,0,0,0x017A,176,144,43723073,2918332558536083475,173508149446676,,
party_battle_leve.pcapng,s2c,0,1024,0,0,0x018B,88,56,43723073,9223372036862634412,18446744069458307393,,
party_battle_leve.pcapng,s2c,0,1040,0,0,0x018B,88,56,43723073,9223372036862634412,18446744069458307027,,
party_battle_leve.pcapng,s2c,0,1049,0,0,0x017C,152,120,43723073,162,23329292370465,30001,
party_battle_leve.pcapng,s2c,0,1049,1,152,0x017D,64,32,43723073,162,23329292370465,,
party_battle_leve.pcapng,s2c,0,1049,2,216,0x0183,152,120,43723073,162,23329292370465,,8
party_battle_leve.pcapng,s2c,0,1049,3,368,0x0183,152,120,43723073,162,23329292370465,,3
party_battle_leve.pcapng,s2c,0,1049,4,520,0x017E,56,24,43723073,162,23329292370465,,
party_battle_leve.pcapng,s2c,0,1062,2,160,0x018B,88,56,43723073,9223372036862634412,18446744069458307393,,
party_battle_leve.pcapng,s2c,0,1064,1,64,0x017C,152,120,43723073,162,23329295154839,30001,
party_battle_leve.pcapng,s2c,0,1064,2,216,0x017D,64,32,43723073,162,23329295154839,,
party_battle_leve.pcapng,s2c,0,1064,3,280,0x0183,152,120,43723073,162,23329295154839,,8
party_battle_leve.pcapng,s2c,0,1064,4,432,0x0183,152,120,43723073,162,23329295154839,,3
party_battle_leve.pcapng,s2c,0,1064,5,584,0x017E,56,24,43723073,162,23329295154839,,
party_battle_leve.pcapng,s2c,0,1071,7,800,0x017C,152,120,43723073,162,23329296391366,10002,
party_battle_leve.pcapng,s2c,0,1071,8,952,0x017D,64,32,43723073,162,23329296391366,,
party_battle_leve.pcapng,s2c,0,1071,9,1016,0x0183,152,120,43723073,162,23329296391366,,1
party_battle_leve.pcapng,s2c,0,1071,10,1168,0x017E,56,24,43723073,162,23329296391366,,
party_battle_leve.pcapng,s2c,0,1072,0,0,0x018B,88,56,43723073,9223372036862634412,18446744069458307027,,
party_battle_leve.pcapng,s2c,0,1073,2,160,0x017A,176,144,43723073,2918332558536083399,173508149446676,,
party_battle_leve.pcapng,s2c,0,1091,0,0,0x018B,88,56,43723073,9223372036862634412,18446744069458307393,,
party_battle_leve.pcapng,s2c,0,1096,0,0,0x017C,152,120,43723073,162,23329301290653,30001,
party_battle_leve.pcapng,s2c,0,1096,1,152,0x017D,64,32,43723073,162,23329301290653,,
party_battle_leve.pcapng,s2c,0,1096,2,216,0x0183,152,120,43723073,162,23329301290653,,8
party_battle_leve.pcapng,s2c,0,1096,3,368,0x0183,152,120,43723073,162,23329301290653,,3
party_battle_leve.pcapng,s2c,0,1096,4,520,0x017E,56,24,43723073,162,23329301290653,,
party_battle_leve.pcapng,s2c,0,1107,0,0,0x018B,88,56,43723073,9223372036862634412,18446744069458307027,,
party_battle_leve.pcapng,s2c,0,1114,7,800,0x017C,152,120,43723073,162,23329304030985,10002,
party_battle_leve.pcapng,s2c,0,1114,8,952,0x017D,64,32,43723073,162,23329304030985,,
party_battle_leve.pcapng,s2c,0,1114,9,1016,0x0183,152,120,43723073,162,23329304030985,,1
party_battle_leve.pcapng,s2c,0,1114,10,1168,0x017E,56,24,43723073,162,23329304030985,,
party_battle_leve.pcapng,s2c,0,1116,0,0,0x017A,176,144,43723073,2918332558536082733,173508149446676,,
party_battle_leve.pcapng,s2c,0,1126,0,0,0x018B,88,56,43723073,9223372036862634412,18446744069458307393,,
party_battle_leve.pcapng,s2c,0,1133,0,0,0x017C,152,120,43723073,162,23329308190989,30001,
party_battle_leve.pcapng,s2c,0,1133,1,152,0x017D,64,32,43723073,162,23329308190989,,
party_battle_leve.pcapng,s2c,0,1133,2,216,0x0183,152,120,43723073,162,23329308190989,,8
party_battle_leve.pcapng,s2c,0,1133,3,368,0x0183,152,120,43723073,162,23329308190989,,2
party_battle_leve.pcapng,s2c,0,1133,4,520,0x017E,56,24,43723073,162,23329308190989,,
party_battle_leve.pcapng,s2c,0,1136,0,0,0x017C,152,120,43723073,162,23329309301074,30001,
party_battle_leve.pcapng,s2c,0,1136,1,152,0x017D,64,32,43723073,162,23329309301074,,
party_battle_leve.pcapng,s2c,0,1136,2,216,0x0183,152,120,43723073,162,23329309301074,,8
party_battle_leve.pcapng,s2c,0,1136,3,368,0x0183,152,120,43723073,162,23329309301074,,2
party_battle_leve.pcapng,s2c,0,1136,4,520,0x017E,56,24,43723073,162,23329309301074,,
party_battle_leve.pcapng,s2c,0,1142,0,0,0x018B,88,56,43723073,9223372036862634412,18446744069458307393,,
party_battle_leve.pcapng,s2c,0,1359,0,0,0x017C,152,120,43723073,162,23329423360524,30001,
party_battle_leve.pcapng,s2c,0,1359,1,152,0x017D,64,32,43723073,162,23329423360524,,
party_battle_leve.pcapng,s2c,0,1359,2,216,0x0183,152,120,43723073,162,23329423360524,,8
party_battle_leve.pcapng,s2c,0,1359,3,368,0x0183,152,120,43723073,162,23329423360524,,3
party_battle_leve.pcapng,s2c,0,1359,4,520,0x017E,56,24,43723073,162,23329423360524,,
party_battle_leve.pcapng,s2c,0,1360,0,0,0x017C,152,120,43723073,162,23329423399987,30001,
party_battle_leve.pcapng,s2c,0,1360,1,152,0x017D,64,32,43723073,162,23329423399987,,
party_battle_leve.pcapng,s2c,0,1360,2,216,0x0183,152,120,43723073,162,23329423399987,,8
party_battle_leve.pcapng,s2c,0,1360,3,368,0x0183,152,120,43723073,162,23329423399987,,3
party_battle_leve.pcapng,s2c,0,1360,4,520,0x017E,56,24,43723073,162,23329423399987,,
party_battle_leve.pcapng,s2c,0,1362,7,800,0x017C,152,120,43723073,162,23329423611139,10002,
party_battle_leve.pcapng,s2c,0,1362,8,952,0x017D,64,32,43723073,162,23329423611139,,
party_battle_leve.pcapng,s2c,0,1362,9,1016,0x0183,152,120,43723073,162,23329423611139,,1
party_battle_leve.pcapng,s2c,0,1362,10,1168,0x017E,56,24,43723073,162,23329423611139,,
party_battle_leve.pcapng,s2c,0,1363,0,0,0x017C,152,120,43723073,162,23329423908558,30001,
party_battle_leve.pcapng,s2c,0,1363,1,152,0x017D,64,32,43723073,162,23329423908558,,
party_battle_leve.pcapng,s2c,0,1363,2,216,0x0183,152,120,43723073,162,23329423908558,,8
party_battle_leve.pcapng,s2c,0,1363,3,368,0x0183,152,120,43723073,162,23329423908558,,4
party_battle_leve.pcapng,s2c,0,1363,4,520,0x017E,56,24,43723073,162,23329423908558,,
party_battle_leve.pcapng,s2c,0,1364,0,0,0x0187,96,64,43723073,2918332558536083492,10002,,
party_battle_leve.pcapng,s2c,0,1364,1,96,0x0187,96,64,43723073,2918332558536083492,10002,,
party_battle_leve.pcapng,s2c,0,1366,0,0,0x017C,152,120,43723073,162,23329423970456,30001,
party_battle_leve.pcapng,s2c,0,1366,1,152,0x017D,64,32,43723073,162,23329423970456,,
party_battle_leve.pcapng,s2c,0,1366,2,216,0x0183,152,120,43723073,162,23329423970456,,8
party_battle_leve.pcapng,s2c,0,1366,3,368,0x0183,152,120,43723073,162,23329423970456,,4
party_battle_leve.pcapng,s2c,0,1366,4,520,0x017E,56,24,43723073,162,23329423970456,,
party_battle_leve.pcapng,s2c,0,1366,5,576,0x017C,152,120,43723073,162,23329423970487,10002,
party_battle_leve.pcapng,s2c,0,1366,6,728,0x017D,64,32,43723073,162,23329423970487,,
party_battle_leve.pcapng,s2c,0,1366,7,792,0x0183,152,120,43723073,162,23329423970487,,2
party_battle_leve.pcapng,s2c,0,1366,8,944,0x017E,56,24,43723073,162,23329423970487,,
party_battle_leve.pcapng,s2c,0,1373,0,0,0x017A,176,144,43723073,2918332558536083492,8388357179801831431,,
party_battle_leve.pcapng,s2c,0,1379,1,80,0x018B,88,56,43723073,9223372036862634412,18446744069458307027,,
party_battle_leve.pcapng,s2c,0,1413,0,0,0x017C,152,120,43723073,162,23329428040513,30001,
party_battle_leve.pcapng,s2c,0,1413,1,152,0x017D,64,32,43723073,162,23329428040513,,
party_battle_leve.pcapng,s2c,0,1413,2,216,0x0183,152,120,43723073,162,23329428040513,,8
party_battle_leve.pcapng,s2c,0,1413,3,368,0x0183,152,120,43723073,162,23329428040513,,3
party_battle_leve.pcapng,s2c,0,1413,4,520,0x017E,56,24,43723073,162,23329428040513,,
party_battle_leve.pcapng,s2c,0,1440,0,0,0x018B,88,56,43723073,9223372036862634412,18446744069458307393,,
party_battle_leve.pcapng,s2c,0,1598,7,800,0x017C,152,120,43723073,162,23329453840998,10002,
party_battle_leve.pcapng,s2c,0,1598,8,952,0x017D,64,32,43723073,162,23329453840998,,
party_battle_leve.pcapng,s2c,0,1598,9,1016,0x0183,152,120,43723073,162,23329453840998,,1
party_battle_leve.pcapng,s2c,0,1598,10,1168,0x017E,56,24,43723073,162,23329453840998,,
party_battle_leve.pcapng,s2c,0,1603,0,0,0x017A,176,144,43723073,2918332558536083082,173508149446676,,
party_battle_leve.pcapng,s2c,0,1652,0,0,0x017C,152,120,43723073,162,23329463260942,30001,
party_battle_leve.pcapng,s2c,0,1652,1,152,0x017D,64,32,43723073,162,23329463260942,,
party_battle_leve.pcapng,s2c,0,1652,2,216,0x0183,152,120,43723073,162,23329463260942,,8
party_battle_leve.pcapng,s2c,0,1652,3,368,0x0183,152,120,43723073,162,23329463260942,,3
party_battle_leve.pcapng,s2c,0,1652,4,520,0x017E,56,24,43723073,162,23329463260942,,
party_battle_leve.pcapng,s2c,0,1705,1,64,0x017C,152,120,43723073,162,23329473126088,30001,
party_battle_leve.pcapng,s2c,0,1705,2,216,0x017D,64,32,43723073,162,23329473126088,,
party_battle_leve.pcapng,s2c,0,1705,3,280,0x0183,152,120,43723073,162,23329473126088,,8
party_battle_leve.pcapng,s2c,0,1705,4,432,0x0183,152,120,43723073,162,23329473126088,,2
party_battle_leve.pcapng,s2c,0,1705,5,584,0x017E,56,24,43723073,162,23329473126088,,
party_battle_leve.pcapng,s2c,0,1705,6,640,0x017C,152,120,43723073,162,23329473126118,10002,
party_battle_leve.pcapng,s2c,0,1705,7,792,0x017D,64,32,43723073,162,23329473126118,,
party_battle_leve.pcapng,s2c,0,1705,8,856,0x0183,152,120,43723073,162,23329473126118,,1
party_battle_leve.pcapng,s2c,0,1705,9,1008,0x017E,56,24,43723073,162,23329473126118,,
party_battle_leve.pcapng,s2c,0,1771,1,80,0x018B,88,56,43723073,9223372036862634412,18446744069458307027,,
party_battle_leve.pcapng,s2c,0,1804,0,0,0x018B,88,56,43723073,9223372036862634412,18446744069458307027,,
party_battle_leve.pcapng,s2c,0,1807,0,0,0x018B,88,56,43723073,9223372036862634412,18446744069458307393,,
party_battle_leve.pcapng,s2c,0,1808,1,64,0x017C,152,120,43723073,162,23329489182350,30001,
party_battle_leve.pcapng,s2c,0,1808,2,216,0x017D,64,32,43723073,162,23329489182350,,
party_battle_leve.pcapng,s2c,0,1808,3,280,0x0183,152,120,43723073,162,23329489182350,,8
party_battle_leve.pcapng,s2c,0,1808,4,432,0x0183,152,120,43723073,162,23329489182350,,2
party_battle_leve.pcapng,s2c,0,1808,5,584,0x017E,56,24,43723073,162,23329489182350,,
party_battle_leve.pcapng,s2c,0,1809,7,800,0x017C,152,120,43723073,162,23329489380806,10002,
party_battle_leve.pcapng,s2c,0,1809,8,952,0x017D,64,32,43723073,162,23329489380806,,
party_battle_leve.pcapng,s2c,0,1809,9,1016,0x0183,152,120,43723073,162,23329489380806,,1
party_battle_leve.pcapng,s2c,0,1809,10,1168,0x017E,56,24,43723073,162,23329489380806,,
party_battle_leve.pcapng,s2c,0,1815,0,0,0x017A,176,144,43723073,2918332558536083399,173508149446676,,
party_battle_leve.pcapng,s2c,0,1840,0,0,0x018B,88,56,43723073,9223372036862634412,18446744069458307027,,
party_battle_leve.pcapng,s2c,0,1840,2,168,0x018B,88,56,43723073,9223372036862634412,18446744069458307393,,
party_battle_leve.pcapng,s2c,0,1856,0,0,0x017C,152,120,43723073,162,23329497190510,30001,
party_battle_leve.pcapng,s2c,0,1856,1,152,0x017D,64,32,43723073,162,23329497190510,,
party_battle_leve.pcapng,s2c,0,1856,2,216,0x0183,152,120,43723073,162,23329497190510,,8
party_battle_leve.pcapng,s2c,0,1856,3,368,0x0183,152,120,43723073,162,23329497190510,,1
party_battle_leve.pcapng,s2c,0,1856,4,520,0x017E,56,24,43723073,162,23329497190510,,
party_battle_leve.pcapng,s2c,0,1874,0,0,0x017C,152,120,43723073,162,23329501390474,30001,
party_battle_leve.pcapng,s2c,0,1874,1,152,0x017D,64,32,43723073,162,23329501390474,,
party_battle_leve.pcapng,s2c,0,1874,2,216,0x0183,152,120,43723073,162,23329501390474,,8
party_battle_leve.pcapng,s2c,0,1874,3,368,0x017E,56,24,43723073,162,23329501390474,,
party_battle_leve.pcapng,s2c,0,1892,0,0,0x018B,88,56,43723073,9223372036862634412,18446744069458307027,,
party_battle_leve.pcapng,s2c,0,1921,7,800,0x017C,152,120,43723073,162,23329510461006,10002,
party_battle_leve.pcapng,s2c,0,1921,8,952,0x017D,64,32,43723073,162,23329510461006,,
party_battle_leve.pcapng,s2c,0,1921,9,1016,0x0183,152,120,43723073,162,23329510461006,,1
party_battle_leve.pcapng,s2c,0,1921,10,1168,0x017E,56,24,43723073,162,23329510461006,,
party_battle_leve.pcapng,s2c,0,1921,25,2720,0x017C,152,120,43723073,162,23329510461466,10002,
party_battle_leve.pcapng,s2c,0,1921,26,2872,0x017D,64,32,43723073,162,23329510461466,,
party_battle_leve.pcapng,s2c,0,1921,27,2936,0x0183,152,120,43723073,162,23329510461466,,1
party_battle_leve.pcapng,s2c,0,1921,28,3088,0x017E,56,24,43723073,162,23329510461466,,
party_battle_leve.pcapng,s2c,0,1922,0,0,0x018B,88,56,43723073,9223372036862634412,18446744069458307027,,
party_battle_leve.pcapng,s2c,0,1923,0,0,0x018B,88,56,43723073,9223372036862634412,18446744069458307393,,
party_battle_leve.pcapng,s2c,0,1925,0,0,0x017A,176,144,43723073,2918332558536083082,173508149446676,,
party_battle_leve.pcapng,s2c,0,1928,1,64,0x017A,176,144,43723073,2918332558536083483,173508149446676,,
party_battle_leve.pcapng,s2c,0,1930,7,800,0x017C,152,120,43723073,162,23329511590773,10002,
party_battle_leve.pcapng,s2c,0,1930,8,952,0x017D,64,32,43723073,162,23329511590773,,
party_battle_leve.pcapng,s2c,0,1930,9,1016,0x0183,152,120,43723073,162,23329511590773,,1
party_battle_leve.pcapng,s2c,0,1930,10,1168,0x017E,56,24,43723073,162,23329511590773,,
party_battle_leve.pcapng,s2c,0,1938,0,0,0x017A,176,144,43723073,2918332558536083399,173508149446676,,
party_battle_leve.pcapng,s2c,0,1958,0,0,0x017C,152,120,43723073,162,23329516101983,10002,
party_battle_leve.pcapng,s2c,0,1958,1,152,0x017D,64,32,43723073,162,23329516101983,,
party_battle_leve.pcapng,s2c,0,1958,2,216,0x0183,152,120,43723073,162,23329516101983,,1
party_battle_leve.pcapng,s2c,0,1958,3,368,0x017E,56,24,43723073,162,23329516101983,,
party_battle_leve.pcapng,s2c,0,1962,0,0,0x018B,88,56,43723073,9223372036862634412,18446744069458307027,,
party_battle_leve.pcapng,s2c,0,1962,3,248,0x018B,88,56,43723073,9223372036862634412,18446744069458307393,,
party_battle_leve.pcapng,s2c,0,1963,2,160,0x017A,176,144,43723073,2918332558536083399,173508149446676,,
party_battle_leve.pcapng,s2c,0,1968,7,800,0x017C,152,120,43723073,162,23329518271010,10002,
party_battle_leve.pcapng,s2c,0,1968,8,952,0x017D,64,32,43723073,162,23329518271010,,
party_battle_leve.pcapng,s2c,0,1968,9,1016,0x0183,152,120,43723073,162,23329518271010,,1
party_battle_leve.pcapng,s2c,0,1968,10,1168,0x017E,56,24,43723073,162,23329518271010,,
party_battle_leve.pcapng,s2c,0,1972,2,160,0x017A,176,144,43723073,2918332558536083008,173508149446676,,
party_battle_leve.pcapng,s2c,0,1977,25,2616,0x017C,152,120,43723073,162,23329519321206,10002,
party_battle_leve.pcapng,s2c,0,1977,26,2768,0x017D,64,32,43723073,162,23329519321206,,
party_battle_leve.pcapng,s2c,0,1977,27,2832,0x0183,152,120,43723073,162,23329519321206,,1
party_battle_leve.pcapng,s2c,0,1977,28,2984,0x017E,56,24,43723073,162,23329519321206,,
party_battle_leve.pcapng,s2c,0,1981,0,0,0x017A,176,144,43723073,2918332558536083398,173508149446676,,
party_battle_leve.pcapng,s2c,0,1990,7,800,0x017C,152,120,43723073,162,23329521620918,10002,
party_battle_leve.pcapng,s2c,0,1990,8,952,0x017D,64,32,43723073,162,23329521620918,,
party_battle_leve.pcapng,s2c,0,1990,9,1016,0x0183,152,120,43723073,162,23329521620918,,1
party_battle_leve.pcapng,s2c,0,1990,10,1168,0x017E,56,24,43723073,162,23329521620918,,
party_battle_leve.pcapng,s2c,0,1993,3,224,0x017A,176,144,43723073,2918332558536083475,173508149446676,,
party_battle_leve.pcapng,s2c,0,1996,0,0,0x018B,88,56,43723073,9223372036862634412,18446744069458307393,,
party_battle_leve.pcapng,s2c,0,1997,0,0,0x018B,88,56,43723073,9223372036862634412,18446744069458307027,,
party_battle_leve.pcapng,s2c,0,2041,0,0,0x018B,88,56,43723073,9223372036862634412,18446744069458307393,,
party_battle_leve.pcapng,s2c,0,2042,0,0,0x018B,88,56,43723073,9223372036862634412,18446744069458307027,,
party_battle_leve.pcapng,s2c,0,2072,0,0,0x018B,88,56,43723073,9223372036862634412,18446744069458307027,,
party_battle_leve.pcapng,s2c,0,2073,0,0,0x018B,88,56,43723073,9223372036862634412,18446744069458307393,,
party_battle_leve.pcapng,s2c,0,2090,0,0,0x0187,96,64,43723073,2918332558536083475,10002,,
party_battle_leve.pcapng,s2c,0,2091,0,0,0x0187,96,64,43723073,2918332558536083475,10002,,
party_battle_leve.pcapng,s2c,0,2096,7,800,0x017C,152,120,43723073,162,23329538191061,10002,
party_battle_leve.pcapng,s2c,0,2096,8,952,0x017D,64,32,43723073,162,23329538191061,,
party_battle_leve.pcapng,s2c,0,2096,9,1016,0x0183,152,120,43723073,162,23329538191061,,1
party_battle_leve.pcapng,s2c,0,2096,10,1168,0x017E,56,24,43723073,162,23329538191061,,
party_battle_leve.pcapng,s2c,0,2101,0,0,0x017A,176,144,43723073,2918332558536083479,173508149446676,,
party_battle_leve.pcapng,s2c,0,2116,0,0,0x018B,88,56,43723073,9223372036862634412,18446744069458307393,,
party_battle_leve.pcapng,s2c,0,2143,0,0,0x017C,152,120,43723073,162,23329545300496,30001,
party_battle_leve.pcapng,s2c,0,2143,1,152,0x017D,64,32,43723073,162,23329545300496,,
party_battle_leve.pcapng,s2c,0,2143,2,216,0x0183,152,120,43723073,162,23329545300496,,7
party_battle_leve.pcapng,s2c,0,2143,3,368,0x017E,56,24,43723073,162,23329545300496,,
party_battle_leve.pcapng,s2c,0,2265,0,0,0x018B,88,56,43723073,9223372036862634412,18446744069458307027,,
party_battle_leve.pcapng,s2c,0,2278,3,200,0x018B,88,56,43723073,9223372036862634412,18446744069458307393,,
party_battle_leve.pcapng,s2c,0,2283,0,0,0x017C,152,120,43723073,162,23329575420939,30001,
party_battle_leve.pcapng,s2c,0,2283,1,152,0x017D,64,32,43723073,162,23329575420939,,
party_battle_leve.pcapng,s2c,0,2283,2,216,0x0183,152,120,43723073,162,23329575420939,,8
party_battle_leve.pcapng,s2c,0,2283,3,368,0x017E,56,24,43723073,162,23329575420939,,
party_battle_leve.pcapng,s2c,0,2285,7,800,0x017C,152,120,43723073,162,23329575621074,10002,
party_battle_leve.pcapng,s2c,0,2285,8,952,0x017D,64,32,43723073,162,23329575621074,,
party_battle_leve.pcapng,s2c,0,2285,9,1016,0x0183,152,120,43723073,162,23329575621074,,1
party_battle_leve.pcapng,s2c,0,2285,10,1168,0x017E,56,24,43723073,162,23329575621074,,
party_battle_leve.pcapng,s2c,0,2285,11,1224,0x017C,152,120,43723073,162,23329575621110,30001,
party_battle_leve.pcapng,s2c,0,2285,12,1376,0x017D,64,32,43723073,162,23329575621110,,
party_battle_leve.pcapng,s2c,0,2285,13,1440,0x0183,152,120,43723073,162,23329575621110,,7
party_battle_leve.pcapng,s2c,0,2285,14,1592,0x017E,56,24,43723073,162,23329575621110,,
party_battle_leve.pcapng,s2c,0,2289,0,0,0x017C,152,120,43723073,162,23329575959836,30001,
party_battle_leve.pcapng,s2c,0,2289,1,152,0x017D,64,32,43723073,162,23329575959836,,
party_battle_leve.pcapng,s2c,0,2289,2,216,0x0183,152,120,43723073,162,23329575959836,,8
party_battle_leve.pcapng,s2c,0,2289,3,368,0x017E,56,24,43723073,162,23329575959836,,
party_battle_leve.pcapng,s2c,0,2290,1,64,0x017C,152,120,43723073,162,23329575974895,30001,
party_battle_leve.pcapng,s2c,0,2290,2,216,0x017D,64,32,43723073,162,23329575974895,,
party_battle_leve.pcapng,s2c,0,2290,3,280,0x0183,152,120,43723073,162,23329575974895,,8
party_battle_leve.pcapng,s2c,0,2290,4,432,0x017E,56,24,43723073,162,23329575974895,,
party_battle_leve.pcapng,s2c,0,2290,5,488,0x017C,152,120,43723073,162,23329575974920,10002,
party_battle_leve.pcapng,s2c,0,2290,6,640,0x017D,64,32,43723073,162,23329575974920,,
party_battle_leve.pcapng,s2c,0,2290,7,704,0x0183,152,120,43723073,162,23329575974920,,2
party_battle_leve.pcapng,s2c,0,2290,8,856,0x017E,56,24,43723073,162,23329575974920,,
party_battle_leve.pcapng,s2c,0,2291,0,0,0x0187,96,64,43723073,2918332558536083493,10002,,
party_battle_leve.pcapng,s2c,0,2291,1,96,0x0187,96,64,43723073,2918332558536083493,10002,,
party_battle_leve.pcapng,s2c,0,2298,0,0,0x017A,176,144,43723073,2918332558536083493,8388357179801831431,,
party_battle_leve.pcapng,s2c,0,2326,0,0,0x018B,88,56,43723073,9223372036862634412,18446744069458307027,,
party_battle_leve.pcapng,s2c,0,2333,0,0,0x017C,152,120,43723073,162,23329580320484,30001,
party_battle_leve.pcapng,s2c,0,2333,1,152,0x017D,64,32,43723073,162,23329580320484,,
party_battle_leve.pcapng,s2c,0,2333,2,216,0x0183,152,120,43723073,162,23329580320484,,7
party_battle_leve.pcapng,s2c,0,2333,3,368,0x017E,56,24,43723073,162,23329580320484,,
party_battle_leve.pcapng,s2c,0,2525,2,368,0x017C,152,120,43723073,162,23329609731142,10002,
party_battle_leve.pcapng,s2c,0,2525,3,520,0x017D,64,32,43723073,162,23329609731142,,
party_battle_leve.pcapng,s2c,0,2525,4,584,0x0183,152,120,43723073,162,23329609731142,,1
party_battle_leve.pcapng,s2c,0,2525,5,736,0x017E,56,24,43723073,162,23329609731142,,
party_battle_leve.pcapng,s2c,0,2530,0,0,0x017A,176,144,43723073,2918332558536083494,8388357179801831431,,
party_battle_leve.pcapng,s2c,0,2535,7,800,0x017C,152,120,43723073,162,23329611190983,10002,
party_battle_leve.pcapng,s2c,0,2535,8,952,0x017D,64,32,43723073,162,23329611190983,,
party_battle_leve.pcapng,s2c,0,2535,9,1016,0x0183,152,120,43723073,162,23329611190983,,1
party_battle_leve.pcapng,s2c,0,2535,10,1168,0x017E,56,24,43723073,162,23329611190983,,
party_battle_leve.pcapng,s2c,0,2536,4,520,0x017C,152,120,43723073,162,23329611191675,10002,
party_battle_leve.pcapng,s2c,0,2536,5,672,0x017D,64,32,43723073,162,23329611191675,,
party_battle_leve.pcapng,s2c,0,2536,6,736,0x0183,152,120,43723073,162,23329611191675,,1
party_battle_leve.pcapng,s2c,0,2536,7,888,0x017E,56,24,43723073,162,23329611191675,,
party_battle_leve.pcapng,s2c,0,2536,22,2440,0x017C,152,120,43723073,162,23329611192119,10002,
party_battle_leve.pcapng,s2c,0,2536,23,2592,0x017D,64,32,43723073,162,23329611192119,,
party_battle_leve.pcapng,s2c,0,2536,24,2656,0x0183,152,120,43723073,162,23329611192119,,1
party_battle_leve.pcapng,s2c,0,2536,25,2808,0x017E,56,24,43723073,162,23329611192119,,
party_battle_leve.pcapng,s2c,0,2539,3,120,0x017A,176,144,43723073,2918332558536083082,173508149446676,,
party_battle_leve.pcapng,s2c,0,2539,4,296,0x017A,176,144,43723073,2918332558536083399,173508149446676,,
party_battle_leve.pcapng,s2c,0,2539,5,472,0x017A,176,144,43723073,2918332558536083398,173508149446676,,
party_battle_leve.pcapng,s2c,0,2627,7,800,0x017C,152,120,43723073,162,23329626640949,10002,
party_battle_leve.pcapng,s2c,0,2627,8,952,0x017D,64,32,43723073,162,23329626640949,,
party_battle_leve.pcapng,s2c,0,2627,9,1016,0x0183,152,120,43723073,162,23329626640949,,1
party_battle_leve.pcapng,s2c,0,2627,10,1168,0x017E,56,24,43723073,162,23329626640949,,
party_battle_leve.pcapng,s2c,0,2627,25,2720,0x017C,152,120,43723073,162,23329626641406,10002,
party_battle_leve.pcapng,s2c,0,2627,26,2872,0x017D,64,32,43723073,162,23329626641406,,
party_battle_leve.pcapng,s2c,0,2627,27,2936,0x0183,152,120,43723073,162,23329626641406,,1
party_battle_leve.pcapng,s2c,0,2627,28,3088,0x017E,56,24,43723073,162,23329626641406,,
party_battle_leve.pcapng,s2c,0,2629,0,0,0x018B,88,56,43723073,9223372036862634412,18446744069458307393,,
party_battle_leve.pcapng,s2c,0,2633,1,64,0x017A,176,144,43723073,2918332558536083398,173508149446676,,
party_battle_leve.pcapng,s2c,0,2633,2,240,0x017A,176,144,43723073,2918332558536083399,173508149446676,,
party_battle_leve.pcapng,s2c,0,2660,7,800,0x017C,152,120,43723073,162,23329631404802,10002,
party_battle_leve.pcapng,s2c,0,2660,8,952,0x017D,64,32,43723073,162,23329631404802,,
party_battle_leve.pcapng,s2c,0,2660,9,1016,0x0183,152,120,43723073,162,23329631404802,,1
party_battle_leve.pcapng,s2c,0,2660,10,1168,0x017E,56,24,43723073,162,23329631404802,,
party_battle_leve.pcapng,s2c,0,2663,0,0,0x017A,176,144,43723073,2918332558536083398,173508149446676,,
party_battle_leve.pcapng,s2c,0,2668,0,0,0x017C,152,120,43723073,162,23329632320493,30001,
party_battle_leve.pcapng,s2c,0,2668,1,152,0x017D,64,32,43723073,162,23329632320493,,
party_battle_leve.pcapng,s2c,0,2668,2,216,0x0183,152,120,43723073,162,23329632320493,,6
party_battle_leve.pcapng,s2c,0,2668,3,368,0x017E,56,24,43723073,162,23329632320493,,
party_battle_leve.pcapng,s2c,0,2668,4,424,0x017C,152,120,43723073,162,23329632320526,10002,
party_battle_leve.pcapng,s2c,0,2668,5,576,0x017D,64,32,43723073,162,23329632320526,,
party_battle_leve.pcapng,s2c,0,2668,6,640,0x0183,152,120,43723073,162,23329632320526,,1
party_battle_leve.pcapng,s2c,0,2668,7,792,0x017E,56,24,43723073,162,23329632320526,,
party_battle_leve.pcapng,s2c,0,2669,0,0,0x018B,88,56,43723073,9223372036862634412,18446744069458307027,,
party_battle_leve.pcapng,s2c,0,2823,1,80,0x018B,88,56,43723073,9223372036862634412,18446744069458307027,,
party_battle_leve.pcapng,s2c,0,2832,0,0,0x017C,152,120,43723073,162,23329664160225,30001,
party_battle_leve.pcapng,s2c,0,2832,1,152,0x017D,64,32,43723073,162,23329664160225,,
party_battle_leve.pcapng,s2c,0,2832,2,216,0x0183,152,120,43723073,162,23329664160225,,5
party_battle_leve.pcapng,s2c,0,2832,3,368,0x017E,56,24,43723073,162,23329664160225,,
party_battle_leve.pcapng,s2c,0,2834,7,800,0x017C,152,120,43723073,162,23329664291132,10002,
party_battle_leve.pcapng,s2c,0,2834,8,952,0x017D,64,32,43723073,162,23329664291132,,
party_battle_leve.pcapng,s2c,0,2834,9,1016,0x0183,152,120,43723073,162,23329664291132,,1
party_battle_leve.pcapng,s2c,0,2834,10,1168,0x017E,56,24,43723073,162,23329664291132,,
party_battle_leve.pcapng,s2c,0,2834,25,2720,0x017C,152,120,43723073,162,23329664291608,10002,
party_battle_leve.pcapng,s2c,0,2834,26,2872,0x017D,64,32,43723073,162,23329664291608,,
party_battle_leve.pcapng,s2c,0,2834,27,2936,0x0183,152,120,43723073,162,23329664291608,,1
party_battle_leve.pcapng,s2c,0,2834,28,3088,0x017E,56,24,43723073,162,23329664291608,,
party_battle_leve.pcapng,s2c,0,2839,0,0,0x017A,176,144,43723073,2918332558536083398,173508149446676,,
party_battle_leve.pcapng,s2c,0,2839,1,176,0x017A,176,144,43723073,2918332558536083399,173508149446676,,
party_battle_leve.pcapng,s2c,0,2855,4,520,0x017C,152,120,43723073,162,23329667450713,10002,
party_battle_leve.pcapng,s2c,0,2855,5,672,0x017D,64,32,43723073,162,23329667450713,,
party_battle_leve.pcapng,s2c,0,2855,6,736,0x0183,152,120,43723073,162,23329667450713,,1
party_battle_leve.pcapng,s2c,0,2855,7,888,0x017E,56,24,43723073,162,23329667450713,,
party_battle_leve.pcapng,s2c,0,2856,0,0,0x018B,88,56,43723073,9223372036862634412,18446744069458307393,,
party_battle_leve.pcapng,s2c,0,2860,0,0,0x017A,176,144,43723073,2918332558536083481,173508149446676,,
party_battle_leve.pcapng,s2c,0,2864,0,0,0x017C,152,120,43723073,162,23329668158496,30001,
party_battle_leve.pcapng,s2c,0,2864,1,152,0x017D,64,32,43723073,162,23329668158496,,
party_battle_leve.pcapng,s2c,0,2864,2,216,0x0183,152,120,43723073,162,23329668158496,,6
party_battle_leve.pcapng,s2c,0,2864,3,368,0x017E,56,24,43723073,162,23329668158496,,
party_battle_leve.pcapng,s2c,0,2866,7,800,0x017C,152,120,43723073,162,23329668371477,10002,
party_battle_leve.pcapng,s2c,0,2866,8,952,0x017D,64,32,43723073,162,23329668371477,,
party_battle_leve.pcapng,s2c,0,2866,9,1016,0x0183,152,120,43723073,162,23329668371477,,1
party_battle_leve.pcapng,s2c,0,2866,10,1168,0x017E,56,24,43723073,162,23329668371477,,
party_battle_leve.pcapng,s2c,0,2866,11,1224,0x017C,152,120,43723073,162,23329668371489,30001,
party_battle_leve.pcapng,s2c,0,2866,12,1376,0x017D,64,32,43723073,162,23329668371489,,
party_battle_leve.pcapng,s2c,0,2866,13,1440,0x0183,152,120,43723073,162,23329668371489,,6
party_battle_leve.pcapng,s2c,0,2866,14,1592,0x017E,56,24,43723073,162,23329668371489,,
party_battle_leve.pcapng,s2c,0,2869,0,0,0x017C,152,120,43723073,162,23329668654038,30001,
party_battle_leve.pcapng,s2c,0,2869,1,152,0x017D,64,32,43723073,162,23329668654038,,
party_battle_leve.pcapng,s2c,0,2869,2,216,0x0183,152,120,43723073,162,23329668654038,,7
party_battle_leve.pcapng,s2c,0,2869,3,368,0x017E,56,24,43723073,162,23329668654038,,
party_battle_leve.pcapng,s2c,0,2870,1,40,0x0187,96,64,43723073,2918332558536083495,10002,,
party_battle_leve.pcapng,s2c,0,2870,2,136,0x0187,96,64,43723073,2918332558536083495,10002,,
party_battle_leve.pcapng,s2c,0,2873,7,800,0x017C,152,120,43723073,162,23329668870959,10002,
party_battle_leve.pcapng,s2c,0,2873,8,952,0x017D,64,32,43723073,162,23329668870959,,
party_battle_leve.pcapng,s2c,0,2873,9,1016,0x0183,152,120,43723073,162,23329668870959,,2
party_battle_leve.pcapng,s2c,0,2873,10,1168,0x017E,56,24,43723073,162,23329668870959,,
party_battle_leve.pcapng,s2c,0,2873,11,1224,0x017C,152,120,43723073,162,23329668870975,30001,
party_battle_leve.pcapng,s2c,0,2873,12,1376,0x017D,64,32,43723073,162,23329668870975,,
party_battle_leve.pcapng,s2c,0,2873,13,1440,0x0183,152,120,43723073,162,23329668870975,,6
party_battle_leve.pcapng,s2c,0,2873,14,1592,0x017E,56,24,43723073,162,23329668870975,,
party_battle_leve.pcapng,s2c,0,2874,1,64,0x017A,176,144,43723073,2918332558536083495,8388357179801831431,,
party_battle_leve.pcapng,s2c,0,2886,8,1016,0x017C,152,120,43723073,162,23329670631213,10002,
party_battle_leve.pcapng,s2c,0,2886,9,1168,0x017D,64,32,43723073,162,23329670631213,,
party_battle_leve.pcapng,s2c,0,2886,10,1232,0x0183,152,120,43723073,162,23329670631213,,1
party_battle_leve.pcapng,s2c,0,2886,11,1384,0x017E,56,24,43723073,162,23329670631213,,
party_battle_leve.pcapng,s2c,0,2889,2,104,0x017A,176,144,43723073,2918332558536083481,173508149446676,,
party_battle_leve.pcapng,s2c,0,2889,3,280,0x017C,152,120,43723073,162,23329671084929,30001,
party_battle_leve.pcapng,s2c,0,2889,4,432,0x017D,64,32,43723073,162,23329671084929,,
party_battle_leve.pcapng,s2c,0,2889,5,496,0x0183,152,120,43723073,162,23329671084929,,5
party_battle_leve.pcapng,s2c,0,2889,6,648,0x017E,56,24,43723073,162,23329671084929,,
party_battle_leve.pcapng,s2c,0,2896,0,0,0x018B,88,56,43723073,9223372036862634412,18446744069458307027,,
party_battle_leve.pcapng,s2c,0,2913,2,104,0x018B,88,56,43723073,9223372036862634412,18446744069458307393,,
party_battle_leve.pcapng,s2c,0,2923,7,800,0x017C,152,120,43723073,162,23329675461106,10002,
party_battle_leve.pcapng,s2c,0,2923,8,952,0x017D,64,32,43723073,162,23329675461106,,
party_battle_leve.pcapng,s2c,0,2923,9,1016,0x0183,152,120,43723073,162,23329675461106,,1
party_battle_leve.pcapng,s2c,0,2923,10,1168,0x017E,56,24,43723073,162,23329675461106,,
party_battle_leve.pcapng,s2c,0,2925,0,0,0x017A,176,144,43723073,2918332558536083481,173508149446676,,
party_battle_leve.pcapng,s2c,0,2936,10,1224,0x017C,152,120,43723073,162,23329677563895,10002,
party_battle_leve.pcapng,s2c,0,2936,11,1376,0x017D,64,32,43723073,162,23329677563895,,
party_battle_leve.pcapng,s2c,0,2936,12,1440,0x0183,152,120,43723073,162,23329677563895,,1
party_battle_leve.pcapng,s2c,0,2936,13,1592,0x017E,56,24,43723073,162,23329677563895,,
party_battle_leve.pcapng,s2c,0,2937,1,64,0x017A,176,144,43723073,2918332558536083481,173508149446676,,
party_battle_leve.pcapng,s2c,0,3062,3,144,0x018B,88,56,43723073,9223372036862634412,18446744069458307393,,
party_battle_leve.pcapng,s2c,0,3113,0,0,0x018B,88,56,43723073,9223372036862634412,18446744069458307393,,
party_battle_leve.pcapng,s2c,0,3177,1,88,0x017C,152,120,43723073,162,23329720140881,30001,
party_battle_leve.pcapng,s2c,0,3177,2,240,0x017D,64,32,43723073,162,23329720140881,,
party_battle_leve.pcapng,s2c,0,3177,3,304,0x0183,152,120,43723073,162,23329720140881,,4
party_battle_leve.pcapng,s2c,0,3177,4,456,0x017E,56,24,43723073,162,23329720140881,,
party_battle_leve.pcapng,s2c,0,3177,5,512,0x017C,152,120,43723073,162,23329720140906,10002,
party_battle_leve.pcapng,s2c,0,3177,6,664,0x017D,64,32,43723073,162,23329720140906,,
party_battle_leve.pcapng,s2c,0,3177,7,728,0x0183,152,120,43723073,162,23329720140906,,1
party_battle_leve.pcapng,s2c,0,3177,8,880,0x017E,56,24,43723073,162,23329720140906,,
party_battle_leve.pcapng,s2c,0,3198,0,0,0x018B,88,56,43723073,9223372036862634412,18446744069458307393,,
party_battle_leve.pcapng,s2c,0,3203,7,800,0x017C,152,120,43723073,162,23329725000968,10002,
party_battle_leve.pcapng,s2c,0,3203,8,952,0x017D,64,32,43723073,162,23329725000968,,
party_battle_leve.pcapng,s2c,0,3203,9,1016,0x0183,152,120,43723073,162,23329725000968,,1
party_battle_leve.pcapng,s2c,0,3203,10,1168,0x017E,56,24,43723073,162,23329725000968,,
party_battle_leve.pcapng,s2c,0,3206,0,0,0x017A,176,144,43723073,2918332558536083082,173508149446676,,
party_battle_leve.pcapng,s2c,0,3235,0,0,0x018B,88,56,43723073,9223372036862634412,18446744069458307393,,
party_battle_leve.pcapng,s2c,0,3237,7,800,0x017C,152,120,43723073,162,23329729710963,10002,
party_battle_leve.pcapng,s2c,0,3237,8,952,0x017D,64,32,43723073,162,23329729710963,,
party_battle_leve.pcapng,s2c,0,3237,9,1016,0x0183,152,120,43723073,162,23329729710963,,1
party_battle_leve.pcapng,s2c,0,3237,10,1168,0x017E,56,24,43723073,162,23329729710963,,
party_battle_leve.pcapng,s2c,0,3245,1,80,0x017A,176,144,43723073,2918332558536083082,173508149446676,,
party_battle_leve.pcapng,s2c,0,3334,7,800,0x017C,152,120,43723073,162,23329746231017,10002,
party_battle_leve.pcapng,s2c,0,3334,8,952,0x017D,64,32,43723073,162,23329746231017,,
party_battle_leve.pcapng,s2c,0,3334,9,1016,0x0183,152,120,43723073,162,23329746231017,,1
party_battle_leve.pcapng,s2c,0,3334,10,1168,0x017E,56,24,43723073,162,23329746231017,,
party_battle_leve.pcapng,s2c,0,3336,0,0,0x017A,176,144,43723073,2918332558536083481,173508149446676,,
party_battle_leve.pcapng,s2c,0,3367,0,0,0x017C,152,120,43723073,162,23329753749266,30001,
party_battle_leve.pcapng,s2c,0,3367,1,152,0x017D,64,32,43723073,162,23329753749266,,
party_battle_leve.pcapng,s2c,0,3367,2,216,0x0183,152,120,43723073,162,23329753749266,,5
party_battle_leve.pcapng,s2c,0,3367,3,368,0x017E,56,24,43723073,162,23329753749266,,
party_battle_leve.pcapng,s2c,0,3368,11,1120,0x017C,152,120,43723073,162,23329753941171,30001,
party_battle_leve.pcapng,s2c,0,3368,12,1272,0x017D,64,32,43723073,162,23329753941171,,
party_battle_leve.pcapng,s2c,0,3368,13,1336,0x0183,152,120,43723073,162,23329753941171,,5
party_battle_leve.pcapng,s2c,0,3368,14,1488,0x017E,56,24,43723073,162,23329753941171,,
party_battle_leve.pcapng,s2c,0,3372,0,0,0x017C,152,120,43723073,162,23329754170491,30001,
party_battle_leve.pcapng,s2c,0,3372,1,152,0x017D,64,32,43723073,162,23329754170491,,
party_battle_leve.pcapng,s2c,0,3372,2,216,0x0183,152,120,43723073,162,23329754170491,,4
party_battle_leve.pcapng,s2c,0,3372,3,368,0x017E,56,24,43723073,162,23329754170491,,
party_battle_leve.pcapng,s2c,0,3431,0,0,0x018B,88,56,43723073,9223372036862634412,18446744069458307027,,
party_battle_leve.pcapng,s2c,0,3432,1,64,0x017C,152,120,43723073,162,23329774166491,30001,
party_battle_leve.pcapng,s2c,0,3432,2,216,0x017D,64,32,43723073,162,23329774166491,,
party_battle_leve.pcapng,s2c,0,3432,3,280,0x0183,152,120,43723073,162,23329774166491,,3
party_battle_leve.pcapng,s2c,0,3432,4,432,0x017E,56,24,43723073,162,23329774166491,,
party_battle_leve.pcapng,s2c,0,3446,0,0,0x017C,152,120,43723073,162,23329778220514,10001,
party_battle_leve.pcapng,s2c,0,3446,1,152,0x017D,64,32,43723073,162,23329778220514,,
party_battle_leve.pcapng,s2c,0,3446,2,216,0x017F,440,408,43723073,162,23329778220514,,2
party_battle_leve.pcapng,s2c,0,3446,3,656,0x017E,56,24,43723073,162,23329778220514,,
party_battle_leve.pcapng,s2c,0,3451,2,120,0x018B,88,56,43723073,9223372036862634412,18446744069458307393,,
party_battle_leve.pcapng,s2c,0,3454,2,368,0x017C,152,120,43723073,162,23329778712176,10002,
party_battle_leve.pcapng,s2c,0,3454,3,520,0x017D,64,32,43723073,162,23329778712176,,
party_battle_leve.pcapng,s2c,0,3454,4,584,0x0183,152,120,43723073,162,23329778712176,,1
party_battle_leve.pcapng,s2c,0,3454,5,736,0x017E,56,24,43723073,162,23329778712176,,
party_battle_leve.pcapng,s2c,0,3454,20,2288,0x017C,152,120,43723073,162,23329778712605,10002,
party_battle_leve.pcapng,s2c,0,3454,21,2440,0x017D,64,32,43723073,162,23329778712605,,
party_battle_leve.pcapng,s2c,0,3454,22,2504,0x0183,152,120,43723073,162,23329778712605,,1
party_battle_leve.pcapng,s2c,0,3454,23,2656,0x017E,56,24,43723073,162,23329778712605,,
party_battle_leve.pcapng,s2c,0,3455,2,368,0x017C,152,120,43723073,162,23329778713030,10002,
party_battle_leve.pcapng,s2c,0,3455,3,520,0x017D,64,32,43723073,162,23329778713030,,
party_battle_leve.pcapng,s2c,0,3455,4,584,0x0183,152,120,43723073,162,23329778713030,,1
party_battle_leve.pcapng,s2c,0,3455,5,736,0x017E,56,24,43723073,162,23329778713030,,
party_battle_leve.pcapng,s2c,0,3455,20,2288,0x017C,152,120,43723073,162,23329778713462,10002,
party_battle_leve.pcapng,s2c,0,3455,21,2440,0x017D,64,32,43723073,162,23329778713462,,
party_battle_leve.pcapng,s2c,0,3455,22,2504,0x0183,152,120,43723073,162,23329778713462,,1
party_battle_leve.pcapng,s2c,0,3455,23,2656,0x017E,56,24,43723073,162,23329778713462,,
party_battle_leve.pcapng,s2c,0,3456,16,1864,0x017C,152,120,43723073,162,23329778714085,10002,
party_battle_leve.pcapng,s2c,0,3456,17,2016,0x017D,64,32,43723073,162,23329778714085,,
party_battle_leve.pcapng,s2c,0,3456,18,2080,0x0183,152,120,43723073,162,23329778714085,,1
party_battle_leve.pcapng,s2c,0,3456,19,2232,0x017E,56,24,43723073,162,23329778714085,,
party_battle_leve.pcapng,s2c,0,3456,34,3784,0x017C,152,120,43723073,162,23329778714513,10002,
party_battle_leve.pcapng,s2c,0,3456,35,3936,0x017D,64,32,43723073,162,23329778714513,,
party_battle_leve.pcapng,s2c,0,3457,0,0,0x0183,152,120,43723073,162,23329778714513,,1
party_battle_leve.pcapng,s2c,0,3457,1,152,0x017E,56,24,43723073,162,23329778714513,,
party_battle_leve.pcapng,s2c,0,3457,16,1704,0x017C,152,120,43723073,162,23329778714951,10002,
party_battle_leve.pcapng,s2c,0,3457,17,1856,0x017D,64,32,43723073,162,23329778714951,,
party_battle_leve.pcapng,s2c,0,3457,18,1920,0x0183,152,120,43723073,162,23329778714951,,1
party_battle_leve.pcapng,s2c,0,3457,19,2072,0x017E,56,24,43723073,162,23329778714951,,
party_battle_leve.pcapng,s2c,0,3457,34,3624,0x017C,152,120,43723073,162,23329778715378,10002,
party_battle_leve.pcapng,s2c,0,3457,35,3776,0x017D,64,32,43723073,162,23329778715378,,
party_battle_leve.pcapng,s2c,0,3457,36,3840,0x0183,152,120,43723073,162,23329778715378,,1
party_battle_leve.pcapng,s2c,0,3457,37,3992,0x017E,56,24,43723073,162,23329778715378,,
party_battle_leve.pcapng,s2c,0,3458,14,1496,0x017C,152,120,43723073,162,23329778715811,10002,
party_battle_leve.pcapng,s2c,0,3458,15,1648,0x017D,64,32,43723073,162,23329778715811,,
party_battle_leve.pcapng,s2c,0,3458,16,1712,0x0183,152,120,43723073,162,23329778715811,,1
party_battle_leve.pcapng,s2c,0,3458,17,1864,0x017E,56,24,43723073,162,23329778715811,,
party_battle_leve.pcapng,s2c,0,3460,0,0,0x017A,176,144,43723073,2918332558536082595,173508149446676,,
party_battle_leve.pcapng,s2c,0,3460,1,176,0x017A,176,144,43723073,2918332558536082589,173508149446676,,
party_battle_leve.pcapng,s2c,0,3460,2,352,0x017A,176,144,43723073,2918332558536082583,173508149446676,,
party_battle_leve.pcapng,s2c,0,3460,3,528,0x017A,176,144,43723073,2918332558536082984,173508149446676,,
party_battle_leve.pcapng,s2c,0,3462,0,0,0x017A,176,144,43723073,2918332558536082983,173508149446676,,
party_battle_leve.pcapng,s2c,0,3462,1,176,0x017A,176,144,43723073,2918332558536082986,173508149446676,,
party_battle_leve.pcapng,s2c,0,3462,2,352,0x017A,176,144,43723073,2918332558536083489,173508149446676,,
party_battle_leve.pcapng,s2c,0,3462,3,528,0x017A,176,144,43723073,2918332558536082981,173508149446676,,
party_battle_leve.pcapng,s2c,0,3462,4,704,0x017A,176,144,43723073,2918332558536083281,173508149446676,,
party_battle_leve.pcapng,s2c,0,3469,0,0,0x0187,96,64,43723073,9223372036862634412,10001,,
return_to_inn.pcapng,s2c,0,36,1,40,0x0187,96,64,43723073,9223372036862634412,10001,,
return_to_inn.pcapng,s2c,0,37,2,136,0x0187,96,64,43723073,9223372036862634412,10001,,
return_to_inn.pcapng,s2c,0,38,14,1280,0x017C,152,120,43723073,244,23317221090897,80001,
return_to_inn.pcapng,s2c,0,38,15,1432,0x017D,64,32,43723073,244,23317221090897,,
return_to_inn.pcapng,s2c,0,38,16,1496,0x017F,440,408,43723073,244,23317221090897,,2
return_to_inn.pcapng,s2c,0,38,17,1936,0x017E,56,24,43723073,244,23317221090897,,
return_to_inn.pcapng,s2c,0,38,18,1992,0x017C,152,120,43723073,244,23317221090911,10001,
return_to_inn.pcapng,s2c,0,38,19,2144,0x017D,64,32,43723073,244,23317221090911,,
return_to_inn.pcapng,s2c,0,38,20,2208,0x017F,440,408,43723073,244,23317221090911,,1
return_to_inn.pcapng,s2c,0,38,21,2648,0x017E,56,24,43723073,244,23317221090911,,
return_to_inn.pcapng,s2c,0,53,0,0,0x017A,176,144,43723073,9223372036861349901,566602513334862381,,
small_talk_louisoix.pcapng,s2c,0,2,1,64,0x018B,88,56,43723073,9223372036862634412,18446744069458307393,,
teleport_to_camp_nine_ivies.pcapng,s2c,0,71,0,0,0x0187,96,64,43723073,9223372036862634412,10001,,
teleport_to_camp_nine_ivies.pcapng,s2c,0,73,14,1280,0x017C,152,120,43723073,151,23320066681034,80001,
teleport_to_camp_nine_ivies.pcapng,s2c,0,73,15,1432,0x017D,64,32,43723073,151,23320066681034,,
teleport_to_camp_nine_ivies.pcapng,s2c,0,73,16,1496,0x017F,440,408,43723073,151,23320066681034,,2
teleport_to_camp_nine_ivies.pcapng,s2c,0,73,17,1936,0x017E,56,24,43723073,151,23320066681034,,
teleport_to_camp_nine_ivies.pcapng,s2c,0,73,18,1992,0x017C,152,120,43723073,151,23320066681049,10001,
teleport_to_camp_nine_ivies.pcapng,s2c,0,73,19,2144,0x017D,64,32,43723073,151,23320066681049,,
teleport_to_camp_nine_ivies.pcapng,s2c,0,73,20,2208,0x017F,440,408,43723073,151,23320066681049,,1
teleport_to_camp_nine_ivies.pcapng,s2c,0,73,21,2648,0x017E,56,24,43723073,151,23320066681049,,
teleport_to_camp_nine_ivies.pcapng,s2c,0,86,2,368,0x017C,152,120,43723073,151,23320066684492,10002,
teleport_to_camp_nine_ivies.pcapng,s2c,0,86,3,520,0x017D,64,32,43723073,151,23320066684492,,
teleport_to_camp_nine_ivies.pcapng,s2c,0,86,4,584,0x0183,152,120,43723073,151,23320066684492,,1
teleport_to_camp_nine_ivies.pcapng,s2c,0,86,5,736,0x017E,56,24,43723073,151,23320066684492,,
teleport_to_camp_nine_ivies.pcapng,s2c,0,86,20,2288,0x017C,152,120,43723073,151,23320066684933,10002,
teleport_to_camp_nine_ivies.pcapng,s2c,0,86,21,2440,0x017D,64,32,43723073,151,23320066684933,,
teleport_to_camp_nine_ivies.pcapng,s2c,0,86,22,2504,0x0183,152,120,43723073,151,23320066684933,,1
teleport_to_camp_nine_ivies.pcapng,s2c,0,86,23,2656,0x017E,56,24,43723073,151,23320066684933,,
teleport_to_camp_nine_ivies.pcapng,s2c,0,87,2,368,0x017C,152,120,43723073,151,23320066685371,10002,
teleport_to_camp_nine_ivies.pcapng,s2c,0,87,3,520,0x017D,64,32,43723073,151,23320066685371,,
teleport_to_camp_nine_ivies.pcapng,s2c,0,87,4,584,0x0183,152,120,43723073,151,23320066685371,,1
teleport_to_camp_nine_ivies.pcapng,s2c,0,87,5,736,0x017E,56,24,43723073,151,23320066685371,,
teleport_to_camp_nine_ivies.pcapng,s2c,0,87,19,2064,0x0187,96,64,43723073,9223372036862634412,10001,,
teleport_to_camp_nine_ivies.pcapng,s2c,0,89,0,0,0x017A,176,144,43723073,9223372036861349901,566602513334862381,,
teleport_to_camp_nine_ivies.pcapng,s2c,0,92,0,0,0x017A,176,144,43723073,2720174174931781791,173508149446676,,
teleport_to_camp_nine_ivies.pcapng,s2c,0,93,1,64,0x017A,176,144,43723073,2720174174931781151,173508149446676,,
teleport_to_camp_nine_ivies.pcapng,s2c,0,95,0,0,0x017A,176,144,43723073,2720174174931780714,173508149446676,,
teleport_to_camp_tranquil.pcapng,s2c,0,44,0,0,0x0187,96,64,43723073,9223372036862634412,10001,,
teleport_to_camp_tranquil.pcapng,s2c,0,46,0,0,0x0187,96,64,43723073,9223372036862634412,10001,,
teleport_to_camp_tranquil.pcapng,s2c,0,47,14,1280,0x017C,152,120,43723073,154,23316639864586,80001,
teleport_to_camp_tranquil.pcapng,s2c,0,47,15,1432,0x017D,64,32,43723073,154,23316639864586,,
teleport_to_camp_tranquil.pcapng,s2c,0,47,16,1496,0x017F,440,408,43723073,154,23316639864586,,2
teleport_to_camp_tranquil.pcapng,s2c,0,47,17,1936,0x017E,56,24,43723073,154,23316639864586,,
teleport_to_camp_tranquil.pcapng,s2c,0,47,18,1992,0x017C,152,120,43723073,154,23316639864600,10001,
teleport_to_camp_tranquil.pcapng,s2c,0,47,19,2144,0x017D,64,32,43723073,154,23316639864600,,
teleport_to_camp_tranquil.pcapng,s2c,0,47,20,2208,0x017F,440,408,43723073,154,23316639864600,,1
teleport_to_camp_tranquil.pcapng,s2c,0,47,21,2648,0x017E,56,24,43723073,154,23316639864600,,
teleport_to_camp_tranquil.pcapng,s2c,0,62,2,368,0x017C,152,120,43723073,154,23316639868889,10002,
teleport_to_camp_tranquil.pcapng,s2c,0,62,3,520,0x017D,64,32,43723073,154,23316639868889,,
teleport_to_camp_tranquil.pcapng,s2c,0,62,4,584,0x0183,152,120,43723073,154,23316639868889,,1
teleport_to_camp_tranquil.pcapng,s2c,0,62,5,736,0x017E,56,24,43723073,154,23316639868889,,
teleport_to_camp_tranquil.pcapng,s2c,0,65,0,0,0x017A,176,144,43723073,9223372036861349901,566602513334862381,,
teleport_to_camp_tranquil.pcapng,s2c,0,70,0,0,0x017A,176,144,43723073,2774217370460237647,173508149446676,,
teleport_to_gridania.pcapng,s2c,0,22,7,800,0x017C,152,120,43723073,154,23316967561078,10002,
teleport_to_gridania.pcapng,s2c,0,22,8,952,0x017D,64,32,43723073,154,23316967561078,,
teleport_to_gridania.pcapng,s2c,0,22,9,1016,0x0183,152,120,43723073,154,23316967561078,,1
teleport_to_gridania.pcapng,s2c,0,22,10,1168,0x017E,56,24,43723073,154,23316967561078,,
teleport_to_gridania.pcapng,s2c,0,25,0,0,0x017A,176,144,43723073,2774217370460226635,173508149446676,,
teleport_to_gridania.pcapng,s2c,0,57,0,0,0x0187,96,64,43723073,9223372036862634412,10001,,
teleport_to_gridania.pcapng,s2c,0,58,1,48,0x0187,96,64,43723073,9223372036862634412,10001,,
teleport_to_gridania.pcapng,s2c,0,59,14,1280,0x017C,152,120,43723073,206,23317786465312,80001,
teleport_to_gridania.pcapng,s2c,0,59,15,1432,0x017D,64,32,43723073,206,23317786465312,,
teleport_to_gridania.pcapng,s2c,0,59,16,1496,0x017F,440,408,43723073,206,23317786465312,,2
teleport_to_gridania.pcapng,s2c,0,59,17,1936,0x017E,56,24,43723073,206,23317786465312,,
teleport_to_gridania.pcapng,s2c,0,59,18,1992,0x017C,152,120,43723073,206,23317786465325,10001,
teleport_to_gridania.pcapng,s2c,0,59,19,2144,0x017D,64,32,43723073,206,23317786465325,,
teleport_to_gridania.pcapng,s2c,0,59,20,2208,0x017F,440,408,43723073,206,23317786465325,,1
teleport_to_gridania.pcapng,s2c,0,59,21,2648,0x017E,56,24,43723073,206,23317786465325,,
teleport_to_gridania.pcapng,s2c,0,74,0,0,0x017A,176,144,43723073,9223372036861349901,566602513334862381,,
war_quest_update2.pcapng,s2c,0,38,1,80,0x018B,88,56,43723073,9223372036862634412,18446744069458307027,,
war_quest_update2.pcapng,s2c,0,50,1,64,0x018B,88,56,43723073,9223372036862634412,18446744069458307393,,
war_quest_update2.pcapng,s2c,0,94,1,168,0x0187,96,64,43723073,3098476543630918884,10002,,
war_quest_update2.pcapng,s2c,0,94,2,264,0x0187,96,64,43723073,3098476543630918884,10002,,
war_quest_update2.pcapng,s2c,0,112,0,0,0x018B,88,56,43723073,9223372036862634412,18446744069458307027,,
war_quest_update2.pcapng,s2c,0,130,0,0,0x018B,88,56,43723073,9223372036862634412,18446744069458307393,,
war_quest_update2.pcapng,s2c,0,243,0,0,0x0187,96,64,43723073,3098476543630918884,10002,,
war_quest_update2.pcapng,s2c,0,273,0,0,0x0187,96,64,43723073,3098476543630918884,10002,,
war_quest_update2.pcapng,s2c,0,408,0,0,0x017C,152,120,43723073,172,23343806575663,30006,
war_quest_update2.pcapng,s2c,0,408,1,152,0x017D,64,32,43723073,172,23343806575663,,
war_quest_update2.pcapng,s2c,0,408,2,216,0x0183,152,120,43723073,172,23343806575663,,6
war_quest_update2.pcapng,s2c,0,408,3,368,0x017E,56,24,43723073,172,23343806575663,,
war_quest_update2.pcapng,s2c,0,408,4,424,0x017C,152,120,43723073,172,23343806575692,10002,
war_quest_update2.pcapng,s2c,0,408,5,576,0x017D,64,32,43723073,172,23343806575692,,
war_quest_update2.pcapng,s2c,0,408,6,640,0x0183,152,120,43723073,172,23343806575692,,3
war_quest_update2.pcapng,s2c,0,408,7,792,0x017E,56,24,43723073,172,23343806575692,,
war_quest_update2.pcapng,s2c,0,494,0,0,0x017C,152,120,43723073,172,23343823563287,30006,
war_quest_update2.pcapng,s2c,0,494,1,152,0x017D,64,32,43723073,172,23343823563287,,
war_quest_update2.pcapng,s2c,0,494,2,216,0x0183,152,120,43723073,172,23343823563287,,5
war_quest_update2.pcapng,s2c,0,494,3,368,0x017E,56,24,43723073,172,23343823563287,,
war_quest_update2.pcapng,s2c,0,494,4,424,0x017C,152,120,43723073,172,23343823563317,10002,
war_quest_update2.pcapng,s2c,0,494,5,576,0x017D,64,32,43723073,172,23343823563317,,
war_quest_update2.pcapng,s2c,0,494,6,640,0x0183,152,120,43723073,172,23343823563317,,2
war_quest_update2.pcapng,s2c,0,494,7,792,0x017E,56,24,43723073,172,23343823563317,,
war_quest_update2.pcapng,s2c,0,587,0,0,0x017C,152,120,43723073,172,23343840565075,30006,
war_quest_update2.pcapng,s2c,0,587,1,152,0x017D,64,32,43723073,172,23343840565075,,
war_quest_update2.pcapng,s2c,0,587,2,216,0x0183,152,120,43723073,172,23343840565075,,4
war_quest_update2.pcapng,s2c,0,587,3,368,0x017E,56,24,43723073,172,23343840565075,,
war_quest_update2.pcapng,s2c,0,587,4,424,0x017C,152,120,43723073,172,23343840565102,10002,
war_quest_update2.pcapng,s2c,0,587,5,576,0x017D,64,32,43723073,172,23343840565102,,
war_quest_update2.pcapng,s2c,0,587,6,640,0x0183,152,120,43723073,172,23343840565102,,1
war_quest_update2.pcapng,s2c,0,587,7,792,0x017E,56,24,43723073,172,23343840565102,,
war_quest_update2.pcapng,s2c,0,610,1,40,0x018B,88,56,43723073,9223372036862634412,18446744069458307027,,
war_quest_update2.pcapng,s2c,0,612,0,0,0x017C,152,120,43723073,172,23343845547551,10001,
war_quest_update2.pcapng,s2c,0,612,1,152,0x017D,64,32,43723073,172,23343845547551,,
war_quest_update2.pcapng,s2c,0,612,2,216,0x017F,440,408,43723073,172,23343845547551,,2
war_quest_update2.pcapng,s2c,0,612,3,656,0x017E,56,24,43723073,172,23343845547551,,
war_quest_update2.pcapng,s2c,0,612,4,712,0x017C,152,120,43723073,172,23343845547578,30006,
war_quest_update2.pcapng,s2c,0,612,5,864,0x017D,64,32,43723073,172,23343845547578,,
war_quest_update2.pcapng,s2c,0,612,6,928,0x0183,152,120,43723073,172,23343845547578,,3
war_quest_update2.pcapng,s2c,0,612,7,1080,0x017E,56,24,43723073,172,23343845547578,,
war_quest_update2.pcapng,s2c,0,637,4,160,0x018B,88,56,43723073,9223372036862634412,18446744069458307393,,
war_quest_update2.pcapng,s2c,0,640,16,1864,0x017C,152,120,43723073,172,23343851922244,10002,
war_quest_update2.pcapng,s2c,0,640,17,2016,0x017D,64,32,43723073,172,23343851922244,,
war_quest_update2.pcapng,s2c,0,640,18,2080,0x0183,152,120,43723073,172,23343851922244,,1
war_quest_update2.pcapng,s2c,0,640,19,2232,0x017E,56,24,43723073,172,23343851922244,,
war_quest_update2.pcapng,s2c,0,640,34,3784,0x017C,152,120,43723073,172,23343851922692,10002,
war_quest_update2.pcapng,s2c,0,640,35,3936,0x017D,64,32,43723073,172,23343851922692,,
war_quest_update2.pcapng,s2c,0,641,0,0,0x0183,152,120,43723073,172,23343851922692,,1
war_quest_update2.pcapng,s2c,0,641,1,152,0x017E,56,24,43723073,172,23343851922692,,
war_quest_update2.pcapng,s2c,0,641,16,1704,0x017C,152,120,43723073,172,23343851923128,10002,
war_quest_update2.pcapng,s2c,0,641,17,1856,0x017D,64,32,43723073,172,23343851923128,,
war_quest_update2.pcapng,s2c,0,641,18,1920,0x0183,152,120,43723073,172,23343851923128,,1
war_quest_update2.pcapng,s2c,0,641,19,2072,0x017E,56,24,43723073,172,23343851923128,,
war_quest_update2.pcapng,s2c,0,641,34,3624,0x017C,152,120,43723073,172,23343851923561,10002,
war_quest_update2.pcapng,s2c,0,641,35,3776,0x017D,64,32,43723073,172,23343851923561,,
war_quest_update2.pcapng,s2c,0,641,36,3840,0x0183,152,120,43723073,172,23343851923561,,1
war_quest_update2.pcapng,s2c,0,641,37,3992,0x017E,56,24,43723073,172,23343851923561,,
war_quest_update2.pcapng,s2c,0,642,14,1496,0x017C,152,120,43723073,172,23343851923988,10002,
war_quest_update2.pcapng,s2c,0,642,15,1648,0x017D,64,32,43723073,172,23343851923988,,
war_quest_update2.pcapng,s2c,0,642,16,1712,0x0183,152,120,43723073,172,23343851923988,,1
war_quest_update2.pcapng,s2c,0,642,17,1864,0x017E,56,24,43723073,172,23343851923988,,
war_quest_update2.pcapng,s2c,0,642,32,3416,0x017C,152,120,43723073,172,23343851924420,10002,
war_quest_update2.pcapng,s2c,0,642,33,3568,0x017D,64,32,43723073,172,23343851924420,,
war_quest_update2.pcapng,s2c,0,642,34,3632,0x0183,152,120,43723073,172,23343851924420,,1
war_quest_update2.pcapng,s2c,0,642,35,3784,0x017E,56,24,43723073,172,23343851924420,,
war_quest_update2.pcapng,s2c,0,643,10,1304,0x017C,152,120,43723073,172,23343851924852,10002,
war_quest_update2.pcapng,s2c,0,643,11,1456,0x017D,64,32,43723073,172,23343851924852,,
war_quest_update2.pcapng,s2c,0,643,12,1520,0x0183,152,120,43723073,172,23343851924852,,1
war_quest_update2.pcapng,s2c,0,643,13,1672,0x017E,56,24,43723073,172,23343851924852,,
war_quest_update2.pcapng,s2c,0,643,28,3224,0x017C,152,120,43723073,172,23343851925279,10002,
war_quest_update2.pcapng,s2c,0,643,29,3376,0x017D,64,32,43723073,172,23343851925279,,
war_quest_update2.pcapng,s2c,0,643,30,3440,0x0183,152,120,43723073,172,23343851925279,,1
war_quest_update2.pcapng,s2c,0,643,31,3592,0x017E,56,24,43723073,172,23343851925279,,
war_quest_update2.pcapng,s2c,0,644,9,1264,0x017C,152,120,43723073,172,23343851925700,10002,
war_quest_update2.pcapng,s2c,0,644,10,1416,0x017D,64,32,43723073,172,23343851925700,,
war_quest_update2.pcapng,s2c,0,644,11,1480,0x0183,152,120,43723073,172,23343851925700,,1
war_quest_update2.pcapng,s2c,0,644,12,1632,0x017E,56,24,43723073,172,23343851925700,,
war_quest_update2.pcapng,s2c,0,644,27,3184,0x017C,152,120,43723073,172,23343851926133,10002,
war_quest_update2.pcapng,s2c,0,644,28,3336,0x017D,64,32,43723073,172,23343851926133,,
war_quest_update2.pcapng,s2c,0,644,29,3400,0x0183,152,120,43723073,172,23343851926133,,1
war_quest_update2.pcapng,s2c,0,644,30,3552,0x017E,56,24,43723073,172,23343851926133,,
war_quest_update2.pcapng,s2c,0,645,9,1264,0x017C,152,120,43723073,172,23343851926556,10002,
war_quest_update2.pcapng,s2c,0,645,10,1416,0x017D,64,32,43723073,172,23343851926556,,
war_quest_update2.pcapng,s2c,0,645,11,1480,0x0183,152,120,43723073,172,23343851926556,,1
war_quest_update2.pcapng,s2c,0,645,12,1632,0x017E,56,24,43723073,172,23343851926556,,
war_quest_update2.pcapng,s2c,0,645,22,2624,0x017A,176,144,43723073,9223372036861349901,566602513334862381,,
war_quest_update2.pcapng,s2c,0,647,0,0,0x017A,176,144,43723073,3098476543630902401,173508149446676,,
war_quest_update2.pcapng,s2c,0,647,1,176,0x017A,176,144,43723073,3098476543630902476,173508149446676,,
war_quest_update2.pcapng,s2c,0,647,2,352,0x017A,176,144,43723073,3098476543630902583,173508149446676,,
war_quest_update2.pcapng,s2c,0,647,3,528,0x017A,176,144,43723073,3098476543630904246,173508149446676,,
war_quest_update2.pcapng,s2c,0,649,0,0,0x017A,176,144,43723073,3098476543630902571,173508149446676,,
war_quest_update2.pcapng,s2c,0,649,1,176,0x017A,176,144,43723073,3098476543630902615,173508149446676,,
war_quest_update2.pcapng,s2c,0,649,2,352,0x017A,176,144,43723073,3098476543630902610,173508149446676,,
war_quest_update2.pcapng,s2c,0,649,3,528,0x017A,176,144,43723073,3098476543630902604,173508149446676,,
war_quest_update2.pcapng,s2c,0,649,4,704,0x017A,176,144,43723073,3098476543630902616,173508149446676,,
war_quest_update2.pcapng,s2c,0,649,5,880,0x017A,176,144,43723073,3098476543630902608,173508149446676,,
war_quest_update2.pcapng,s2c,0,649,6,1056,0x017A,176,144,43723073,3098476543630902614,173508149446676,,
war_quest_update3.pcapng,s2c,0,3,0,0,0x018B,88,56,43723073,9223372036862634412,18446744069458307393,,
war_quest_update3.pcapng,s2c,0,5,7,800,0x017C,152,120,43723073,172,23343941161425,10002,
war_quest_update3.pcapng,s2c,0,5,8,952,0x017D,64,32,43723073,172,23343941161425,,
war_quest_update3.pcapng,s2c,0,5,9,1016,0x0183,152,120,43723073,172,23343941161425,,1
war_quest_update3.pcapng,s2c,0,5,10,1168,0x017E,56,24,43723073,172,23343941161425,,
war_quest_update3.pcapng,s2c,0,9,1,64,0x017A,176,144,43723073,3098476543630902524,173508149446676,,
war_quest_update3.pcapng,s2c,0,33,7,800,0x017C,152,120,43723073,172,23343947463256,10002,
war_quest_update3.pcapng,s2c,0,33,8,952,0x017D,64,32,43723073,172,23343947463256,,
war_quest_update3.pcapng,s2c,0,33,9,1016,0x0183,152,120,43723073,172,23343947463256,,1
war_quest_update3.pcapng,s2c,0,33,10,1168,0x017E,56,24,43723073,172,23343947463256,,
war_quest_update3.pcapng,s2c,0,36,0,0,0x017A,176,144,43723073,3098476543630904265,173508149446676,,
